,open,high,low,close,volume
2016-12-18,125.3,127.7,122.55,124.85,46970
2016-12-19,124.05,124.95,114.8,120.1,268552
2016-12-20,123.6,125.75,120.1,124.5,212490
2016-12-21,123.0,124.55,115.65,118.0,194318
2016-12-22,120.0,120.5,118.1,119.55,446480
2016-12-25,120.85,123.55,116.0,122.4,64473
2016-12-26,121.55,129.9,119.5,128.7,118276
2016-12-27,129.0,131.9,124.05,125.85,132218
2016-12-28,127.95,127.95,124.05,124.75,149518
2016-12-29,128.0,128.0,122.1,122.8,137804
2017-01-01,124.35,129.9,123.0,126.25,669069
2017-01-02,129.8,131.4,127.0,128.35,317995
2017-01-03,129.2,129.95,126.1,126.45,84005
2017-01-04,129.6,130.0,126.2,127.55,300267
2017-01-05,128.45,130.0,126.0,127.0,163808
2017-01-08,127.8,128.85,125.3,127.7,219377
2017-01-09,127.2,130.0,125.8,128.3,253169
2017-01-10,129.3,132.25,128.75,129.9,359605
2017-01-11,130.65,131.0,128.6,129.3,118732
2017-01-12,129.6,130.0,128.1,128.4,81035
2017-01-15,128.75,129.9,125.95,127.2,187532
2017-01-16,127.8,127.8,125.25,125.65,114516
2017-01-17,126.45,130.0,126.2,126.95,186823
2017-01-18,128.3,129.25,126.7,127.25,182060
2017-01-19,127.9,130.0,126.0,126.4,123133
2017-01-22,127.55,129.0,126.2,127.85,81412
2017-01-23,128.15,128.9,127.05,127.9,129687
2017-01-24,128.95,135.35,128.1,131.3,614384
2017-01-26,133.5,142.85,133.5,138.45,732656
2017-01-29,137.95,143.05,133.55,135.45,589411
2017-01-30,136.2,136.25,133.55,134.75,200589
2017-01-31,135.0,142.0,133.85,139.25,527931
2017-02-01,140.25,141.95,139.0,140.45,964652
2017-02-02,140.9,146.05,140.85,142.55,601571
2017-02-05,140.0,141.05,136.1,139.75,402577
2017-02-06,139.5,140.25,134.6,136.0,285864
2017-02-07,136.7,137.9,135.05,137.0,149417
2017-02-08,138.25,139.0,135.5,135.95,278458
2017-02-09,137.35,138.4,136.1,137.0,112276
2017-02-12,139.0,144.5,138.1,139.85,402322
2017-02-13,140.6,141.4,136.55,137.15,157082
2017-02-14,137.15,138.05,130.15,131.7,189772
2017-02-15,131.9,135.0,130.8,133.2,235919
2017-02-16,133.0,135.4,133.0,133.55,63824
2017-02-19,134.0,135.5,132.5,133.0,82118
2017-02-20,134.65,134.65,131.1,132.55,93581
2017-02-21,133.7,150.1,133.45,145.65,1112238
2017-02-22,146.0,151.0,145.0,147.45,484163
2017-02-26,146.3,156.5,146.3,152.4,859359
2017-02-27,152.0,157.9,151.95,154.3,323945
2017-02-28,155.2,156.5,147.5,148.8,192740
2017-03-01,149.95,153.0,142.05,144.05,189068
2017-03-02,144.3,152.0,139.0,143.45,651547
2017-03-05,144.3,145.45,138.05,139.3,308820
2017-03-06,140.05,140.9,138.8,139.35,113250
2017-03-07,140.55,140.55,134.2,135.25,228128
2017-03-08,135.35,138.75,134.5,134.75,159939
2017-03-09,137.85,137.95,131.5,132.15,263299
2017-03-13,136.0,137.7,133.3,134.05,294138
2017-03-14,134.35,139.0,132.6,133.05,266144
2017-03-15,135.4,139.0,134.6,137.5,741409
2017-03-16,136.7,140.0,136.7,138.75,887977
2017-03-19,139.6,140.35,132.2,132.95,430020
2017-03-20,134.7,136.1,132.0,133.7,229502
2017-03-21,132.1,134.2,126.8,128.3,509269
2017-03-22,130.5,133.1,124.65,127.8,478329
2017-03-23,128.65,130.75,125.45,128.2,603419
2017-03-26,126.5,132.4,126.5,126.9,380391
2017-03-27,128.2,131.0,125.5,126.35,369307
2017-03-28,127.1,129.25,127.1,128.65,630097
2017-03-29,130.2,132.9,127.7,128.75,1565269
2017-03-30,131.75,132.0,129.8,131.4,335481
2017-04-02,132.05,141.7,132.05,140.0,731162
2017-04-04,142.3,147.0,141.5,145.7,764481
2017-04-05,146.55,147.0,142.15,145.25,370312
2017-04-06,144.2,147.75,140.25,143.05,415807
2017-04-09,144.7,148.0,142.0,144.3,303744
2017-04-10,144.55,147.1,144.3,146.6,763216
2017-04-11,147.4,152.45,144.0,151.0,739143
2017-04-12,151.5,155.5,150.0,152.2,480185
2017-04-16,152.55,153.0,148.0,150.2,370688
2017-04-17,149.55,153.2,145.3,146.1,263965
2017-04-18,145.95,149.2,145.2,147.2,369061
2017-04-19,148.15,152.8,147.7,150.05,223395
2017-04-20,151.45,154.8,150.85,152.6,390926
2017-04-23,150.1,170.0,149.95,167.55,1623684
2017-04-24,168.85,171.55,161.15,164.15,722821
2017-04-25,164.2,165.75,155.6,158.0,282403
2017-04-26,158.85,162.3,156.8,160.55,197645
2017-04-27,161.8,171.75,161.05,170.4,918571
2017-05-01,171.4,171.5,162.25,166.15,657959
2017-05-02,167.75,170.9,165.05,166.8,403919
2017-05-03,169.15,171.0,163.85,166.5,531630
2017-05-04,168.45,170.65,165.1,166.9,560816
2017-05-07,166.0,168.8,163.1,166.05,385830
2017-05-08,166.3,168.5,165.15,165.95,216487
2017-05-09,167.35,167.9,164.0,164.75,221737
2017-05-10,166.0,166.5,164.45,165.5,234346
2017-05-11,165.9,166.75,160.5,162.45,185529
2017-05-14,163.7,167.55,160.0,165.1,249191
2017-05-15,165.3,166.4,162.5,162.95,111988
2017-05-16,163.5,163.5,160.0,160.35,124594
2017-05-17,159.5,160.9,155.9,156.7,102893
2017-05-18,156.65,160.15,150.2,152.9,170672
2017-05-21,153.5,154.2,147.2,148.6,203485
2017-05-22,148.05,153.85,142.6,151.5,219420
2017-05-23,153.9,154.9,141.6,145.55,180263
2017-05-24,142.75,151.3,142.75,149.95,84323
2017-05-25,148.6,154.9,148.55,153.8,502058
2017-05-28,154.7,155.75,149.05,150.2,70216
2017-05-29,150.45,150.5,144.5,147.0,79701
2017-05-30,149.25,160.0,143.05,144.35,560838
2017-05-31,145.0,152.9,144.4,151.05,171909
2017-06-01,152.65,157.9,152.6,155.65,217208
2017-06-04,156.25,158.0,152.45,153.4,134196
2017-06-05,154.45,157.4,152.2,153.1,102543
2017-06-06,153.0,161.9,152.9,160.3,1305334
2017-06-07,163.0,166.8,160.3,163.0,1130169
2017-06-08,162.5,162.5,158.15,159.0,69666
2017-06-11,159.0,159.0,153.15,154.55,75707
2017-06-12,156.0,157.0,151.8,152.5,52380
2017-06-13,151.0,153.9,147.85,148.5,145681
2017-06-14,148.25,150.0,146.6,148.3,134969
2017-06-15,148.5,151.5,148.5,149.95,104741
2017-06-18,150.0,151.0,148.75,149.4,56872
2017-06-19,151.0,151.0,146.4,148.15,73285
2017-06-20,148.15,149.75,144.85,145.85,79900
2017-06-21,147.0,150.5,144.8,148.85,117675
2017-06-22,150.0,150.0,143.1,143.95,231894
2017-06-26,142.95,144.25,140.5,141.45,58575
2017-06-27,140.0,141.0,136.45,138.15,108120
2017-06-28,138.7,141.4,138.5,139.0,56595
2017-06-29,138.6,142.3,137.25,141.1,46545
2017-07-02,142.05,149.0,142.0,147.9,79665
2017-07-03,149.0,151.0,147.5,149.7,109170
2017-07-04,149.95,155.8,149.35,152.35,241129
2017-07-05,152.5,156.75,152.0,155.4,148704
2017-07-06,154.5,155.7,152.5,155.05,114541
2017-07-09,154.1,158.0,154.1,156.55,25065
2017-07-10,155.55,157.5,152.55,155.15,72889
2017-07-11,155.0,156.5,154.1,155.45,138472
2017-07-12,156.0,162.0,155.9,157.0,229896
2017-07-13,158.0,158.85,154.25,156.5,98265
2017-07-16,157.0,159.9,153.25,154.7,74644
2017-07-17,154.1,161.0,154.1,157.55,256105
2017-07-18,160.9,163.0,155.95,159.65,161029
2017-07-19,159.5,164.0,158.75,162.7,320592
2017-07-20,162.0,163.65,157.8,161.1,248816
2017-07-23,160.55,162.55,158.2,159.95,149088
2017-07-24,159.9,163.15,158.35,160.75,426122
2017-07-25,162.0,165.2,156.5,160.05,2392042
2017-07-26,164.2,178.0,159.75,160.85,3331895
2017-07-27,161.0,161.5,157.25,157.8,642900
2017-07-30,159.0,160.8,155.25,156.05,373750
2017-07-31,155.9,157.5,152.8,153.65,143712
2017-08-01,154.0,154.7,151.25,152.65,178824
2017-08-02,153.9,155.0,150.05,154.2,175000
2017-08-03,155.0,158.3,153.0,155.05,170989
2017-08-06,153.5,156.0,153.5,154.9,78749
2017-08-07,154.9,159.9,153.75,155.15,347138
2017-08-08,154.6,157.0,150.3,156.0,131611
2017-08-09,153.2,158.95,152.0,153.25,381610
2017-08-10,150.1,154.85,148.25,153.0,262736
2017-08-13,152.0,157.0,152.0,154.95,62572
2017-08-15,155.0,155.3,152.3,153.5,47329
2017-08-16,153.35,156.85,153.35,154.6,54710
2017-08-17,154.15,156.3,151.25,155.05,568678
2017-08-20,155.9,157.5,150.1,151.15,51710
2017-08-21,154.35,154.7,150.0,150.15,62678
2017-08-22,151.85,152.05,150.0,151.15,46196
2017-08-23,152.25,152.25,150.0,150.4,53636
2017-08-27,151.05,152.5,148.75,149.85,126855
2017-08-28,149.1,149.8,147.8,149.05,151312
2017-08-29,150.35,152.0,149.5,151.65,61964
2017-08-30,151.65,153.8,151.0,152.45,70431
2017-08-31,152.25,154.0,151.45,153.1,108922
2017-09-03,153.5,158.3,152.95,156.8,153014
2017-09-04,156.3,162.0,155.3,159.85,256786
2017-09-05,160.05,165.6,159.0,163.8,446694
2017-09-06,165.35,167.5,160.0,160.25,243387
2017-09-07,160.25,162.15,157.7,159.35,113234
2017-09-10,159.35,165.9,159.35,162.75,1278173
2017-09-11,164.0,165.55,161.5,162.2,120792
2017-09-12,162.2,167.3,160.2,163.2,396277
2017-09-13,165.85,165.85,160.5,160.9,399430
2017-09-14,160.7,162.0,158.2,158.65,126316
2017-09-17,160.0,162.85,158.5,160.15,113104
2017-09-18,159.3,164.9,159.05,163.75,777323
2017-09-19,164.0,170.8,162.45,164.7,1381536
2017-09-20,165.9,167.35,160.1,163.4,205506
2017-09-21,161.0,163.3,155.5,156.7,402140
2017-09-24,156.6,156.7,146.6,152.75,252664
2017-09-25,153.0,159.4,152.5,153.35,178851
2017-09-26,154.15,156.3,150.95,151.95,185356
2017-09-27,152.05,153.7,149.1,150.75,131367
2017-09-28,151.75,155.0,151.6,153.55,61422
2017-10-02,153.55,156.4,151.75,152.65,65098
2017-10-03,153.9,158.25,152.6,156.95,112485
2017-10-04,157.0,157.85,152.85,154.5,134041
2017-10-05,153.6,156.85,153.6,155.0,57724
2017-10-08,155.15,157.5,155.1,157.0,74669
2017-10-09,158.9,158.9,153.15,155.4,141672
2017-10-10,156.75,159.35,150.4,152.95,191223
2017-10-11,153.0,154.9,151.25,152.9,100969
2017-10-12,151.5,159.0,151.5,157.55,1040550
2017-10-15,159.5,160.0,153.0,154.95,274456
2017-10-16,154.6,159.0,153.45,157.85,139322
2017-10-17,158.9,158.9,154.5,155.9,84369
2017-10-22,158.0,159.35,155.5,157.65,161782
2017-10-23,158.0,159.85,158.0,158.45,294955
2017-10-24,159.1,164.2,159.05,162.05,355368
2017-10-25,163.7,169.0,159.5,165.95,365142
2017-10-26,163.55,172.75,163.55,171.05,526904
2017-10-29,172.4,178.3,172.0,173.0,416431
2017-10-30,173.55,174.0,166.25,168.35,172785
2017-10-31,168.5,173.75,166.0,172.05,894707
2017-11-01,173.0,182.0,172.5,178.5,2168843
2017-11-02,180.0,181.05,170.55,175.7,591146
2017-11-05,179.4,180.9,176.0,176.85,297947
2017-11-06,177.0,179.45,172.85,173.45,271025
2017-11-07,172.65,173.5,167.0,167.95,122220
2017-11-08,169.4,173.05,165.25,169.15,158692
2017-11-09,168.8,170.45,165.95,166.7,58007
2017-11-12,168.4,168.75,161.15,162.85,90948
2017-11-13,163.25,165.0,160.1,160.9,89217
2017-11-14,160.9,161.45,153.1,154.7,1080909
2017-11-15,156.1,162.85,154.0,161.6,182690
2017-11-16,163.9,166.05,162.1,165.1,134120
2017-11-19,165.9,166.8,162.5,164.45,1202289
2017-11-20,163.4,167.05,161.6,166.55,145726
2017-11-21,166.55,166.55,162.1,163.25,64702
2017-11-22,164.05,165.5,162.0,163.1,62724
2017-11-23,164.9,167.45,161.35,162.7,79388
2017-11-26,163.5,165.2,162.8,163.9,64044
2017-11-27,165.15,165.5,162.9,164.1,170742
2017-11-28,162.5,165.25,162.5,163.45,71508
2017-11-29,163.45,164.7,161.2,162.8,82022
2017-11-30,162.05,165.0,161.45,162.95,275666
2017-12-03,160.7,165.9,157.2,163.75,330552
2017-12-04,165.7,165.7,163.15,164.8,264437
2017-12-05,162.5,165.8,162.5,164.9,237897
2017-12-06,165.0,165.6,164.2,165.05,183155
2017-12-07,167.35,174.9,165.35,168.4,262901
2017-12-10,166.45,169.8,165.2,166.0,266286
2017-12-11,166.0,167.15,164.0,165.2,34889
2017-12-12,165.2,165.45,161.0,162.1,1667140
2017-12-13,164.0,164.0,158.6,160.75,56686
2017-12-14,162.8,163.9,157.5,159.05,68472
2017-12-17,159.75,162.25,157.0,159.5,87182
2017-12-18,160.5,164.8,159.65,163.95,59719
2017-12-19,163.0,168.0,162.3,166.35,151057
2017-12-20,167.9,170.9,165.0,165.7,78834
2017-12-21,165.0,170.15,165.0,165.5,215032
2017-12-25,164.25,170.0,164.25,168.9,103176
2017-12-26,169.95,169.95,167.0,168.1,85562
2017-12-27,168.0,169.3,167.0,168.0,187817
2017-12-28,171.0,174.2,168.35,170.95,324101
2017-12-31,170.4,171.4,167.05,167.7,100654
2018-01-01,168.65,170.35,164.45,166.6,49198
2018-01-02,167.0,171.25,167.0,169.45,112390
2018-01-03,169.5,171.3,168.0,168.8,133338
2018-01-04,168.45,183.6,168.05,175.65,882669
2018-01-07,176.7,180.1,174.15,175.3,165072
2018-01-08,176.85,178.0,173.55,174.75,215132
2018-01-09,175.55,177.8,171.05,171.95,93625
2018-01-10,174.3,174.9,172.5,173.0,78462
2018-01-11,173.0,174.15,170.0,170.95,69742
2018-01-14,172.0,174.8,169.25,173.5,105427
2018-01-15,175.4,181.8,170.0,170.65,386227
2018-01-16,171.15,171.55,165.2,168.95,440586
2018-01-17,168.95,172.95,166.5,167.6,278807
2018-01-18,167.95,169.15,166.0,167.4,59538
2018-01-21,170.0,171.0,165.95,169.4,99364
2018-01-22,169.3,171.0,166.55,167.2,69421
2018-01-23,169.0,169.5,165.1,165.5,47312
2018-01-24,165.0,168.0,162.95,164.35,61053
2018-01-28,164.35,166.0,154.8,157.6,395732
2018-01-29,157.0,157.0,151.2,153.05,651174
2018-01-30,150.35,152.3,150.1,151.6,126786
2018-01-31,155.85,155.85,151.5,152.2,66080
2018-02-01,147.8,150.0,142.2,144.55,143553
2018-02-04,143.0,144.0,139.4,142.0,54432
2018-02-05,135.0,164.7,128.85,146.2,170146
2018-02-06,149.85,158.4,147.35,152.05,98250
2018-02-07,150.0,158.0,149.8,156.75,80716
2018-02-08,152.85,154.8,149.95,151.05,58751
2018-02-11,151.05,154.0,150.0,150.9,39923
2018-02-13,150.2,152.0,148.0,149.4,33445
2018-02-14,150.4,156.5,148.55,151.3,155044
2018-02-15,150.7,154.2,149.05,150.1,75581
2018-02-18,150.1,150.5,143.65,145.2,67139
2018-02-19,145.6,149.0,145.55,147.6,44534
2018-02-20,147.6,147.8,143.15,144.35,35447
2018-02-21,143.95,147.0,143.65,145.6,25587
2018-02-22,145.6,153.45,144.65,148.35,64025
2018-02-25,147.0,164.0,147.0,162.25,878536
2018-02-26,163.9,165.85,156.2,159.0,337525
2018-02-27,159.5,160.95,155.0,159.9,168733
2018-02-28,159.35,160.85,156.5,159.8,47767
2018-03-04,160.2,160.45,155.45,160.0,480245
2018-03-05,160.1,160.15,152.2,154.55,157863
2018-03-06,154.75,156.9,149.25,150.95,67922
2018-03-07,150.05,152.8,144.55,150.5,242232
2018-03-08,149.55,151.5,146.35,148.45,586978
2018-03-11,147.1,148.45,144.5,145.6,65584
2018-03-12,147.9,147.9,144.85,145.6,44041
2018-03-13,145.25,146.45,142.7,143.7,52955
2018-03-14,143.95,146.3,143.65,144.4,34721
2018-03-15,143.7,145.25,143.7,143.8,38323
2018-03-18,144.0,145.0,137.4,138.65,173800
2018-03-19,139.0,140.5,138.05,139.5,61790
2018-03-20,140.75,141.65,138.95,139.65,64686
2018-03-21,143.0,143.0,137.05,138.35,60159
2018-03-22,135.5,138.4,135.0,137.7,57228
2018-03-25,137.05,137.6,135.05,137.15,81589
2018-03-26,137.45,144.4,137.2,140.65,266939
2018-03-27,139.2,142.0,136.95,139.35,68491
2018-04-01,138.0,143.0,138.0,142.15,35183
2018-04-02,141.65,145.5,141.35,144.1,942132
2018-04-03,144.5,147.7,140.55,141.35,27516
2018-04-04,144.5,149.2,141.8,147.15,59128
2018-04-05,147.65,148.85,146.0,146.9,13019
2018-04-08,145.6,152.0,145.6,148.3,38558
2018-04-09,148.05,149.5,145.1,146.05,17890
2018-04-10,148.75,148.75,145.2,146.25,12930
2018-04-11,146.05,146.25,143.75,145.35,17366
2018-04-12,145.0,146.95,143.95,144.9,29007
2018-04-15,142.45,146.0,142.45,144.5,26847
2018-04-16,144.55,146.0,140.1,141.0,56798
2018-04-17,141.4,143.7,140.5,140.8,26851
2018-04-18,141.0,145.0,140.25,144.65,43767
2018-04-19,144.65,144.65,141.5,142.7,17161
2018-04-22,143.0,145.15,140.65,143.4,30721
2018-04-23,143.4,145.45,142.2,143.05,22880
2018-04-24,143.0,143.4,139.15,140.8,32105
2018-04-25,140.85,143.45,136.6,140.05,57634
2018-04-26,141.15,144.7,140.25,143.85,480254
2018-04-29,145.0,147.8,141.1,142.0,27992
2018-05-01,147.5,148.75,143.35,146.5,85700
2018-05-02,143.2,146.3,141.0,143.5,30628
2018-05-03,140.05,143.5,137.25,137.9,102101
2018-05-06,138.0,138.0,129.8,130.2,118400
2018-05-07,129.7,132.55,125.85,128.4,154088
2018-05-08,131.4,132.7,128.4,129.25,72212
2018-05-09,130.9,130.9,122.5,123.3,78692
2018-05-10,122.55,126.5,121.5,124.7,28008
2018-05-13,124.3,127.1,121.1,123.7,25356
2018-05-14,125.15,127.9,121.5,123.15,33680
2018-05-15,120.55,123.5,120.0,122.2,29318
2018-05-16,122.95,125.25,121.65,124.6,33511
2018-05-17,127.8,127.8,124.7,125.65,78927
2018-05-20,125.5,125.5,118.5,119.45,31512
2018-05-21,119.45,123.0,118.0,122.25,17789
2018-05-22,122.05,122.55,119.55,120.3,20032
2018-05-23,120.05,122.0,117.9,120.9,38757
2018-05-24,121.5,123.2,120.0,121.45,46653
2018-05-27,121.75,123.55,121.1,121.8,21130
2018-05-28,122.7,123.6,121.65,122.9,11563
2018-05-29,122.9,124.0,122.0,122.9,11173
2018-05-30,123.4,139.45,123.4,129.5,844867
2018-05-31,126.9,128.5,121.0,122.15,103522
2018-06-03,122.0,124.35,115.95,117.7,54463
2018-06-04,117.7,118.1,107.0,108.0,88659
2018-06-05,109.9,117.0,105.3,111.85,86752
2018-06-06,112.0,114.45,110.85,112.25,55114
2018-06-07,112.2,116.0,111.7,113.75,28855
2018-06-10,115.75,118.0,111.1,116.2,67176
2018-06-11,117.75,119.35,113.55,114.0,58557
2018-06-12,114.5,116.65,114.5,115.4,24118
2018-06-13,115.0,116.55,114.5,115.8,22706
2018-06-14,116.0,121.0,114.2,118.85,67079
2018-06-17,119.0,121.8,115.35,116.05,20145
2018-06-18,114.15,116.0,112.5,113.3,34517
2018-06-19,111.5,114.3,109.2,110.05,64764
2018-06-20,110.35,111.75,108.0,109.55,82877
2018-06-21,110.9,111.5,109.45,110.1,37369
2018-06-24,110.8,116.0,109.7,110.0,32363
2018-06-25,109.0,113.8,109.0,112.65,35917
2018-06-26,112.3,114.0,108.25,109.95,66865
2018-06-27,108.0,110.5,107.6,109.0,48252
2018-06-28,108.05,111.75,108.05,110.05,20646
2018-07-01,112.75,112.75,110.0,112.2,15943
2018-07-02,112.05,113.0,108.55,110.9,20686
2018-07-03,110.5,112.45,109.4,109.95,10076
2018-07-04,108.5,120.2,108.5,115.55,288485
2018-07-05,114.0,116.5,113.05,115.5,41871
2018-07-08,115.2,116.9,113.55,114.75,19443
2018-07-09,114.4,116.1,113.55,114.6,30333
2018-07-10,114.6,115.3,110.55,111.3,21777
2018-07-11,110.45,114.75,110.45,111.95,96043
2018-07-12,110.65,112.0,108.0,109.6,106590
2018-07-15,109.55,109.8,106.2,107.1,68681
2018-07-16,105.4,108.6,105.05,106.95,91964
2018-07-17,108.4,110.0,105.5,109.0,53950
2018-07-18,111.65,113.95,107.95,112.05,253520
2018-07-19,112.7,113.9,108.1,111.7,768920
2018-07-22,112.25,113.5,111.0,112.3,208679
2018-07-23,112.5,131.9,112.5,122.15,1134499
2018-07-24,121.1,122.5,115.3,120.15,115881
2018-07-25,120.0,127.9,119.95,127.15,464251
2018-07-26,125.7,130.6,123.0,127.75,397159
2018-07-29,125.6,130.85,123.8,128.0,292043
2018-07-30,130.8,130.8,125.0,125.55,48233
2018-07-31,125.5,128.25,117.2,119.7,377002
2018-08-01,117.0,118.7,114.3,115.35,555457
2018-08-02,117.0,122.8,116.0,120.65,98059
2018-08-05,120.5,120.55,118.05,119.55,41159
2018-08-06,119.5,123.45,119.0,121.05,63080
2018-08-07,123.45,123.45,118.75,120.4,40617
2018-08-08,120.0,124.5,119.9,121.4,62434
2018-08-09,121.75,122.35,113.0,114.85,146197
2018-08-12,115.8,116.5,111.45,115.25,43561
2018-08-13,116.8,116.95,113.2,115.4,38359
2018-08-15,116.7,116.7,114.0,114.6,24119
2018-08-16,115.85,127.45,112.6,119.5,326277
2018-08-19,120.45,120.45,115.2,116.7,58908
2018-08-20,116.55,119.45,116.55,117.9,68558
2018-08-22,119.65,119.65,116.05,116.65,42153
2018-08-23,116.45,118.0,116.0,116.45,35430
2018-08-26,118.9,118.9,111.8,115.6,62592
2018-08-27,117.9,117.9,115.05,116.65,34904
2018-08-28,117.4,117.95,115.8,116.7,33174
2018-08-29,117.2,118.0,116.0,117.1,24029
2018-08-30,117.7,118.7,114.7,115.6,43146
2018-09-02,117.5,118.5,115.45,116.3,66542
2018-09-03,117.0,117.0,113.65,113.95,39094
2018-09-04,113.5,117.5,110.0,113.65,181988
2018-09-05,113.8,116.0,112.5,114.25,35816
2018-09-06,114.25,115.15,112.7,114.4,27826
2018-09-09,115.2,115.2,111.25,111.8,29739
2018-09-10,111.8,114.4,109.35,109.85,107032
2018-09-11,110.5,110.65,103.8,106.0,56682
2018-09-13,108.0,108.0,105.55,106.8,53468
2018-09-16,108.0,108.0,105.6,107.5,22905
2018-09-17,107.5,108.0,103.1,104.05,35456
2018-09-18,103.35,105.45,102.1,102.8,38214
2018-09-20,104.95,105.85,97.8,99.85,75280
2018-09-23,100.0,100.0,95.3,96.2,51394
2018-09-24,96.0,100.95,95.9,98.55,487266
2018-09-25,100.75,109.9,96.25,100.45,2159193
2018-09-26,101.0,102.45,98.1,98.2,340178
2018-09-27,98.1,99.5,91.15,93.35,329512
2018-09-30,94.5,94.5,89.75,90.95,474224
2018-10-02,90.0,92.0,88.5,91.1,60760
2018-10-03,90.5,92.4,88.0,91.15,149214
2018-10-04,91.65,92.05,89.0,90.2,22542
2018-10-07,90.0,90.2,84.5,86.45,55164
2018-10-08,86.45,87.95,83.0,84.1,47396
2018-10-09,84.0,94.9,83.9,91.65,37630
2018-10-10,89.95,89.95,85.2,88.2,29431
2018-10-11,89.2,92.55,88.0,88.75,56809
2018-10-14,88.8,90.4,87.2,89.2,113035
2018-10-15,88.55,94.05,88.2,90.15,61731
2018-10-16,93.9,94.1,88.0,89.05,16622
2018-10-18,89.1,89.6,85.25,87.6,26388
2018-10-21,87.0,88.8,83.5,85.55,51046
2018-10-22,87.6,87.6,83.3,85.95,23950
2018-10-23,85.9,86.4,83.85,84.45,14376
2018-10-24,82.9,84.0,82.0,82.55,13259
2018-10-25,81.75,82.8,81.0,81.6,10522
2018-10-28,83.55,83.55,80.4,82.3,24538
2018-10-29,82.35,83.5,80.5,82.0,46214
2018-10-30,82.25,84.0,80.4,82.4,114733
2018-10-31,84.45,86.9,82.4,85.4,67726
2018-11-01,86.4,90.75,85.3,89.7,91469
2018-11-04,91.8,91.8,82.1,85.6,320189
2018-11-05,87.9,91.0,85.75,86.9,94464
2018-11-08,88.55,91.8,87.7,90.95,45365
2018-11-11,91.95,92.5,87.0,88.15,35154
2018-11-12,88.95,88.95,86.75,87.4,27010
2018-11-13,86.5,87.1,84.9,85.35,19844
2018-11-14,86.25,86.25,82.4,83.25,65006
2018-11-15,83.0,85.8,83.0,84.65,31843
2018-11-18,85.7,86.05,83.45,85.3,30934
2018-11-19,85.35,85.65,82.5,82.85,44352
2018-11-20,83.9,85.05,83.1,84.5,47653
2018-11-21,85.2,85.2,82.75,83.55,31659
2018-11-25,83.5,84.55,83.1,83.15,46820
2018-11-26,83.25,84.05,81.4,81.8,257169
2018-11-27,83.5,83.5,81.3,81.55,11503
2018-11-28,81.7,82.0,80.6,80.75,15068
2018-11-29,80.25,81.45,78.0,78.45,262586
2018-12-02,79.5,80.45,78.5,79.95,29891
2018-12-03,80.2,80.55,78.8,79.75,22018
2018-12-04,80.7,80.7,77.6,78.05,27444
2018-12-05,78.0,78.2,77.05,77.3,13490
2018-12-06,76.7,78.25,75.3,76.4,23513
2018-12-09,75.1,76.2,73.95,75.2,17656
2018-12-10,74.2,77.55,73.5,76.6,33228
2018-12-11,76.35,81.8,76.3,80.95,54348
2018-12-12,80.9,80.9,77.45,78.1,86753
2018-12-13,79.0,81.9,78.35,80.1,301432
2018-12-16,82.45,82.45,78.9,79.4,34090
2018-12-17,79.05,81.8,78.8,80.0,139460
2018-12-18,81.5,86.95,80.5,84.85,204247
2018-12-19,84.0,87.0,83.95,84.5,52626
2018-12-20,85.15,85.9,82.65,83.15,26531
2018-12-23,81.4,82.1,79.4,80.25,46881
2018-12-25,80.8,81.5,79.75,81.0,53100
2018-12-26,81.3,82.35,80.05,80.5,40097
2018-12-27,81.3,82.8,80.6,81.5,218353
2018-12-30,82.5,83.5,80.65,81.35,36092
2018-12-31,83.4,85.45,80.95,84.55,39834
2019-01-01,84.0,85.85,81.8,82.5,167103
2019-01-02,83.0,84.0,81.1,82.95,27463
2019-01-03,83.25,84.95,82.5,83.0,45788
2019-01-06,83.5,84.9,82.25,82.8,101929
2019-01-07,83.65,83.65,79.45,80.7,509174
2019-01-08,81.65,81.95,78.85,79.7,49178
2019-01-09,80.15,80.4,78.25,78.55,42154
2019-01-10,78.8,79.6,75.75,76.6,87739
2019-01-13,78.0,78.6,75.45,77.85,24285
2019-01-14,77.5,78.9,76.5,76.95,32057
2019-01-15,77.15,78.2,77.0,77.15,27354
2019-01-16,77.6,78.2,76.7,76.8,9407
2019-01-17,76.75,78.75,76.6,77.7,97072
2019-01-20,78.45,79.0,75.3,76.0,26525
2019-01-21,76.8,76.8,74.15,74.4,18796
2019-01-22,74.0,76.4,73.75,74.85,35167
2019-01-23,75.4,76.2,74.7,75.55,22896
2019-01-24,75.5,75.6,70.45,71.8,54099
2019-01-27,71.5,71.6,67.8,69.45,45986
2019-01-28,69.55,71.5,68.6,70.1,22112
2019-01-29,69.75,71.9,69.0,70.9,14573
2019-01-30,71.5,73.6,70.7,72.15,13898
2019-01-31,72.9,73.0,69.1,69.95,18917
2019-02-03,68.9,69.9,65.0,65.75,41593
2019-02-04,66.5,66.5,63.5,64.95,61650
2019-02-05,64.95,66.55,62.15,64.1,115764
2019-02-06,64.1,74.8,62.3,71.75,212119
2019-02-07,71.9,72.0,67.15,68.55,58781
2019-02-10,66.65,67.95,65.0,66.1,23743
2019-02-11,65.05,69.7,65.05,68.6,24081
2019-02-12,70.0,70.7,64.55,66.4,77387
2019-02-13,66.0,66.55,64.6,65.9,25726
2019-02-14,65.55,67.85,65.55,67.0,29514
2019-02-17,67.9,68.5,65.65,66.3,12662
2019-02-18,66.3,69.4,65.5,66.2,20293
2019-02-19,65.65,67.95,65.65,67.15,12855
2019-02-20,68.5,69.2,67.0,68.7,43490
2019-02-21,68.85,70.6,68.5,70.15,27867
2019-02-24,70.85,73.0,70.05,71.1,33521
2019-02-25,70.0,72.0,67.6,68.9,113107
2019-02-26,70.0,75.6,69.2,72.1,120675
2019-02-27,72.45,73.4,69.0,69.8,45997
2019-02-28,70.05,75.0,70.0,74.85,94895
2019-03-04,76.2,82.5,71.5,80.8,161216
2019-03-05,84.0,84.0,79.7,81.05,76103
2019-03-06,81.0,83.4,81.0,81.35,55410
2019-03-07,81.95,82.2,79.1,79.8,43111
2019-03-10,79.85,89.95,79.85,88.6,363014
2019-03-11,88.6,92.4,87.6,88.5,179435
2019-03-12,88.0,91.75,86.7,88.95,72813
2019-03-13,88.3,90.15,86.15,87.2,62824
2019-03-14,86.6,88.5,85.25,87.2,45363
2019-03-17,88.4,88.55,86.55,87.4,33285
2019-03-18,87.4,89.85,86.0,87.2,83443
2019-03-19,87.4,88.45,85.95,87.3,30513
2019-03-21,86.6,91.0,86.35,88.0,75642
2019-03-24,88.0,88.05,84.8,85.15,52799
2019-03-25,86.05,87.05,83.9,84.35,44399
2019-03-26,84.95,86.0,81.6,82.1,130698
2019-03-27,82.2,83.5,80.55,81.85,52899
2019-03-28,83.0,83.7,78.6,79.0,238325
2019-03-31,81.25,85.5,81.25,82.35,982602
2019-04-01,82.95,82.95,81.3,81.6,91627
2019-04-02,82.0,87.5,81.9,85.1,389797
2019-04-03,85.0,94.3,84.9,93.15,875037
2019-04-04,94.0,96.25,90.15,92.8,695991
2019-04-07,96.0,98.3,93.3,97.05,389101
2019-04-08,98.0,98.8,94.6,95.3,119506
2019-04-09,93.1,96.3,92.6,93.65,63093
2019-04-10,94.5,96.5,93.1,94.9,225172
2019-04-11,94.1,95.25,93.15,93.85,48833
2019-04-14,93.75,95.5,92.7,93.75,44602
2019-04-15,93.5,94.55,93.1,93.85,38866
2019-04-17,92.5,96.75,92.5,94.35,75905
2019-04-21,95.0,95.05,88.85,90.9,55044
2019-04-22,89.65,92.05,88.05,88.8,53792
2019-04-23,88.8,94.9,88.8,93.8,130746
2019-04-24,94.5,103.75,93.45,98.55,902749
2019-04-25,99.3,103.9,98.35,101.5,470147
2019-04-29,115.5,116.4,105.25,106.65,2388803
2019-05-01,106.5,109.9,104.0,107.7,661377
2019-05-02,107.9,109.9,106.5,108.05,388563
2019-05-05,105.75,107.7,105.15,105.8,163199
2019-05-06,106.45,114.6,106.45,109.4,1236749
2019-05-07,109.3,110.95,106.35,108.15,396171
2019-05-08,108.15,110.8,106.5,107.5,245034
2019-05-09,108.25,109.4,107.05,107.7,203500
2019-05-12,107.7,108.25,97.55,99.4,164922
2019-05-13,99.4,104.0,97.55,101.85,299318
2019-05-14,103.0,103.8,99.9,101.1,149404
2019-05-15,101.9,102.75,101.2,101.55,60178
2019-05-16,102.4,104.2,100.5,101.9,121580
2019-05-19,107.8,112.45,103.8,111.35,505646
2019-05-20,112.6,116.35,111.0,112.05,1472045
2019-05-21,112.25,115.5,110.55,112.65,404027
2019-05-22,115.45,117.6,111.1,112.3,571072
2019-05-23,112.8,123.9,112.8,120.45,1142858
2019-05-26,120.2,123.8,120.2,120.9,294829
2019-05-27,121.7,124.0,117.75,119.2,294215
2019-05-28,119.85,120.65,115.8,117.7,149362
2019-05-29,118.7,122.75,118.5,119.45,321449
2019-05-30,120.5,121.65,116.15,116.8,178718
2019-06-02,117.6,120.0,115.3,118.95,128738
2019-06-03,119.0,121.5,118.2,119.0,155684
2019-06-05,119.0,119.6,114.0,114.95,158806
2019-06-06,114.95,117.85,112.5,116.05,159941
2019-06-09,117.0,117.75,108.55,109.9,180478
2019-06-10,110.35,116.5,110.35,114.95,144109
2019-06-11,114.95,116.95,114.4,115.3,65047
2019-06-12,115.0,115.9,111.2,112.9,73890
2019-06-13,111.3,112.95,108.45,109.05,91538
2019-06-16,108.0,113.9,107.85,112.9,351965
2019-06-17,112.9,115.45,111.0,111.75,173225
2019-06-18,112.9,115.1,107.65,108.75,152396
2019-06-19,109.0,111.5,107.2,110.6,95889
2019-06-20,111.15,113.0,101.6,103.9,355726
2019-06-23,103.9,107.7,99.55,101.35,234800
2019-06-24,101.95,106.5,101.95,103.8,174506
2019-06-25,104.3,105.85,103.55,104.55,100540
2019-06-26,105.25,106.45,103.5,104.1,83433
2019-06-27,104.5,104.65,101.6,102.2,95738
2019-06-30,103.15,104.25,102.25,103.2,49372
2019-07-01,103.0,103.9,102.2,103.35,43615
2019-07-02,103.8,104.5,103.3,104.3,39881
2019-07-03,103.4,108.35,103.4,107.2,113582
2019-07-04,108.2,110.4,103.5,104.15,222759
2019-07-07,104.0,105.3,101.25,102.0,81979
2019-07-08,101.05,112.6,100.3,103.3,719766
2019-07-09,104.0,106.7,103.25,104.6,150446
2019-07-10,105.0,110.65,104.45,108.9,489175
2019-07-11,108.85,109.4,106.65,107.75,83024
2019-07-14,109.0,109.5,105.5,108.35,52881
2019-07-15,107.05,108.35,106.1,107.15,58002
2019-07-16,107.75,109.95,106.2,107.75,67925
2019-07-17,107.5,108.75,105.15,106.1,47284
2019-07-18,107.3,109.8,103.1,104.35,126928
2019-07-21,104.4,104.75,100.2,100.9,92114
2019-07-22,101.8,103.2,101.15,101.45,93544
2019-07-23,102.4,103.15,93.85,94.8,209818
2019-07-24,94.9,98.6,94.0,96.8,120563
2019-07-25,97.3,102.4,96.6,101.1,295757
2019-07-28,101.9,102.8,96.0,99.6,1393393
2019-07-29,97.4,98.0,93.25,93.95,490873
2019-07-30,95.0,96.9,93.55,95.85,310530
2019-07-31,95.1,96.0,93.7,94.9,124311
2019-08-01,94.1,95.5,91.4,92.85,254799
2019-08-04,91.9,92.8,90.35,92.1,87902
2019-08-05,91.0,94.0,91.0,93.05,65927
2019-08-06,95.8,95.8,90.35,91.1,1156474
2019-08-07,91.3,93.85,90.25,92.15,600741
2019-08-08,93.0,95.75,91.25,91.7,133998
2019-08-12,92.8,92.8,87.2,88.65,59385
2019-08-13,88.1,88.95,86.1,87.65,213582
2019-08-15,87.05,88.35,85.5,86.45,83374
2019-08-18,87.5,90.0,86.7,87.75,84431
2019-08-19,87.05,88.6,86.55,87.0,61662
2019-08-20,87.0,87.05,83.2,84.0,41807
2019-08-21,84.0,85.0,79.95,81.75,137798
2019-08-22,80.5,82.95,78.0,81.8,228086
2019-08-25,85.95,85.95,81.2,81.95,361203
2019-08-26,84.4,85.15,80.65,81.5,273440
2019-08-27,82.9,84.1,78.3,83.8,272314
2019-08-28,83.8,83.8,80.2,80.6,108053
2019-08-29,81.25,82.85,80.5,81.9,139021
2019-09-02,80.0,81.2,79.1,79.15,78379
2019-09-03,79.5,80.95,79.05,80.7,176750
2019-09-04,80.2,82.5,80.2,82.2,37387
2019-09-05,83.5,87.0,82.95,86.15,295653
2019-09-08,87.05,88.25,86.5,87.4,91367
2019-09-10,89.4,92.0,89.4,91.1,135247
2019-09-11,92.05,94.65,88.4,89.7,177472
2019-09-12,88.5,96.9,88.5,94.95,355607
2019-09-15,95.5,99.7,94.95,96.6,439475
2019-09-16,96.6,97.05,90.0,90.8,168507
2019-09-17,91.45,92.7,90.1,92.0,83646
2019-09-18,92.5,92.5,88.3,89.95,66002
2019-09-19,90.0,95.8,90.0,94.5,164048
2019-09-22,97.55,100.0,94.0,99.4,340685
2019-09-23,99.45,100.1,93.85,95.45,141589
2019-09-24,95.7,96.8,93.5,94.25,67065
2019-09-25,93.05,95.5,92.9,94.45,88291
2019-09-26,93.1,95.2,92.1,92.65,47143
2019-09-29,94.4,94.4,85.7,89.85,159625
2019-09-30,89.5,91.8,86.5,88.8,67993
2019-10-02,90.9,90.9,86.85,87.2,55247
2019-10-03,89.7,91.0,86.5,87.4,108556
2019-10-06,87.75,88.25,85.6,86.2,30648
2019-10-08,88.0,89.0,86.25,88.65,134355
2019-10-09,87.65,89.1,86.05,86.3,35771
2019-10-10,87.0,88.5,83.0,85.2,86382
2019-10-13,84.5,86.5,83.95,85.1,52700
2019-10-14,84.55,84.7,81.1,82.3,97559
2019-10-15,83.6,86.45,83.3,84.75,109289
2019-10-16,85.0,85.6,83.5,84.35,46649
2019-10-17,85.3,90.0,84.5,89.2,333482
2019-10-21,83.0,84.6,81.8,82.3,273122
2019-10-22,84.0,84.0,78.0,79.6,131635
2019-10-23,80.0,82.0,78.0,78.25,122564
2019-10-24,78.9,79.6,76.2,76.75,128039
2019-10-26,77.8,79.0,76.5,78.55,34470
2019-10-28,80.0,80.0,77.65,78.5,112105
2019-10-29,78.1,79.6,77.7,78.65,92546
2019-10-30,78.65,81.55,78.5,79.45,154501
2019-10-31,79.3,79.5,77.35,77.9,88142
2019-11-03,78.0,81.7,78.0,80.2,267967
2019-11-04,80.25,82.0,80.25,81.6,136600
2019-11-05,81.8,83.65,81.0,81.5,215749
2019-11-06,83.0,83.0,79.35,79.85,95393
2019-11-07,79.35,81.15,79.05,79.65,74775
2019-11-10,79.0,80.1,77.1,77.75,83043
2019-11-12,79.45,79.45,75.25,75.45,83784
2019-11-13,76.1,76.2,73.15,73.95,107563
2019-11-14,73.95,75.0,73.3,73.9,84870
2019-11-17,73.7,74.85,73.7,74.4,79911
2019-11-18,74.25,76.1,74.0,74.3,149354
2019-11-19,74.5,75.9,74.4,75.3,34438
2019-11-20,75.0,77.4,74.0,75.85,74208
2019-11-21,76.85,76.85,74.45,74.85,28250
2019-11-24,74.85,75.5,74.0,75.0,26576
2019-11-25,75.1,76.0,74.9,75.05,34284
2019-11-26,75.45,75.65,74.25,74.9,83708
2019-11-27,74.6,76.0,74.5,75.5,49745
2019-11-28,75.55,76.5,74.8,76.15,99474
2019-12-01,74.75,77.0,74.75,75.7,91427
2019-12-02,75.4,75.75,74.0,74.55,70220
2019-12-03,74.1,75.25,73.65,74.9,52876
2019-12-04,75.0,75.05,73.25,74.1,112952
2019-12-05,74.15,75.05,73.6,74.6,82637
2019-12-08,74.6,74.6,72.05,72.8,149261
2019-12-09,72.5,73.25,69.9,70.35,250235
2019-12-10,70.3,70.3,68.6,69.3,43310
2019-12-11,71.45,71.45,69.15,69.95,27815
2019-12-12,70.05,74.85,70.05,73.6,71244
2019-12-15,73.8,74.3,71.35,71.75,88558
2019-12-16,71.95,76.0,68.2,73.4,144792
2019-12-17,73.0,73.4,70.7,71.0,298670
2019-12-18,72.5,72.5,69.9,70.45,178499
2019-12-19,70.0,70.7,69.55,69.75,31724
2019-12-22,69.55,71.7,68.35,68.55,65826
2019-12-23,68.9,69.5,65.8,67.1,103506
2019-12-25,67.1,71.3,66.25,70.3,77073
2019-12-26,70.4,71.8,69.0,69.55,60566
2019-12-29,70.15,70.85,68.4,69.3,66426
2019-12-30,69.5,69.9,68.0,69.3,233745
2019-12-31,69.5,72.45,69.5,72.1,63304
2020-01-01,72.5,77.55,72.2,76.8,345628
2020-01-02,76.65,78.05,76.0,76.85,104666
2020-01-05,79.5,79.5,73.45,75.0,78671
2020-01-06,76.5,78.3,74.55,76.9,142109
2020-01-07,75.45,88.0,74.5,82.5,2008081
2020-01-08,83.0,83.85,81.25,82.25,319631
2020-01-09,83.5,84.8,81.25,82.15,241142
2020-01-12,83.15,87.9,81.0,85.05,400984
2020-01-13,85.95,87.5,84.8,85.9,283104
2020-01-14,85.9,87.35,85.2,85.8,163722
2020-01-15,85.5,86.95,84.3,85.1,127606
2020-01-16,85.0,85.0,83.05,83.3,111176
2020-01-19,83.1,84.9,82.2,83.6,64660
2020-01-20,85.0,85.0,82.6,84.0,58512
2020-01-21,84.9,86.4,82.75,83.2,292386
2020-01-22,83.2,84.5,82.75,83.7,142575
2020-01-23,83.7,86.2,83.2,84.85,553142
2020-01-26,84.3,85.8,82.65,83.35,126402
2020-01-27,83.9,84.9,83.0,84.1,82202
2020-01-28,84.85,85.9,83.05,84.45,329834
2020-01-29,83.3,83.85,80.1,80.95,168000
2020-01-30,82.0,82.0,77.0,77.25,110986
2020-01-31,77.8,81.0,74.95,75.6,155557
2020-02-02,74.6,75.0,71.8,73.25,110823
2020-02-03,73.9,79.0,73.9,78.55,247809
2020-02-04,78.9,81.9,78.0,79.9,309675
2020-02-05,79.75,81.0,79.0,80.4,128589
2020-02-06,81.15,81.45,79.0,80.15,163576
2020-02-09,80.8,81.5,80.1,80.8,91432
2020-02-10,81.85,81.85,80.0,80.5,139805
2020-02-11,80.0,81.0,79.15,80.25,203442
2020-02-12,79.6,80.6,79.5,80.0,123141
2020-02-13,80.85,81.2,79.55,80.3,123766
2020-02-16,81.0,81.0,79.6,80.35,240968
2020-02-17,80.45,80.6,78.6,79.9,194761
2020-02-18,79.05,80.7,79.05,80.05,175927
2020-02-19,79.15,82.9,79.15,81.95,271819
2020-02-23,82.95,82.95,80.1,80.9,86016
2020-02-24,81.0,81.4,80.35,81.15,103647
2020-02-25,81.0,90.0,80.35,82.6,1856850
2020-02-26,82.4,84.7,80.9,83.65,361917
2020-02-27,81.4,82.0,79.1,79.65,245935
2020-03-01,80.55,82.2,79.6,80.15,269199
2020-03-02,80.2,81.3,79.05,79.55,91150
2020-03-03,80.0,80.0,76.5,78.05,93337
2020-03-04,76.1,79.5,76.1,78.3,54776
2020-03-05,75.0,77.9,72.1,76.85,94472
2020-03-08,75.0,75.6,72.55,73.2,98818
2020-03-10,71.5,74.9,71.5,73.95,99104
2020-03-11,70.0,70.0,61.2,61.9,119279
2020-03-12,53.85,60.9,49.7,57.25,275529
2020-03-15,55.8,57.85,54.25,55.95,138832
2020-03-16,55.1,60.6,54.6,55.4,108070
2020-03-17,56.5,57.4,49.1,51.05,189479
2020-03-18,48.2,50.0,45.15,46.55,170897
2020-03-19,45.7,49.75,45.55,49.05,100850
2020-03-22,49.0,49.0,39.25,39.9,147339
2020-03-23,43.0,43.0,36.1,38.9,95466
2020-03-24,37.9,40.95,35.6,39.6,122665
2020-03-25,43.5,43.55,41.1,43.35,92424
2020-03-26,47.6,47.6,41.5,42.9,101784
2020-03-29,42.9,43.0,39.9,41.05,63731
2020-03-30,41.2,45.05,41.2,44.7,35716
2020-03-31,45.0,45.0,42.5,43.4,37424
2020-04-02,44.0,44.1,41.75,42.65,30669
2020-04-06,46.0,46.9,44.0,44.85,141145
2020-04-07,45.25,46.7,43.6,44.6,105003
2020-04-08,46.0,46.0,44.05,45.0,387924
2020-04-12,45.0,52.3,44.3,51.15,1034086
2020-04-14,52.0,52.0,47.0,48.05,501227
2020-04-15,48.7,50.1,46.6,46.9,305199
2020-04-16,48.15,48.95,46.0,46.8,1117146
2020-04-19,47.6,48.3,45.5,45.7,789945
2020-04-20,45.0,45.4,43.6,43.8,198096
2020-04-21,44.2,45.15,43.5,44.0,580315
2020-04-22,44.1,44.6,43.7,43.85,207477
2020-04-23,44.0,44.0,40.65,40.9,621251
2020-04-26,41.4,41.75,40.35,40.6,702138
2020-04-27,41.4,41.8,40.55,40.7,265763
2020-04-28,40.7,41.2,40.2,40.9,249268
2020-04-29,41.95,41.95,40.6,40.85,451034
2020-05-03,40.85,41.0,38.6,38.8,381159
2020-05-04,39.75,39.75,35.4,36.8,2073568
2020-05-05,37.85,38.75,36.0,38.1,337571
2020-05-06,38.1,39.6,38.0,38.55,216845
2020-05-07,38.95,39.4,37.0,37.25,217468
2020-05-10,37.8,38.6,35.85,35.95,724769
2020-05-11,36.05,36.45,35.1,36.0,296753
2020-05-12,37.95,39.5,36.55,39.05,1102335
2020-05-13,39.0,40.25,38.25,39.35,453137
2020-05-14,40.9,40.95,38.75,39.6,770408
2020-05-17,40.95,40.95,38.6,38.9,695449
2020-05-18,39.8,40.25,39.45,39.9,517248
2020-05-19,40.0,40.45,39.0,39.5,260883
2020-05-20,40.0,40.45,39.55,39.95,695856
2020-05-21,39.95,40.4,38.75,39.8,504431
2020-05-25,41.9,43.4,39.3,40.75,3206752
2020-05-26,41.2,41.2,40.3,40.85,1342980
2020-05-27,42.5,47.4,41.6,44.6,7136041
2020-05-28,45.8,47.95,45.5,46.85,3532740
2020-05-31,48.5,55.45,48.0,54.25,6769331
2020-06-01,54.85,57.7,54.0,57.25,3808035
2020-06-02,59.3,59.9,54.05,55.8,2862298
2020-06-03,55.8,57.7,53.25,55.35,1327806
2020-06-04,56.85,58.9,55.5,57.6,1355511
2020-06-07,62.6,62.6,57.25,59.85,1922260
2020-06-08,61.0,61.2,58.6,60.2,1530320
2020-06-09,59.0,61.0,59.0,60.5,984527
2020-06-10,60.45,60.5,58.1,59.0,867322
2020-06-11,54.75,60.0,54.6,59.7,831972
2020-06-14,59.7,60.9,58.6,60.0,517610
2020-06-15,60.55,62.5,59.0,60.9,1641864
2020-06-16,60.8,72.2,60.4,69.55,5588565
2020-06-17,68.35,74.2,68.35,72.3,2359431
2020-06-18,72.95,75.0,72.1,72.95,4396330
2020-06-21,73.25,74.4,71.7,73.15,823038
2020-06-22,73.2,74.0,72.3,72.8,357194
2020-06-23,73.3,74.0,69.0,70.5,495817
2020-06-24,70.0,77.1,68.5,76.3,1137692
2020-06-25,76.55,78.0,74.5,76.35,371888
2020-06-28,75.5,75.5,70.5,71.25,439214
2020-06-29,69.3,75.0,69.3,71.4,391718
2020-06-30,71.25,74.0,64.3,70.7,281689
2020-07-01,71.25,72.7,70.4,70.8,179154
2020-07-02,71.4,71.95,70.0,70.25,177027
2020-07-05,70.25,71.6,70.0,70.6,232698
2020-07-06,70.5,70.6,68.8,69.1,265707
2020-07-07,69.5,70.5,68.8,69.05,169925
2020-07-08,68.8,69.65,66.25,66.9,529373
2020-07-09,66.9,68.2,65.1,65.8,214503
2020-07-12,66.0,67.65,64.8,65.45,183893
2020-07-13,65.5,65.5,62.55,63.2,203550
2020-07-14,63.2,65.55,63.2,64.95,266797
2020-07-15,65.0,65.5,63.0,63.85,159323
2020-07-16,64.0,70.2,63.9,69.7,1052805
2020-07-19,71.85,72.95,69.3,70.85,932797
2020-07-20,71.45,72.25,70.0,70.4,425428
2020-07-21,70.9,70.9,67.9,68.55,353223
2020-07-22,69.3,69.3,67.5,67.95,168198
2020-07-23,67.05,68.9,67.0,67.25,130387
2020-07-26,67.3,68.0,65.25,66.15,167302
2020-07-27,66.15,68.0,64.6,66.9,572270
2020-07-28,67.05,67.5,63.6,65.1,566381
2020-07-29,66.5,67.15,64.05,65.5,312123
2020-07-30,66.8,66.8,64.05,64.35,124002
2020-08-02,64.15,65.5,63.2,63.35,277058
2020-08-03,63.3,67.65,63.25,66.5,420741
2020-08-04,69.0,71.1,68.7,69.7,1011368
2020-08-05,70.15,71.0,68.05,68.8,394725
2020-08-06,69.3,71.5,68.5,70.85,388115
2020-08-09,71.5,72.6,70.0,70.2,352795
2020-08-10,70.5,71.35,69.5,69.75,242568
2020-08-11,69.75,69.75,68.3,68.8,121127
2020-08-12,69.8,69.8,68.3,68.55,139077
2020-08-13,68.55,69.45,66.8,67.55,166582
2020-08-16,69.0,69.0,66.6,67.25,213023
2020-08-17,67.25,70.0,67.25,69.55,280626
2020-08-18,70.0,70.05,68.55,68.85,189522
2020-08-19,68.5,73.9,68.5,71.5,883096
2020-08-20,72.4,73.5,69.0,71.45,510920
2020-08-23,72.0,72.8,70.3,70.55,219574
2020-08-24,70.8,71.95,69.15,70.4,243218
2020-08-25,71.3,72.0,70.85,71.15,245328
2020-08-26,71.15,71.95,69.25,69.45,325290
2020-08-27,69.5,70.9,68.9,69.15,235156
2020-08-30,69.3,70.0,63.9,64.9,515188
2020-08-31,65.0,66.9,64.1,65.35,236082
2020-09-01,65.0,65.2,64.6,64.95,123824
2020-09-02,66.4,66.7,64.5,64.95,194530
2020-09-03,64.0,65.2,63.3,64.7,125238
2020-09-06,64.05,65.35,63.7,63.9,100838
2020-09-07,64.75,64.95,62.6,63.0,118442
2020-09-08,61.25,62.5,58.4,61.1,227003
2020-09-09,61.55,63.35,61.5,61.95,175942
2020-09-10,62.1,62.7,59.9,61.0,318390
2020-09-13,61.9,64.25,61.1,63.35,439083
2020-09-14,64.0,65.8,62.75,62.95,369789
2020-09-15,62.5,65.0,62.5,63.5,237728
2020-09-16,63.0,63.75,61.55,62.1,309301
2020-09-17,63.0,63.45,62.0,62.45,172484
2020-09-20,61.35,62.75,59.35,59.55,184291
2020-09-21,59.0,60.0,56.2,59.05,158797
2020-09-22,61.5,61.5,57.45,58.15,153904
2020-09-23,57.85,60.0,56.6,58.9,253774
2020-09-24,60.0,64.4,59.4,63.7,422805
2020-09-27,63.5,64.4,62.45,62.65,187565
2020-09-28,62.25,62.95,60.85,61.15,231254
2020-09-29,61.15,61.95,60.6,61.25,114608
2020-09-30,61.2,62.25,60.15,60.85,203745
2020-10-04,61.5,61.95,59.8,60.05,136081
2020-10-05,60.2,60.9,60.0,60.45,180913
2020-10-06,61.0,62.45,60.5,60.8,633730
2020-10-07,61.0,61.8,59.0,59.25,442643
2020-10-08,59.2,59.8,58.1,58.65,190441
2020-10-11,58.65,59.0,57.2,57.65,184268
2020-10-12,57.9,60.5,57.55,59.1,691912
2020-10-13,59.0,59.75,57.5,57.85,300433
2020-10-14,57.6,59.4,57.0,57.35,239877
2020-10-15,57.8,58.3,56.85,57.5,256338
2020-10-18,58.2,59.35,57.65,58.2,220425
2020-10-19,59.5,60.9,58.25,58.5,742071
2020-10-20,59.0,59.5,57.6,59.15,269226
2020-10-21,59.9,64.85,59.1,64.3,2550845
2020-10-22,65.0,67.5,64.7,65.9,1812059
2020-10-25,66.35,68.8,64.0,64.65,1287867
2020-10-26,64.85,65.0,63.2,63.8,871026
2020-10-27,64.95,67.5,64.55,65.8,1052216
2020-10-28,65.7,67.0,63.7,66.35,887737
2020-10-29,68.0,69.35,63.8,64.6,2090914
2020-11-01,65.15,65.5,62.35,63.15,309359
2020-11-02,63.7,64.3,61.0,61.85,428659
2020-11-03,62.0,62.85,60.6,61.35,346052
2020-11-04,62.15,63.7,62.1,63.1,459502
2020-11-05,63.5,66.4,63.1,64.85,989209
2020-11-08,65.2,66.4,64.4,64.55,366493
2020-11-09,65.45,66.65,65.1,65.8,574131
2020-11-10,66.45,66.8,64.65,65.8,631205
2020-11-11,65.7,67.4,65.5,66.85,704601
2020-11-12,67.4,68.2,66.5,67.7,760455
2020-11-13,68.4,68.9,67.75,68.45,200599
2020-11-16,68.95,71.25,68.0,70.0,1985070
2020-11-17,70.4,72.4,69.6,71.45,970559
2020-11-18,71.25,72.0,67.9,69.2,711241
2020-11-19,69.85,71.35,68.7,69.95,462407
2020-11-22,70.6,71.4,69.0,70.1,411597
2020-11-23,70.1,71.35,69.8,70.65,387401
2020-11-24,71.25,71.75,68.7,68.9,336922
2020-11-25,69.45,70.15,68.5,69.75,233533
2020-11-26,69.7,71.9,69.5,71.65,513816
2020-11-30,72.0,78.4,71.7,76.3,2127028
2020-12-01,77.0,78.9,74.7,78.25,966381
2020-12-02,78.8,80.65,77.5,77.85,760213
2020-12-03,78.65,80.9,77.45,78.5,834318
2020-12-06,79.35,81.6,78.9,80.75,1078679
2020-12-07,81.3,81.5,76.15,79.3,715034
2020-12-08,79.7,82.25,78.5,80.05,753051
2020-12-09,79.0,79.8,76.5,77.5,729289
2020-12-10,77.95,80.55,77.6,78.5,427559
2020-12-13,79.0,79.9,76.8,77.95,436340
2020-12-14,77.0,79.0,76.7,77.55,771072
2020-12-15,78.2,79.2,76.5,76.75,441879
2020-12-16,77.4,83.1,77.4,82.5,2609462
2020-12-17,83.75,89.25,83.0,86.4,4653055
2020-12-20,87.25,88.35,78.0,81.1,1658453
2020-12-21,81.0,83.0,77.0,82.0,1037647
2020-12-22,83.0,84.35,81.7,83.85,419701
2020-12-23,84.85,87.1,81.1,83.65,641401
2020-12-27,83.0,85.0,83.0,84.4,273014
2020-12-28,84.4,85.85,82.6,83.4,445787
2020-12-29,83.4,87.8,82.2,86.7,1431439
2020-12-30,86.9,88.7,86.0,86.95,952846
2020-12-31,87.5,88.5,86.6,87.55,539392
2021-01-03,88.3,91.0,87.3,89.1,1214795
2021-01-04,88.5,90.5,87.2,89.15,657066
2021-01-05,89.15,90.25,83.8,87.85,598495
2021-01-06,88.55,91.2,88.15,89.3,1148603
2021-01-07,90.0,90.8,88.05,89.0,753812
2021-01-10,89.3,89.3,84.0,85.45,811956
2021-01-11,85.5,87.2,85.5,86.05,501647
2021-01-12,87.0,87.55,85.5,86.6,285559
2021-01-13,86.6,87.2,84.4,84.8,403696
2021-01-14,85.8,85.95,81.2,82.05,722174
2021-01-17,83.9,83.9,79.0,80.8,336089
2021-01-18,82.9,83.7,80.8,82.9,223307
2021-01-19,82.7,84.5,82.3,83.35,345374
2021-01-20,84.5,85.0,82.6,83.3,260345
2021-01-21,83.9,84.35,80.45,81.7,259168
2021-01-24,83.9,84.9,80.25,82.9,846127
2021-01-26,82.5,84.5,78.55,80.2,813542
2021-01-27,80.0,83.7,79.4,82.45,310273
2021-01-28,85.0,87.0,83.6,84.55,1299197
2021-01-31,86.95,88.0,83.0,86.95,709443
2021-02-01,88.9,94.75,87.4,93.35,3029698
2021-02-02,94.3,95.25,91.1,91.5,1034721
2021-02-03,92.2,95.85,91.5,94.75,1030999
2021-02-04,95.1,95.45,91.7,92.5,563162
2021-02-07,93.0,94.2,92.1,93.25,407137
2021-02-08,93.05,93.45,90.0,90.55,375735
2021-02-09,90.55,92.0,88.25,89.95,475880
2021-02-10,89.95,91.35,89.2,89.75,295371
2021-02-11,90.15,91.5,87.5,88.3,450151
2021-02-14,88.3,95.6,88.3,94.85,2226036
2021-02-15,95.5,99.5,95.45,96.0,1672356
2021-02-16,95.4,98.65,95.2,96.05,646555
2021-02-17,95.6,96.4,92.3,93.5,725527
2021-02-18,93.5,94.8,89.7,91.85,488524
2021-02-21,91.5,93.0,89.0,89.9,372305
2021-02-22,90.4,92.65,89.95,90.7,215935
2021-02-23,91.15,92.5,90.0,91.65,115391
2021-02-24,92.2,95.8,92.2,94.25,742703
2021-02-25,94.0,94.5,91.1,91.8,934543
2021-02-28,93.0,96.5,92.5,94.4,662688
2021-03-01,95.4,98.0,95.05,96.3,752165
2021-03-02,97.5,100.5,97.5,99.85,1142783
2021-03-03,98.9,113.5,97.45,110.5,4782275
2021-03-04,111.5,114.0,103.5,104.25,2014990
2021-03-07,105.5,107.45,103.0,103.9,469404
2021-03-08,105.3,107.9,102.3,104.6,581299
2021-03-09,105.4,107.0,97.3,102.25,471273
2021-03-11,103.9,104.6,99.4,102.2,659385
2021-03-14,103.1,103.1,98.5,100.4,366065
2021-03-15,101.4,104.8,100.0,103.7,573855
2021-03-16,105.15,107.65,99.6,100.55,922331
2021-03-17,101.9,104.0,95.6,96.15,879631
2021-03-18,96.0,98.5,93.0,97.8,590182
2021-03-21,97.8,99.5,95.75,97.95,411568
2021-03-22,99.0,104.45,98.15,103.45,925171
2021-03-23,102.1,103.25,99.35,99.9,544436
2021-03-24,100.5,100.5,95.55,96.3,471049
2021-03-25,97.8,98.6,95.0,95.95,390778
2021-03-29,97.25,100.0,95.5,96.65,362743
2021-03-30,96.95,99.5,96.1,97.8,397628
2021-03-31,98.8,102.85,98.1,101.6,638254
2021-04-04,102.45,102.8,96.5,98.9,808173
2021-04-05,100.0,100.6,97.55,99.05,501932
2021-04-06,98.4,101.0,98.4,100.55,445243
2021-04-07,101.5,107.55,100.55,105.55,1682208
2021-04-08,107.15,112.0,105.6,107.45,2988564
2021-04-11,104.05,104.5,96.2,96.6,1427025
2021-04-12,98.1,102.05,97.4,100.65,555767
2021-04-14,101.5,105.95,99.0,103.4,1078804
2021-04-15,104.35,107.65,102.35,106.95,1594114
2021-04-18,107.0,107.9,102.1,103.7,1814121
2021-04-19,106.1,109.0,105.0,107.0,2257434
2021-04-21,106.5,107.65,104.5,105.65,661759
2021-04-22,106.15,107.75,104.1,105.15,537425
2021-04-25,106.15,108.75,105.15,106.5,802510
2021-04-26,107.25,108.3,104.8,107.0,887011
2021-04-27,108.0,109.0,104.7,105.45,766330
2021-04-28,105.5,108.0,104.7,105.5,898557
2021-04-29,105.5,106.95,104.75,105.25,433228
2021-05-02,105.0,114.9,104.15,111.55,2777219
2021-05-03,113.0,119.0,108.0,109.05,2576664
2021-05-04,110.1,111.9,108.65,111.05,694741
2021-05-05,113.0,118.0,111.25,114.75,1992950
2021-05-06,117.45,120.0,114.0,118.1,2230504
2021-05-09,119.65,121.0,116.5,117.9,918535
2021-05-10,116.5,119.8,115.35,116.7,1104961
2021-05-11,116.0,118.0,113.6,114.95,844050
2021-05-13,116.1,121.95,113.75,118.55,2706105
2021-05-16,122.2,124.0,119.0,121.65,2528559
2021-05-17,130.0,132.4,125.1,125.95,7694317
2021-05-18,126.5,129.0,125.8,126.8,1867576
2021-05-19,128.0,137.3,127.0,134.75,5280577
2021-05-20,136.0,141.95,135.85,139.25,3258861
2021-05-23,139.9,142.8,136.1,138.8,2042882
2021-05-24,140.1,142.0,137.75,140.65,861930
2021-05-25,141.15,142.5,138.3,139.9,772412
2021-05-26,140.0,149.0,138.3,148.0,1866180
2021-05-27,147.8,147.8,141.85,142.95,808286
2021-05-30,142.9,145.6,137.55,138.45,622188
2021-05-31,139.2,140.2,133.0,133.85,626507
2021-06-01,132.1,139.8,132.1,136.85,1394790
2021-06-02,138.0,138.9,136.5,137.25,1290421
2021-06-03,138.5,142.6,137.0,141.75,1151010
2021-06-06,141.1,143.0,140.7,141.1,460299
2021-06-07,142.0,143.05,138.75,139.85,374272
2021-06-08,140.45,141.85,131.1,134.2,665580
2021-06-09,135.4,138.0,134.7,135.3,394850
2021-06-10,136.8,137.15,134.5,135.7,497276
2021-06-13,135.8,137.7,133.1,134.75,413711
2021-06-14,135.0,139.0,122.6,133.75,461867
2021-06-15,134.7,136.75,133.75,134.65,292872
2021-06-16,134.9,140.9,134.05,136.8,828143
2021-06-17,138.0,138.95,126.65,135.35,821969
2021-06-20,130.6,137.3,130.6,135.55,272982
2021-06-21,137.0,137.5,133.0,133.45,861891
2021-06-22,134.95,135.8,132.0,133.05,252450
2021-06-23,134.3,135.0,133.0,133.3,135852
2021-06-24,134.2,138.0,133.8,137.2,951136
2021-06-27,139.0,139.8,136.5,137.05,485413
2021-06-28,137.05,139.0,135.05,136.0,411271
2021-06-29,137.0,139.0,136.1,136.8,268087
2021-06-30,137.55,138.8,135.55,136.5,279421
2021-07-01,137.5,138.8,136.5,138.05,1118611
2021-07-04,140.0,146.0,139.05,143.8,3070740
2021-07-05,145.75,151.45,144.45,146.65,2816896
2021-07-06,147.0,149.65,145.5,146.1,1634397
2021-07-07,146.35,147.75,141.0,143.75,458477
2021-07-08,144.55,145.0,140.2,143.5,385462
2021-07-11,144.6,150.0,144.15,146.75,1332169
2021-07-12,148.9,152.45,146.75,147.2,1272798
2021-07-13,149.0,149.0,144.0,144.65,410107
2021-07-14,145.85,149.05,144.7,146.1,1564103
2021-07-15,147.05,148.35,144.5,145.5,374609
2021-07-18,145.0,151.85,144.5,148.95,2038795
2021-07-19,150.45,154.0,149.0,151.15,2873850
2021-07-21,155.0,156.6,151.55,153.5,1682515
2021-07-22,154.8,154.8,149.55,151.75,647578
2021-07-25,154.9,155.7,150.3,151.95,1285416
2021-07-26,154.0,156.4,150.45,152.4,948639
2021-07-27,151.5,154.4,149.7,150.75,713348
2021-07-28,151.45,158.95,149.5,156.4,2670471
2021-07-29,158.1,162.0,158.1,159.75,2171728
2021-08-01,161.8,163.5,159.8,162.4,1352727
2021-08-02,168.0,171.9,166.0,167.1,3837550
2021-08-03,169.0,173.15,167.15,169.5,2058059
2021-08-04,172.0,172.5,164.15,169.1,1214909
2021-08-05,169.9,173.5,167.95,169.2,935369
2021-08-08,170.3,172.25,168.1,168.7,887660
2021-08-09,169.35,169.35,154.55,160.05,1169717
2021-08-10,160.1,162.45,150.0,154.4,1337629
2021-08-11,155.6,163.5,155.55,162.35,637872
2021-08-12,163.65,165.5,160.2,161.15,405650
2021-08-15,162.5,164.1,158.6,159.1,403971
2021-08-16,160.95,162.5,155.2,156.9,362738
2021-08-17,157.9,161.0,156.9,157.9,345507
2021-08-19,156.9,157.0,150.45,151.6,408354
2021-08-22,152.0,155.1,145.0,146.3,533355
2021-08-23,146.95,150.5,146.05,148.9,516896
2021-08-24,149.8,153.3,148.3,149.4,609099
2021-08-25,149.4,151.15,147.05,147.75,331804
2021-08-26,149.1,157.0,149.0,152.9,719063
2021-08-29,155.0,158.05,153.0,153.5,524344
2021-08-30,153.7,155.85,151.3,151.8,439303
2021-08-31,150.5,153.5,150.3,151.15,1359084
2021-09-01,151.9,156.95,151.85,156.2,898776
2021-09-02,158.05,163.8,157.8,162.25,1449526
2021-09-05,166.0,167.45,162.7,165.85,1858374
2021-09-06,166.1,170.4,160.2,161.2,1765855
2021-09-07,162.2,167.0,160.4,161.3,1060033
2021-09-08,163.4,166.9,161.75,163.35,963799
2021-09-12,164.45,166.4,162.6,163.3,651108
2021-09-13,163.5,167.45,163.5,163.8,968117
2021-09-14,163.95,165.0,160.05,160.75,614067
2021-09-15,161.35,164.95,161.0,161.35,837049
2021-09-16,162.7,163.55,156.5,157.55,923581
2021-09-19,156.0,159.95,151.45,152.2,566488
2021-09-20,152.45,158.3,151.5,157.15,628989
2021-09-21,158.9,161.8,158.5,160.85,582826
2021-09-22,161.9,163.7,154.1,157.25,762259
2021-09-23,157.75,159.5,155.5,156.5,676783
2021-09-26,159.0,162.0,156.2,158.15,1953816
2021-09-27,158.85,162.45,156.55,161.6,642925
2021-09-28,161.6,164.45,159.0,161.1,992689
2021-09-29,162.4,162.4,158.45,158.95,627963
2021-09-30,158.05,158.9,156.6,157.15,530410
2021-10-03,159.0,161.6,157.65,158.85,657772
2021-10-04,159.6,160.85,156.8,157.1,673380
2021-10-05,158.3,158.8,153.1,154.0,824405
2021-10-06,154.55,157.8,154.0,154.95,611704
2021-10-07,156.0,157.5,155.5,155.85,395279
2021-10-10,156.6,160.6,156.6,157.5,863637
2021-10-11,157.95,159.75,157.25,158.5,434010
2021-10-12,160.0,160.0,157.95,158.55,455441
2021-10-13,159.85,163.3,158.2,162.25,1257115
2021-10-17,165.9,166.0,160.0,160.35,745479
2021-10-18,161.5,161.9,154.1,156.05,638750
2021-10-19,155.8,157.0,152.3,153.9,493330
2021-10-20,154.75,155.05,149.5,153.15,934718
2021-10-21,153.7,155.85,151.15,152.9,522086
2021-10-24,152.9,153.55,145.0,146.65,442135
2021-10-25,148.9,158.7,148.0,155.8,1129725
2021-10-26,158.0,162.95,157.0,161.1,1607276
2021-10-27,162.2,163.5,158.15,160.5,784343
2021-10-28,161.7,163.85,155.65,162.8,792030
2021-10-31,164.0,169.9,163.25,163.8,1564647
2021-11-01,164.95,173.0,164.95,171.45,2424999
2021-11-02,174.9,180.3,174.15,179.65,3033100
2021-11-03,183.0,185.0,180.5,182.55,751878
2021-11-07,184.9,185.55,175.5,181.95,1473053
2021-11-08,182.9,182.9,178.0,179.15,630312
2021-11-09,178.0,178.85,175.0,175.55,478417
2021-11-10,175.55,178.5,174.3,174.9,339461
2021-11-11,175.55,179.8,173.2,176.1,661629
2021-11-14,176.2,176.9,169.5,170.65,426517
2021-11-15,170.45,172.95,163.55,164.4,656725
2021-11-16,163.85,168.0,163.2,166.1,381184
2021-11-17,166.2,166.9,159.2,161.1,468648
2021-11-21,161.1,163.8,155.4,157.4,612633
2021-11-22,157.4,161.75,154.4,160.0,325257
2021-11-23,161.9,164.4,160.0,161.4,263206
2021-11-24,164.65,164.65,159.05,160.5,256978
2021-11-25,160.0,160.7,157.0,157.8,448728
2021-11-28,155.2,157.0,149.15,152.55,621050
2021-11-29,152.7,159.35,152.7,156.45,469935
2021-11-30,158.5,158.9,155.0,155.85,237328
2021-12-01,155.85,159.85,155.05,156.8,343378
2021-12-02,156.85,159.5,156.8,157.4,288651
2021-12-05,158.4,159.4,154.2,155.75,258035
2021-12-06,159.0,159.95,157.35,158.6,291168
2021-12-07,158.6,162.9,158.15,159.65,358789
2021-12-08,160.75,163.95,160.05,162.2,309276
2021-12-09,162.2,166.95,162.2,165.85,329012
2021-12-12,168.0,168.8,165.1,168.1,427147
2021-12-13,168.1,170.1,166.5,167.7,481514
2021-12-14,170.0,170.35,166.1,167.35,1332291
2021-12-15,170.0,170.0,161.8,163.85,261537
2021-12-16,164.95,167.8,158.5,159.95,389560
2021-12-19,158.9,158.9,152.05,154.35,413850
2021-12-20,156.0,162.0,156.0,159.4,255792
2021-12-21,160.35,162.9,155.65,157.35,195022
2021-12-22,157.35,161.9,155.5,156.35,231962
2021-12-23,156.4,158.35,154.45,155.4,189435
2021-12-26,156.35,157.95,153.15,157.2,178395
2021-12-27,158.0,161.65,156.5,161.2,266847
2021-12-28,161.2,164.5,157.55,158.85,189236
2021-12-29,159.4,159.4,156.6,157.3,128601
2021-12-30,157.95,160.8,156.6,159.5,219931
2022-01-02,159.8,164.65,159.7,163.4,334558
2022-01-03,164.0,165.95,162.55,164.45,378831
2022-01-04,164.45,167.75,162.25,165.7,368835
2022-01-05,164.5,166.5,163.2,164.35,278008
2022-01-06,164.0,176.4,163.25,170.95,1676467
2022-01-09,172.4,181.0,172.1,177.7,1388651
2022-01-10,178.5,178.95,174.1,175.15,434233
2022-01-11,176.0,182.0,173.6,177.0,888750
2022-01-12,177.9,178.35,172.6,173.45,409164
2022-01-13,173.45,179.9,171.9,176.2,524916
2022-01-16,176.2,182.25,174.3,176.05,1132943
2022-01-17,177.35,177.8,169.15,170.3,441784
2022-01-18,170.95,170.95,166.1,168.05,256802
2022-01-19,168.5,168.75,165.5,166.7,226336
2022-01-20,166.0,177.0,165.0,169.95,951061
2022-01-23,170.0,175.5,161.4,162.55,1251453
2022-01-24,160.0,170.5,156.7,169.4,480744
2022-01-26,168.7,171.7,163.7,167.9,386718
2022-01-27,169.6,171.0,164.0,164.5,364389
2022-01-30,165.0,170.45,164.3,167.9,287557
2022-01-31,168.0,173.0,165.4,168.75,773592
2022-02-01,170.9,177.25,170.25,172.6,1607591
2022-02-02,175.0,176.0,172.15,172.85,327294
2022-02-03,173.45,173.95,170.55,171.9,282872
2022-02-06,173.4,184.15,172.0,177.55,1901078
2022-02-07,179.95,179.95,171.7,172.95,444677
2022-02-08,173.85,175.5,168.55,170.45,533555
2022-02-09,171.6,172.95,169.3,172.4,205546
2022-02-10,170.0,171.4,167.4,167.85,240414
2022-02-13,164.9,164.9,160.5,160.9,400528
2022-02-14,162.0,164.2,157.0,162.55,376002
2022-02-15,165.95,169.3,161.0,164.85,371375
2022-02-16,165.0,171.2,165.0,166.1,365922
2022-02-17,166.1,166.1,161.0,161.45,152016
2022-02-20,158.25,160.5,152.1,153.4,372448
2022-02-21,152.0,154.0,147.0,150.1,409745
2022-02-22,152.9,154.85,152.05,153.85,137036
2022-02-23,150.0,150.0,138.5,140.8,568501
2022-02-24,143.0,149.45,143.0,143.75,482311
2022-02-27,144.0,145.4,141.05,144.75,345500
2022-03-01,143.0,146.25,140.25,140.95,510716
2022-03-02,141.9,144.85,133.35,134.75,1122848
2022-03-03,133.9,136.6,132.4,133.2,401170
2022-03-06,129.55,131.6,125.5,126.25,510080
2022-03-07,125.45,130.0,121.85,124.85,748735
2022-03-08,126.85,134.35,125.6,133.25,631856
2022-03-09,138.25,140.95,135.0,136.25,758229
2022-03-10,134.8,139.15,134.25,138.6,270266
2022-03-13,138.6,140.9,137.0,138.75,208271
2022-03-14,139.7,142.5,137.1,138.3,327127
2022-03-15,139.95,145.45,139.95,143.7,666940
2022-03-16,149.7,149.95,146.25,147.35,682394
2022-03-20,148.1,152.5,148.1,151.2,525750
2022-03-21,152.75,154.25,151.4,153.7,1115631
2022-03-22,153.7,155.4,151.4,152.75,257928
2022-03-23,152.0,152.65,143.8,148.3,849927
2022-03-24,148.9,151.0,148.25,149.4,291609
2022-03-27,149.4,149.45,145.65,146.8,391678
2022-03-28,147.4,150.95,141.55,142.25,750112
2022-03-29,145.0,146.9,139.05,142.0,758382
2022-03-30,143.55,144.8,140.7,142.3,473962
2022-03-31,142.5,149.3,142.5,148.8,375221
2022-04-03,149.0,152.65,149.0,151.3,387981
2022-04-04,151.5,154.5,151.2,153.15,365029
2022-04-05,153.0,153.5,149.2,151.05,371477
2022-04-06,151.0,152.8,149.5,150.3,216641
2022-04-07,151.5,157.35,151.1,152.65,671330
2022-04-10,152.65,157.5,152.65,155.85,406091
2022-04-11,153.55,155.2,151.15,151.8,258786
2022-04-12,152.1,154.75,150.75,151.75,313565
2022-04-17,152.0,153.3,148.0,149.25,254076
2022-04-18,150.85,155.6,147.0,150.35,443180
2022-04-19,153.0,154.5,149.35,149.95,400741
2022-04-20,152.0,154.55,151.15,151.85,460670
2022-04-21,151.95,153.65,150.05,150.7,146013
2022-04-24,149.9,149.95,144.0,144.65,357358
2022-04-25,148.0,148.95,146.7,148.3,162715
2022-04-26,147.9,148.0,145.1,146.2,172968
2022-04-27,146.5,148.05,140.5,141.95,469050
2022-04-28,143.95,143.95,136.8,137.85,490384
2022-05-01,137.0,138.9,134.25,135.0,347300
2022-05-03,135.5,138.15,129.25,130.05,376350
2022-05-04,134.05,134.05,126.9,128.3,342661
2022-05-05,126.95,131.5,124.1,130.2,259168
2022-05-08,130.0,130.2,124.25,124.95,350304
2022-05-09,126.85,127.95,120.0,121.4,461660
2022-05-10,123.65,123.65,112.95,114.55,674534
2022-05-11,117.0,120.8,114.6,117.9,1651130
2022-05-12,120.0,123.9,118.0,119.1,783669
2022-05-15,122.0,124.0,117.05,118.45,467877
2022-05-16,120.0,121.95,116.5,121.3,606981
2022-05-17,122.15,122.6,117.5,118.1,403075
2022-05-18,117.0,117.5,114.4,116.35,358181
2022-05-19,119.8,124.9,117.05,123.85,1026601
2022-05-22,124.0,124.8,119.35,121.15,594975
2022-05-23,123.0,123.85,118.5,119.0,616918
2022-05-24,121.0,121.95,114.5,116.3,489137
2022-05-25,117.4,117.55,108.85,114.9,799657
2022-05-26,116.65,119.85,115.5,118.8,285555
2022-05-29,119.7,122.1,119.1,121.1,247862
2022-05-30,121.85,128.6,120.7,124.85,540607
2022-05-31,125.85,128.5,125.0,126.4,316008
2022-06-01,126.4,129.8,124.05,129.0,1380680
2022-06-02,130.3,131.3,122.0,124.9,624281
2022-06-05,125.4,125.8,121.0,122.65,233673
2022-06-06,122.5,123.8,118.6,122.0,514200
2022-06-07,122.0,126.0,120.45,123.1,359124
2022-06-08,123.75,124.85,121.4,123.5,194875
2022-06-09,121.5,122.55,121.0,121.85,123775
2022-06-12,120.95,120.95,115.0,115.9,277259
2022-06-13,116.0,117.95,113.0,113.5,223711
2022-06-14,114.5,115.65,112.6,113.25,459613
2022-06-15,117.2,117.25,105.0,106.5,755138
2022-06-16,106.0,108.2,103.0,103.8,491395
2022-06-19,103.0,104.15,95.6,97.1,1022329
2022-06-20,101.1,105.4,99.05,102.05,1174290
2022-06-21,101.2,104.3,100.2,102.35,416832
2022-06-22,103.7,107.95,102.75,106.7,467221
2022-06-23,107.85,109.7,106.9,108.95,248100
2022-06-26,110.25,111.4,108.05,109.3,193989
2022-06-27,109.25,114.4,109.2,113.2,504148
2022-06-28,112.15,119.6,111.85,115.95,639221
2022-06-29,115.95,117.25,112.9,116.15,385299
2022-06-30,114.0,115.95,113.25,114.05,163243
2022-07-03,114.0,115.5,112.9,115.0,462485
2022-07-04,115.2,116.3,114.1,115.9,289635
2022-07-05,114.0,116.4,112.8,114.05,178565
2022-07-06,114.05,116.15,112.0,113.85,311097
2022-07-07,114.1,117.5,114.1,115.95,531295
2022-07-10,115.0,118.45,115.0,116.0,296147
2022-07-11,117.35,117.95,113.35,114.1,358697
2022-07-12,114.05,115.8,113.4,113.9,299675
2022-07-13,113.2,114.2,110.95,112.75,532486
2022-07-14,111.35,112.9,111.0,111.65,181672
2022-07-17,112.9,114.85,111.4,114.2,384670
2022-07-18,114.2,114.7,112.25,113.05,304551
2022-07-19,113.3,115.8,113.25,115.3,394089
2022-07-20,115.3,117.0,112.5,114.65,368746
2022-07-21,115.8,122.55,114.8,120.95,932283
2022-07-24,121.4,121.7,115.45,117.9,463361
2022-07-25,117.9,119.5,116.35,117.7,253309
2022-07-26,118.5,120.5,117.05,119.25,286832
2022-07-27,120.35,121.5,115.6,118.6,614546
2022-07-28,119.0,119.7,116.0,116.15,531011
2022-07-31,116.2,119.6,115.25,116.15,534341
2022-08-01,116.15,118.2,116.0,117.45,593926
2022-08-02,118.15,119.5,116.25,116.85,229658
2022-08-03,117.6,119.55,115.7,118.7,364677
2022-08-04,118.8,120.45,118.1,118.6,267107
2022-08-07,118.65,119.85,116.95,118.75,225472
2022-08-09,118.55,118.75,115.0,115.7,234761
2022-08-10,115.4,117.1,114.5,114.85,248537
2022-08-11,114.85,115.5,113.75,114.1,317094
2022-08-15,114.7,116.1,113.85,114.45,278611
2022-08-16,114.55,117.9,114.55,117.15,322958
2022-08-17,117.1,125.4,115.8,124.15,2546818
2022-08-18,125.0,126.15,120.2,121.4,929366
2022-08-21,122.3,122.3,117.1,117.95,350979
2022-08-22,116.9,119.65,116.65,117.1,420004
2022-08-23,117.1,119.4,116.8,118.9,457872
2022-08-24,119.9,122.2,117.75,118.2,780700
2022-08-25,118.6,121.4,118.25,120.35,807531
2022-08-28,117.0,120.0,117.0,117.9,302636
2022-08-29,119.85,121.6,119.05,120.35,691649
2022-08-31,119.9,121.95,119.5,121.0,1298287
2022-09-01,122.0,122.0,118.5,118.6,416640
2022-09-04,119.55,121.6,119.0,120.85,271902
2022-09-05,120.0,121.65,117.75,118.3,530592
2022-09-06,118.8,122.9,118.4,121.25,1205701
2022-09-07,122.95,127.8,122.35,126.9,1320581
2022-09-08,128.0,134.0,127.7,129.15,1801353
2022-09-11,130.05,130.35,127.55,129.35,457728
2022-09-12,130.25,134.0,129.1,131.8,898911
2022-09-13,130.9,139.65,130.0,138.0,1776524
2022-09-14,139.1,142.1,135.85,138.7,1037704
2022-09-15,138.9,139.0,128.0,129.1,816842
2022-09-18,130.0,135.0,128.5,133.45,812439
2022-09-19,136.8,141.7,133.5,137.5,1384070
2022-09-20,137.9,137.9,130.45,131.8,583092
2022-09-21,132.15,139.05,131.1,135.0,829543
2022-09-22,135.0,136.05,130.5,132.1,421859
2022-09-25,130.15,130.65,123.8,128.55,508162
2022-09-26,129.8,131.7,124.05,129.7,518503
2022-09-27,128.75,131.9,125.95,127.3,387093
2022-09-28,129.2,130.9,123.8,126.65,322900
2022-09-29,127.8,132.45,125.9,129.65,587386
2022-10-02,129.65,131.75,128.2,130.55,399784
2022-10-03,132.55,134.65,130.8,131.3,274087
2022-10-05,131.3,132.35,129.0,129.35,433571
2022-10-06,130.15,130.3,127.3,127.75,424233
2022-10-09,126.0,132.2,126.0,129.25,718292
2022-10-10,130.25,130.25,126.1,127.6,266571
2022-10-11,128.3,128.8,126.0,128.35,194552
2022-10-12,128.9,129.0,125.25,125.75,182888
2022-10-13,126.7,127.85,123.0,123.95,351679
2022-10-16,125.25,125.25,117.95,122.95,458996
2022-10-17,123.95,124.95,123.05,123.55,141078
2022-10-18,125.0,125.45,122.8,123.65,220783
2022-10-19,123.65,124.4,122.35,123.75,89783
2022-10-20,124.4,125.4,122.85,124.95,412848
2022-10-23,126.75,127.5,125.2,126.5,89723
2022-10-24,127.25,129.0,123.0,124.3,255111
2022-10-26,125.0,126.4,122.9,125.0,332381
2022-10-27,125.0,125.35,122.2,122.9,163428
2022-10-30,123.5,131.75,122.1,130.0,1392125
2022-10-31,130.95,132.35,128.6,130.35,911472
2022-11-01,131.0,134.9,128.2,129.1,965844
2022-11-02,129.2,130.25,126.55,127.15,350864
2022-11-03,127.9,133.0,125.35,131.45,998564
2022-11-06,132.35,137.9,131.25,136.75,1216837
2022-11-08,137.9,138.6,127.65,131.65,865176
2022-11-09,129.55,130.55,123.4,123.85,858372
2022-11-10,125.0,128.85,120.5,125.95,1027096
2022-11-13,126.35,131.8,123.85,129.4,1108228
2022-11-14,130.0,134.0,129.45,133.6,874286
2022-11-15,133.0,133.4,128.25,129.15,457099
2022-11-16,129.0,130.6,127.25,127.75,276467
2022-11-17,127.75,130.0,125.2,125.95,291078
2022-11-20,126.15,127.05,124.95,125.25,232700
2022-11-21,125.7,126.4,123.8,124.4,373464
2022-11-22,127.0,127.0,123.0,124.0,431264
2022-11-23,124.5,124.85,122.6,123.3,594463
2022-11-24,124.85,125.4,122.85,123.4,683231
2022-11-27,124.05,127.7,124.0,125.95,1105728
2022-11-28,126.0,127.0,124.85,125.95,611461
2022-11-29,126.45,126.95,124.5,125.65,555857
2022-11-30,126.2,131.5,126.2,130.95,2093706
2022-12-01,131.45,132.9,130.0,131.6,902945
2022-12-04,132.45,133.7,129.5,130.6,601975
2022-12-05,132.95,132.95,128.25,129.35,548568
2022-12-06,129.95,130.55,127.2,128.15,446284
2022-12-07,129.4,132.95,128.0,132.15,835072
2022-12-08,133.0,133.0,128.0,129.2,628638
2022-12-11,129.15,132.25,127.75,131.3,596189
2022-12-12,131.3,134.5,130.5,133.85,1069107
2022-12-13,134.9,136.95,133.1,134.2,1141044
2022-12-14,133.45,136.0,131.0,132.05,416860
2022-12-15,132.05,132.05,128.35,129.55,586855
2022-12-18,132.0,132.0,128.35,129.5,294773
2022-12-19,129.3,130.4,127.85,128.95,374641
2022-12-20,129.85,130.7,125.0,126.3,586502
2022-12-21,127.05,128.65,120.25,124.6,633735
2022-12-22,122.8,124.0,118.1,120.15,629957
2022-12-25,121.0,123.0,118.25,122.2,352894
2022-12-26,123.2,125.9,122.45,123.0,520237
2022-12-27,123.0,123.55,121.65,122.2,296321
2022-12-28,122.2,123.6,121.45,122.9,317382
2022-12-29,122.9,124.3,122.5,123.05,233188
2023-01-01,123.9,125.0,121.85,122.5,773780
2023-01-02,123.25,144.0,122.55,131.7,1036379
2023-01-03,142.0,148.7,136.0,138.25,18574416
2023-01-04,139.0,143.3,133.85,139.3,4026502
2023-01-05,137.05,142.6,135.75,137.45,1927602
2023-01-08,137.95,140.2,134.7,135.75,1054008
2023-01-09,135.95,136.15,130.9,131.65,854757
2023-01-10,131.7,132.75,130.2,130.65,489535
2023-01-11,129.55,134.5,129.55,133.3,726525
2023-01-12,134.0,134.3,132.5,133.95,376858
2023-01-15,134.85,138.35,133.8,135.9,782176
2023-01-16,136.45,136.45,131.9,132.55,327204
2023-01-17,133.3,134.75,132.05,133.25,220805
2023-01-18,132.9,134.85,132.0,134.0,331348
2023-01-19,134.55,134.7,130.65,131.8,227558
2023-01-22,132.1,133.6,128.2,128.95,374592
2023-01-23,128.95,130.9,125.15,125.65,417105
2023-01-24,125.5,127.6,123.5,126.45,332872
2023-01-26,126.45,126.75,121.0,122.0,526623
2023-01-29,122.8,124.15,121.6,123.5,519515
2023-01-30,124.6,124.85,122.5,123.1,558361
2023-01-31,122.0,128.0,121.85,125.35,1090203
2023-02-01,124.0,127.0,121.0,121.95,370296
2023-02-02,122.35,123.2,119.2,120.15,740000
2023-02-05,122.5,123.65,119.75,120.95,346224
2023-02-06,122.65,122.65,119.35,121.1,346700
2023-02-07,123.0,125.5,121.5,124.45,565318
2023-02-08,124.3,124.75,121.2,122.0,333126
2023-02-09,122.0,124.9,122.0,123.1,315306
2023-02-12,124.5,124.9,122.1,122.5,171271
2023-02-13,123.0,123.85,120.2,121.0,158993
2023-02-14,121.7,122.45,118.55,119.4,283782
2023-02-15,120.95,120.95,117.75,118.95,264589
2023-02-16,118.7,121.45,118.35,120.35,361220
2023-02-19,120.3,120.85,117.7,118.8,268735
2023-02-20,119.05,120.65,119.05,119.6,198309
2023-02-21,119.35,119.35,116.7,117.35,313764
2023-02-22,116.1,120.0,115.4,118.85,742599
2023-02-23,119.45,119.45,114.3,115.1,463291
2023-02-26,114.95,115.35,110.25,111.15,515404
2023-02-27,111.4,112.0,109.2,111.3,274586
2023-02-28,111.1,114.8,111.1,112.65,299071
2023-03-01,112.65,114.7,111.75,112.2,233668
2023-03-02,112.2,115.0,111.75,113.5,616711
2023-03-05,114.0,114.4,111.65,112.3,328188
2023-03-07,112.25,113.0,110.5,112.1,262845
2023-03-08,112.0,113.45,111.5,111.95,236647
2023-03-09,111.75,115.0,111.0,113.55,703954
2023-03-12,114.5,114.7,109.5,110.85,263048
2023-03-13,111.4,112.1,107.9,108.3,298474
2023-03-14,109.3,110.6,108.8,109.5,209132
2023-03-15,110.4,110.4,105.85,108.35,273036
2023-03-16,109.7,112.35,108.55,111.15,376166
2023-03-19,110.1,118.35,108.2,112.75,1782623
2023-03-20,113.25,115.6,112.1,115.35,500663
2023-03-21,116.0,118.7,115.15,115.85,441859
2023-03-22,115.5,115.6,113.0,113.95,491003
2023-03-23,115.9,115.9,112.0,112.4,862998
2023-03-26,112.35,113.05,108.0,108.55,548748
2023-03-27,109.4,109.4,104.6,105.85,411653
2023-03-28,104.9,109.3,104.9,108.75,1150072
2023-03-30,108.75,112.5,108.65,109.95,415598
2023-04-02,112.0,116.0,111.35,115.4,573604
2023-04-04,116.4,123.6,115.1,120.8,1508612
2023-04-05,121.2,123.3,120.1,121.5,315029
2023-04-09,121.8,121.9,116.6,117.7,429904
2023-04-10,117.2,121.25,117.2,120.25,388335
2023-04-11,120.7,121.4,118.8,119.55,152800
2023-04-12,119.7,120.9,119.0,120.05,123723
2023-04-16,119.0,122.2,118.7,119.65,303552
2023-04-17,122.0,123.2,120.1,121.0,481246
2023-04-18,120.35,124.95,120.35,124.65,638318
2023-04-19,124.9,126.7,123.35,124.25,399916
2023-04-20,124.85,125.5,123.1,123.4,252714
2023-04-23,124.0,125.85,123.65,124.95,195970
2023-04-24,124.9,126.1,124.0,124.3,167163
2023-04-25,124.3,126.7,123.65,125.55,466108
2023-04-26,125.55,128.3,124.7,127.05,445525
2023-04-27,127.7,131.45,124.25,127.5,1469305
2023-05-01,127.75,129.3,125.0,125.25,611279
2023-05-02,125.25,127.2,124.0,125.35,403813
2023-05-03,125.95,127.8,125.6,126.75,234737
2023-05-04,127.95,127.95,124.15,124.45,261459
2023-05-07,125.85,129.5,125.25,128.65,487048
2023-05-08,127.1,129.4,124.55,125.6,329107
2023-05-09,126.3,128.3,123.85,126.3,836600
2023-05-10,127.3,128.9,126.6,128.4,287147
2023-05-11,128.0,129.75,127.0,128.55,332508
2023-05-14,128.55,129.15,126.05,126.45,190555
2023-05-15,126.45,128.0,124.65,125.7,330459
2023-05-16,125.15,126.75,123.2,123.9,507091
2023-05-17,125.0,125.45,122.25,122.9,360877
2023-05-18,123.3,124.9,120.45,123.35,1276818
2023-05-21,124.0,127.0,121.8,124.25,2060190
2023-05-22,125.05,127.8,124.1,124.6,425953
2023-05-23,124.85,126.0,122.7,124.0,500135
2023-05-24,124.3,127.3,123.5,127.0,769798
2023-05-25,127.25,128.0,125.0,125.3,590380
2023-05-28,126.0,127.15,125.0,125.4,278555
2023-05-29,125.55,134.45,125.55,133.4,2921311
2023-05-30,135.0,135.2,132.05,133.6,1187996
2023-05-31,136.0,137.5,132.9,135.8,1491599
2023-06-01,135.7,138.3,135.55,136.8,789007
2023-06-04,137.3,142.4,137.0,140.2,1619588
2023-06-05,141.05,145.0,140.05,140.7,1191738
2023-06-06,141.5,143.45,138.7,140.9,662761
2023-06-07,141.5,142.55,133.55,135.05,951600
2023-06-08,135.55,140.85,135.4,137.6,682742
2023-06-11,138.25,139.55,136.0,136.7,482107
2023-06-12,137.35,139.9,137.35,138.35,324724
2023-06-13,138.5,140.95,137.65,139.9,470087
2023-06-14,139.9,142.3,139.2,140.25,681944
2023-06-15,141.05,142.5,138.0,140.75,766406
2023-06-18,140.0,141.9,136.7,137.1,769756
2023-06-19,138.0,140.15,136.25,139.1,391343
2023-06-20,137.55,139.45,133.0,133.7,1075712
2023-06-21,134.9,136.8,130.35,132.85,792878
2023-06-22,132.4,134.65,130.85,132.45,352175
2023-06-25,133.7,133.7,125.1,130.2,667213
2023-06-26,131.0,134.5,130.35,133.7,480933
2023-06-27,134.15,136.35,129.95,132.0,649997
2023-06-29,132.0,134.0,130.25,133.35,522418
2023-07-02,134.25,134.25,129.0,129.95,1114507
2023-07-03,131.0,132.3,129.35,130.35,674024
2023-07-04,131.5,138.25,130.25,136.7,1745343
2023-07-05,136.95,136.95,134.4,135.65,718608
2023-07-06,135.95,137.2,134.1,136.1,619915
2023-07-09,136.7,137.4,134.45,137.0,498774
2023-07-10,138.5,140.3,136.45,138.35,1059398
2023-07-11,138.7,140.95,136.95,140.55,901056
2023-07-12,141.15,144.5,140.1,140.9,1589923
2023-07-13,140.9,144.5,140.9,143.6,709974
2023-07-16,144.0,147.5,143.0,147.05,969739
2023-07-17,148.0,149.9,144.7,148.45,1032781
2023-07-18,149.0,149.0,145.0,147.2,675594
2023-07-19,148.15,148.15,142.55,143.2,403290
2023-07-20,142.4,144.65,141.4,142.7,374204
2023-07-23,143.8,145.2,142.65,143.35,280969
2023-07-24,143.75,146.5,143.75,145.95,512556
2023-07-25,146.9,147.75,144.9,145.85,316024
2023-07-26,146.75,148.45,143.7,145.05,460896
2023-07-27,146.4,147.05,143.4,145.1,418456
2023-07-30,147.9,147.9,145.1,147.15,561167
2023-07-31,147.8,147.8,141.0,143.7,1481455
2023-08-01,141.35,146.95,138.6,141.1,931659
2023-08-02,141.05,144.1,140.55,143.95,805465
2023-08-03,144.95,162.0,143.65,157.15,3070606
2023-08-06,162.0,179.35,162.0,177.95,8809410
2023-08-07,179.0,184.5,168.9,178.65,5022665
2023-08-08,179.5,196.95,179.5,193.9,7375128
2023-08-09,193.0,199.55,188.85,197.7,4727454
2023-08-10,197.0,197.0,180.1,190.55,2212991
2023-08-13,191.4,194.15,182.0,183.85,1238570
2023-08-15,183.7,191.65,179.0,181.8,1635117
2023-08-16,181.1,183.95,172.15,176.75,949757
2023-08-17,178.0,195.15,178.0,188.9,2586634
2023-08-20,188.9,190.9,184.9,187.6,1247061
2023-08-21,190.0,194.4,188.45,190.75,874848
2023-08-22,190.95,192.7,185.95,188.4,642075
2023-08-23,190.0,194.7,186.05,186.95,1411563
2023-08-24,185.0,187.95,179.5,181.65,1191990
2023-08-27,181.65,186.0,180.5,184.85,595920
2023-08-28,184.85,196.5,184.0,194.0,2774518
2023-08-29,197.3,200.8,193.3,194.65,2879073
2023-08-30,195.7,195.95,190.6,192.9,1054006
2023-08-31,193.0,201.95,192.5,199.85,2431281
2023-09-03,200.25,206.0,194.2,196.0,2147338
2023-09-04,196.0,200.45,192.35,196.55,1146642
2023-09-05,197.5,199.0,188.65,190.9,953613
2023-09-06,191.2,196.2,190.5,192.0,585191
2023-09-07,192.1,194.25,186.2,188.25,1052489
2023-09-10,189.35,190.1,184.75,187.9,851684
2023-09-11,190.25,192.5,173.8,175.3,1603642
2023-09-12,174.9,188.9,172.0,188.05,1796210
2023-09-13,187.05,188.3,182.65,184.85,531971
2023-09-14,185.0,185.9,180.0,180.9,687349
2023-09-17,181.9,183.2,177.05,178.1,563714
2023-09-19,177.8,177.8,169.4,172.85,962903
2023-09-20,172.85,176.4,167.2,168.35,1410379
2023-09-21,168.0,171.7,164.3,166.6,734983
2023-09-24,166.3,172.55,160.95,167.55,1596442
2023-09-25,165.95,173.9,165.95,173.55,1024808
2023-09-26,175.15,176.0,169.25,171.2,838201
2023-09-27,172.0,178.6,172.0,176.1,1183814
2023-09-28,176.1,180.45,172.75,178.25,1113112
2023-10-02,178.25,178.25,175.35,176.75,622132
2023-10-03,176.75,179.2,172.0,174.55,588290
2023-10-04,173.3,180.7,173.05,176.7,1174673
2023-10-05,177.4,178.6,171.0,174.35,627398
2023-10-08,174.35,181.45,170.25,176.75,1196964
2023-10-09,177.1,182.5,174.5,177.1,1048534
2023-10-10,178.4,179.65,171.4,173.4,1051888
2023-10-11,174.15,189.0,173.5,187.8,3121487
2023-10-12,186.95,190.1,184.0,188.45,1417854
2023-10-15,187.05,190.8,185.3,188.95,729207
2023-10-16,190.0,191.2,186.0,189.1,927285
2023-10-17,195.0,216.5,195.0,204.25,19267069
2023-10-18,204.1,209.65,202.4,204.65,2446623
2023-10-19,204.95,208.35,200.15,201.9,1635133
2023-10-22,204.9,208.2,190.1,193.85,2776179
2023-10-24,195.8,199.4,190.0,195.8,1796155
2023-10-25,192.6,196.7,188.4,195.35,1292784
2023-10-26,196.95,203.0,195.65,197.7,1237893
2023-10-29,198.75,203.8,198.05,199.45,1060183
2023-10-30,200.6,201.9,197.1,197.85,631410
2023-10-31,198.9,199.5,193.6,195.5,553433
2023-11-01,197.4,199.2,192.2,194.15,477165
2023-11-02,195.9,206.25,192.6,204.8,1745018
2023-11-05,204.2,210.0,202.2,207.85,2410723
2023-11-06,209.7,211.8,204.15,205.9,1432525
2023-11-07,206.9,215.0,206.1,209.7,2353854
2023-11-08,212.0,217.8,208.7,213.4,2338423
2023-11-09,214.4,216.4,209.0,213.3,1109259
2023-11-11,216.4,217.7,215.1,216.95,377620
2023-11-12,216.95,218.3,213.1,217.15,758850
2023-11-14,219.0,227.3,216.5,225.7,2312988
2023-11-15,225.0,225.7,217.0,218.5,915422
2023-11-16,218.85,226.6,218.55,222.55,1037496
2023-11-19,222.85,234.4,222.4,233.05,1846680
2023-11-20,233.15,238.4,228.85,233.05,1643350
2023-11-21,233.5,235.0,227.15,230.3,1082588
2023-11-22,231.6,234.25,229.05,231.1,861818
2023-11-23,232.9,234.45,227.2,228.6,599122
2023-11-27,234.0,250.5,233.2,247.95,5945744
2023-11-28,248.0,255.5,246.0,254.6,2867275
2023-11-29,254.45,262.9,250.6,260.05,4184219
2023-11-30,259.85,260.6,243.7,246.85,1618634
2023-12-03,258.4,258.4,248.3,256.05,2254574
2023-12-04,257.75,258.5,246.6,253.85,1429140
2023-12-05,254.55,256.45,245.6,246.8,692428
2023-12-06,246.9,251.4,242.9,244.6,531185
2023-12-07,246.0,248.0,237.3,241.25,634415
2023-12-10,241.3,249.4,239.55,241.6,890681
2023-12-11,242.15,245.9,237.5,238.45,798879
2023-12-12,240.0,245.0,238.15,240.5,879315
2023-12-13,242.0,256.75,241.85,247.65,3952596
2023-12-14,249.75,259.9,247.0,253.1,2143979
2023-12-17,253.1,255.55,251.0,253.15,855895
2023-12-18,253.5,253.8,245.1,246.0,670043
2023-12-19,246.2,251.8,233.0,236.2,1236108
2023-12-20,230.7,244.1,230.7,242.35,1111142
2023-12-21,244.15,245.5,238.4,241.8,283346
2023-12-25,241.8,252.25,240.7,250.65,956537
2023-12-26,250.65,257.0,247.45,250.45,1411786
2023-12-27,252.0,253.65,247.7,248.5,937061
2023-12-28,249.05,255.0,248.05,251.1,1805185
2023-12-31,252.75,266.8,251.0,262.5,4178309
2024-01-01,264.65,270.25,257.9,268.95,3031065
2024-01-02,268.0,276.0,265.75,275.0,2329450
2024-01-03,277.0,281.95,273.9,278.85,1586208
2024-01-04,279.0,283.0,273.55,279.35,1439808
2024-01-07,278.0,281.95,275.4,279.95,615860
2024-01-08,281.9,284.5,274.05,275.55,755785
2024-01-09,275.0,280.55,267.3,272.5,556765
2024-01-10,275.45,276.0,267.85,268.65,469956
2024-01-11,271.0,286.55,268.9,283.5,2250430
2024-01-14,286.5,287.7,274.0,278.3,832037
2024-01-15,278.45,279.0,266.4,271.3,654707
2024-01-16,268.65,271.95,261.55,264.35,524978
2024-01-17,261.7,273.4,259.1,268.95,686241
2024-01-18,271.5,274.85,267.7,269.1,317835
2024-01-19,270.35,270.45,265.05,266.9,165153
2024-01-22,268.65,270.0,247.05,254.9,821238
2024-01-23,256.7,285.0,255.0,279.8,2083764
2024-01-24,279.8,283.45,271.35,274.65,487882
2024-01-28,274.75,281.35,274.75,279.15,478604
2024-01-29,279.15,290.95,277.05,279.2,878547
2024-01-30,280.0,286.5,279.0,282.55,567973
2024-01-31,284.65,291.55,282.0,286.65,1165422
2024-02-01,286.65,293.75,278.25,279.9,773772
2024-02-04,279.9,288.0,261.1,267.0,1723253
2024-02-05,266.9,280.8,265.85,277.35,849975
2024-02-06,278.95,281.05,270.55,272.25,338249
2024-02-07,272.05,275.85,265.0,266.9,371052
2024-02-08,266.55,274.35,262.55,263.7,456266
2024-02-11,264.0,271.1,252.05,258.55,588841
2024-02-12,255.0,257.9,251.05,254.35,340222
2024-02-13,250.0,267.95,248.4,257.1,587294
2024-02-14,257.1,266.95,256.95,263.3,501302
2024-02-15,263.3,273.65,262.0,269.25,510387
2024-02-18,271.1,279.95,268.0,273.05,563388
2024-02-19,273.05,276.4,261.2,262.5,324647
2024-02-20,264.3,264.7,253.2,254.55,857535
2024-02-21,256.8,262.0,255.0,257.05,515329
2024-02-22,252.05,258.85,240.05,242.15,2156571
2024-02-25,240.05,243.55,232.4,240.3,1675231
2024-02-26,233.8,245.1,233.8,240.35,892608
2024-02-27,239.5,239.9,225.25,227.8,608586
2024-02-28,225.5,230.0,222.1,227.25,596863
2024-02-29,229.2,235.95,225.0,233.65,586614
2024-03-01,234.9,239.9,231.05,237.9,63661
2024-03-03,237.0,237.85,228.0,230.15,317768
2024-03-04,228.0,229.85,218.0,220.9,929409
2024-03-05,221.6,223.95,216.95,221.85,721604
2024-03-06,223.9,228.5,221.0,225.85,1620636
2024-03-10,224.15,227.7,216.35,217.95,704641
2024-03-11,217.0,217.0,202.65,207.55,1130080
2024-03-12,209.6,209.6,200.05,201.95,1228051
2024-03-13,202.0,208.5,197.5,206.45,504511
2024-03-14,204.0,212.5,202.0,206.2,661453
2024-03-17,203.1,208.0,200.0,202.0,394584
2024-03-18,202.0,203.75,195.6,196.6,439309
2024-03-19,197.9,199.25,190.0,195.7,520982
2024-03-20,198.0,204.9,197.95,200.0,589715
2024-03-21,199.9,206.7,199.85,204.15,773561
2024-03-25,201.7,204.9,198.0,198.9,820979
2024-03-26,199.35,205.75,197.05,200.75,2089963
2024-03-27,201.1,202.65,194.2,195.8,997757
2024-03-31,199.0,215.6,198.7,213.2,1164148
2024-04-01,216.0,223.0,211.3,220.9,1806336
2024-04-02,222.2,223.9,216.6,219.05,1796018
2024-04-03,219.5,221.4,218.3,220.15,360616
2024-04-04,220.0,220.95,216.1,217.1,393912
2024-04-07,219.9,223.35,215.15,222.65,864398
2024-04-08,224.8,224.8,215.15,217.7,488313
2024-04-09,219.5,219.5,215.15,216.0,287115
2024-04-11,215.6,216.7,208.0,209.4,378065
2024-04-14,206.9,207.2,198.85,201.3,624396
2024-04-15,202.85,203.95,199.05,199.85,617004
2024-04-17,203.75,204.95,195.0,196.05,537141
2024-04-18,195.0,199.55,191.2,198.4,406719
2024-04-21,201.3,203.75,197.85,200.65,310150
2024-04-22,201.95,205.8,200.15,204.25,561677
2024-04-23,206.25,233.5,206.25,230.5,6292023
2024-04-24,229.9,256.65,225.0,229.45,9999307
2024-04-25,231.75,240.75,228.2,229.1,1901903
2024-04-28,229.1,231.55,219.0,219.75,1173628
2024-04-29,220.7,226.7,217.4,221.4,2188777
2024-05-01,224.9,229.25,222.25,223.6,870886
2024-05-02,224.45,224.7,215.25,219.65,761031
2024-05-05,220.8,223.55,213.9,222.4,678969
2024-05-06,223.0,233.6,216.35,228.85,2345101
2024-05-07,228.95,229.05,224.3,227.35,559330
2024-05-08,228.5,228.5,215.0,216.6,426051
2024-05-09,217.0,219.95,210.35,217.7,413415
2024-05-12,217.7,218.75,209.6,210.5,381926
2024-05-13,211.9,213.65,209.2,209.75,305118
2024-05-14,212.1,215.9,207.55,208.35,499904
2024-05-15,211.0,212.2,209.2,211.75,286351
2024-05-16,211.75,217.0,210.7,213.55,392593
2024-05-17,215.0,216.0,211.8,214.7,71689
2024-05-20,214.75,214.95,208.55,209.2,597869
2024-05-21,208.6,219.1,206.3,217.45,959425
2024-05-22,219.15,220.85,213.5,214.55,322173
2024-05-23,214.6,215.6,212.35,212.9,179876
2024-05-26,214.9,216.4,210.7,211.5,249437
2024-05-27,212.2,215.85,210.05,215.05,310776
2024-05-28,214.9,219.0,211.85,217.6,316708
2024-05-29,217.0,218.0,210.5,211.45,213582
2024-05-30,211.45,213.5,205.25,206.45,441842
2024-06-02,212.0,215.85,209.45,211.25,549004
2024-06-03,211.5,212.0,182.0,193.15,780081
2024-06-04,204.3,204.3,190.7,202.0,480498
2024-06-05,205.05,212.5,204.0,207.65,278931
2024-06-06,207.65,225.5,206.5,223.7,2096478
2024-06-09,226.0,229.5,223.9,225.3,1039750
2024-06-10,227.35,228.82,222.65,224.2,518079
2024-06-11,224.21,234.27,222.8,231.9,1168755
2024-06-12,234.98,243.19,234.27,236.99,1693379
2024-06-13,240.0,243.8,235.11,239.35,1468769
2024-06-17,241.2,241.2,234.21,238.46,778537
2024-06-18,238.5,238.5,228.2,236.79,1067256
2024-06-19,235.5,237.8,233.35,234.84,295771
2024-06-20,235.0,236.75,227.95,232.12,1152869
2024-06-23,229.05,233.0,226.65,232.09,357600
2024-06-24,232.1,237.4,230.59,236.33,440798
2024-06-25,236.75,259.2,234.63,252.81,7201430
2024-06-26,260.0,285.37,260.0,263.55,12385004
2024-06-27,265.39,279.85,256.2,275.25,5754922
2024-06-30,277.4,330.0,267.4,314.15,14347288
2024-07-01,314.0,319.4,291.0,299.05,8041184
2024-07-02,302.85,320.0,300.0,306.25,5335759
2024-07-03,322.0,322.5,303.35,306.65,5683732
2024-07-04,306.85,308.2,292.6,296.8,2529171
2024-07-07,300.0,314.0,289.05,310.75,2318961
2024-07-08,311.0,312.5,298.1,304.85,1494085
2024-07-09,303.0,311.0,294.0,308.7,1438117
2024-07-10,312.85,318.0,307.7,311.45,2090756
2024-07-11,313.5,315.0,303.7,309.2,1430124
2024-07-14,310.0,310.0,298.1,306.0,2141223
2024-07-15,310.0,321.4,299.55,303.1,5059668
2024-07-17,305.9,332.9,304.3,324.65,7946932
2024-07-18,324.65,330.95,319.8,325.55,5852194
2024-07-21,322.75,339.0,316.75,334.55,7498472
2024-07-22,330.25,337.5,304.95,335.05,5856780
2024-07-23,330.05,334.75,319.3,325.15,1983955
2024-07-24,317.85,326.3,314.3,322.35,1714116
2024-07-25,323.9,338.9,323.85,335.3,2528261
2024-07-28,340.6,363.45,338.95,343.95,7208490
2024-07-29,344.65,351.7,343.35,347.0,1318885
2024-07-30,350.1,363.5,345.0,349.25,3346309
2024-07-31,351.0,351.7,336.75,339.45,1130266
2024-08-01,335.05,369.6,327.55,355.55,6147437
2024-08-04,344.95,358.65,334.8,349.75,4506144
2024-08-05,347.0,356.1,336.35,339.1,3230354
2024-08-06,348.0,362.95,346.6,358.3,4586744
2024-08-07,357.85,357.85,335.0,349.95,4971428
2024-08-08,353.9,359.0,329.05,331.85,4823996
2024-08-11,335.0,344.5,324.6,340.7,3540032
2024-08-12,341.0,346.15,332.4,343.0,2654486
2024-08-13,345.3,348.7,317.5,323.0,2468568
2024-08-15,329.5,344.15,323.05,339.4,2506676
2024-08-18,344.25,344.75,334.25,336.45,1295381
2024-08-19,334.0,339.5,325.55,327.6,881717
2024-08-20,327.9,332.95,325.1,327.2,618230
2024-08-21,330.0,338.7,327.75,331.8,1485024
2024-08-22,333.5,338.0,327.25,331.35,1340739
2024-08-25,331.95,332.15,307.2,309.4,1645875
2024-08-26,310.95,313.2,297.25,299.45,1680949
2024-08-27,299.9,302.6,281.5,282.85,3796534
2024-08-28,284.9,289.5,277.5,285.8,1874207
2024-08-29,291.0,307.4,281.85,305.3,3526935
2024-09-01,305.3,305.9,290.65,292.6,1137697
2024-09-02,301.0,313.95,295.2,307.85,9448521
2024-09-03,304.9,316.6,303.05,308.2,2438056
2024-09-04,311.95,321.8,308.0,317.6,5032644
2024-09-05,317.8,321.8,307.0,308.2,2070023
2024-09-08,307.0,307.0,297.45,301.0,988802
2024-09-09,302.1,306.35,297.0,300.5,1019658
2024-09-10,300.95,307.8,288.75,291.55,1635809
2024-09-11,295.6,299.4,283.5,295.6,3175023
2024-09-12,298.8,300.9,286.0,287.5,2124134
2024-09-15,289.5,300.0,288.75,298.55,1640024
2024-09-16,296.1,296.25,288.8,289.95,1032769
2024-09-17,290.1,291.75,286.65,289.3,714008
2024-09-18,288.7,293.05,278.0,288.4,1128552
2024-09-19,286.2,293.5,285.6,289.5,1012276
2024-09-22,290.0,292.95,284.5,290.5,1314325
2024-09-23,291.0,291.2,283.0,284.5,489797
2024-09-24,282.0,284.25,274.1,275.7,721729
2024-09-25,276.95,290.85,276.95,286.8,1772657
2024-09-26,286.0,288.1,271.0,278.35,921332
2024-09-29,278.35,293.5,275.0,290.4,1433742
2024-09-30,291.7,315.9,291.7,313.55,4833770
2024-10-02,306.95,313.35,302.85,309.35,1761531
2024-10-03,308.0,311.4,300.0,302.35,1646806
2024-10-06,302.45,306.5,282.05,290.1,1520958
2024-10-07,288.0,299.7,288.0,295.1,916850
2024-10-08,297.75,308.3,295.0,298.2,848130
2024-10-09,299.45,301.85,288.2,294.7,557338
2024-10-10,293.55,304.8,292.55,295.75,629316
2024-10-13,296.45,297.2,291.6,292.85,431064
2024-10-14,293.0,305.8,286.0,300.85,978785
2024-10-15,300.85,334.75,297.35,328.65,7746561
2024-10-16,339.35,346.9,328.65,342.6,8967579
2024-10-17,339.0,348.05,330.05,331.75,4497113
2024-10-20,331.4,355.5,326.35,352.45,7501258
2024-10-21,353.4,379.0,341.0,343.6,23366062
2024-10-22,345.55,348.85,335.0,337.15,6295462
2024-10-23,337.15,339.7,332.35,334.45,2893838
2024-10-24,335.05,340.0,334.05,338.2,3348851
2024-10-27,338.0,342.65,332.7,340.35,1199018
2024-10-28,339.1,341.65,338.0,339.0,1080747
2024-10-29,337.3,345.8,337.3,344.7,1688375
2024-10-30,344.45,349.9,341.35,347.75,1204582
2024-10-31,348.0,348.0,345.0,345.2,235176
2024-11-03,342.35,347.1,341.55,343.3,660138
2024-11-04,342.05,345.6,340.7,342.05,2072664
2024-11-05,342.9,346.65,340.0,341.05,864936
2024-11-06,341.1,342.6,338.5,340.6,542206
2024-11-07,339.4,341.35,336.0,336.5,595001
2024-11-10,335.0,340.0,332.2,339.4,573588
2024-11-11,338.15,341.85,335.65,337.9,949156
2024-11-12,335.0,337.95,334.0,336.65,664453
2024-11-13,336.1,339.95,333.65,334.3,492353
2024-11-17,333.55,336.2,333.05,334.25,293992
2024-11-18,334.9,339.0,334.55,337.85,401849
2024-11-20,333.8,333.8,320.85,323.95,1961311
2024-11-21,322.6,331.65,320.65,330.25,555796
2024-11-24,332.9,334.0,326.0,327.05,658060
2024-11-25,328.0,332.15,325.6,329.45,239967
2024-11-26,329.95,342.9,327.1,338.6,1340555
2024-11-27,338.9,341.55,334.05,336.2,561044
2024-11-28,335.1,344.8,335.1,342.35,952614
2024-12-01,340.0,345.0,337.9,343.75,543206
2024-12-02,341.6,349.0,341.6,345.85,663697
2024-12-03,345.85,347.0,338.0,339.45,821163
2024-12-04,339.9,343.8,337.25,342.9,284649
2024-12-05,342.0,343.95,340.1,341.1,226350
2024-12-08,340.9,347.1,339.1,344.45,349234
2024-12-09,343.6,345.5,338.1,342.25,373524
2024-12-10,345.25,349.45,340.5,341.4,475291
2024-12-11,341.4,342.95,339.4,341.75,261945
2024-12-12,342.0,343.0,338.65,341.4,261289
2024-12-15,342.9,344.65,340.1,340.1,214175
