,open,high,low,close,volume
2018-06-05,1.45,1.45,1.45,1.45,111
2018-07-05,1.5,1.5,1.5,1.5,100
2018-07-11,1.5,1.5,1.5,1.5,485
2018-08-12,69.3,69.45,69.1,69.4,256000
2018-08-13,69.2,70.0,69.2,69.4,194000
2018-08-15,69.1,69.7,69.1,69.2,12000
2018-08-16,69.2,69.75,69.2,69.75,180000
2018-08-19,69.1,70.0,69.1,69.55,4000
2018-08-26,69.15,69.15,69.1,69.1,6000
2018-08-27,69.1,69.5,69.1,69.5,28000
2018-08-28,34.55,34.75,34.55,34.75,20000
2018-08-29,34.55,34.55,34.55,34.55,4000
2018-08-30,34.5,34.5,34.5,34.5,8000
2018-09-03,34.5,34.6,34.5,34.6,8000
2018-09-04,34.55,34.55,34.5,34.5,56000
2018-09-05,34.5,34.5,34.5,34.5,4000
2018-09-09,34.5,34.5,34.5,34.5,12000
2018-09-10,35.25,35.7,35.25,35.7,144000
2018-09-11,34.5,34.5,34.5,34.5,4000
2018-09-16,34.5,34.6,34.5,34.6,8000
2018-09-17,34.6,34.6,34.6,34.6,4000
2018-09-18,35.7,35.7,35.0,35.0,152000
2018-09-20,34.6,34.6,34.6,34.6,28000
2018-09-25,35.7,35.7,35.7,35.7,84000
2018-09-30,34.5,34.5,34.5,34.5,4000
2018-10-04,34.5,34.5,34.5,34.5,4000
2018-10-30,34.5,35.5,34.5,35.5,164000
2018-11-01,35.0,35.0,35.0,35.0,144000
2018-11-04,35.5,35.5,35.5,35.5,44000
2018-11-05,35.25,35.25,35.25,35.25,16000
2018-11-06,35.7,35.7,35.7,35.7,64000
2018-11-08,35.5,35.7,35.5,35.7,48000
2018-11-11,1.5,1.5,1.5,1.5,0
2018-11-14,34.5,34.5,34.5,34.5,4000
2018-11-19,34.8,34.8,34.8,34.8,4000
2018-11-20,34.5,34.5,34.5,34.5,4000
2018-11-21,35.5,35.5,35.5,35.5,20000
2018-11-25,35.25,35.25,35.25,35.25,64000
2019-02-20,44.65,46.5,44.65,46.5,208000
2019-02-21,47.5,47.5,47.5,47.5,4000
2019-02-26,49.5,50.0,49.5,49.75,8000
2019-02-27,50.5,50.5,50.5,50.5,12000
2019-02-28,51.5,51.5,51.0,51.15,16000
2019-03-04,52.0,52.0,50.0,50.0,12000
2019-03-05,51.0,51.0,51.0,51.0,20000
2019-03-07,51.75,51.75,51.75,51.75,8000
2019-03-11,53.1,53.1,53.1,53.1,40000
2019-03-12,52.5,53.35,52.5,53.25,100000
2019-03-13,53.5,53.5,53.5,53.5,36000
2019-03-14,53.5,53.75,53.5,53.5,44000
2019-03-17,54.0,54.0,53.85,53.85,88000
2019-03-18,54.0,54.0,54.0,54.0,56000
2019-03-21,54.35,54.35,54.0,54.0,120000
2019-03-24,54.5,54.5,54.5,54.5,28000
2019-03-25,54.5,54.5,54.5,54.5,4000
2019-03-26,54.95,54.95,54.95,54.95,4000
2019-03-27,54.95,54.95,54.95,54.95,4000
2019-04-01,54.75,54.75,54.75,54.75,20000
2019-04-11,55.0,55.0,55.0,55.0,4000
2019-04-17,55.5,55.85,53.5,55.65,56000
2019-04-24,53.25,53.25,53.25,53.25,4000
2019-04-25,55.5,55.5,55.5,55.5,36000
2019-05-01,55.5,55.5,55.5,55.5,20000
2019-05-05,55.0,55.0,55.0,55.0,16000
2019-05-06,55.0,55.0,55.0,55.0,36000
2019-05-08,55.2,55.25,55.2,55.25,40000
2019-05-09,55.2,55.3,55.2,55.3,40000
2019-05-12,55.25,55.25,55.25,55.25,40000
2019-05-14,55.5,55.5,55.5,55.5,4000
2019-05-15,55.6,55.6,55.6,55.6,24000
2019-05-16,55.6,55.6,55.6,55.6,20000
2019-05-20,55.5,55.5,55.5,55.5,72000
2019-05-22,56.2,56.25,56.2,56.25,36000
2019-05-23,57.5,57.5,57.5,57.5,24000
2019-05-27,57.0,57.0,57.0,57.0,4000
2019-05-28,60.0,60.0,60.0,60.0,116000
2019-06-10,62.5,62.5,62.5,62.5,40000
2019-06-13,60.0,60.0,60.0,60.0,16000
2019-06-26,60.5,60.5,60.5,60.5,4000
2019-06-27,58.5,58.5,58.5,58.5,4000
2019-07-01,58.75,58.75,58.75,58.75,4000
2019-07-02,56.1,56.1,56.1,56.1,4000
2019-07-08,55.0,55.0,55.0,55.0,68000
2019-07-11,55.0,55.0,55.0,55.0,12000
2019-07-23,56.0,58.25,50.0,51.45,264000
2019-07-24,53.75,53.75,53.75,53.75,4000
2019-08-04,51.85,51.85,51.85,51.85,4000
2019-09-10,53.5,60.0,53.5,60.0,88000
2019-09-11,57.5,57.5,57.5,57.5,4000
2019-09-16,57.0,59.35,55.45,58.5,112000
2019-09-19,61.5,61.5,61.5,61.5,4000
2019-10-28,63.0,63.0,63.0,63.0,4000
2019-11-07,62.5,62.5,62.5,62.5,24000
2019-11-17,59.85,59.85,59.85,59.85,4000
2019-11-18,60.0,61.0,59.0,59.0,144000
2019-12-02,62.5,62.5,62.5,62.5,4000
2019-12-05,64.5,64.5,64.5,64.5,4000
2019-12-08,58.5,58.5,58.5,58.5,4000
2019-12-11,64.5,64.5,64.5,64.5,4000
2019-12-15,65.0,65.0,65.0,65.0,4000
2019-12-26,66.0,66.0,66.0,66.0,52000
2019-12-30,68.0,68.0,68.0,68.0,4000
2019-12-31,65.0,65.0,65.0,65.0,4000
2020-01-08,63.25,63.25,63.25,63.25,4000
2020-02-02,64.0,64.0,64.0,64.0,4000
2020-02-11,65.75,65.75,65.0,65.0,8000
2020-02-12,67.5,68.75,67.5,68.75,8000
2020-03-03,66.5,66.5,66.5,66.5,4000
2020-03-11,63.65,63.65,63.65,63.65,4000
2020-03-18,60.6,60.6,60.6,60.6,4000
2020-03-30,60.0,60.0,60.0,60.0,4000
2020-04-28,60.0,60.0,60.0,60.0,4000
2020-05-05,57.5,57.5,57.5,57.5,4000
2020-05-19,57.5,57.5,57.5,57.5,20000
2020-07-06,57.9,57.95,57.85,57.85,32000
2020-07-08,58.5,58.5,58.5,58.5,32000
2020-07-09,58.5,58.5,58.5,58.5,28000
2020-07-14,60.0,60.0,60.0,60.0,4000
2020-07-15,62.0,62.0,62.0,62.0,28000
2020-07-16,63.5,63.5,63.5,63.5,28000
2020-07-19,63.5,66.0,63.5,64.25,76000
2020-07-20,66.0,66.0,66.0,66.0,20000
2020-07-21,67.5,67.5,64.15,67.45,108000
2020-07-22,69.35,69.35,69.35,69.35,8000
2020-07-23,70.75,70.75,70.75,70.75,12000
2020-07-26,71.25,71.25,71.25,71.25,12000
2020-07-27,71.25,71.25,67.8,70.85,40000
2020-07-28,72.1,72.1,72.1,72.1,12000
2020-07-29,73.75,73.75,73.75,73.75,12000
2020-07-30,75.1,75.1,75.1,75.1,40000
2020-08-02,76.35,76.35,76.35,76.35,8000
2020-08-03,79.1,79.1,79.1,79.1,16000
2020-08-04,81.35,81.35,81.35,81.35,8000
2020-08-05,81.35,81.35,81.35,81.35,4000
2020-08-09,82.25,83.5,82.25,83.5,12000
2020-08-10,84.0,84.0,84.0,84.0,52000
2020-08-11,86.0,86.0,86.0,86.0,4000
2020-08-17,86.0,86.0,86.0,86.0,40000
2020-08-18,85.5,85.5,85.5,85.5,20000
2020-08-20,85.25,85.25,85.25,85.25,40000
2020-08-26,85.0,85.0,85.0,85.0,4000
2020-09-01,85.0,85.0,85.0,85.0,20000
2020-09-08,86.5,87.25,86.5,87.25,60000
2020-09-10,88.5,88.5,84.1,84.1,36000
2020-09-14,85.5,85.5,85.0,85.0,48000
2020-09-15,85.0,85.0,85.0,85.0,128000
2020-09-16,85.0,85.0,85.0,85.0,48000
2020-09-17,85.0,85.0,85.0,85.0,76000
2020-09-20,85.0,85.0,85.0,85.0,48000
2020-09-22,85.0,85.0,85.0,85.0,12000
2020-09-23,85.0,85.0,85.0,85.0,48000
2020-09-28,85.25,85.5,85.25,85.5,96000
2020-10-05,85.0,85.0,85.0,85.0,20000
2020-10-06,85.0,85.25,85.0,85.25,40000
2020-10-12,90.0,90.0,90.0,90.0,4000
2020-10-26,85.55,85.55,85.55,85.55,4000
2020-10-28,87.5,90.0,87.5,90.0,20000
2020-11-03,90.0,90.0,90.0,90.0,60000
2020-11-05,85.55,89.95,85.55,89.95,32000
2020-11-08,85.55,95.0,85.55,95.0,96000
2020-11-09,95.0,97.5,95.0,97.0,20000
2020-11-10,97.5,97.5,95.5,95.65,80000
2020-11-11,99.95,100.0,99.95,100.0,44000
2020-11-12,99.0,99.0,99.0,99.0,28000
2020-11-13,102.0,102.0,102.0,102.0,4000
2020-12-13,104.0,104.0,104.0,104.0,4000
2020-12-23,104.0,104.0,104.0,104.0,8000
2020-12-29,104.0,104.0,104.0,104.0,4000
2021-01-06,93.5,94.7,93.5,94.7,24000
2021-01-10,92.8,97.6,92.8,96.8,100000
2021-01-11,92.75,96.7,92.75,96.35,104000
2021-01-12,93.75,96.0,90.25,96.0,56000
2021-01-13,93.45,99.5,90.3,97.45,84000
2021-01-14,105.0,105.0,95.75,101.25,100000
2021-01-17,98.5,98.55,90.5,93.55,140000
2021-01-18,101.0,101.0,90.0,90.85,132000
2021-01-19,91.25,97.0,85.0,86.95,84000
2021-01-20,92.95,94.0,85.1,90.0,72000
2021-01-21,91.1,97.5,86.5,96.25,136000
2021-01-24,93.5,101.95,90.0,98.45,116000
2021-01-26,96.35,97.35,94.0,97.35,36000
2021-01-27,92.1,104.0,89.0,102.5,228000
2021-01-28,102.5,102.85,97.5,101.05,112000
2021-01-31,102.55,102.55,94.0,99.45,132000
2021-02-01,102.0,102.2,89.95,95.0,104000
2021-02-02,97.0,97.0,91.0,95.25,96000
2021-02-03,92.5,99.0,92.5,98.5,72000
2021-02-04,93.5,95.5,90.0,93.7,156000
2021-02-07,92.9,94.5,89.0,94.5,136000
2021-02-08,93.0,99.5,87.5,90.05,248000
2021-02-09,91.5,106.25,91.5,103.25,188000
2021-02-10,92.55,120.0,92.55,110.0,140000
2021-02-11,126.95,130.4,98.5,102.65,368000
2021-02-14,101.0,105.0,94.5,94.5,28000
2021-02-15,92.55,102.85,91.0,93.75,68000
2021-02-16,96.5,103.45,95.05,101.35,88000
2021-02-17,98.0,107.25,98.0,107.25,116000
2021-02-18,102.5,106.9,96.5,100.65,120000
2021-02-21,102.45,106.0,91.5,103.35,328000
2021-02-22,97.25,108.0,96.55,106.95,88000
2021-02-23,105.0,105.0,100.0,105.0,12000
2021-02-24,107.5,107.5,94.75,97.7,164000
2021-02-25,97.55,102.9,95.0,98.3,100000
2021-02-28,104.5,104.5,94.9,102.35,172000
2021-03-01,105.3,105.5,100.0,101.5,172000
2021-03-02,105.8,118.0,105.75,117.35,24000
2021-03-03,117.0,117.0,111.0,111.45,14000
2021-03-04,108.0,108.0,101.5,105.6,30000
2021-03-07,109.0,109.0,101.65,109.0,10000
2021-03-08,111.5,117.0,107.0,111.55,28000
2021-03-09,117.0,118.7,109.25,116.5,40000
2021-03-11,110.0,119.7,105.5,113.35,42000
2021-03-14,117.95,118.0,102.25,105.2,50000
2021-03-15,108.0,109.0,101.0,105.25,76000
2021-03-16,105.3,105.3,100.0,104.1,42000
2021-03-17,98.0,101.3,98.0,101.3,8000
2021-03-18,95.0,104.75,95.0,101.8,20000
2021-03-21,97.1,102.95,97.0,102.75,42000
2021-03-22,101.95,101.95,100.0,101.3,50000
2021-03-23,100.75,100.75,100.75,100.75,2000
2021-03-24,104.0,104.0,96.5,96.5,36000
2021-03-25,97.0,97.0,94.5,94.65,36000
2021-03-29,97.0,98.2,93.3,95.75,18000
2021-03-30,96.9,96.9,96.9,96.9,2000
2021-03-31,94.6,99.0,92.0,99.0,22000
2021-04-04,93.0,97.5,93.0,97.5,6000
2021-04-05,96.0,96.0,96.0,96.0,10000
2021-04-06,95.7,95.7,94.0,94.4,12000
2021-04-07,89.0,100.0,89.0,99.1,30000
2021-04-08,95.0,98.0,91.5,93.6,28000
2021-04-11,90.1,96.5,83.3,93.0,24000
2021-04-12,97.0,97.0,92.0,95.0,8000
2021-04-14,96.0,98.0,90.65,98.0,12000
2021-04-15,96.5,104.0,91.1,101.0,78000
2021-04-18,102.25,103.0,97.0,103.0,30000
2021-04-19,104.0,104.0,100.0,103.0,8000
2021-04-21,102.65,108.8,102.65,107.8,56000
2021-04-22,124.0,129.0,116.5,121.55,188711
2021-04-25,126.8,145.8,124.85,139.65,654083
2021-04-26,147.0,147.0,139.75,142.9,345491
2021-04-27,139.95,142.9,122.7,138.6,213565
2021-04-28,137.95,140.95,135.5,137.0,144580
2021-04-29,140.0,140.0,135.0,137.45,131326
2021-05-02,139.85,145.0,137.0,142.05,145047
2021-05-03,143.0,144.45,139.6,140.65,230308
2021-05-04,136.75,141.5,136.75,141.2,198722
2021-05-05,139.0,143.95,138.65,139.55,91611
2021-05-06,143.0,143.0,136.3,138.55,172574
2021-05-09,140.0,140.55,137.9,138.75,180112
2021-05-10,140.5,140.5,137.0,137.95,189933
2021-05-11,138.9,141.5,135.4,140.4,231351
2021-05-13,139.95,140.5,134.0,139.45,174221
2021-05-16,137.9,139.0,137.2,137.7,130058
2021-05-17,138.9,141.0,137.05,140.6,240932
2021-05-18,138.5,142.95,138.5,142.4,248791
2021-05-19,142.95,144.45,141.5,142.15,252929
2021-05-20,142.95,143.9,141.0,143.75,243532
2021-05-23,143.75,148.0,141.0,145.45,246461
2021-05-24,145.85,164.0,145.1,156.25,289791
2021-05-25,163.95,163.95,156.25,158.55,257240
2021-05-26,161.9,165.0,157.9,162.9,168965
2021-05-27,163.75,164.75,161.0,163.75,189553
2021-05-30,163.95,166.75,159.45,164.15,326974
2021-05-31,189.9,189.9,160.7,168.05,532793
2021-06-01,168.05,178.05,167.6,173.65,198419
2021-06-02,177.0,179.05,173.5,178.6,137218
2021-06-03,183.0,186.0,177.8,182.9,95618
2021-06-06,184.85,190.0,183.45,189.0,204184
2021-06-07,191.0,192.7,187.4,191.55,97134
2021-06-08,194.9,194.9,190.0,192.05,119003
2021-06-09,193.75,194.85,190.8,193.85,104879
2021-06-10,194.95,219.0,193.2,214.1,204511
2021-06-13,216.0,226.75,209.0,218.8,191403
2021-06-14,220.0,230.0,219.0,223.85,195555
2021-06-15,225.0,227.95,221.3,224.3,90230
2021-06-16,224.95,227.0,213.1,213.1,26135
2021-06-17,209.7,209.7,202.45,202.45,845
2021-06-20,192.35,192.35,192.35,192.35,1184
2021-06-21,182.75,182.75,182.75,182.75,4939
2021-06-22,173.75,191.0,173.65,189.1,73032
2021-06-23,191.5,196.0,183.5,193.25,21927
2021-06-24,193.3,197.0,191.9,195.45,13447
2021-06-27,198.0,198.0,189.4,191.9,23133
2021-06-28,183.65,198.0,183.65,191.45,11203
2021-06-29,182.65,194.95,182.65,188.45,3027
2021-06-30,182.15,192.0,182.15,190.5,2652
2021-07-01,188.0,191.7,184.0,186.95,2495
2021-07-04,186.95,188.0,181.2,184.1,7574
2021-07-05,178.15,193.3,174.9,188.8,30254
2021-07-06,180.1,197.8,180.1,190.05,12642
2021-07-07,190.05,199.55,187.0,196.5,65314
2021-07-08,193.8,206.3,193.8,203.35,90399
2021-07-11,206.0,213.5,200.5,201.8,92674
2021-07-12,211.0,211.0,197.35,201.1,76368
2021-07-13,195.65,210.0,195.65,208.55,11118
2021-07-14,200.15,214.0,199.0,211.75,33034
2021-07-15,211.0,219.0,206.3,217.8,10221
2021-07-18,227.9,227.9,215.1,223.05,28569
2021-07-19,222.0,224.95,211.9,218.9,84552
2021-07-21,224.0,224.0,209.35,212.5,79611
2021-07-22,205.0,220.95,202.0,209.45,164298
2021-07-25,212.0,212.0,205.55,208.85,97129
2021-07-26,215.45,215.5,205.25,209.15,28412
2021-07-27,204.15,209.9,201.25,209.7,46842
2021-07-28,203.0,210.0,203.0,208.75,37074
2021-07-29,201.9,210.0,201.9,206.1,52223
2021-08-01,208.8,214.65,201.7,210.55,61286
2021-08-02,208.75,214.5,205.05,212.8,53004
2021-08-03,209.0,214.5,204.65,211.9,34319
2021-08-04,211.05,215.0,201.35,213.15,35731
2021-08-05,211.45,221.55,196.5,218.6,130474
2021-08-08,228.65,234.8,210.1,228.75,200411
2021-08-09,230.0,232.0,220.15,224.7,86537
2021-08-10,220.0,230.0,202.25,227.65,147076
2021-08-11,229.7,239.0,225.45,236.05,218466
2021-08-12,239.9,240.35,234.1,237.65,178983
2021-08-15,239.0,240.95,224.0,235.7,129805
2021-08-16,238.1,239.0,226.0,230.6,132208
2021-08-17,220.1,240.0,220.1,237.7,177446
2021-08-19,237.7,248.0,224.75,239.95,101829
2021-08-22,244.8,250.0,236.0,248.4,244827
2021-08-23,249.3,259.0,248.0,255.25,219230
2021-08-24,259.0,263.75,247.15,260.35,147007
2021-08-25,256.05,264.5,252.0,262.85,72875
2021-08-26,255.3,266.85,255.3,260.15,43967
2021-08-29,257.5,260.15,245.0,251.9,268157
2021-08-30,251.9,254.0,247.0,252.85,180913
2021-08-31,247.45,254.0,247.45,253.8,111772
2021-09-01,254.2,256.0,250.55,254.35,69887
2021-09-02,248.35,256.0,248.35,254.2,112595
2021-09-05,254.0,258.5,242.15,254.65,331268
2021-09-06,254.65,256.8,242.0,252.1,303673
2021-09-07,252.25,259.0,247.15,258.65,220908
2021-09-08,255.0,280.0,254.85,272.6,140582
2021-09-12,274.0,279.75,268.15,278.65,106898
2021-09-13,279.5,282.0,275.25,278.35,110068
2021-09-14,276.1,284.55,274.1,282.0,140739
2021-09-15,284.5,285.95,266.65,272.85,98200
2021-09-16,276.8,289.0,268.0,285.45,245957
2021-09-19,285.45,295.0,278.0,287.0,188460
2021-09-20,293.0,293.0,279.0,289.25,332479
2021-09-21,290.0,297.0,285.0,294.65,172024
2021-09-22,295.9,304.45,289.0,300.7,169380
2021-09-23,298.05,310.0,297.05,306.65,146351
2021-09-26,310.0,320.0,310.0,316.1,28183
2021-09-27,322.95,322.95,304.8,315.0,89080
2021-09-28,303.0,328.0,303.0,324.75,125714
2021-09-29,320.0,329.95,319.8,323.6,136287
2021-09-30,320.0,324.5,310.0,318.9,278848
2021-10-03,315.7,328.0,311.85,325.45,104702
2021-10-04,330.0,330.0,322.05,325.0,294831
2021-10-05,329.9,334.55,318.15,322.25,309997
2021-10-06,323.85,329.3,320.0,324.65,170944
2021-10-07,324.65,324.8,318.95,321.9,161939
2021-10-10,321.9,323.55,315.8,318.45,68286
2021-10-11,315.0,320.0,302.55,317.5,26969
2021-10-12,320.0,320.0,303.15,308.2,18822
2021-10-13,305.0,318.0,292.8,317.2,59531
2021-10-17,310.0,318.95,301.65,314.7,40163
2021-10-18,310.0,315.0,301.9,310.85,38664
2021-10-19,300.65,310.85,297.0,309.05,12746
2021-10-20,307.65,309.9,298.65,308.65,14474
2021-10-21,305.3,307.75,296.7,306.95,46973
2021-10-24,298.15,301.0,293.0,296.05,13278
2021-10-25,305.0,305.0,281.25,301.85,66076
2021-10-26,296.95,309.65,287.1,308.4,17279
2021-10-27,307.75,307.75,293.0,303.95,11096
2021-10-28,300.0,304.75,290.0,300.0,26453
2021-10-31,306.95,306.95,298.0,305.2,23781
2021-11-01,304.5,304.5,290.65,303.4,1435
2021-11-02,299.9,303.0,289.35,298.9,1001
2021-11-03,308.0,308.0,295.0,303.15,6894
2021-11-07,305.0,309.9,290.0,292.5,6353
2021-11-08,299.55,304.5,292.0,301.5,10322
2021-11-09,308.0,308.0,288.15,299.9,3333
2021-11-10,295.0,309.0,287.0,304.35,15553
2021-11-11,304.5,304.5,293.0,297.4,1799
2021-11-14,300.0,304.75,283.65,299.4,8435
2021-11-15,298.0,299.95,286.0,296.95,36282
2021-11-16,296.9,299.75,287.0,297.5,18480
2021-11-17,299.0,303.75,283.85,301.35,28023
2021-11-21,301.35,303.75,289.0,297.7,5272
2021-11-22,300.0,300.0,285.0,297.5,1205
2021-11-23,304.0,304.0,291.0,296.7,1081
2021-11-24,296.7,303.8,295.0,299.3,3302
2021-11-25,299.3,299.3,290.0,295.25,7596
2021-11-28,285.65,295.0,283.15,288.2,32375
2021-11-29,294.0,295.0,282.0,284.8,11682
2021-11-30,284.8,294.75,271.35,287.5,22887
2021-12-01,289.95,289.95,282.95,288.7,26543
2021-12-02,290.0,290.0,276.2,288.1,32216
2021-12-05,285.0,289.8,273.7,287.9,25286
2021-12-06,285.0,292.5,280.0,288.0,12370
2021-12-07,285.0,293.5,280.0,288.95,2585
2021-12-08,288.95,288.95,280.0,287.5,17090
2021-12-09,287.5,291.2,274.0,281.85,14135
2021-12-12,275.0,290.0,275.0,288.0,418
2021-12-13,276.0,287.0,273.6,273.7,10769
2021-12-14,273.75,284.5,262.3,282.6,16928
2021-12-15,276.95,284.0,268.5,276.0,8827
2021-12-16,279.95,283.75,263.8,278.25,10871
2021-12-19,279.0,279.45,264.35,275.95,8066
2021-12-20,277.45,279.75,262.25,274.55,1960
2021-12-21,266.3,279.0,266.2,275.65,14864
2021-12-22,275.65,280.0,263.0,277.0,600
2021-12-23,268.0,277.0,263.25,276.65,6854
2021-12-26,279.95,279.95,267.0,279.2,5909
2021-12-27,279.2,289.0,265.3,283.7,2917
2021-12-28,280.0,297.0,270.0,288.65,22002
2021-12-29,288.0,293.0,280.0,289.5,10435
2021-12-30,291.0,292.0,275.3,288.0,18465
2022-01-02,287.95,289.0,275.0,278.9,2723
2022-01-03,288.75,288.75,275.05,281.25,48514
2022-01-04,280.0,284.95,275.0,281.15,36215
2022-01-05,284.0,284.0,268.3,277.7,26935
2022-01-06,271.6,290.0,271.55,289.25,37144
2022-01-09,298.65,298.65,283.55,294.25,57770
2022-01-10,290.0,294.25,284.0,287.4,23511
2022-01-11,298.0,298.0,273.1,277.7,10341
2022-01-12,275.0,281.0,263.85,264.4,45688
2022-01-13,264.0,277.5,260.25,275.2,35165
2022-01-16,272.0,283.7,267.2,280.3,26811
2022-01-17,288.8,288.8,267.5,270.85,84424
2022-01-18,274.45,279.9,266.05,269.9,28403
2022-01-19,272.0,283.35,263.95,282.55,64408
2022-01-20,274.45,286.0,274.45,284.55,32288
2022-01-23,285.0,285.0,270.35,272.3,17265
2022-01-24,272.3,275.0,258.7,261.7,25396
2022-01-26,250.25,272.5,248.65,272.3,39265
2022-01-27,265.45,285.0,261.5,279.15,58157
2022-01-30,291.2,291.2,271.05,284.45,87586
2022-01-31,287.85,287.9,275.0,281.1,62007
2022-02-01,283.05,292.0,277.5,291.65,138387
2022-02-02,294.0,297.0,286.15,291.05,109413
2022-02-03,294.8,294.8,288.0,291.8,66794
2022-02-06,291.9,293.85,275.5,290.6,36235
2022-02-07,289.05,297.65,282.15,296.6,116873
2022-02-08,300.0,305.05,296.8,302.0,139391
2022-02-09,305.0,305.0,294.0,298.5,165726
2022-02-10,293.9,306.0,293.9,304.7,166470
2022-02-13,305.0,305.0,277.0,299.6,152681
2022-02-14,303.8,304.25,280.4,300.5,183638
2022-02-15,300.7,306.0,292.3,303.45,204935
2022-02-16,307.8,307.8,297.9,304.1,144757
2022-02-17,299.0,303.9,297.5,298.9,89149
2022-02-20,298.5,298.8,269.05,283.9,190173
2022-02-21,263.9,277.0,261.6,272.3,114125
2022-02-22,270.0,286.75,269.5,280.4,186236
2022-02-23,272.5,272.5,252.4,252.4,39336
2022-02-24,240.0,263.2,240.0,242.65,176645
2022-02-27,230.0,243.6,218.4,218.4,43811
2022-03-01,207.5,207.5,207.5,207.5,9521
2022-03-02,197.15,217.85,197.15,211.75,316542
2022-03-03,201.2,208.1,201.2,201.2,99391
2022-03-06,198.95,199.9,191.15,196.0,100010
2022-03-07,197.45,205.8,186.2,204.25,289775
2022-03-08,205.1,214.45,199.0,214.45,148101
2022-03-09,224.8,225.15,218.6,225.15,131383
2022-03-10,225.0,235.0,220.0,225.05,209293
2022-03-13,231.7,236.3,225.85,235.85,178345
2022-03-14,241.65,244.8,224.15,235.8,170606
2022-03-15,239.9,239.95,227.0,234.05,135548
2022-03-16,242.65,242.65,230.15,235.35,89391
2022-03-20,230.95,238.1,223.75,226.75,20654
2022-03-21,234.7,234.7,215.45,217.35,87580
2022-03-22,223.9,223.9,208.15,215.0,75182
2022-03-23,223.4,223.9,204.25,211.05,91218
2022-03-24,210.0,210.0,200.5,206.6,91391
2022-03-27,209.6,210.0,200.35,207.65,190748
2022-03-28,212.0,212.0,197.3,201.35,109447
2022-03-29,193.1,206.0,193.1,199.8,116093
2022-03-30,204.0,204.7,197.45,198.75,42546
2022-03-31,204.0,204.55,193.5,203.4,101859
2022-04-03,203.4,212.95,200.5,205.5,41837
2022-04-04,205.5,207.0,195.25,197.25,43124
2022-04-05,199.9,203.7,196.3,200.05,109375
2022-04-06,204.0,220.05,199.0,215.6,103980
2022-04-07,215.7,226.5,215.7,223.4,162951
2022-04-10,224.0,226.45,218.1,223.7,9152
2022-04-11,223.55,223.55,206.2,213.05,16922
2022-04-12,213.2,224.9,208.4,220.4,116140
2022-04-17,219.95,220.9,213.25,217.75,86547
2022-04-18,225.0,225.0,215.0,219.6,31526
2022-04-19,213.0,222.0,206.15,214.85,33436
2022-04-20,210.3,219.75,200.65,214.4,109557
2022-04-21,211.75,217.0,193.25,195.45,169004
2022-04-24,200.5,200.5,181.25,186.2,36721
2022-04-25,193.95,197.6,180.2,187.65,115362
2022-04-26,190.0,193.5,180.9,184.3,91664
2022-04-27,187.0,201.9,176.3,200.2,126763
2022-04-28,201.1,220.0,190.15,205.55,148052
2022-05-01,212.0,215.95,196.6,208.1,80419
2022-05-03,208.1,211.0,192.3,202.5,85356
2022-05-04,199.25,210.5,198.0,209.65,101009
2022-05-05,202.5,206.9,200.0,204.9,36097
2022-05-08,208.9,208.9,190.35,194.7,50402
2022-05-09,195.7,197.0,183.0,190.75,59792
2022-05-10,187.0,188.4,171.7,173.8,101238
2022-05-11,170.0,170.0,156.45,159.4,36364
2022-05-12,159.85,164.0,152.05,157.85,31857
2022-05-15,163.7,163.7,150.0,161.55,32449
2022-05-16,165.05,165.05,158.8,162.5,8617
2022-05-17,162.55,163.0,156.15,159.45,6891
2022-05-18,155.05,162.75,154.0,160.15,3831
2022-05-19,163.95,165.0,152.15,153.75,11097
2022-05-22,150.05,153.0,146.1,147.2,10584
2022-05-23,148.0,148.0,140.4,142.4,11822
2022-05-24,142.55,149.5,135.3,147.7,44514
2022-05-25,148.25,155.0,144.6,154.55,102052
2022-05-26,152.5,162.0,148.6,160.85,37973
2022-05-29,160.85,160.95,153.0,159.55,54202
2022-05-30,160.0,160.0,154.25,158.3,13433
2022-05-31,159.0,159.0,150.4,153.8,91591
2022-06-01,150.25,153.5,146.15,151.9,41048
2022-06-02,151.95,153.9,145.35,148.7,9205
2022-06-05,145.0,150.85,144.95,148.35,47582
2022-06-06,149.4,149.4,146.05,147.55,16526
2022-06-07,144.5,148.5,138.25,143.55,31931
2022-06-08,140.0,148.0,136.9,143.6,39311
2022-06-09,144.3,144.3,129.25,138.1,36517
2022-06-12,135.0,141.5,125.05,138.3,5888
2022-06-13,150.0,150.0,129.25,139.75,41546
2022-06-14,140.0,141.5,125.8,128.55,47252
2022-06-15,131.0,139.95,126.05,136.0,56891
2022-06-16,140.0,144.95,130.0,133.45,27955
2022-06-19,136.95,136.95,121.0,124.75,27049
2022-06-20,122.95,135.0,115.7,133.35,46139
2022-06-21,130.0,133.0,126.4,127.15,4393
2022-06-22,132.2,132.2,120.1,123.05,1827
2022-06-23,127.0,127.0,116.6,117.2,9898
2022-06-26,119.55,122.35,114.0,115.05,14219
2022-06-27,116.75,116.75,107.0,111.1,14614
2022-06-28,111.45,112.8,105.0,107.15,3762
2022-06-29,109.5,117.85,105.2,117.7,43763
2022-06-30,118.1,122.75,106.5,114.05,13019
2022-07-03,107.05,125.45,107.05,125.05,56004
2022-07-04,125.05,137.55,125.0,136.85,47972
2022-07-05,134.1,144.0,130.5,142.95,44832
2022-07-06,147.9,147.9,137.75,140.15,10580
2022-07-07,140.2,147.15,136.0,146.75,66128
2022-07-10,153.0,154.05,145.25,152.9,56212
2022-07-11,153.7,156.0,148.1,153.35,6352
2022-07-12,159.9,159.9,147.95,154.3,7481
2022-07-13,153.1,162.0,150.0,161.4,19983
2022-07-14,159.1,169.45,159.0,168.25,32873
2022-07-17,174.5,176.5,166.65,171.5,39876
2022-07-18,175.0,175.0,167.15,169.35,29289
2022-07-19,169.35,171.95,160.9,170.95,50390
2022-07-20,177.9,177.9,166.5,174.55,30720
2022-07-21,172.0,179.9,171.6,173.85,39962
2022-07-24,173.85,174.95,166.5,168.25,42860
2022-07-25,163.0,171.95,163.0,171.25,11735
2022-07-26,169.95,169.95,166.95,167.05,35770
2022-07-27,171.0,171.0,164.0,168.2,36591
2022-07-28,165.15,168.0,163.2,166.05,34580
2022-07-31,163.0,166.85,162.0,165.7,27682
2022-08-01,163.9,166.0,157.45,158.1,18729
2022-08-02,160.0,160.0,150.2,150.2,13249
2022-08-03,142.7,142.7,142.7,142.7,20676
2022-08-04,135.6,135.6,135.6,135.6,3113
2022-08-07,119.9,132.3,119.9,130.1,49299
2022-08-09,132.0,136.6,130.2,134.8,5825
2022-08-10,134.5,139.15,132.05,133.4,2991
2022-08-11,133.4,137.1,130.05,132.75,3697
2022-08-15,136.0,136.0,126.15,126.15,17852
2022-08-16,125.1,125.1,119.9,120.65,16800
2022-08-17,118.95,126.65,118.0,125.0,55644
2022-08-18,127.8,127.9,118.75,120.3,62590
2022-08-21,121.0,125.5,114.3,120.7,77658
2022-08-22,121.0,121.55,114.7,119.4,55933
2022-08-23,119.4,120.05,114.0,116.0,49927
2022-08-24,118.0,118.9,111.15,113.8,41636
2022-08-25,110.5,119.45,108.15,119.0,209693
2022-08-28,122.5,123.0,113.05,113.05,36783
2022-08-29,108.5,116.35,107.4,110.05,58244
2022-08-31,108.1,113.25,104.55,104.85,90860
2022-09-01,106.0,110.05,106.0,110.0,70091
2022-09-04,113.95,115.5,111.0,115.5,41871
2022-09-05,120.3,120.9,118.0,120.35,23744
2022-09-06,122.8,123.0,118.0,121.6,30467
2022-09-07,121.6,124.25,119.25,121.9,10404
2022-09-08,120.65,123.5,116.45,122.8,79100
2022-09-11,126.85,128.9,121.2,127.75,81278
2022-09-12,130.35,134.1,130.35,134.05,110679
2022-09-13,136.75,140.75,131.0,140.75,112715
2022-09-14,147.0,147.75,145.0,147.25,136157
2022-09-15,149.0,149.0,139.9,139.9,31838
2022-09-18,132.95,132.95,132.95,132.95,6385
2022-09-19,126.35,132.0,126.35,126.35,62651
2022-09-20,120.05,120.05,120.05,120.05,5958
2022-09-21,114.05,114.05,114.05,114.05,12851
2022-09-22,108.4,119.5,108.35,117.8,77310
2022-09-25,119.5,120.15,112.7,113.45,22109
2022-09-26,113.45,117.8,113.0,115.15,9396
2022-09-27,112.85,114.8,109.4,113.3,10021
2022-09-28,111.15,116.0,107.65,107.7,30657
2022-09-29,105.55,110.7,105.55,108.3,11051
2022-10-02,111.05,112.9,105.4,106.8,11560
2022-10-03,110.0,110.0,101.5,106.0,17291
2022-10-05,111.0,111.0,106.25,108.1,15676
2022-10-06,104.9,105.4,102.7,103.45,101809
2022-10-09,103.45,103.7,101.05,102.0,256835
2022-10-10,101.5,103.4,97.2,98.45,30362
2022-10-11,98.5,100.35,93.55,94.5,34948
2022-10-12,94.5,98.75,94.5,97.15,18178
2022-10-13,99.2,99.2,92.3,92.3,59487
2022-10-16,92.3,94.15,87.7,87.7,70093
2022-10-17,87.6,89.75,84.0,85.55,32870
2022-10-18,86.4,89.8,83.8,89.8,23419
2022-10-19,92.95,94.25,91.15,93.55,56635
2022-10-20,98.0,98.0,92.5,95.8,279219
2022-10-23,100.0,100.55,91.15,99.8,20744
2022-10-24,100.0,100.0,96.5,97.2,7579
2022-10-26,96.0,102.05,96.0,97.95,19887
2022-10-27,95.0,102.8,95.0,102.7,80294
2022-10-30,104.0,107.8,98.45,107.5,182132
2022-10-31,108.95,112.85,106.5,112.85,292249
2022-11-01,115.95,118.45,112.35,114.35,135495
2022-11-02,117.85,117.85,108.65,110.4,146481
2022-11-03,106.55,113.0,106.0,106.55,69440
2022-11-06,110.9,110.95,106.0,107.7,12918
2022-11-08,108.9,113.05,105.1,112.95,142080
2022-11-09,110.95,114.0,107.35,112.75,126632
2022-11-10,114.0,114.0,107.15,112.35,32977
2022-11-13,108.1,113.05,108.1,110.15,9087
2022-11-14,112.7,114.0,108.45,113.2,45089
2022-11-15,113.4,113.9,111.05,112.05,63026
2022-11-16,112.0,112.45,110.45,111.3,5403
2022-11-17,109.1,115.0,108.6,111.0,80118
2022-11-20,113.0,113.0,110.0,110.35,30221
2022-11-21,107.3,111.85,107.3,111.15,14098
2022-11-22,112.0,112.0,109.5,110.4,7465
2022-11-23,112.6,112.6,108.45,109.3,10672
2022-11-24,110.55,110.55,108.0,108.2,11008
2022-11-27,108.2,113.6,108.0,112.95,58420
2022-11-28,112.95,113.0,109.6,110.4,45182
2022-11-29,110.0,111.95,109.5,109.7,23842
2022-11-30,111.6,111.75,108.0,110.0,77786
2022-12-01,111.45,111.45,109.0,110.0,34519
2022-12-04,110.65,111.0,108.0,110.15,37882
2022-12-05,114.0,114.0,107.8,108.6,9802
2022-12-06,108.85,110.0,107.1,108.15,3736
2022-12-07,111.15,111.15,107.5,110.35,18704
2022-12-08,111.0,111.15,108.2,108.7,7862
2022-12-11,110.0,119.55,108.8,119.55,291237
2022-12-12,123.6,126.5,114.25,117.8,143772
2022-12-13,116.5,123.8,107.65,119.4,30404
2022-12-14,123.7,123.7,107.5,110.65,348541
2022-12-15,112.95,112.95,105.05,108.85,50803
2022-12-18,106.3,112.0,106.3,108.15,10726
2022-12-19,109.75,111.35,105.0,108.85,16667
2022-12-20,109.0,111.55,105.0,105.35,19763
2022-12-21,106.0,109.0,102.35,103.3,13454
2022-12-22,102.35,102.35,95.35,98.7,26592
2022-12-25,96.2,108.55,96.2,108.55,248764
2022-12-26,109.0,119.4,109.0,118.85,172358
2022-12-27,118.85,130.7,118.6,130.7,511906
2022-12-28,131.1,137.5,131.0,132.55,162055
2022-12-29,133.9,133.9,129.0,130.85,182577
2023-01-01,131.85,132.25,124.35,128.15,202631
2023-01-02,125.0,134.55,124.0,132.35,284387
2023-01-03,132.4,134.9,127.0,132.95,151875
2023-01-04,132.95,133.5,128.8,131.85,209842
2023-01-05,131.45,134.0,130.2,133.4,160341
2023-01-08,135.7,139.5,128.25,138.1,123942
2023-01-09,139.45,139.45,133.0,134.15,74715
2023-01-10,135.0,136.8,134.2,135.15,69289
2023-01-11,135.15,139.5,135.05,135.95,89632
2023-01-12,139.3,142.7,134.75,141.25,213728
2023-01-15,147.9,147.9,140.0,142.55,78747
2023-01-16,142.55,145.0,139.8,144.2,181889
2023-01-17,147.0,148.0,141.8,147.2,128392
2023-01-18,148.0,150.65,144.55,149.55,40443
2023-01-19,148.2,150.0,145.05,147.95,27572
2023-01-22,149.95,155.3,146.7,155.3,121948
2023-01-23,160.0,163.0,154.0,160.05,184282
2023-01-24,163.4,163.4,155.25,160.0,158569
2023-01-26,161.0,165.9,154.05,162.8,252306
2023-01-29,164.0,164.65,162.35,163.2,73029
2023-01-30,160.75,164.5,159.15,161.55,518837
2023-01-31,161.55,165.0,157.3,162.5,89487
2023-02-01,162.5,164.6,160.05,163.25,72598
2023-02-02,163.5,164.6,158.0,160.65,510900
2023-02-05,161.8,165.0,160.5,162.2,89610
2023-02-06,162.2,164.05,161.0,162.25,68706
2023-02-07,162.0,164.0,161.3,162.8,212942
2023-02-08,160.0,164.95,160.0,164.3,139952
2023-02-09,165.5,172.5,158.0,165.55,282147
2023-02-12,163.2,167.05,160.55,163.9,155203
2023-02-13,165.8,165.8,162.3,164.3,161147
2023-02-14,164.75,166.05,162.25,163.35,245667
2023-02-15,165.0,165.0,159.55,161.65,383981
2023-02-16,160.8,164.0,160.2,160.8,202414
2023-02-19,161.9,163.1,159.3,160.65,75751
2023-02-20,160.25,161.7,159.7,160.1,182184
2023-02-21,160.1,163.0,157.5,161.65,185834
2023-02-22,161.65,162.85,157.5,160.25,129832
2023-02-23,158.5,162.5,158.5,160.85,585579
2023-02-26,158.0,163.5,157.95,162.7,129569
2023-02-27,162.7,163.45,159.75,160.1,231719
2023-02-28,160.6,168.1,159.05,165.05,238070
2023-03-01,170.0,173.3,170.0,173.25,408503
2023-03-02,179.8,181.1,164.6,165.85,422333
2023-03-05,161.5,164.95,160.15,161.7,132515
2023-03-07,163.9,166.6,153.65,154.0,327751
2023-03-08,157.0,161.7,150.25,161.6,614740
2023-03-09,160.0,168.15,160.0,161.05,263932
2023-03-12,164.9,166.8,155.0,161.95,215640
2023-03-13,164.5,165.8,161.7,165.25,168665
2023-03-14,164.0,167.0,163.6,165.2,174218
2023-03-15,165.0,167.75,160.0,160.05,886101
2023-03-16,163.95,165.8,161.9,164.6,149523
2023-03-19,165.85,165.9,159.75,160.35,231016
2023-03-20,163.95,168.35,159.9,163.4,836898
2023-03-21,171.55,171.55,171.55,171.55,170498
2023-03-22,180.1,180.1,175.15,178.7,428370
2023-03-23,178.0,186.0,171.3,184.5,281242
2023-03-26,191.95,193.6,182.05,192.5,232279
2023-03-27,198.0,202.1,191.9,200.35,286109
2023-03-28,204.9,207.4,192.95,200.5,232491
2023-03-30,207.4,207.4,197.2,200.15,132036
2023-04-02,204.15,204.15,198.25,199.9,279532
2023-04-04,204.95,204.95,194.0,194.35,226130
2023-04-05,195.0,197.0,190.2,195.0,197452
2023-04-09,198.0,198.5,188.2,190.0,179195
2023-04-10,188.6,189.9,184.0,186.85,137792
2023-04-11,183.05,193.5,183.05,191.95,41812
2023-04-12,194.0,196.0,189.8,191.5,25081
2023-04-16,192.8,194.95,188.15,190.25,167035
2023-04-17,193.0,193.0,188.8,190.1,20131
2023-04-18,191.0,194.0,188.25,192.65,61403
2023-04-19,193.2,197.5,188.45,191.65,180122
2023-04-20,192.0,197.8,189.35,196.65,86789
2023-04-23,198.0,205.0,197.95,203.9,33419
2023-04-24,204.0,209.9,203.8,209.35,38737
2023-04-25,210.1,230.0,208.55,228.2,228487
2023-04-26,233.0,235.0,222.5,232.45,230231
2023-04-27,235.95,235.95,226.0,230.0,188319
2023-05-01,233.0,233.0,221.3,225.8,216754
2023-05-02,223.0,225.0,212.0,216.8,274370
2023-05-03,208.35,219.05,208.05,216.9,200348
2023-05-04,218.0,224.9,217.1,220.25,169183
2023-05-07,223.95,223.95,218.0,220.25,145443
2023-05-08,221.3,223.9,215.05,216.15,22676
2023-05-09,216.15,221.45,214.1,215.65,21979
2023-05-10,216.1,220.8,208.3,210.9,53091
2023-05-11,212.9,219.75,207.1,217.15,43493
2023-05-14,214.2,231.0,214.2,229.75,190586
2023-05-15,231.6,234.0,225.6,231.1,149008
2023-05-16,232.05,238.0,211.0,218.35,189967
2023-05-17,217.6,227.9,213.0,222.65,122943
2023-05-18,224.85,225.05,220.2,221.65,11696
2023-05-21,224.0,230.0,222.0,223.0,40246
2023-05-22,224.0,227.45,215.55,218.35,60894
2023-05-23,216.15,221.8,216.15,221.15,15877
2023-05-24,222.95,228.0,221.75,226.8,24216
2023-05-25,229.05,242.9,219.7,221.75,351348
2023-05-28,220.3,229.15,200.0,218.35,592362
2023-05-29,215.15,230.15,215.15,226.55,306794
2023-05-30,220.05,231.5,220.05,227.6,47865
2023-05-31,229.9,230.5,225.8,228.5,29014
2023-06-01,230.8,231.5,227.3,228.5,8656
2023-06-04,230.1,233.0,225.05,226.85,114116
2023-06-05,229.9,229.9,220.0,226.65,84141
2023-06-06,228.0,228.0,222.0,223.0,16785
2023-06-07,223.0,234.15,217.5,233.7,80174
2023-06-08,235.0,239.0,232.0,238.3,16024
2023-06-11,239.0,244.0,233.0,241.95,23410
2023-06-12,244.75,244.75,232.0,238.1,21776
2023-06-13,238.0,242.5,235.05,236.3,14413
2023-06-14,236.3,240.0,235.1,236.7,13756
2023-06-15,239.75,240.5,234.0,238.9,32689
2023-06-18,242.0,244.9,237.0,242.3,19724
2023-06-19,243.9,254.4,240.0,251.75,38270
2023-06-20,251.8,254.0,248.0,250.4,35174
2023-06-21,252.0,254.9,248.7,253.45,15917
2023-06-22,253.45,253.45,249.1,249.65,9067
2023-06-25,243.5,253.9,243.5,248.7,17391
2023-06-26,245.2,251.45,240.0,243.6,23337
2023-06-27,251.9,251.9,241.0,245.65,10956
2023-06-29,244.0,248.75,240.0,246.5,13644
2023-07-02,246.5,252.45,242.5,246.1,10420
2023-07-03,245.0,250.0,242.0,246.9,18724
2023-07-04,246.9,248.6,242.5,244.2,27888
2023-07-05,247.9,247.9,241.2,243.1,15704
2023-07-06,243.1,246.5,240.0,241.6,7705
2023-07-09,246.0,246.0,230.1,235.45,13256
2023-07-10,229.0,243.0,229.0,231.35,27011
2023-07-11,237.0,237.0,230.0,236.3,10293
2023-07-12,236.0,236.0,227.3,231.65,11969
2023-07-13,236.95,236.95,225.05,234.1,39697
2023-07-16,234.1,235.0,228.0,232.0,6306
2023-07-17,234.9,234.9,225.0,225.2,5767
2023-07-18,225.2,230.0,225.2,228.3,4579
2023-07-19,232.0,232.0,221.0,228.5,14343
2023-07-20,229.0,232.0,224.0,229.8,15209
2023-07-23,222.55,229.9,222.0,223.55,6891
2023-07-24,223.0,226.0,222.0,222.85,8637
2023-07-25,223.0,226.0,221.0,224.6,7760
2023-07-26,226.0,226.0,222.3,223.25,4160
2023-07-27,225.85,225.85,220.0,222.5,119083
2023-07-30,222.5,227.0,222.0,224.05,53285
2023-07-31,226.5,226.5,216.0,225.85,46017
2023-08-01,221.35,224.95,219.1,224.0,24360
2023-08-02,228.0,228.0,221.05,222.0,32586
2023-08-03,222.0,224.95,220.0,221.1,3861
2023-08-06,228.0,228.0,219.0,224.95,95114
2023-08-07,223.0,236.05,222.0,232.35,14706
2023-08-08,240.0,242.9,227.05,230.8,11702
2023-08-09,235.0,235.0,222.0,228.05,45439
2023-08-10,234.95,234.95,224.3,227.1,9910
2023-08-13,226.0,226.8,220.0,226.8,18668
2023-08-15,222.3,233.5,216.0,226.35,9541
2023-08-16,232.5,233.0,223.0,230.15,65546
2023-08-17,223.3,231.85,222.0,231.3,75745
2023-08-20,230.0,231.5,224.0,225.4,14181
2023-08-21,229.95,229.95,222.1,224.6,5985
2023-08-22,224.6,229.8,222.0,224.15,9641
2023-08-23,224.15,227.0,222.5,223.55,11082
2023-08-24,226.5,226.5,222.0,224.9,10721
2023-08-27,226.0,226.0,218.1,223.85,10105
2023-08-28,225.0,226.9,219.0,219.75,5525
2023-08-29,219.75,224.45,218.1,222.0,3439
2023-08-30,218.15,224.3,217.1,219.75,5238
2023-08-31,227.0,227.0,208.8,214.5,17384
2023-09-03,214.5,225.2,212.05,225.0,22570
2023-09-04,227.0,230.25,215.0,227.65,64588
2023-09-05,227.0,227.0,217.3,222.7,12264
2023-09-06,222.5,230.5,217.1,229.4,99552
2023-09-07,229.0,238.9,221.5,236.6,32203
2023-09-10,258.0,258.0,239.0,243.4,28848
2023-09-11,248.0,255.0,233.3,243.0,45596
2023-09-12,245.0,249.9,235.95,239.35,23190
2023-09-13,239.25,243.95,230.5,232.65,148927
2023-09-14,238.0,238.0,231.05,232.05,60485
2023-09-17,227.45,239.9,227.45,232.25,10446
2023-09-19,235.0,235.0,227.05,229.75,75017
2023-09-20,222.5,250.9,222.2,241.7,62808
2023-09-21,239.2,253.0,235.1,249.1,70221
2023-09-24,249.1,255.0,240.25,243.7,70394
2023-09-25,243.9,254.0,242.05,249.4,124165
2023-09-26,253.15,253.15,241.0,247.05,117443
2023-09-27,247.95,247.95,235.1,243.95,94371
2023-09-28,243.85,245.1,236.0,237.35,70119
2023-10-02,240.9,241.95,234.55,238.25,30129
2023-10-03,241.8,243.0,233.5,240.0,34354
2023-10-04,236.05,244.95,230.1,240.45,41530
2023-10-05,240.5,247.95,234.35,238.7,53751
2023-10-08,238.75,240.0,232.85,239.35,45545
2023-10-09,240.8,241.0,233.0,239.3,47903
2023-10-10,238.1,240.75,235.3,238.55,29114
2023-10-11,237.4,241.55,233.5,234.55,32000
2023-10-12,230.35,239.5,230.35,235.95,34593
2023-10-15,236.0,241.75,235.15,236.65,33732
2023-10-16,235.0,240.0,235.0,236.45,29129
2023-10-17,238.0,239.1,232.9,236.15,33992
2023-10-18,234.9,238.85,231.7,235.4,80905
2023-10-19,232.9,238.75,231.0,234.15,59866
2023-10-22,233.25,233.75,229.0,229.9,38961
2023-10-24,233.35,233.35,228.05,228.7,38537
2023-10-25,225.35,240.5,223.8,237.55,40702
2023-10-26,234.0,242.0,233.5,237.2,42035
2023-10-29,236.45,239.75,231.35,236.7,31444
2023-10-30,234.0,242.7,231.35,234.45,40257
2023-10-31,228.2,235.95,228.2,231.9,31547
2023-11-01,231.8,235.0,230.25,232.7,33333
2023-11-02,232.05,236.0,220.25,223.65,42743
2023-11-05,225.75,232.0,224.55,230.4,37613
2023-11-06,227.35,239.5,227.35,235.5,34596
2023-11-07,236.0,239.9,233.5,237.9,37928
2023-11-08,243.9,266.95,231.9,242.65,147126
2023-11-09,236.35,250.0,236.35,245.8,47385
2023-11-11,255.0,255.0,248.1,252.3,80982
2023-11-12,260.9,260.9,246.25,248.7,60576
2023-11-14,252.0,253.7,247.0,247.7,54712
2023-11-15,251.4,252.35,244.25,245.7,42869
2023-11-16,245.7,254.75,245.7,251.0,47018
2023-11-19,256.0,256.0,250.0,251.15,51299
2023-11-20,255.0,255.0,244.5,247.65,45238
2023-11-21,250.15,251.0,238.25,240.95,49575
2023-11-22,242.85,244.0,235.95,237.35,43343
2023-11-23,236.15,239.0,234.55,237.45,41087
2023-11-27,237.45,243.0,231.3,235.45,44861
2023-11-28,239.0,242.7,237.15,240.2,37106
2023-11-29,240.2,241.0,236.0,236.6,31087
2023-11-30,238.95,240.7,234.45,236.55,41239
2023-12-03,241.0,242.0,232.0,234.05,59146
2023-12-04,238.0,239.4,228.1,231.5,40865
2023-12-05,226.6,236.7,226.6,232.75,44489
2023-12-06,237.95,241.0,224.05,239.35,158029
2023-12-07,237.0,259.1,237.0,252.7,167187
2023-12-10,259.0,259.0,249.2,252.4,87517
2023-12-11,252.55,256.0,246.75,253.5,50933
2023-12-12,250.7,285.0,246.0,282.4,419604
2023-12-13,282.6,292.8,277.5,290.85,234246
2023-12-14,288.95,292.45,284.95,289.1,154716
2023-12-17,293.45,293.45,275.8,281.0,87788
2023-12-18,285.0,289.0,270.35,279.75,145901
2023-12-19,279.0,279.35,260.35,268.8,118158
2023-12-20,260.0,282.95,258.05,279.45,145878
2023-12-21,283.0,283.05,275.25,279.0,69159
2023-12-25,282.5,305.0,266.35,274.65,466469
2023-12-26,276.9,278.75,260.0,269.75,88387
2023-12-27,272.85,273.5,266.95,271.95,100197
2023-12-28,277.55,277.55,268.8,273.15,73714
2023-12-31,273.8,281.3,267.6,268.75,63797
2024-01-01,272.0,274.0,265.85,269.8,39890
2024-01-02,267.1,273.55,267.0,270.4,34533
2024-01-03,273.8,278.0,266.0,269.55,41527
2024-01-04,268.25,272.35,268.0,270.0,94264
2024-01-07,274.05,282.4,263.15,279.3,116439
2024-01-08,280.0,291.0,275.3,287.85,150711
2024-01-09,288.95,303.0,285.25,300.7,509492
2024-01-10,305.0,332.65,305.0,309.35,696064
2024-01-11,310.35,314.0,301.45,302.95,558035
2024-01-14,310.0,310.0,300.2,303.7,103046
2024-01-15,304.05,306.0,297.15,300.8,115656
2024-01-16,296.3,309.6,291.75,297.0,102320
2024-01-17,295.0,302.3,291.75,296.3,72881
2024-01-18,295.35,301.95,293.35,295.1,68957
2024-01-19,295.1,301.45,289.0,290.55,66601
2024-01-22,294.7,299.0,284.6,288.85,89460
2024-01-23,286.85,293.25,285.15,288.65,56621
2024-01-24,289.0,293.25,285.7,287.05,67941
2024-01-28,287.05,291.0,282.0,285.55,63265
2024-01-29,285.65,289.5,280.25,283.4,63623
2024-01-30,283.4,290.05,280.55,288.25,103888
2024-01-31,285.05,303.9,285.05,290.0,79344
2024-02-01,290.5,294.05,281.2,283.0,98621
2024-02-04,287.25,287.25,280.0,282.65,53341
2024-02-05,295.9,295.9,279.95,287.05,73978
2024-02-06,289.95,293.0,281.75,283.7,61526
2024-02-07,287.8,287.8,278.0,282.95,65574
2024-02-08,287.2,297.5,278.0,291.7,186621
2024-02-11,296.1,298.0,282.25,290.35,185884
2024-02-12,294.7,294.7,278.0,280.5,65689
2024-02-13,281.0,290.45,281.0,289.3,147561
2024-02-14,293.65,293.65,275.15,280.95,92767
2024-02-15,285.15,285.3,275.0,279.8,105397
2024-02-18,281.2,292.0,275.35,287.35,74483
2024-02-19,285.9,293.0,285.1,287.85,52313
2024-02-20,287.85,288.3,280.0,281.35,46736
2024-02-21,280.1,284.0,270.05,275.6,72936
2024-02-22,280.0,280.1,271.4,274.15,49193
2024-02-25,275.55,278.0,269.85,271.55,37827
2024-02-26,272.95,276.0,266.3,275.15,44478
2024-02-27,275.85,286.0,268.75,279.65,78630
2024-02-28,281.1,285.0,277.0,284.2,51764
2024-02-29,283.8,289.5,277.4,287.35,79373
2024-03-01,286.0,293.0,280.35,288.45,12554
2024-03-03,288.0,289.5,282.8,288.4,53378
2024-03-04,286.9,287.6,281.0,281.65,50822
2024-03-05,280.3,283.1,272.0,275.2,50257
2024-03-06,276.6,284.95,273.6,282.25,58190
2024-03-10,283.1,286.4,275.0,278.45,62398
2024-03-11,277.0,279.95,273.35,274.55,63152
2024-03-12,274.65,277.9,270.8,272.65,86091
2024-03-13,270.0,276.0,269.35,270.15,84108
2024-03-14,269.0,284.05,269.0,275.5,94151
2024-03-17,272.75,279.5,270.55,277.6,50257
2024-03-18,274.8,279.45,272.65,275.6,39450
2024-03-19,278.5,279.25,267.9,272.45,69673
2024-03-20,275.0,275.0,266.65,270.55,46717
2024-03-21,272.7,273.8,260.35,268.55,208822
2024-03-25,266.0,274.8,260.0,261.05,58150
2024-03-26,263.7,269.4,248.55,255.55,97471
2024-03-27,255.55,264.5,249.5,251.3,91596
2024-03-31,253.85,268.85,250.55,263.25,81695
2024-04-01,263.0,276.0,261.2,270.9,59972
2024-04-02,270.55,276.0,268.9,272.55,53022
2024-04-03,273.15,278.8,270.3,271.7,34298
2024-04-04,274.45,275.0,254.95,262.25,62291
2024-04-07,264.9,267.95,256.35,261.5,38855
2024-04-08,265.4,267.85,260.15,261.8,55182
2024-04-09,261.2,262.9,252.95,254.65,37720
2024-04-11,256.0,265.95,255.55,263.1,41109
2024-04-14,263.75,263.75,255.15,257.85,34974
2024-04-15,255.25,259.0,255.25,257.6,29682
2024-04-17,259.0,260.3,241.0,248.2,90216
2024-04-18,242.0,260.0,240.0,242.8,137591
2024-04-21,244.0,244.0,226.0,227.6,75648
2024-04-22,228.8,229.1,191.35,203.1,331757
2024-04-23,206.15,243.7,202.0,240.9,887831
2024-04-24,240.9,240.9,227.0,232.85,188412
2024-04-25,230.7,237.7,227.0,227.6,56175
2024-04-28,229.9,237.15,223.55,229.7,63706
2024-04-29,229.7,232.0,226.0,229.05,45409
2024-05-01,227.05,232.5,226.95,231.3,42011
2024-05-02,232.5,232.5,220.25,222.8,43547
2024-05-05,222.8,224.95,218.5,220.4,32796
2024-05-06,219.25,222.1,210.25,211.35,38407
2024-05-07,213.5,229.85,210.8,225.85,55388
2024-05-08,223.8,223.9,215.0,216.6,38242
2024-05-09,217.15,259.9,215.05,252.0,244124
2024-05-12,248.0,250.0,229.7,244.65,134375
2024-05-13,242.4,248.8,241.0,241.5,44481
2024-05-14,242.0,247.8,240.8,244.75,57946
2024-05-15,244.4,247.65,238.1,240.05,48031
2024-05-16,240.85,241.3,232.8,235.85,42075
2024-05-17,239.75,241.9,237.05,239.9,6147
2024-05-20,239.9,257.9,232.4,248.85,131567
2024-05-21,252.0,257.9,241.6,245.55,67015
2024-05-22,246.8,247.95,240.75,241.75,40589
2024-05-23,241.1,243.9,231.35,233.9,51209
2024-05-26,234.8,234.8,224.05,227.3,56524
2024-05-27,225.0,239.0,223.5,233.35,42011
2024-05-28,234.6,237.4,226.2,231.6,51129
2024-05-29,231.9,237.4,226.1,232.35,44587
2024-05-30,232.1,234.5,227.0,229.45,41702
2024-06-02,230.05,249.0,228.15,230.9,53029
2024-06-03,234.35,237.8,214.0,221.65,65240
2024-06-04,221.65,235.0,212.95,220.35,57542
2024-06-05,221.9,237.8,221.8,232.2,40333
2024-06-06,233.4,241.15,227.6,230.3,49398
2024-06-09,233.8,236.99,224.93,225.98,64936
2024-06-10,227.2,235.0,227.0,230.81,46577
2024-06-11,231.79,235.0,226.0,229.45,47051
2024-06-12,229.37,234.9,227.0,228.61,59559
2024-06-13,230.23,233.17,228.16,229.77,39766
2024-06-17,232.0,239.19,230.0,232.63,76774
2024-06-18,233.9,243.95,232.51,238.06,67575
2024-06-19,238.1,241.49,236.0,236.38,55977
2024-06-20,236.7,238.85,232.2,237.15,42542
2024-06-23,237.2,249.0,232.0,239.65,66727
2024-06-24,239.0,243.58,238.0,238.45,40934
2024-06-25,238.41,242.26,232.0,234.76,55241
2024-06-26,235.46,239.0,232.0,233.9,33514
2024-06-27,234.67,235.9,232.92,234.23,36771
2024-06-30,234.9,235.1,230.99,233.72,38703
2024-07-01,235.0,242.45,233.65,234.6,67487
2024-07-02,235.1,235.79,231.1,232.05,42202
2024-07-03,232.5,234.98,230.81,233.28,41482
2024-07-04,234.0,238.8,232.68,235.14,48005
2024-07-07,235.15,236.5,229.22,230.85,53265
2024-07-08,240.75,250.0,233.0,237.54,150757
2024-07-09,240.0,240.06,228.15,229.49,60198
2024-07-10,235.0,235.61,228.0,228.92,52429
2024-07-11,227.15,232.0,226.8,228.7,40681
2024-07-14,229.9,236.0,227.0,229.86,57513
2024-07-15,229.86,234.9,224.59,232.12,47358
2024-07-17,233.3,234.58,225.75,226.91,55895
2024-07-18,228.1,228.1,221.94,224.18,40472
2024-07-21,225.4,230.0,220.0,221.71,51333
2024-07-22,227.4,231.5,219.99,225.08,44629
2024-07-23,230.0,230.0,225.53,226.16,35031
2024-07-24,226.15,229.9,222.67,223.67,40027
2024-07-25,223.93,228.91,222.85,224.32,38742
2024-07-28,225.0,226.77,222.01,223.72,42683
2024-07-29,224.9,230.0,223.11,224.39,47289
2024-07-30,225.6,230.15,224.76,228.93,109732
2024-07-31,227.0,230.1,223.6,224.41,13351
2024-08-01,223.93,225.6,220.0,221.11,19181
2024-08-04,219.1,229.0,206.5,215.13,69341
2024-08-05,221.0,229.13,215.1,218.78,263359
2024-08-06,222.05,225.59,217.66,219.09,21351
2024-08-07,217.6,220.98,215.1,216.09,13129
2024-08-08,217.2,220.35,212.5,215.44,43315
2024-08-11,211.73,218.09,200.0,213.45,81436
2024-08-12,256.14,256.14,232.1,238.62,1029125
2024-08-13,244.3,254.0,240.0,251.07,193852
2024-08-15,256.0,258.9,243.55,245.85,76826
2024-08-18,249.4,259.5,246.31,251.36,105116
2024-08-19,255.9,273.0,252.1,263.66,180880
2024-08-20,268.66,275.0,264.19,268.33,99522
2024-08-21,272.35,274.57,266.8,272.29,51887
2024-08-22,272.29,272.29,264.41,266.19,29422
2024-08-25,270.2,298.99,270.2,286.7,528465
2024-08-26,289.55,295.0,282.01,287.85,292854
2024-08-27,288.99,288.99,281.36,283.76,168601
2024-08-28,287.27,287.35,269.0,273.4,186933
2024-08-29,276.15,294.0,273.26,289.17,253040
2024-09-01,293.0,337.25,289.0,323.0,1513859
2024-09-02,327.7,387.6,327.7,387.6,3446222
2024-09-03,385.0,396.0,362.0,392.2,1199421
2024-09-04,405.2,417.95,376.65,384.4,508546
2024-09-05,384.4,396.0,365.2,390.45,190880
2024-09-08,390.0,407.5,372.0,404.9,156066
2024-09-09,409.9,425.0,395.0,400.95,127158
2024-09-10,404.0,404.0,383.8,387.35,49671
2024-09-11,406.7,406.7,406.7,406.7,41779
2024-09-12,427.0,427.0,425.0,427.0,177323
2024-09-15,448.35,448.35,431.0,441.1,230303
2024-09-16,440.0,448.35,419.05,441.3,163286
2024-09-17,438.0,438.0,419.25,430.65,112323
2024-09-18,444.0,444.0,409.15,414.0,78379
2024-09-19,421.0,429.95,417.5,423.3,35950
2024-09-22,434.0,443.4,425.05,443.4,113887
2024-09-23,465.55,465.55,465.55,465.55,43920
2024-09-24,488.8,488.8,475.0,482.4,273558
2024-09-25,488.8,506.5,461.0,506.5,171488
2024-09-26,529.0,531.8,514.1,531.8,255298
2024-09-29,521.2,521.2,521.2,521.2,44318
2024-09-30,510.8,510.8,510.8,510.8,13566
2024-10-02,500.6,500.6,500.6,500.6,8634
2024-10-03,490.6,490.6,490.6,490.6,9452
2024-10-06,480.8,480.8,480.8,480.8,4916
2024-10-07,471.2,471.2,471.2,471.2,6333
2024-10-08,461.8,480.6,461.8,480.6,122792
2024-10-09,485.0,490.2,484.5,490.2,43505
2024-10-10,500.0,500.0,500.0,500.0,14846
2024-10-13,509.0,509.0,490.0,490.0,97581
2024-10-14,480.2,480.2,480.2,480.2,43264
2024-10-15,489.8,489.8,489.8,489.8,25188
2024-10-16,499.55,499.55,499.55,499.55,20925
2024-10-17,509.5,509.5,509.5,509.5,43182
2024-10-20,510.0,510.0,499.35,499.35,106780
2024-10-21,489.4,489.4,489.4,489.4,12351
2024-10-22,479.65,479.65,479.65,479.65,12788
2024-10-23,470.05,489.2,470.05,489.2,65133
2024-10-24,496.75,496.75,480.0,480.0,47345
2024-10-27,489.6,489.6,489.6,489.6,66319
2024-10-28,499.35,499.35,499.35,499.35,12484
2024-10-29,509.3,509.3,509.3,509.3,7460
2024-10-30,519.45,519.45,519.45,519.45,6033
2024-10-31,545.4,545.4,545.4,545.4,10675
2024-11-03,572.65,572.65,572.65,572.65,36999
2024-11-04,601.25,601.25,601.25,601.25,52339
2024-11-05,631.3,631.3,631.3,631.3,10339
2024-11-06,654.0,662.85,645.0,662.85,436091
2024-11-07,685.0,695.95,642.0,695.95,292466
2024-11-10,725.0,730.7,709.9,730.7,165874
2024-11-11,716.1,716.1,716.1,716.1,29104
2024-11-12,701.8,701.8,701.8,701.8,13143
2024-11-13,687.8,687.8,687.8,687.8,20545
2024-11-17,674.05,674.05,674.05,674.05,14874
2024-11-18,660.6,687.5,660.6,687.5,83457
2024-11-20,699.95,701.25,699.95,701.25,67637
2024-11-21,715.25,715.25,715.25,715.25,35089
2024-11-24,729.55,729.55,729.55,729.55,13677
2024-11-25,744.1,744.1,714.95,714.95,54700
2024-11-26,700.65,728.95,700.65,724.0,43201
2024-11-27,710.0,710.0,709.55,709.55,27379
2024-11-28,695.35,695.35,695.35,695.35,18332
2024-12-01,693.35,709.25,693.35,709.25,43232
2024-12-02,723.4,723.4,723.4,723.4,45567
2024-12-03,737.85,737.85,737.85,737.85,24133
2024-12-04,752.6,752.6,752.6,752.6,40034
2024-12-05,767.65,767.65,767.65,767.65,58850
2024-12-08,783.0,783.0,765.0,765.0,159199
2024-12-09,749.7,749.7,749.7,749.7,21267
2024-12-10,734.7,734.7,734.7,734.7,23464
2024-12-11,720.0,720.0,720.0,720.0,38490
2024-12-12,734.4,734.4,734.4,734.4,85845
2024-12-15,771.1,771.1,771.1,771.1,15094
