,open,high,low,close,volume
2023-12-19 03:45:00+00:00,200.0,200.0,200.0,200.0,0
2023-12-19 04:10:00+00:00,200.0,200.0,200.0,200.0,0
2023-12-19 04:15:00+00:00,200.0,200.0,200.0,200.0,0
2023-12-19 04:20:00+00:00,200.0,200.0,200.0,200.0,0
2023-12-19 04:25:00+00:00,200.0,200.0,200.0,200.0,0
2023-12-19 04:30:00+00:00,200.0,204.9,190.0,190.0,11989
2023-12-19 04:35:00+00:00,190.0,190.0,190.0,190.0,246
2023-12-19 04:40:00+00:00,190.0,190.0,190.0,190.0,741
2023-12-19 04:45:00+00:00,190.0,190.0,190.0,190.0,512
2023-12-19 04:50:00+00:00,190.0,190.0,190.0,190.0,1448
2023-12-19 04:55:00+00:00,190.0,190.0,190.0,190.0,1936
2023-12-19 05:00:00+00:00,190.0,190.0,190.0,190.0,165
2023-12-19 05:05:00+00:00,190.0,190.0,190.0,190.0,183
2023-12-19 05:10:00+00:00,190.0,190.0,190.0,190.0,54
2023-12-19 05:15:00+00:00,190.0,190.0,190.0,190.0,23
2023-12-19 05:20:00+00:00,190.0,190.0,190.0,190.0,181
2023-12-19 05:25:00+00:00,190.0,190.0,190.0,190.0,167
2023-12-19 05:30:00+00:00,190.0,190.0,190.0,190.0,2066
2023-12-19 05:35:00+00:00,190.0,190.0,190.0,190.0,251
2023-12-19 05:40:00+00:00,190.0,190.0,190.0,190.0,113
2023-12-19 05:45:00+00:00,190.0,190.0,190.0,190.0,66
2023-12-19 05:50:00+00:00,190.0,190.0,190.0,190.0,52
2023-12-19 05:55:00+00:00,190.0,190.0,190.0,190.0,50
2023-12-19 06:00:00+00:00,190.0,190.0,190.0,190.0,262
2023-12-19 06:05:00+00:00,190.0,190.0,190.0,190.0,123
2023-12-19 06:10:00+00:00,190.0,190.0,190.0,190.0,38
2023-12-19 06:15:00+00:00,190.0,190.0,190.0,190.0,116
2023-12-19 06:20:00+00:00,190.0,190.0,190.0,190.0,5
2023-12-19 06:25:00+00:00,190.0,190.0,190.0,190.0,106
2023-12-19 06:30:00+00:00,190.0,190.0,190.0,190.0,35
2023-12-19 06:35:00+00:00,190.0,190.0,190.0,190.0,73
2023-12-19 06:40:00+00:00,190.0,190.0,190.0,190.0,95
2023-12-19 06:45:00+00:00,190.0,190.0,190.0,190.0,42
2023-12-19 06:50:00+00:00,190.0,190.0,190.0,190.0,42
2023-12-19 06:55:00+00:00,190.0,190.0,190.0,190.0,12
2023-12-19 07:00:00+00:00,190.0,190.0,190.0,190.0,79
2023-12-19 07:05:00+00:00,190.0,190.0,190.0,190.0,201
2023-12-19 07:10:00+00:00,190.0,190.0,190.0,190.0,266
2023-12-19 07:15:00+00:00,190.0,190.0,190.0,190.0,44
2023-12-19 07:20:00+00:00,190.0,190.0,190.0,190.0,41
2023-12-19 07:25:00+00:00,190.0,190.0,190.0,190.0,6
2023-12-19 07:30:00+00:00,190.0,190.0,190.0,190.0,26
2023-12-19 07:35:00+00:00,190.0,190.0,190.0,190.0,5
2023-12-19 07:40:00+00:00,190.0,190.0,190.0,190.0,2
2023-12-19 07:45:00+00:00,190.0,190.0,190.0,190.0,239
2023-12-19 07:50:00+00:00,190.0,190.0,190.0,190.0,51
2023-12-19 07:55:00+00:00,190.0,190.0,190.0,190.0,116
2023-12-19 08:00:00+00:00,190.0,190.0,190.0,190.0,73
2023-12-19 08:05:00+00:00,190.0,190.0,190.0,190.0,60
2023-12-19 08:10:00+00:00,190.0,190.0,190.0,190.0,3
2023-12-19 08:15:00+00:00,190.0,190.0,190.0,190.0,21
2023-12-19 08:20:00+00:00,190.0,190.0,190.0,190.0,13
2023-12-19 08:25:00+00:00,190.0,190.0,190.0,190.0,10
2023-12-19 08:30:00+00:00,190.0,190.0,190.0,190.0,11
2023-12-19 08:35:00+00:00,190.0,190.0,190.0,190.0,10
2023-12-19 08:40:00+00:00,190.0,190.0,190.0,190.0,1
2023-12-19 08:45:00+00:00,190.0,190.0,190.0,190.0,7
2023-12-19 08:50:00+00:00,190.0,190.0,190.0,190.0,55
2023-12-19 08:55:00+00:00,190.0,190.0,190.0,190.0,23
2023-12-19 09:00:00+00:00,190.0,190.0,190.0,190.0,22
2023-12-19 09:05:00+00:00,190.0,190.0,190.0,190.0,8
2023-12-19 09:10:00+00:00,190.0,190.0,190.0,190.0,0
2023-12-19 09:15:00+00:00,190.0,190.0,190.0,190.0,611
2023-12-19 09:20:00+00:00,190.0,190.0,190.0,190.0,4
2023-12-19 09:25:00+00:00,190.0,190.0,190.0,190.0,2030
2023-12-19 09:30:00+00:00,190.0,190.0,190.0,190.0,890
2023-12-19 09:35:00+00:00,190.0,190.0,190.0,190.0,117
2023-12-19 09:40:00+00:00,190.0,190.0,190.0,190.0,25
2023-12-19 09:45:00+00:00,190.0,190.0,190.0,190.0,51
2023-12-19 09:50:00+00:00,190.0,190.0,190.0,190.0,162
2023-12-19 09:55:00+00:00,190.0,190.0,190.0,190.0,50
2023-12-20 03:45:00+00:00,180.5,180.5,180.5,180.5,650
2023-12-20 03:50:00+00:00,180.5,180.5,180.5,180.5,161
2023-12-20 03:55:00+00:00,180.5,180.5,180.5,180.5,134
2023-12-20 04:00:00+00:00,180.5,180.5,180.5,180.5,117
2023-12-20 04:05:00+00:00,180.5,180.5,180.5,180.5,84
2023-12-20 04:10:00+00:00,180.5,180.5,180.5,180.5,210
2023-12-20 04:15:00+00:00,180.5,180.5,180.5,180.5,145
2023-12-20 04:20:00+00:00,180.5,180.5,180.5,180.5,116
2023-12-20 04:25:00+00:00,180.5,180.5,180.5,180.5,11
2023-12-20 04:30:00+00:00,180.5,180.5,180.5,180.5,85
2023-12-20 04:35:00+00:00,180.5,180.5,180.5,180.5,167
2023-12-20 04:40:00+00:00,180.5,180.5,180.5,180.5,435
2023-12-20 04:45:00+00:00,180.5,180.5,180.5,180.5,90
2023-12-20 04:50:00+00:00,180.5,180.5,180.5,180.5,29
2023-12-20 04:55:00+00:00,180.5,180.5,180.5,180.5,10
2023-12-20 05:00:00+00:00,180.5,180.5,180.5,180.5,27
2023-12-20 05:05:00+00:00,180.5,180.5,180.5,180.5,294
2023-12-20 05:10:00+00:00,180.5,180.5,180.5,180.5,0
2023-12-20 05:15:00+00:00,180.5,180.5,180.5,180.5,282
2023-12-20 05:20:00+00:00,180.5,180.5,180.5,180.5,7
2023-12-20 05:25:00+00:00,180.5,180.5,180.5,180.5,52
2023-12-20 05:30:00+00:00,180.5,180.5,180.5,180.5,2
2023-12-20 05:35:00+00:00,180.5,180.5,180.5,180.5,11
2023-12-20 05:40:00+00:00,180.5,180.5,180.5,180.5,6
2023-12-20 05:45:00+00:00,180.5,180.5,180.5,180.5,1
2023-12-20 05:50:00+00:00,180.5,180.5,180.5,180.5,83
2023-12-20 05:55:00+00:00,180.5,180.5,180.5,180.5,2
2023-12-20 06:00:00+00:00,180.5,180.5,180.5,180.5,10
2023-12-20 06:05:00+00:00,180.5,180.5,180.5,180.5,0
2023-12-20 06:10:00+00:00,180.5,180.5,180.5,180.5,15
2023-12-20 06:15:00+00:00,180.5,180.5,180.5,180.5,7
2023-12-20 06:20:00+00:00,180.5,180.5,180.5,180.5,100
2023-12-20 06:25:00+00:00,180.5,180.5,180.5,180.5,11
2023-12-20 06:30:00+00:00,180.5,180.5,180.5,180.5,0
2023-12-20 06:35:00+00:00,180.5,180.5,180.5,180.5,100
2023-12-20 06:40:00+00:00,180.5,180.5,180.5,180.5,27
2023-12-20 06:45:00+00:00,180.5,180.5,180.5,180.5,3
2023-12-20 06:50:00+00:00,180.5,180.5,180.5,180.5,21
2023-12-20 06:55:00+00:00,180.5,180.5,180.5,180.5,0
2023-12-20 07:00:00+00:00,180.5,180.5,180.5,180.5,47
2023-12-20 07:05:00+00:00,180.5,180.5,180.5,180.5,28
2023-12-20 07:10:00+00:00,180.5,180.5,180.5,180.5,20
2023-12-20 07:15:00+00:00,180.5,180.5,180.5,180.5,0
2023-12-20 07:20:00+00:00,180.5,180.5,180.5,180.5,53
2023-12-20 07:25:00+00:00,180.5,180.5,180.5,180.5,5
2023-12-20 07:30:00+00:00,180.5,180.5,180.5,180.5,6
2023-12-20 07:35:00+00:00,180.5,180.5,180.5,180.5,0
2023-12-20 07:40:00+00:00,180.5,180.5,180.5,180.5,5
2023-12-20 07:45:00+00:00,180.5,180.5,180.5,180.5,10
2023-12-20 07:50:00+00:00,180.5,180.5,180.5,180.5,5
2023-12-20 07:55:00+00:00,180.5,180.5,180.5,180.5,0
2023-12-20 08:00:00+00:00,180.5,180.5,180.5,180.5,0
2023-12-20 08:05:00+00:00,180.5,180.5,180.5,180.5,0
2023-12-20 08:10:00+00:00,180.5,180.5,180.5,180.5,100
2023-12-20 08:15:00+00:00,180.5,180.5,180.5,180.5,13
2023-12-20 08:20:00+00:00,180.5,180.5,180.5,180.5,7
2023-12-20 08:25:00+00:00,180.5,180.5,180.5,180.5,0
2023-12-20 08:30:00+00:00,180.5,180.5,180.5,180.5,2
2023-12-20 08:35:00+00:00,180.5,180.5,180.5,180.5,0
2023-12-20 08:40:00+00:00,180.5,180.5,180.5,180.5,5
2023-12-20 08:45:00+00:00,180.5,180.5,180.5,180.5,46
2023-12-20 08:50:00+00:00,180.5,180.5,180.5,180.5,17
2023-12-20 08:55:00+00:00,180.5,180.5,180.5,180.5,1
2023-12-20 09:00:00+00:00,180.5,180.5,180.5,180.5,4
2023-12-20 09:05:00+00:00,180.5,180.5,180.5,180.5,30
2023-12-20 09:10:00+00:00,180.5,180.5,180.5,180.5,1
2023-12-20 09:15:00+00:00,180.5,180.5,180.5,180.5,1
2023-12-20 09:20:00+00:00,180.5,180.5,180.5,180.5,50
2023-12-20 09:25:00+00:00,180.5,180.5,180.5,180.5,109
2023-12-20 09:30:00+00:00,180.5,180.5,180.5,180.5,0
2023-12-20 09:35:00+00:00,180.5,180.5,180.5,180.5,255
2023-12-20 09:40:00+00:00,180.5,180.5,180.5,180.5,470
2023-12-20 09:45:00+00:00,180.5,180.5,180.5,180.5,5
2023-12-20 09:50:00+00:00,180.5,180.5,180.5,180.5,50
2023-12-20 09:55:00+00:00,180.5,180.5,180.5,180.5,50
2023-12-21 03:45:00+00:00,171.5,171.5,171.5,171.5,366
2023-12-21 03:50:00+00:00,171.5,171.5,171.5,171.5,249
2023-12-21 03:55:00+00:00,171.5,171.5,171.5,171.5,314
2023-12-21 04:00:00+00:00,171.5,171.5,171.5,171.5,191
2023-12-21 04:05:00+00:00,171.5,171.5,171.5,171.5,115
2023-12-21 04:10:00+00:00,171.5,171.5,171.5,171.5,48
2023-12-21 04:15:00+00:00,171.5,171.5,171.5,171.5,17
2023-12-21 04:20:00+00:00,171.5,171.5,171.5,171.5,24
2023-12-21 04:25:00+00:00,171.5,171.5,171.5,171.5,581
2023-12-21 04:30:00+00:00,171.5,171.5,171.5,171.5,18
2023-12-21 04:35:00+00:00,171.5,171.5,171.5,171.5,77
2023-12-21 04:40:00+00:00,171.5,171.5,171.5,171.5,27
2023-12-21 04:45:00+00:00,171.5,171.5,171.5,171.5,141
2023-12-21 04:50:00+00:00,171.5,171.5,171.5,171.5,29
2023-12-21 04:55:00+00:00,171.5,171.5,171.5,171.5,66
2023-12-21 05:00:00+00:00,171.5,171.5,171.5,171.5,147
2023-12-21 05:05:00+00:00,171.5,171.5,171.5,171.5,385
2023-12-21 05:10:00+00:00,171.5,171.5,171.5,171.5,108
2023-12-21 05:15:00+00:00,171.5,171.5,171.5,171.5,12
2023-12-21 05:20:00+00:00,171.5,171.5,171.5,171.5,6
2023-12-21 05:25:00+00:00,171.5,171.5,171.5,171.5,113
2023-12-21 05:30:00+00:00,171.5,171.5,171.5,171.5,6
2023-12-21 05:35:00+00:00,171.5,171.5,171.5,171.5,3
2023-12-21 05:40:00+00:00,171.5,171.5,171.5,171.5,65
2023-12-21 05:45:00+00:00,171.5,171.5,171.5,171.5,301
2023-12-21 05:50:00+00:00,171.5,171.5,171.5,171.5,22
2023-12-21 05:55:00+00:00,171.5,171.5,171.5,171.5,0
2023-12-21 06:00:00+00:00,171.5,171.5,171.5,171.5,15
2023-12-21 06:05:00+00:00,171.5,171.5,171.5,171.5,0
2023-12-21 06:10:00+00:00,171.5,171.5,171.5,171.5,100
2023-12-21 06:15:00+00:00,171.5,171.5,171.5,171.5,21
2023-12-21 06:20:00+00:00,171.5,171.5,171.5,171.5,90
2023-12-21 06:25:00+00:00,171.5,171.5,171.5,171.5,30
2023-12-21 06:30:00+00:00,171.5,171.5,171.5,171.5,56
2023-12-21 06:35:00+00:00,171.5,171.5,171.5,171.5,12
2023-12-21 06:40:00+00:00,171.5,171.5,171.5,171.5,0
2023-12-21 06:45:00+00:00,171.5,171.5,171.5,171.5,6
2023-12-21 06:50:00+00:00,171.5,171.5,171.5,171.5,13
2023-12-21 06:55:00+00:00,171.5,171.5,171.5,171.5,20
2023-12-21 07:00:00+00:00,171.5,171.5,171.5,171.5,16
2023-12-21 07:05:00+00:00,171.5,171.5,171.5,171.5,45
2023-12-21 07:10:00+00:00,171.5,171.5,171.5,171.5,22
2023-12-21 07:15:00+00:00,171.5,171.5,171.5,171.5,36
2023-12-21 07:20:00+00:00,171.5,171.5,171.5,171.5,125
2023-12-21 07:25:00+00:00,171.5,171.5,171.5,171.5,1
2023-12-21 07:30:00+00:00,171.5,171.5,171.5,171.5,0
2023-12-21 07:35:00+00:00,171.5,171.5,171.5,171.5,6
2023-12-21 07:40:00+00:00,171.5,171.5,171.5,171.5,10
2023-12-21 07:45:00+00:00,171.5,171.5,171.5,171.5,11
2023-12-21 07:50:00+00:00,171.5,171.5,171.5,171.5,3
2023-12-21 07:55:00+00:00,171.5,171.5,171.5,171.5,2
2023-12-21 08:00:00+00:00,171.5,171.5,171.5,171.5,10
2023-12-21 08:05:00+00:00,171.5,171.5,171.5,171.5,10
2023-12-21 08:10:00+00:00,171.5,171.5,171.5,171.5,4
2023-12-21 08:15:00+00:00,171.5,171.5,171.5,171.5,0
2023-12-21 08:20:00+00:00,171.5,171.5,171.5,171.5,0
2023-12-21 08:25:00+00:00,171.5,171.5,171.5,171.5,11
2023-12-21 08:30:00+00:00,171.5,171.5,171.5,171.5,0
2023-12-21 08:35:00+00:00,171.5,171.5,171.5,171.5,18
2023-12-21 08:40:00+00:00,171.5,171.5,171.5,171.5,118
2023-12-21 08:45:00+00:00,171.5,171.5,171.5,171.5,118
2023-12-21 08:50:00+00:00,171.5,171.5,171.5,171.5,31
2023-12-21 08:55:00+00:00,171.5,171.5,171.5,171.5,85
2023-12-21 09:00:00+00:00,171.5,171.5,171.5,171.5,11
2023-12-21 09:05:00+00:00,171.5,171.5,171.5,171.5,6
2023-12-21 09:10:00+00:00,171.5,171.5,171.5,171.5,43
2023-12-21 09:15:00+00:00,171.5,171.5,171.5,171.5,105
2023-12-21 09:20:00+00:00,171.5,171.5,171.5,171.5,0
2023-12-21 09:25:00+00:00,171.5,171.5,171.5,171.5,1
2023-12-21 09:30:00+00:00,171.5,171.5,171.5,171.5,25
2023-12-21 09:35:00+00:00,171.5,171.5,171.5,171.5,30
2023-12-21 09:40:00+00:00,171.5,171.5,171.5,171.5,1
2023-12-21 09:45:00+00:00,171.5,171.5,171.5,171.5,0
2023-12-21 09:50:00+00:00,171.5,171.5,171.5,171.5,28
2023-12-21 09:55:00+00:00,171.5,171.5,171.5,171.5,91
2023-12-22 03:45:00+00:00,162.95,162.95,162.95,162.95,343
2023-12-22 03:50:00+00:00,162.95,162.95,162.95,162.95,524
2023-12-22 03:55:00+00:00,162.95,162.95,162.95,162.95,77
2023-12-22 04:00:00+00:00,162.95,162.95,162.95,162.95,71
2023-12-22 04:05:00+00:00,162.95,162.95,162.95,162.95,33
2023-12-22 04:10:00+00:00,162.95,162.95,162.95,162.95,259
2023-12-22 04:15:00+00:00,162.95,162.95,162.95,162.95,151
2023-12-22 04:20:00+00:00,162.95,162.95,162.95,162.95,159
2023-12-22 04:25:00+00:00,162.95,162.95,162.95,162.95,114
2023-12-22 04:30:00+00:00,162.95,162.95,162.95,162.95,3
2023-12-22 04:35:00+00:00,162.95,162.95,162.95,162.95,64
2023-12-22 04:40:00+00:00,162.95,162.95,162.95,162.95,24
2023-12-22 04:45:00+00:00,162.95,162.95,162.95,162.95,114
2023-12-22 04:50:00+00:00,162.95,162.95,162.95,162.95,4
2023-12-22 04:55:00+00:00,162.95,162.95,162.95,162.95,101
2023-12-22 05:00:00+00:00,162.95,162.95,162.95,162.95,109
2023-12-22 05:05:00+00:00,162.95,162.95,162.95,162.95,28
2023-12-22 05:10:00+00:00,162.95,162.95,162.95,162.95,33
2023-12-22 05:15:00+00:00,162.95,162.95,162.95,162.95,9
2023-12-22 05:20:00+00:00,162.95,162.95,162.95,162.95,116
2023-12-22 05:25:00+00:00,162.95,162.95,162.95,162.95,0
2023-12-22 05:30:00+00:00,162.95,162.95,162.95,162.95,74
2023-12-22 05:35:00+00:00,162.95,162.95,162.95,162.95,8
2023-12-22 05:40:00+00:00,162.95,162.95,162.95,162.95,2
2023-12-22 05:45:00+00:00,162.95,162.95,162.95,162.95,5
2023-12-22 05:50:00+00:00,162.95,162.95,162.95,162.95,115
2023-12-22 05:55:00+00:00,162.95,162.95,162.95,162.95,20
2023-12-22 06:00:00+00:00,162.95,162.95,162.95,162.95,8
2023-12-22 06:05:00+00:00,162.95,162.95,162.95,162.95,21
2023-12-22 06:10:00+00:00,162.95,162.95,162.95,162.95,12
2023-12-22 06:15:00+00:00,162.95,162.95,162.95,162.95,188
2023-12-22 06:20:00+00:00,162.95,162.95,162.95,162.95,76
2023-12-22 06:25:00+00:00,162.95,162.95,162.95,162.95,11
2023-12-22 06:30:00+00:00,162.95,162.95,162.95,162.95,104
2023-12-22 06:35:00+00:00,162.95,162.95,162.95,162.95,100
2023-12-22 06:40:00+00:00,162.95,162.95,162.95,162.95,8
2023-12-22 06:45:00+00:00,162.95,162.95,162.95,162.95,10
2023-12-22 06:50:00+00:00,162.95,162.95,162.95,162.95,8
2023-12-22 06:55:00+00:00,162.95,162.95,162.95,162.95,74
2023-12-22 07:00:00+00:00,162.95,162.95,162.95,162.95,215
2023-12-22 07:05:00+00:00,162.95,162.95,162.95,162.95,260
2023-12-22 07:10:00+00:00,162.95,162.95,162.95,162.95,1
2023-12-22 07:15:00+00:00,162.95,162.95,162.95,162.95,21
2023-12-22 07:20:00+00:00,162.95,162.95,162.95,162.95,22
2023-12-22 07:25:00+00:00,162.95,162.95,162.95,162.95,5
2023-12-22 07:30:00+00:00,162.95,162.95,162.95,162.95,9
2023-12-22 07:35:00+00:00,162.95,162.95,162.95,162.95,0
2023-12-22 07:40:00+00:00,162.95,162.95,162.95,162.95,1
2023-12-22 07:45:00+00:00,162.95,162.95,162.95,162.95,2
2023-12-22 07:50:00+00:00,162.95,162.95,162.95,162.95,10
2023-12-22 07:55:00+00:00,162.95,162.95,162.95,162.95,3
2023-12-22 08:00:00+00:00,162.95,162.95,162.95,162.95,5
2023-12-22 08:05:00+00:00,162.95,162.95,162.95,162.95,0
2023-12-22 08:10:00+00:00,162.95,162.95,162.95,162.95,0
2023-12-22 08:15:00+00:00,162.95,162.95,162.95,162.95,9
2023-12-22 08:20:00+00:00,162.95,162.95,162.95,162.95,0
2023-12-22 08:25:00+00:00,162.95,162.95,162.95,162.95,31
2023-12-22 08:30:00+00:00,162.95,162.95,162.95,162.95,153
2023-12-22 08:35:00+00:00,162.95,162.95,162.95,162.95,43
2023-12-22 08:40:00+00:00,162.95,162.95,162.95,162.95,27
2023-12-22 08:45:00+00:00,162.95,162.95,162.95,162.95,120
2023-12-22 08:50:00+00:00,162.95,162.95,162.95,162.95,10
2023-12-22 08:55:00+00:00,162.95,162.95,162.95,162.95,20
2023-12-22 09:00:00+00:00,162.95,162.95,162.95,162.95,6
2023-12-22 09:05:00+00:00,162.95,162.95,162.95,162.95,35
2023-12-22 09:10:00+00:00,162.95,162.95,162.95,162.95,2
2023-12-22 09:15:00+00:00,162.95,162.95,162.95,162.95,12
2023-12-22 09:20:00+00:00,162.95,162.95,162.95,162.95,329
2023-12-22 09:25:00+00:00,162.95,162.95,162.95,162.95,3
2023-12-22 09:30:00+00:00,162.95,162.95,162.95,162.95,0
2023-12-22 09:35:00+00:00,162.95,162.95,162.95,162.95,27
2023-12-22 09:40:00+00:00,162.95,162.95,162.95,162.95,25
2023-12-22 09:45:00+00:00,162.95,162.95,162.95,162.95,5
2023-12-22 09:50:00+00:00,162.95,162.95,162.95,162.95,5014
2023-12-22 09:55:00+00:00,162.95,162.95,162.95,162.95,126
2023-12-26 03:45:00+00:00,154.8,154.8,154.8,154.8,975
2023-12-26 03:50:00+00:00,154.8,154.8,154.8,154.8,293
2023-12-26 03:55:00+00:00,154.8,154.8,154.8,154.8,747
2023-12-26 04:00:00+00:00,154.8,154.8,154.8,154.8,632
2023-12-26 04:05:00+00:00,154.8,154.8,154.8,154.8,54
2023-12-26 04:10:00+00:00,154.8,154.8,154.8,154.8,4
2023-12-26 04:15:00+00:00,154.8,154.8,154.8,154.8,152
2023-12-26 04:20:00+00:00,154.8,154.8,154.8,154.8,95
2023-12-26 04:25:00+00:00,154.8,154.8,154.8,154.8,25
2023-12-26 04:30:00+00:00,154.8,154.8,154.8,154.8,163
2023-12-26 04:35:00+00:00,154.8,154.8,154.8,154.8,224
2023-12-26 04:40:00+00:00,154.8,154.8,154.8,154.8,56
2023-12-26 04:45:00+00:00,154.8,154.8,154.8,154.8,16
2023-12-26 04:50:00+00:00,154.8,154.8,154.8,154.8,0
2023-12-26 04:55:00+00:00,154.8,154.8,154.8,154.8,10
2023-12-26 05:00:00+00:00,154.8,154.8,154.8,154.8,259
2023-12-26 05:05:00+00:00,154.8,154.8,154.8,154.8,40
2023-12-26 05:10:00+00:00,154.8,154.8,154.8,154.8,44
2023-12-26 05:15:00+00:00,154.8,154.8,154.8,154.8,147
2023-12-26 05:20:00+00:00,154.8,154.8,154.8,154.8,20
2023-12-26 05:25:00+00:00,154.8,154.8,154.8,154.8,30
2023-12-26 05:30:00+00:00,154.8,154.8,154.8,154.8,131
2023-12-26 05:35:00+00:00,154.8,154.8,154.8,154.8,48
2023-12-26 05:40:00+00:00,154.8,154.8,154.8,154.8,1
2023-12-26 05:45:00+00:00,154.8,154.8,154.8,154.8,5
2023-12-26 05:50:00+00:00,154.8,154.8,154.8,154.8,20
2023-12-26 05:55:00+00:00,154.8,154.8,154.8,154.8,3
2023-12-26 06:00:00+00:00,154.8,154.8,154.8,154.8,1
2023-12-26 06:05:00+00:00,154.8,154.8,154.8,154.8,33
2023-12-26 06:10:00+00:00,154.8,154.8,154.8,154.8,0
2023-12-26 06:15:00+00:00,154.8,154.8,154.8,154.8,112
2023-12-26 06:20:00+00:00,154.8,154.8,154.8,154.8,13
2023-12-26 06:25:00+00:00,154.8,154.8,154.8,154.8,4
2023-12-26 06:30:00+00:00,154.8,154.8,154.8,154.8,7
2023-12-26 06:35:00+00:00,154.8,154.8,154.8,154.8,15
2023-12-26 06:40:00+00:00,154.8,154.8,154.8,154.8,210
2023-12-26 06:45:00+00:00,154.8,154.8,154.8,154.8,12
2023-12-26 06:50:00+00:00,154.8,154.8,154.8,154.8,3
2023-12-26 06:55:00+00:00,154.8,154.8,154.8,154.8,30
2023-12-26 07:00:00+00:00,154.8,154.8,154.8,154.8,50
2023-12-26 07:05:00+00:00,154.8,154.8,154.8,154.8,20
2023-12-26 07:10:00+00:00,154.8,154.8,154.8,154.8,202
2023-12-26 07:15:00+00:00,154.8,154.8,154.8,154.8,0
2023-12-26 07:20:00+00:00,154.8,154.8,154.8,154.8,0
2023-12-26 07:25:00+00:00,154.8,154.8,154.8,154.8,3
2023-12-26 07:30:00+00:00,154.8,154.8,154.8,154.8,0
2023-12-26 07:35:00+00:00,154.8,154.8,154.8,154.8,122
2023-12-26 07:40:00+00:00,154.8,154.8,154.8,154.8,10
2023-12-26 07:45:00+00:00,154.8,154.8,154.8,154.8,46
2023-12-26 07:50:00+00:00,154.8,154.8,154.8,154.8,0
2023-12-26 07:55:00+00:00,154.8,154.8,154.8,154.8,40
2023-12-26 08:00:00+00:00,154.8,154.8,154.8,154.8,0
2023-12-26 08:05:00+00:00,154.8,154.8,154.8,154.8,57
2023-12-26 08:10:00+00:00,154.8,154.8,154.8,154.8,0
2023-12-26 08:15:00+00:00,154.8,154.8,154.8,154.8,1
2023-12-26 08:25:00+00:00,154.8,154.8,154.8,154.8,1
2023-12-26 08:30:00+00:00,154.8,154.8,154.8,154.8,150
2023-12-26 08:35:00+00:00,154.8,154.8,154.8,154.8,7
2023-12-26 08:40:00+00:00,154.8,154.8,154.8,154.8,23
2023-12-26 08:45:00+00:00,154.8,154.8,154.8,154.8,0
2023-12-26 08:50:00+00:00,154.8,154.8,154.8,154.8,156
2023-12-26 08:55:00+00:00,154.8,154.8,154.8,154.8,1
2023-12-26 09:00:00+00:00,154.8,154.8,154.8,154.8,5
2023-12-26 09:05:00+00:00,154.8,154.8,154.8,154.8,2
2023-12-26 09:10:00+00:00,154.8,154.8,154.8,154.8,1
2023-12-26 09:15:00+00:00,154.8,154.8,154.8,154.8,5
2023-12-26 09:20:00+00:00,154.8,154.8,154.8,154.8,7
2023-12-26 09:25:00+00:00,154.8,154.8,154.8,154.8,6
2023-12-26 09:30:00+00:00,154.8,154.8,154.8,154.8,10
2023-12-26 09:35:00+00:00,154.8,154.8,154.8,154.8,112
2023-12-26 09:40:00+00:00,154.8,154.8,154.8,154.8,0
2023-12-26 09:45:00+00:00,154.8,154.8,154.8,154.8,10
2023-12-26 09:50:00+00:00,154.8,154.8,154.8,154.8,8
2023-12-26 09:55:00+00:00,154.8,154.8,154.8,154.8,154
2023-12-27 03:45:00+00:00,147.1,147.1,147.1,147.1,1251
2023-12-27 03:50:00+00:00,147.1,147.1,147.1,147.1,239
2023-12-27 03:55:00+00:00,147.1,147.1,147.1,147.1,2714
2023-12-27 04:00:00+00:00,147.1,147.1,147.1,147.1,75
2023-12-27 04:05:00+00:00,147.1,147.1,147.1,147.1,66
2023-12-27 04:10:00+00:00,147.1,147.1,147.1,147.1,34
2023-12-27 04:15:00+00:00,147.1,147.1,147.1,147.1,254
2023-12-27 04:20:00+00:00,147.1,147.1,147.1,147.1,272
2023-12-27 04:25:00+00:00,147.1,147.1,147.1,147.1,87
2023-12-27 04:30:00+00:00,147.1,147.1,147.1,147.1,87
2023-12-27 04:35:00+00:00,147.1,147.1,147.1,147.1,56
2023-12-27 04:40:00+00:00,147.1,147.1,147.1,147.1,0
2023-12-27 04:45:00+00:00,147.1,147.1,147.1,147.1,18
2023-12-27 04:50:00+00:00,147.1,147.1,147.1,147.1,47
2023-12-27 04:55:00+00:00,147.1,147.1,147.1,147.1,12
2023-12-27 05:00:00+00:00,147.1,147.1,147.1,147.1,164
2023-12-27 05:05:00+00:00,147.1,147.1,147.1,147.1,48
2023-12-27 05:10:00+00:00,147.1,147.1,147.1,147.1,2084
2023-12-27 05:15:00+00:00,147.1,147.1,147.1,147.1,60
2023-12-27 05:20:00+00:00,147.1,147.1,147.1,147.1,22
2023-12-27 05:25:00+00:00,147.1,147.1,147.1,147.1,1
2023-12-27 05:30:00+00:00,147.1,147.1,147.1,147.1,1000
2023-12-27 05:35:00+00:00,147.1,147.1,147.1,147.1,222
2023-12-27 05:40:00+00:00,147.1,147.1,147.1,147.1,500
2023-12-27 05:45:00+00:00,147.1,147.1,147.1,147.1,15
2023-12-27 05:50:00+00:00,147.1,147.1,147.1,147.1,8
2023-12-27 05:55:00+00:00,147.1,147.1,147.1,147.1,37
2023-12-27 06:00:00+00:00,147.1,147.1,147.1,147.1,30
2023-12-27 06:05:00+00:00,147.1,147.1,147.1,147.1,2
2023-12-27 06:10:00+00:00,147.1,147.1,147.1,147.1,262
2023-12-27 06:15:00+00:00,147.1,147.1,147.1,147.1,35
2023-12-27 06:20:00+00:00,147.1,147.1,147.1,147.1,30
2023-12-27 06:25:00+00:00,147.1,147.1,147.1,147.1,4
2023-12-27 06:30:00+00:00,147.1,147.1,147.1,147.1,13
2023-12-27 06:35:00+00:00,147.1,147.1,147.1,147.1,10
2023-12-27 06:40:00+00:00,147.1,147.1,147.1,147.1,245
2023-12-27 06:45:00+00:00,147.1,147.1,147.1,147.1,10
2023-12-27 06:50:00+00:00,147.1,147.1,147.1,147.1,34
2023-12-27 06:55:00+00:00,147.1,147.1,147.1,147.1,30
2023-12-27 07:00:00+00:00,147.1,147.1,147.1,147.1,11
2023-12-27 07:05:00+00:00,147.1,147.1,147.1,147.1,50
2023-12-27 07:10:00+00:00,147.1,147.1,147.1,147.1,45
2023-12-27 07:15:00+00:00,147.1,147.1,147.1,147.1,0
2023-12-27 07:20:00+00:00,147.1,147.1,147.1,147.1,126
2023-12-27 07:25:00+00:00,147.1,147.1,147.1,147.1,75
2023-12-27 07:30:00+00:00,147.1,147.1,147.1,147.1,33
2023-12-27 07:35:00+00:00,147.1,147.1,147.1,147.1,296
2023-12-27 07:40:00+00:00,147.1,147.1,147.1,147.1,50
2023-12-27 07:45:00+00:00,147.1,147.1,147.1,147.1,0
2023-12-27 07:50:00+00:00,147.1,147.1,147.1,147.1,0
2023-12-27 07:55:00+00:00,147.1,147.1,147.1,147.1,40
2023-12-27 08:00:00+00:00,147.1,147.1,147.1,147.1,6
2023-12-27 08:05:00+00:00,147.1,147.1,147.1,147.1,7
2023-12-27 08:10:00+00:00,147.1,147.1,147.1,147.1,0
2023-12-27 08:15:00+00:00,147.1,147.1,147.1,147.1,11
2023-12-27 08:20:00+00:00,147.1,147.1,147.1,147.1,0
2023-12-27 08:25:00+00:00,147.1,147.1,147.1,147.1,1
2023-12-27 08:30:00+00:00,147.1,147.1,147.1,147.1,0
2023-12-27 08:35:00+00:00,147.1,147.1,147.1,147.1,0
2023-12-27 08:40:00+00:00,147.1,147.1,147.1,147.1,53
2023-12-27 08:45:00+00:00,147.1,147.1,147.1,147.1,53
2023-12-27 08:50:00+00:00,147.1,147.1,147.1,147.1,26
2023-12-27 08:55:00+00:00,147.1,147.1,147.1,147.1,0
2023-12-27 09:00:00+00:00,147.1,147.1,147.1,147.1,0
2023-12-27 09:05:00+00:00,147.1,147.1,147.1,147.1,9
2023-12-27 09:10:00+00:00,147.1,147.1,147.1,147.1,1
2023-12-27 09:15:00+00:00,147.1,147.1,147.1,147.1,5
2023-12-27 09:20:00+00:00,147.1,147.1,147.1,147.1,25
2023-12-27 09:25:00+00:00,147.1,147.1,147.1,147.1,15
2023-12-27 09:30:00+00:00,147.1,147.1,147.1,147.1,4
2023-12-27 09:35:00+00:00,147.1,147.1,147.1,147.1,0
2023-12-27 09:40:00+00:00,147.1,147.1,147.1,147.1,74
2023-12-27 09:45:00+00:00,147.1,147.1,147.1,147.1,35
2023-12-27 09:50:00+00:00,147.1,147.1,147.1,147.1,0
2023-12-27 09:55:00+00:00,147.1,147.1,147.1,147.1,200
2023-12-28 03:45:00+00:00,139.75,139.75,139.75,139.75,1308
2023-12-28 03:50:00+00:00,139.75,139.75,139.75,139.75,1612
2023-12-28 03:55:00+00:00,139.75,139.75,139.75,139.75,1869
2023-12-28 04:00:00+00:00,139.75,139.75,139.75,139.75,336
2023-12-28 04:05:00+00:00,139.75,139.75,139.75,139.75,293
2023-12-28 04:10:00+00:00,139.75,139.75,139.75,139.75,776
2023-12-28 04:15:00+00:00,139.75,139.75,139.75,139.75,28
2023-12-28 04:20:00+00:00,139.75,139.75,139.75,139.75,30
2023-12-28 04:25:00+00:00,139.75,139.75,139.75,139.75,226
2023-12-28 04:30:00+00:00,139.75,139.75,139.75,139.75,34
2023-12-28 04:35:00+00:00,139.75,139.75,139.75,139.75,180
2023-12-28 04:40:00+00:00,139.75,139.75,139.75,139.75,40
2023-12-28 04:45:00+00:00,139.75,139.75,139.75,139.75,36
2023-12-28 04:50:00+00:00,139.75,139.75,139.75,139.75,351
2023-12-28 04:55:00+00:00,139.75,139.75,139.75,139.75,26
2023-12-28 05:00:00+00:00,139.75,139.75,139.75,139.75,100
2023-12-28 05:05:00+00:00,139.75,139.75,139.75,139.75,90
2023-12-28 05:10:00+00:00,139.75,139.75,139.75,139.75,1090
2023-12-28 05:15:00+00:00,139.75,139.75,139.75,139.75,275
2023-12-28 05:20:00+00:00,139.75,139.75,139.75,139.75,100
2023-12-28 05:25:00+00:00,139.75,139.75,139.75,139.75,1
2023-12-28 05:30:00+00:00,139.75,139.75,139.75,139.75,23
2023-12-28 05:35:00+00:00,139.75,139.75,139.75,139.75,1010
2023-12-28 05:40:00+00:00,139.75,139.75,139.75,139.75,0
2023-12-28 05:45:00+00:00,139.75,139.75,139.75,139.75,110
2023-12-28 05:50:00+00:00,139.75,139.75,139.75,139.75,22
2023-12-28 05:55:00+00:00,139.75,139.75,139.75,139.75,69
2023-12-28 06:00:00+00:00,139.75,139.75,139.75,139.75,30
2023-12-28 06:05:00+00:00,139.75,139.75,139.75,139.75,31
2023-12-28 06:10:00+00:00,139.75,139.75,139.75,139.75,6
2023-12-28 06:15:00+00:00,139.75,139.75,139.75,139.75,0
2023-12-28 06:20:00+00:00,139.75,139.75,139.75,139.75,62
2023-12-28 06:25:00+00:00,139.75,139.75,139.75,139.75,5
2023-12-28 06:30:00+00:00,139.75,139.75,139.75,139.75,52
2023-12-28 06:35:00+00:00,139.75,139.75,139.75,139.75,45
2023-12-28 06:40:00+00:00,139.75,139.75,139.75,139.75,1
2023-12-28 06:45:00+00:00,139.75,139.75,139.75,139.75,1
2023-12-28 06:50:00+00:00,139.75,139.75,139.75,139.75,36
2023-12-28 06:55:00+00:00,139.75,139.75,139.75,139.75,0
2023-12-28 07:00:00+00:00,139.75,139.75,139.75,139.75,121
2023-12-28 07:05:00+00:00,139.75,139.75,139.75,139.75,14
2023-12-28 07:10:00+00:00,139.75,139.75,139.75,139.75,102
2023-12-28 07:15:00+00:00,139.75,139.75,139.75,139.75,155
2023-12-28 07:20:00+00:00,139.75,139.75,139.75,139.75,0
2023-12-28 07:25:00+00:00,139.75,139.75,139.75,139.75,5
2023-12-28 07:30:00+00:00,139.75,139.75,139.75,139.75,137
2023-12-28 07:35:00+00:00,139.75,139.75,139.75,139.75,19
2023-12-28 07:40:00+00:00,139.75,139.75,139.75,139.75,7
2023-12-28 07:45:00+00:00,139.75,139.75,139.75,139.75,0
2023-12-28 07:50:00+00:00,139.75,139.75,139.75,139.75,0
2023-12-28 07:55:00+00:00,139.75,139.75,139.75,139.75,5
2023-12-28 08:00:00+00:00,139.75,139.75,139.75,139.75,15
2023-12-28 08:05:00+00:00,139.75,139.75,139.75,139.75,1
2023-12-28 08:10:00+00:00,139.75,139.75,139.75,139.75,121
2023-12-28 08:15:00+00:00,139.75,139.75,139.75,139.75,0
2023-12-28 08:20:00+00:00,139.75,139.75,139.75,139.75,1
2023-12-28 08:25:00+00:00,139.75,139.75,139.75,139.75,20
2023-12-28 08:30:00+00:00,139.75,139.75,139.75,139.75,20
2023-12-28 08:35:00+00:00,139.75,139.75,139.75,139.75,11
2023-12-28 08:40:00+00:00,139.75,139.75,139.75,139.75,0
2023-12-28 08:45:00+00:00,139.75,139.75,139.75,139.75,10
2023-12-28 08:50:00+00:00,139.75,139.75,139.75,139.75,25
2023-12-28 08:55:00+00:00,139.75,139.75,139.75,139.75,0
2023-12-28 09:00:00+00:00,139.75,139.75,139.75,139.75,22
2023-12-28 09:05:00+00:00,139.75,139.75,139.75,139.75,4
2023-12-28 09:10:00+00:00,139.75,139.75,139.75,139.75,7
2023-12-28 09:15:00+00:00,139.75,139.75,139.75,139.75,22
2023-12-28 09:20:00+00:00,139.75,139.75,139.75,139.75,52
2023-12-28 09:25:00+00:00,139.75,139.75,139.75,139.75,69
2023-12-28 09:30:00+00:00,139.75,139.75,139.75,139.75,82
2023-12-28 09:35:00+00:00,139.75,139.75,139.75,139.75,11
2023-12-28 09:40:00+00:00,139.75,139.75,139.75,139.75,0
2023-12-28 09:45:00+00:00,139.75,139.75,139.75,139.75,3
2023-12-28 09:50:00+00:00,139.75,139.75,139.75,139.75,286
2023-12-28 09:55:00+00:00,139.75,139.75,139.75,139.75,653
2023-12-29 03:45:00+00:00,132.8,132.8,132.8,132.8,1469
2023-12-29 03:50:00+00:00,132.8,132.8,132.8,132.8,408
2023-12-29 03:55:00+00:00,132.8,132.8,132.8,132.8,27
2023-12-29 04:00:00+00:00,132.8,132.8,132.8,132.8,150
2023-12-29 04:05:00+00:00,132.8,132.8,132.8,132.8,261
2023-12-29 04:10:00+00:00,132.8,132.8,132.8,132.8,6693
2023-12-29 04:15:00+00:00,132.8,132.8,132.8,132.8,6752
2023-12-29 04:20:00+00:00,132.8,132.8,132.8,132.8,872
2023-12-29 04:25:00+00:00,132.8,132.8,132.8,132.8,1077
2023-12-29 04:30:00+00:00,132.8,132.8,132.8,132.8,163
2023-12-29 04:35:00+00:00,132.8,132.8,132.8,132.8,26
2023-12-29 04:40:00+00:00,132.8,132.8,132.8,132.8,138
2023-12-29 04:45:00+00:00,132.8,132.8,132.8,132.8,6
2023-12-29 04:50:00+00:00,132.8,132.8,132.8,132.8,34
2023-12-29 04:55:00+00:00,132.8,132.8,132.8,132.8,490
2023-12-29 05:00:00+00:00,132.8,132.8,132.8,132.8,2530
2023-12-29 05:05:00+00:00,132.8,132.8,132.8,132.8,69
2023-12-29 05:10:00+00:00,132.8,132.8,132.8,132.8,1140
2023-12-29 05:15:00+00:00,132.8,132.8,132.8,132.8,32
2023-12-29 05:20:00+00:00,132.8,132.8,132.8,132.8,8
2023-12-29 05:25:00+00:00,132.8,132.8,132.8,132.8,25
2023-12-29 05:30:00+00:00,132.8,132.8,132.8,132.8,2
2023-12-29 05:35:00+00:00,132.8,132.8,132.8,132.8,28
2023-12-29 05:40:00+00:00,132.8,132.8,132.8,132.8,103
2023-12-29 05:45:00+00:00,132.8,132.8,132.8,132.8,1
2023-12-29 05:50:00+00:00,132.8,132.8,132.8,132.8,562
2023-12-29 05:55:00+00:00,132.8,132.8,132.8,132.8,10
2023-12-29 06:00:00+00:00,132.8,132.8,132.8,132.8,62
2023-12-29 06:05:00+00:00,132.8,132.8,132.8,132.8,1
2023-12-29 06:10:00+00:00,132.8,132.8,132.8,132.8,147
2023-12-29 06:15:00+00:00,132.8,132.8,132.8,132.8,0
2023-12-29 06:20:00+00:00,132.8,132.8,132.8,132.8,7
2023-12-29 06:25:00+00:00,132.8,132.8,132.8,132.8,7
2023-12-29 06:30:00+00:00,132.8,132.8,132.8,132.8,100
2023-12-29 06:35:00+00:00,132.8,132.8,132.8,132.8,11
2023-12-29 06:40:00+00:00,132.8,132.8,132.8,132.8,10
2023-12-29 06:45:00+00:00,132.8,132.8,132.8,132.8,15
2023-12-29 06:50:00+00:00,132.8,132.8,132.8,132.8,15
2023-12-29 06:55:00+00:00,132.8,132.8,132.8,132.8,6
2023-12-29 07:00:00+00:00,132.8,132.8,132.8,132.8,126
2023-12-29 07:05:00+00:00,132.8,132.8,132.8,132.8,52
2023-12-29 07:10:00+00:00,132.8,132.8,132.8,132.8,101
2023-12-29 07:15:00+00:00,132.8,132.8,132.8,132.8,905
2023-12-29 07:20:00+00:00,132.8,132.8,132.8,132.8,13
2023-12-29 07:25:00+00:00,132.8,132.8,132.8,132.8,105
2023-12-29 07:30:00+00:00,132.8,132.8,132.8,132.8,50
2023-12-29 07:35:00+00:00,132.8,132.8,132.8,132.8,10047
2023-12-29 07:40:00+00:00,132.8,132.8,132.8,132.8,100
2023-12-29 07:45:00+00:00,132.8,132.8,132.8,132.8,750
2023-12-29 07:50:00+00:00,132.8,132.8,132.8,132.8,43
2023-12-29 07:55:00+00:00,132.8,132.8,132.8,132.8,311
2023-12-29 08:00:00+00:00,132.8,132.8,132.8,132.8,100
2023-12-29 08:05:00+00:00,132.8,132.8,132.8,132.8,15
2023-12-29 08:10:00+00:00,132.8,132.8,132.8,132.8,153
2023-12-29 08:15:00+00:00,132.8,132.8,132.8,132.8,1343
2023-12-29 08:20:00+00:00,132.8,132.8,132.8,132.8,6
2023-12-29 08:25:00+00:00,132.8,132.8,132.8,132.8,1513
2023-12-29 08:30:00+00:00,132.8,132.8,132.8,132.8,3
2023-12-29 08:35:00+00:00,132.8,132.8,132.8,132.8,35
2023-12-29 08:40:00+00:00,132.8,132.8,132.8,132.8,3
2023-12-29 08:45:00+00:00,132.8,132.8,132.8,132.8,24
2023-12-29 08:50:00+00:00,132.8,132.8,132.8,132.8,0
2023-12-29 08:55:00+00:00,132.8,132.8,132.8,132.8,0
2023-12-29 09:00:00+00:00,132.8,132.8,132.8,132.8,0
2023-12-29 09:05:00+00:00,132.8,132.8,132.8,132.8,30
2023-12-29 09:10:00+00:00,132.8,132.8,132.8,132.8,10
2023-12-29 09:15:00+00:00,132.8,132.8,132.8,132.8,0
2023-12-29 09:20:00+00:00,132.8,132.8,132.8,132.8,0
2023-12-29 09:25:00+00:00,132.8,132.8,132.8,132.8,1005
2023-12-29 09:30:00+00:00,132.8,132.8,132.8,132.8,106
2023-12-29 09:35:00+00:00,132.8,132.8,132.8,132.8,100
2023-12-29 09:40:00+00:00,132.8,132.8,132.8,132.8,2
2023-12-29 09:45:00+00:00,132.8,132.8,132.8,132.8,425
2023-12-29 09:50:00+00:00,132.8,132.8,132.8,132.8,143
2023-12-29 09:55:00+00:00,132.8,132.8,132.8,132.8,159
2024-01-01 03:45:00+00:00,126.2,139.4,126.2,139.4,492703
2024-01-01 03:50:00+00:00,139.4,139.4,136.0,139.4,8455
2024-01-01 03:55:00+00:00,139.4,139.4,132.6,136.0,13502
2024-01-01 04:00:00+00:00,135.0,139.0,134.5,135.0,4522
2024-01-01 04:05:00+00:00,135.0,135.0,134.5,135.0,16737
2024-01-01 04:10:00+00:00,134.6,135.0,134.55,134.6,7378
2024-01-01 04:15:00+00:00,134.6,135.0,134.55,134.6,5148
2024-01-01 04:20:00+00:00,134.6,135.0,134.55,134.75,3722
2024-01-01 04:25:00+00:00,134.75,135.0,132.0,132.0,9737
2024-01-01 04:30:00+00:00,131.3,134.95,128.0,130.0,15929
2024-01-01 04:35:00+00:00,130.0,130.0,129.3,129.3,6217
2024-01-01 04:40:00+00:00,129.3,129.35,128.15,128.3,6279
2024-01-01 04:45:00+00:00,128.3,128.3,126.2,126.2,103309
2024-01-01 04:50:00+00:00,126.2,131.0,126.2,127.55,21702
2024-01-01 04:55:00+00:00,128.0,128.0,127.5,128.0,5319
2024-01-01 05:00:00+00:00,128.0,128.0,126.2,126.2,133533
2024-01-01 05:05:00+00:00,126.2,130.0,126.2,126.2,760608
2024-01-01 05:10:00+00:00,126.2,126.3,126.2,126.3,16974
2024-01-01 05:15:00+00:00,127.0,132.25,126.25,127.0,12620
2024-01-01 05:20:00+00:00,127.0,129.0,126.35,126.5,7824
2024-01-01 05:25:00+00:00,126.5,134.0,126.2,128.8,17762
2024-01-01 05:30:00+00:00,126.55,128.8,126.55,128.8,844
2024-01-01 05:35:00+00:00,126.25,128.8,126.2,126.2,29415
2024-01-01 05:40:00+00:00,126.2,128.8,126.2,126.2,8852
2024-01-01 05:45:00+00:00,126.2,135.0,126.2,135.0,3899
2024-01-01 05:50:00+00:00,135.0,135.0,130.0,130.25,987
2024-01-01 05:55:00+00:00,130.25,132.0,126.2,126.2,45894
2024-01-01 06:00:00+00:00,126.2,128.0,126.2,128.0,54
2024-01-01 06:05:00+00:00,128.0,132.0,128.0,132.0,307
2024-01-01 06:10:00+00:00,132.0,135.0,132.0,135.0,1086
2024-01-01 06:15:00+00:00,132.0,136.0,132.0,135.0,1609
2024-01-01 06:20:00+00:00,135.0,135.0,133.5,134.0,508
2024-01-01 06:25:00+00:00,134.0,135.1,134.0,135.1,601
2024-01-01 06:30:00+00:00,135.1,137.0,135.1,136.0,515
2024-01-01 06:35:00+00:00,136.0,137.0,136.0,136.1,435
2024-01-01 06:40:00+00:00,136.1,139.4,136.1,139.0,2096
2024-01-01 06:45:00+00:00,139.0,139.4,139.0,139.4,2191
2024-01-01 06:50:00+00:00,139.4,139.4,139.0,139.4,3207
2024-01-01 06:55:00+00:00,139.0,139.4,137.0,139.4,2209
2024-01-01 07:00:00+00:00,139.4,139.4,137.0,137.1,261
2024-01-01 07:05:00+00:00,138.0,139.4,137.1,139.4,561
2024-01-01 07:10:00+00:00,139.4,139.4,138.0,139.4,703
2024-01-01 07:15:00+00:00,139.4,139.4,138.55,139.4,536
2024-01-01 07:20:00+00:00,139.4,139.4,138.5,138.5,2921
2024-01-01 07:25:00+00:00,139.4,139.4,137.1,139.4,2700
2024-01-01 07:30:00+00:00,139.4,139.4,137.1,138.0,1231
2024-01-01 07:35:00+00:00,138.0,138.0,132.0,138.0,5718
2024-01-01 07:40:00+00:00,138.0,138.0,133.45,133.6,97
2024-01-01 07:45:00+00:00,133.6,138.2,133.6,138.2,136
2024-01-01 07:50:00+00:00,138.5,139.4,137.0,137.0,706
2024-01-01 07:55:00+00:00,137.0,139.4,135.0,137.0,11796
2024-01-01 08:00:00+00:00,137.0,137.0,135.0,135.0,12665
2024-01-01 08:05:00+00:00,134.0,139.0,132.0,138.0,4364
2024-01-01 08:10:00+00:00,138.0,139.35,133.1,137.0,199
2024-01-01 08:15:00+00:00,137.0,139.35,133.1,135.0,1553
2024-01-01 08:20:00+00:00,135.0,137.0,133.2,133.25,1493
2024-01-01 08:25:00+00:00,133.25,137.0,133.2,134.0,2357
2024-01-01 08:30:00+00:00,134.0,139.0,134.0,134.3,684
2024-01-01 08:35:00+00:00,134.3,136.0,133.0,133.0,19291
2024-01-01 08:40:00+00:00,133.0,134.3,132.3,133.0,294
2024-01-01 08:45:00+00:00,133.0,135.0,132.3,132.4,175
2024-01-01 08:50:00+00:00,132.4,133.0,132.4,133.0,1663
2024-01-01 08:55:00+00:00,133.0,133.0,132.4,132.55,771
2024-01-01 09:00:00+00:00,132.4,135.0,132.3,132.3,3977
2024-01-01 09:05:00+00:00,132.3,132.4,130.6,132.0,14626
2024-01-01 09:10:00+00:00,132.0,132.0,131.5,131.9,1124
2024-01-01 09:15:00+00:00,131.9,135.0,131.9,135.0,4774
2024-01-01 09:20:00+00:00,135.0,135.0,131.75,132.0,1023
2024-01-01 09:25:00+00:00,132.0,135.0,131.5,132.0,2292
2024-01-01 09:30:00+00:00,132.0,132.0,131.5,132.0,3155
2024-01-01 09:35:00+00:00,132.0,132.0,131.5,132.0,1622
2024-01-01 09:40:00+00:00,132.0,132.0,131.6,131.6,3152
2024-01-01 09:45:00+00:00,131.6,131.6,130.5,131.0,6579
2024-01-01 09:50:00+00:00,131.0,131.0,130.55,131.0,1402
2024-01-01 09:55:00+00:00,131.0,139.35,130.65,138.5,4968
2024-01-02 03:45:00+00:00,125.25,125.25,125.25,125.25,32221
2024-01-02 03:50:00+00:00,125.25,125.25,125.25,125.25,4683
2024-01-02 03:55:00+00:00,125.25,125.25,125.25,125.25,2500
2024-01-02 04:00:00+00:00,125.25,125.25,125.25,125.25,3776
2024-01-02 04:05:00+00:00,125.25,125.25,125.25,125.25,23678
2024-01-02 04:10:00+00:00,125.25,125.25,125.25,125.25,9321
2024-01-02 04:15:00+00:00,125.25,125.25,125.25,125.25,1821
2024-01-02 04:20:00+00:00,125.25,125.25,125.25,125.25,10610
2024-01-02 04:25:00+00:00,125.25,125.25,125.25,125.25,1258
2024-01-02 04:30:00+00:00,125.25,125.25,125.25,125.25,507
2024-01-02 04:35:00+00:00,125.25,125.25,125.25,125.25,3254
2024-01-02 04:40:00+00:00,125.25,125.25,125.25,125.25,893
2024-01-02 04:45:00+00:00,125.25,125.25,125.25,125.25,269
2024-01-02 04:50:00+00:00,125.25,125.25,125.25,125.25,183
2024-01-02 04:55:00+00:00,125.25,125.25,125.25,125.25,1994
2024-01-02 05:00:00+00:00,125.25,125.25,125.25,125.25,4574
2024-01-02 05:05:00+00:00,125.25,125.25,125.25,125.25,330
2024-01-02 05:10:00+00:00,125.25,125.25,125.25,125.25,104
2024-01-02 05:15:00+00:00,125.25,125.25,125.25,125.25,362
2024-01-02 05:20:00+00:00,125.25,125.25,125.25,125.25,12
2024-01-02 05:25:00+00:00,125.25,125.25,125.25,125.25,45
2024-01-02 05:30:00+00:00,125.25,125.25,125.25,125.25,91
2024-01-02 05:35:00+00:00,125.25,125.25,125.25,125.25,5531
2024-01-02 05:40:00+00:00,125.25,125.25,125.25,125.25,840
2024-01-02 05:45:00+00:00,125.25,125.25,125.25,125.25,3309
2024-01-02 05:50:00+00:00,125.25,125.25,125.25,125.25,2422
2024-01-02 05:55:00+00:00,125.25,125.25,125.25,125.25,574
2024-01-02 06:00:00+00:00,125.25,125.25,125.25,125.25,285
2024-01-02 06:05:00+00:00,125.25,125.25,125.25,125.25,553
2024-01-02 06:10:00+00:00,125.25,125.25,125.25,125.25,2
2024-01-02 06:15:00+00:00,125.25,125.25,125.25,125.25,112
2024-01-02 06:20:00+00:00,125.25,125.25,125.25,125.25,9
2024-01-02 06:25:00+00:00,125.25,125.25,125.25,125.25,1372
2024-01-02 06:30:00+00:00,125.25,125.25,125.25,125.25,610
2024-01-02 06:35:00+00:00,125.25,125.25,125.25,125.25,91
2024-01-02 06:40:00+00:00,125.25,125.25,125.25,125.25,201
2024-01-02 06:45:00+00:00,125.25,125.25,125.25,125.25,197
2024-01-02 06:50:00+00:00,125.25,125.25,125.25,125.25,172
2024-01-02 06:55:00+00:00,125.25,125.25,125.25,125.25,65
2024-01-02 07:00:00+00:00,125.25,125.25,125.25,125.25,188
2024-01-02 07:05:00+00:00,125.25,125.25,125.25,125.25,468
2024-01-02 07:10:00+00:00,125.25,125.25,125.25,125.25,24
2024-01-02 07:15:00+00:00,125.25,125.25,125.25,125.25,165
2024-01-02 07:20:00+00:00,125.25,125.25,125.25,125.25,20
2024-01-02 07:25:00+00:00,125.25,125.25,125.25,125.25,21
2024-01-02 07:30:00+00:00,125.25,125.25,125.25,125.25,57
2024-01-02 07:35:00+00:00,125.25,125.25,125.25,125.25,20
2024-01-02 07:40:00+00:00,125.25,125.25,125.25,125.25,99
2024-01-02 07:45:00+00:00,125.25,125.25,125.25,125.25,79
2024-01-02 07:50:00+00:00,125.25,125.25,125.25,125.25,28
2024-01-02 07:55:00+00:00,125.25,125.25,125.25,125.25,1006
2024-01-02 08:00:00+00:00,125.25,125.25,125.25,125.25,610
2024-01-02 08:05:00+00:00,125.25,125.25,125.25,125.25,5
2024-01-02 08:10:00+00:00,125.25,125.25,125.25,125.25,730
2024-01-02 08:15:00+00:00,125.25,125.25,125.25,125.25,526
2024-01-02 08:20:00+00:00,125.25,125.25,125.25,125.25,2079
2024-01-02 08:25:00+00:00,125.25,125.25,125.25,125.25,23
2024-01-02 08:30:00+00:00,125.25,125.25,125.25,125.25,549
2024-01-02 08:35:00+00:00,125.25,125.25,125.25,125.25,332
2024-01-02 08:40:00+00:00,125.25,125.25,125.25,125.25,1457
2024-01-02 08:45:00+00:00,125.25,125.25,125.25,125.25,10
2024-01-02 08:50:00+00:00,125.25,125.25,125.25,125.25,6
2024-01-02 08:55:00+00:00,125.25,125.25,125.25,125.25,927
2024-01-02 09:00:00+00:00,125.25,125.25,125.25,125.25,85
2024-01-02 09:05:00+00:00,125.25,125.25,125.25,125.25,61
2024-01-02 09:10:00+00:00,125.25,125.25,125.25,125.25,130
2024-01-02 09:15:00+00:00,125.25,125.25,125.25,125.25,53
2024-01-02 09:20:00+00:00,125.25,125.25,125.25,125.25,39
2024-01-02 09:25:00+00:00,125.25,125.25,125.25,125.25,2550
2024-01-02 09:30:00+00:00,125.25,125.25,125.25,125.25,132
2024-01-02 09:35:00+00:00,125.25,125.25,125.25,125.25,330
2024-01-02 09:40:00+00:00,125.25,125.25,125.25,125.25,9200
2024-01-02 09:45:00+00:00,125.25,125.25,125.25,125.25,1724
2024-01-02 09:50:00+00:00,125.25,125.25,125.25,125.25,745
2024-01-02 09:55:00+00:00,125.25,125.25,125.25,125.25,364
2024-01-03 03:45:00+00:00,115.0,119.0,111.2,114.0,188582
2024-01-03 03:50:00+00:00,114.05,119.7,113.55,119.55,99153
2024-01-03 03:55:00+00:00,119.9,120.95,118.8,119.55,100812
2024-01-03 04:00:00+00:00,119.55,121.7,119.4,121.4,328259
2024-01-03 04:05:00+00:00,121.4,121.7,116.6,117.35,224268
2024-01-03 04:10:00+00:00,117.45,118.75,114.15,117.1,104046
2024-01-03 04:15:00+00:00,117.25,118.45,117.0,117.55,26083
2024-01-03 04:20:00+00:00,117.6,118.1,117.6,117.8,9328
2024-01-03 04:25:00+00:00,117.8,118.0,117.55,117.95,9358
2024-01-03 04:30:00+00:00,117.95,119.0,117.8,118.45,13525
2024-01-03 04:35:00+00:00,118.8,119.5,118.55,119.0,15780
2024-01-03 04:40:00+00:00,119.0,119.25,119.0,119.0,11410
2024-01-03 04:45:00+00:00,119.0,120.0,119.0,119.3,12248
2024-01-03 04:50:00+00:00,119.3,119.55,119.0,119.0,15140
2024-01-03 04:55:00+00:00,119.0,119.5,119.0,119.45,3553
2024-01-03 05:00:00+00:00,119.4,119.45,118.0,119.05,36800
2024-01-03 05:05:00+00:00,119.05,119.2,119.0,119.1,5705
2024-01-03 05:10:00+00:00,119.1,119.2,118.7,119.0,82973
2024-01-03 05:15:00+00:00,119.0,119.0,116.25,116.25,206305
2024-01-03 05:20:00+00:00,116.4,117.85,116.15,116.8,19872
2024-01-03 05:25:00+00:00,116.35,117.9,116.35,117.0,35642
2024-01-03 05:30:00+00:00,117.0,117.0,116.55,116.8,7226
2024-01-03 05:35:00+00:00,116.8,116.95,115.7,116.0,21933
2024-01-03 05:40:00+00:00,116.0,117.3,115.0,115.0,44992
2024-01-03 05:45:00+00:00,115.0,116.5,114.55,116.0,18351
2024-01-03 05:50:00+00:00,116.0,117.35,115.6,117.25,94066
2024-01-03 05:55:00+00:00,117.25,119.4,117.0,117.0,134572
2024-01-03 06:00:00+00:00,117.0,118.1,117.0,117.05,146313
2024-01-03 06:05:00+00:00,117.05,117.2,116.15,116.45,193804
2024-01-03 06:10:00+00:00,116.35,117.7,116.35,116.6,4662
2024-01-03 06:15:00+00:00,116.75,117.0,116.55,116.55,11088
2024-01-03 06:20:00+00:00,116.55,116.75,115.75,116.0,16227
2024-01-03 06:25:00+00:00,116.0,116.0,115.6,116.0,9295
2024-01-03 06:30:00+00:00,116.0,116.0,115.65,116.0,85692
2024-01-03 06:35:00+00:00,116.0,117.0,115.6,116.9,20243
2024-01-03 06:40:00+00:00,116.9,117.25,116.6,116.6,12870
2024-01-03 06:45:00+00:00,116.6,117.0,116.2,116.25,9877
2024-01-03 06:50:00+00:00,116.25,116.95,116.25,116.9,3898
2024-01-03 06:55:00+00:00,116.9,116.9,116.1,116.1,3824
2024-01-03 07:00:00+00:00,116.1,116.15,116.0,116.0,6873
2024-01-03 07:05:00+00:00,116.0,116.0,115.2,115.35,10680
2024-01-03 07:10:00+00:00,115.35,115.95,115.1,115.45,10404
2024-01-03 07:15:00+00:00,115.45,115.55,115.1,115.35,4489
2024-01-03 07:20:00+00:00,115.3,116.5,114.55,114.95,18682
2024-01-03 07:25:00+00:00,114.95,114.95,113.1,113.25,35472
2024-01-03 07:30:00+00:00,113.25,114.0,113.25,113.65,10222
2024-01-03 07:35:00+00:00,113.6,114.5,113.55,113.85,12043
2024-01-03 07:40:00+00:00,113.85,116.8,113.8,114.3,9891
2024-01-03 07:45:00+00:00,114.3,114.5,113.6,113.65,6486
2024-01-03 07:50:00+00:00,113.65,113.75,113.0,113.1,40714
2024-01-03 07:55:00+00:00,113.45,113.5,113.1,113.4,10016
2024-01-03 08:00:00+00:00,113.4,113.45,113.25,113.25,5302
2024-01-03 08:05:00+00:00,113.35,113.35,112.25,112.25,22497
2024-01-03 08:10:00+00:00,112.25,113.0,112.25,112.25,23316
2024-01-03 08:15:00+00:00,112.25,112.5,112.25,112.45,10266
2024-01-03 08:20:00+00:00,112.45,112.5,109.0,109.55,139074
2024-01-03 08:25:00+00:00,109.55,109.95,108.9,109.55,35048
2024-01-03 08:30:00+00:00,109.55,110.85,108.25,110.7,181161
2024-01-03 08:35:00+00:00,110.7,112.5,110.0,111.95,21894
2024-01-03 08:40:00+00:00,111.9,111.95,111.0,111.75,8777
2024-01-03 08:45:00+00:00,111.75,112.7,111.55,111.75,5429
2024-01-03 08:50:00+00:00,111.6,112.3,111.55,111.95,4934
2024-01-03 08:55:00+00:00,111.95,111.95,111.6,111.95,2736
2024-01-03 09:00:00+00:00,111.95,112.25,111.65,111.65,9674
2024-01-03 09:05:00+00:00,111.7,112.1,111.3,111.4,7963
2024-01-03 09:10:00+00:00,111.4,113.9,111.05,112.3,22817
2024-01-03 09:15:00+00:00,112.3,112.4,111.65,111.75,3736
2024-01-03 09:20:00+00:00,111.75,111.85,109.85,109.85,16328
2024-01-03 09:25:00+00:00,109.85,112.25,109.75,111.35,309120
2024-01-03 09:30:00+00:00,111.35,111.35,109.0,109.95,23904
2024-01-03 09:35:00+00:00,109.95,109.95,108.8,109.75,25927
2024-01-03 09:40:00+00:00,109.75,110.0,108.8,109.65,23870
2024-01-03 09:45:00+00:00,109.65,110.0,109.05,109.8,31268
2024-01-03 09:50:00+00:00,109.85,109.85,108.8,108.9,38677
2024-01-03 09:55:00+00:00,108.9,109.0,108.5,108.95,52959
2024-01-04 03:45:00+00:00,116.2,127.5,115.0,118.65,940670
2024-01-04 03:50:00+00:00,118.65,119.75,118.3,118.65,149895
2024-01-04 03:55:00+00:00,118.9,119.95,118.1,119.65,75092
2024-01-04 04:00:00+00:00,119.85,119.95,119.0,119.3,64001
2024-01-04 04:05:00+00:00,119.35,119.7,119.25,119.5,137767
2024-01-04 04:10:00+00:00,119.5,119.5,113.15,117.7,197781
2024-01-04 04:15:00+00:00,117.7,118.0,116.25,117.05,53694
2024-01-04 04:20:00+00:00,116.75,117.75,116.0,117.0,51249
2024-01-04 04:25:00+00:00,117.0,118.0,116.55,116.7,91792
2024-01-04 04:30:00+00:00,116.7,117.0,116.1,116.5,63983
2024-01-04 04:35:00+00:00,116.5,117.0,116.1,117.0,15420
2024-01-04 04:40:00+00:00,117.0,118.0,116.9,117.65,39358
2024-01-04 04:45:00+00:00,117.65,118.0,116.7,117.1,41776
2024-01-04 04:50:00+00:00,117.1,117.25,116.55,116.6,39756
2024-01-04 04:55:00+00:00,116.75,117.0,116.7,117.0,25233
2024-01-04 05:00:00+00:00,117.0,117.0,115.05,116.2,56031
2024-01-04 05:05:00+00:00,116.2,116.55,115.8,116.1,11891
2024-01-04 05:10:00+00:00,116.1,116.7,115.8,115.8,23677
2024-01-04 05:15:00+00:00,115.8,116.0,114.25,114.75,60543
2024-01-04 05:20:00+00:00,114.75,114.9,114.5,114.6,20263
2024-01-04 05:25:00+00:00,114.6,115.0,114.6,114.8,44589
2024-01-04 05:30:00+00:00,115.0,115.0,114.6,114.85,44204
2024-01-04 05:35:00+00:00,115.0,115.0,114.8,115.0,22760
2024-01-04 05:40:00+00:00,115.0,115.0,114.8,115.0,41235
2024-01-04 05:45:00+00:00,115.0,115.0,114.9,115.0,21688
2024-01-04 05:50:00+00:00,115.0,115.0,114.8,115.0,14330
2024-01-04 05:55:00+00:00,115.0,115.0,114.9,115.0,19535
2024-01-04 06:00:00+00:00,114.95,115.0,114.7,114.7,26521
2024-01-04 06:05:00+00:00,114.95,115.0,114.0,114.45,23699
2024-01-04 06:10:00+00:00,114.85,115.0,114.45,114.85,151913
2024-01-04 06:15:00+00:00,114.85,115.0,114.75,114.95,21533
2024-01-04 06:20:00+00:00,114.95,115.0,114.75,115.0,30704
2024-01-04 06:25:00+00:00,115.0,117.95,114.8,116.8,142725
2024-01-04 06:30:00+00:00,116.8,118.2,116.8,117.6,79732
2024-01-04 06:35:00+00:00,117.55,118.3,117.15,117.15,51302
2024-01-04 06:40:00+00:00,117.15,117.95,117.15,117.4,29854
2024-01-04 06:45:00+00:00,117.4,118.0,117.0,117.0,28154
2024-01-04 06:50:00+00:00,117.0,117.5,117.0,117.0,24415
2024-01-04 06:55:00+00:00,117.0,117.8,117.0,117.3,12931
2024-01-04 07:00:00+00:00,117.3,117.8,117.05,117.3,21979
2024-01-04 07:05:00+00:00,117.3,117.55,117.05,117.45,12746
2024-01-04 07:10:00+00:00,117.45,117.55,116.7,116.8,57787
2024-01-04 07:15:00+00:00,116.8,116.95,116.2,116.55,14121
2024-01-04 07:20:00+00:00,116.55,117.0,116.2,116.55,6994
2024-01-04 07:25:00+00:00,116.55,117.5,116.55,116.9,13609
2024-01-04 07:30:00+00:00,116.95,117.85,116.6,117.05,69287
2024-01-04 07:35:00+00:00,117.05,117.6,116.6,116.75,84032
2024-01-04 07:40:00+00:00,116.85,117.25,116.6,117.0,87464
2024-01-04 07:45:00+00:00,116.95,117.2,116.5,117.0,12309
2024-01-04 07:50:00+00:00,116.55,117.05,116.5,117.0,34971
2024-01-04 07:55:00+00:00,117.0,117.0,116.5,116.8,17518
2024-01-04 08:00:00+00:00,116.8,116.8,115.9,116.25,65333
2024-01-04 08:05:00+00:00,116.25,117.9,116.25,117.0,30870
2024-01-04 08:10:00+00:00,117.0,117.0,116.0,116.4,35345
2024-01-04 08:15:00+00:00,116.4,117.1,116.35,116.8,36622
2024-01-04 08:20:00+00:00,116.8,117.1,116.3,116.4,26995
2024-01-04 08:25:00+00:00,116.4,116.9,115.2,116.55,34552
2024-01-04 08:30:00+00:00,116.55,117.0,116.25,116.6,19785
2024-01-04 08:35:00+00:00,116.6,116.65,114.9,115.0,113073
2024-01-04 08:40:00+00:00,115.0,115.7,114.9,115.55,20847
2024-01-04 08:45:00+00:00,115.55,115.95,115.0,115.4,23997
2024-01-04 08:50:00+00:00,115.4,116.0,115.3,115.65,13148
2024-01-04 08:55:00+00:00,115.65,116.0,115.1,115.3,16511
2024-01-04 09:00:00+00:00,115.65,115.8,115.15,115.25,9653
2024-01-04 09:05:00+00:00,115.25,115.75,115.0,115.45,28441
2024-01-04 09:10:00+00:00,115.4,115.9,115.0,115.5,20212
2024-01-04 09:15:00+00:00,115.45,115.6,115.0,115.35,7686
2024-01-04 09:20:00+00:00,115.35,115.75,114.9,114.95,25077
2024-01-04 09:25:00+00:00,114.95,115.25,114.75,115.0,36659
2024-01-04 09:30:00+00:00,115.0,115.9,115.0,115.6,8259
2024-01-04 09:35:00+00:00,115.6,116.5,115.3,115.3,63823
2024-01-04 09:40:00+00:00,115.3,115.85,114.9,115.0,116062
2024-01-04 09:45:00+00:00,115.0,115.0,114.9,115.0,120377
2024-01-04 09:50:00+00:00,115.0,115.0,114.8,115.0,52110
2024-01-04 09:55:00+00:00,115.0,115.3,114.9,115.0,97244
2024-01-05 03:45:00+00:00,119.45,120.0,117.15,119.5,248623
2024-01-05 03:50:00+00:00,119.5,124.0,118.6,122.6,236316
2024-01-05 03:55:00+00:00,122.5,124.4,122.0,123.95,171533
2024-01-05 04:00:00+00:00,123.75,124.6,122.0,123.1,117651
2024-01-05 04:05:00+00:00,123.1,124.0,121.65,123.35,59191
2024-01-05 04:10:00+00:00,123.35,123.5,122.0,122.5,66322
2024-01-05 04:15:00+00:00,122.5,123.95,122.5,122.9,42048
2024-01-05 04:20:00+00:00,122.9,123.0,122.5,123.0,44138
2024-01-05 04:25:00+00:00,123.0,123.0,122.65,122.95,86897
2024-01-05 04:30:00+00:00,122.8,123.95,122.65,123.55,44941
2024-01-05 04:35:00+00:00,123.9,123.9,122.65,123.0,41667
2024-01-05 04:40:00+00:00,123.0,123.0,122.75,122.8,42035
2024-01-05 04:45:00+00:00,122.8,123.0,122.55,122.85,31224
2024-01-05 04:50:00+00:00,122.85,123.0,122.55,123.0,30230
2024-01-05 04:55:00+00:00,122.95,123.0,122.6,122.75,35209
2024-01-05 05:00:00+00:00,122.75,123.0,122.75,123.0,15750
2024-01-05 05:05:00+00:00,122.8,123.5,122.75,122.8,49443
2024-01-05 05:10:00+00:00,122.8,123.0,122.75,123.0,35090
2024-01-05 05:15:00+00:00,122.95,123.0,122.75,122.75,35332
2024-01-05 05:20:00+00:00,122.8,123.0,122.5,122.85,74337
2024-01-05 05:25:00+00:00,122.85,122.9,121.35,122.6,47350
2024-01-05 05:30:00+00:00,122.25,122.55,121.3,121.7,48459
2024-01-05 05:35:00+00:00,121.7,122.2,121.65,121.8,12896
2024-01-05 05:40:00+00:00,121.8,122.75,121.7,121.8,29847
2024-01-05 05:45:00+00:00,121.8,122.05,121.55,121.7,7011
2024-01-05 05:50:00+00:00,121.7,121.7,119.9,120.6,111775
2024-01-05 05:55:00+00:00,120.65,122.75,120.55,122.75,43156
2024-01-05 06:00:00+00:00,122.75,123.0,122.5,122.85,33047
2024-01-05 06:05:00+00:00,122.85,123.0,122.6,122.75,21479
2024-01-05 06:10:00+00:00,122.75,125.0,122.1,123.0,143177
2024-01-05 06:15:00+00:00,122.65,123.0,121.3,121.5,64367
2024-01-05 06:20:00+00:00,121.5,122.15,121.5,122.0,30776
2024-01-05 06:25:00+00:00,122.0,122.5,121.65,122.0,14826
2024-01-05 06:30:00+00:00,121.9,122.35,121.75,122.2,17437
2024-01-05 06:35:00+00:00,121.85,122.2,121.75,122.2,17617
2024-01-05 06:40:00+00:00,122.2,122.55,121.7,121.75,33504
2024-01-05 06:45:00+00:00,121.75,122.45,121.7,121.85,59736
2024-01-05 06:50:00+00:00,121.85,122.45,121.55,122.45,41899
2024-01-05 06:55:00+00:00,122.45,123.0,122.15,123.0,54944
2024-01-05 07:00:00+00:00,123.0,123.0,122.1,122.9,46646
2024-01-05 07:05:00+00:00,122.9,124.9,122.6,124.3,68312
2024-01-05 07:10:00+00:00,124.3,130.3,124.2,130.3,312915
2024-01-05 07:15:00+00:00,130.0,131.5,127.35,128.75,191318
2024-01-05 07:20:00+00:00,128.9,131.0,127.05,128.5,133695
2024-01-05 07:25:00+00:00,128.5,130.6,128.0,129.25,86373
2024-01-05 07:30:00+00:00,129.65,132.35,129.3,131.7,126325
2024-01-05 07:35:00+00:00,131.7,134.0,131.35,132.2,186177
2024-01-05 07:40:00+00:00,132.2,133.5,132.0,132.25,59158
2024-01-05 07:45:00+00:00,132.25,132.85,130.1,130.3,92221
2024-01-05 07:50:00+00:00,131.0,131.3,129.0,130.05,80396
2024-01-05 07:55:00+00:00,129.6,130.0,128.55,129.45,34059
2024-01-05 08:00:00+00:00,129.4,129.4,127.5,127.8,61893
2024-01-05 08:05:00+00:00,127.8,130.0,127.55,128.0,59839
2024-01-05 08:10:00+00:00,128.0,129.9,127.5,129.5,38676
2024-01-05 08:15:00+00:00,129.45,131.9,129.0,130.0,42705
2024-01-05 08:20:00+00:00,130.05,130.85,129.25,129.65,24671
2024-01-05 08:25:00+00:00,129.65,130.6,129.65,129.75,25622
2024-01-05 08:30:00+00:00,129.75,130.25,129.75,129.85,23631
2024-01-05 08:35:00+00:00,130.2,130.3,128.25,130.3,74891
2024-01-05 08:40:00+00:00,129.0,129.5,127.1,127.4,91986
2024-01-05 08:45:00+00:00,127.1,127.75,127.0,127.1,25273
2024-01-05 08:50:00+00:00,127.1,127.85,127.05,127.5,20348
2024-01-05 08:55:00+00:00,127.5,127.9,127.1,127.85,24305
2024-01-05 09:00:00+00:00,127.85,128.8,127.7,127.95,9317
2024-01-05 09:05:00+00:00,127.95,130.35,127.95,130.25,30206
2024-01-05 09:10:00+00:00,130.25,132.55,130.1,132.55,85672
2024-01-05 09:15:00+00:00,132.6,133.85,132.5,133.45,92987
2024-01-05 09:20:00+00:00,133.45,133.5,132.0,132.55,56050
2024-01-05 09:25:00+00:00,132.55,134.0,131.0,131.45,125835
2024-01-05 09:30:00+00:00,131.3,132.3,128.25,128.5,206492
2024-01-05 09:35:00+00:00,128.3,129.65,128.0,128.4,82567
2024-01-05 09:40:00+00:00,128.5,131.1,128.5,130.5,70122
2024-01-05 09:45:00+00:00,130.5,130.75,129.0,130.05,86933
2024-01-05 09:50:00+00:00,130.3,130.75,129.15,129.8,122830
2024-01-05 09:55:00+00:00,129.85,131.3,129.8,130.45,96857
2024-01-08 03:45:00+00:00,144.4,151.0,141.0,147.0,977679
2024-01-08 03:50:00+00:00,147.0,147.2,144.1,144.2,279575
2024-01-08 03:55:00+00:00,144.5,146.45,144.3,145.4,130148
2024-01-08 04:00:00+00:00,145.4,146.2,144.55,145.0,125052
2024-01-08 04:05:00+00:00,144.55,145.0,144.1,144.55,73996
2024-01-08 04:10:00+00:00,144.55,144.95,144.1,144.5,58361
2024-01-08 04:15:00+00:00,144.55,146.1,144.5,145.8,103253
2024-01-08 04:20:00+00:00,145.95,146.35,144.8,145.3,83775
2024-01-08 04:25:00+00:00,145.55,146.2,144.85,145.0,97344
2024-01-08 04:30:00+00:00,145.0,149.9,144.8,149.9,204530
2024-01-08 04:35:00+00:00,149.6,153.8,147.05,153.5,249182
2024-01-08 04:40:00+00:00,153.65,155.8,153.05,155.8,325035
2024-01-08 04:45:00+00:00,155.8,155.8,155.8,155.8,10013
2024-01-08 04:50:00+00:00,155.8,155.8,155.8,155.8,14914
2024-01-08 04:55:00+00:00,155.8,155.8,148.3,151.5,800139
2024-01-08 05:00:00+00:00,151.25,152.9,151.0,151.6,130698
2024-01-08 05:05:00+00:00,151.3,154.6,151.3,154.1,127318
2024-01-08 05:10:00+00:00,154.0,155.8,153.4,154.85,382786
2024-01-08 05:15:00+00:00,154.85,155.75,154.3,154.7,87456
2024-01-08 05:20:00+00:00,154.7,155.8,154.2,155.8,150810
2024-01-08 05:25:00+00:00,155.8,155.8,155.8,155.8,26144
2024-01-08 05:30:00+00:00,155.8,155.8,155.8,155.8,31392
2024-01-08 05:35:00+00:00,155.8,155.8,155.8,155.8,1388
2024-01-08 05:40:00+00:00,155.8,155.8,154.2,155.5,169263
2024-01-08 05:45:00+00:00,155.5,155.8,155.5,155.8,56915
2024-01-08 05:50:00+00:00,155.8,155.8,154.2,155.0,255907
2024-01-08 05:55:00+00:00,155.0,155.8,154.2,155.2,96430
2024-01-08 06:00:00+00:00,155.7,155.8,155.1,155.8,45851
2024-01-08 06:05:00+00:00,155.8,155.8,155.55,155.8,33521
2024-01-08 06:10:00+00:00,155.8,155.8,155.8,155.8,4173
2024-01-08 06:15:00+00:00,155.8,155.8,155.8,155.8,439
2024-01-08 06:20:00+00:00,155.8,155.8,155.8,155.8,391
2024-01-08 06:25:00+00:00,155.8,155.8,155.8,155.8,1035
2024-01-08 06:30:00+00:00,155.8,155.8,155.8,155.8,20345
2024-01-08 06:35:00+00:00,155.8,155.8,155.8,155.8,281
2024-01-08 06:40:00+00:00,155.8,155.8,155.8,155.8,1188
2024-01-08 06:45:00+00:00,155.8,155.8,155.8,155.8,94513
2024-01-08 06:50:00+00:00,155.8,155.8,155.8,155.8,1326
2024-01-08 06:55:00+00:00,155.8,155.8,155.8,155.8,647
2024-01-08 07:00:00+00:00,155.8,155.8,155.8,155.8,32
2024-01-08 07:05:00+00:00,155.8,155.8,155.8,155.8,1054
2024-01-08 07:10:00+00:00,155.8,155.8,155.8,155.8,867
2024-01-08 07:15:00+00:00,155.8,155.8,155.8,155.8,143
2024-01-08 07:20:00+00:00,155.8,155.8,155.8,155.8,110
2024-01-08 07:25:00+00:00,155.8,155.8,155.8,155.8,391
2024-01-08 07:30:00+00:00,155.8,155.8,155.8,155.8,556
2024-01-08 07:35:00+00:00,155.8,155.8,155.8,155.8,281
2024-01-08 07:40:00+00:00,155.8,155.8,155.8,155.8,81
2024-01-08 07:45:00+00:00,155.8,155.8,155.8,155.8,60
2024-01-08 07:50:00+00:00,155.8,155.8,155.8,155.8,90
2024-01-08 07:55:00+00:00,155.8,155.8,155.8,155.8,50
2024-01-08 08:00:00+00:00,155.8,155.8,155.8,155.8,92
2024-01-08 08:05:00+00:00,155.8,155.8,155.8,155.8,943
2024-01-08 08:10:00+00:00,155.8,155.8,155.8,155.8,327
2024-01-08 08:15:00+00:00,155.8,155.8,155.8,155.8,35
2024-01-08 08:20:00+00:00,155.8,155.8,155.8,155.8,1137
2024-01-08 08:25:00+00:00,155.8,155.8,155.8,155.8,100
2024-01-08 08:30:00+00:00,155.8,155.8,155.8,155.8,9
2024-01-08 08:35:00+00:00,155.8,155.8,155.8,155.8,0
2024-01-08 08:40:00+00:00,155.8,155.8,155.8,155.8,5
2024-01-08 08:45:00+00:00,155.8,155.8,155.8,155.8,2207
2024-01-08 08:50:00+00:00,155.8,155.8,155.8,155.8,17
2024-01-08 08:55:00+00:00,155.8,155.8,155.8,155.8,1517
2024-01-08 09:00:00+00:00,155.8,155.8,155.8,155.8,52
2024-01-08 09:05:00+00:00,155.8,155.8,155.8,155.8,102
2024-01-08 09:10:00+00:00,155.8,155.8,155.8,155.8,1538
2024-01-08 09:15:00+00:00,155.8,155.8,155.8,155.8,21
2024-01-08 09:20:00+00:00,155.8,155.8,155.8,155.8,10
2024-01-08 09:25:00+00:00,155.8,155.8,155.8,155.8,2011
2024-01-08 09:30:00+00:00,155.8,155.8,155.8,155.8,813
2024-01-08 09:35:00+00:00,155.8,155.8,155.8,155.8,20
2024-01-08 09:40:00+00:00,155.8,155.8,155.8,155.8,1017
2024-01-08 09:45:00+00:00,155.8,155.8,155.8,155.8,4216
2024-01-08 09:50:00+00:00,155.8,155.8,155.8,155.8,739
2024-01-08 09:55:00+00:00,155.8,155.8,155.8,155.8,53927
2024-01-09 03:45:00+00:00,161.0,170.5,160.1,162.8,649080
2024-01-09 03:50:00+00:00,163.25,166.6,162.0,164.0,265921
2024-01-09 03:55:00+00:00,164.0,166.65,163.8,165.1,202508
2024-01-09 04:00:00+00:00,165.1,166.4,158.0,159.95,266830
2024-01-09 04:05:00+00:00,159.25,160.0,151.1,155.8,282986
2024-01-09 04:10:00+00:00,155.15,155.7,148.35,149.65,218692
2024-01-09 04:15:00+00:00,149.0,154.0,148.7,153.8,162665
2024-01-09 04:20:00+00:00,153.8,154.4,149.5,149.9,157590
2024-01-09 04:25:00+00:00,149.85,150.8,148.5,150.3,82588
2024-01-09 04:30:00+00:00,150.35,151.0,149.65,150.3,52309
2024-01-09 04:35:00+00:00,150.3,151.8,150.3,151.15,54032
2024-01-09 04:40:00+00:00,151.2,153.0,151.0,152.95,90891
2024-01-09 04:45:00+00:00,152.95,154.3,152.45,152.45,47088
2024-01-09 04:50:00+00:00,152.45,153.35,150.55,151.45,72736
2024-01-09 04:55:00+00:00,151.45,152.45,150.5,151.55,69580
2024-01-09 05:00:00+00:00,151.7,151.9,150.7,151.3,15934
2024-01-09 05:05:00+00:00,151.25,151.75,150.55,151.0,19518
2024-01-09 05:10:00+00:00,151.0,152.0,151.0,151.6,13738
2024-01-09 05:15:00+00:00,151.45,152.7,151.25,152.7,15983
2024-01-09 05:20:00+00:00,152.7,154.15,152.05,153.55,58353
2024-01-09 05:25:00+00:00,153.55,156.4,153.4,155.7,134786
2024-01-09 05:30:00+00:00,155.7,158.65,155.15,155.15,166294
2024-01-09 05:35:00+00:00,157.95,157.95,150.15,153.95,135759
2024-01-09 05:40:00+00:00,153.95,155.25,153.55,154.5,44946
2024-01-09 05:45:00+00:00,154.5,158.75,154.2,157.95,169298
2024-01-09 05:50:00+00:00,158.0,160.5,157.65,159.0,385805
2024-01-09 05:55:00+00:00,159.0,163.0,158.6,161.85,281844
2024-01-09 06:00:00+00:00,161.95,164.45,161.95,163.1,165753
2024-01-09 06:05:00+00:00,163.1,164.0,163.0,164.0,80875
2024-01-09 06:10:00+00:00,164.25,164.9,162.0,162.0,84486
2024-01-09 06:15:00+00:00,162.25,164.1,162.0,162.1,99664
2024-01-09 06:20:00+00:00,162.45,163.0,161.1,161.5,79274
2024-01-09 06:25:00+00:00,161.5,163.4,161.0,161.4,76715
2024-01-09 06:30:00+00:00,161.05,162.5,161.0,162.0,32375
2024-01-09 06:35:00+00:00,162.0,162.0,159.0,160.0,144697
2024-01-09 06:40:00+00:00,160.0,161.35,159.5,161.0,25802
2024-01-09 06:45:00+00:00,161.0,164.45,161.0,163.4,62338
2024-01-09 06:50:00+00:00,163.4,164.9,162.45,163.5,35029
2024-01-09 06:55:00+00:00,163.8,166.5,163.55,166.5,81799
2024-01-09 07:00:00+00:00,166.2,167.95,165.3,166.8,92350
2024-01-09 07:05:00+00:00,166.8,167.4,165.05,166.7,91978
2024-01-09 07:10:00+00:00,166.25,166.65,160.15,161.95,152462
2024-01-09 07:15:00+00:00,162.0,164.2,161.7,163.5,63055
2024-01-09 07:20:00+00:00,163.5,164.35,156.15,159.4,319086
2024-01-09 07:25:00+00:00,159.45,164.0,158.2,162.05,346342
2024-01-09 07:30:00+00:00,162.05,163.9,162.0,163.3,125112
2024-01-09 07:35:00+00:00,163.3,163.5,162.0,163.0,140101
2024-01-09 07:40:00+00:00,162.95,162.95,160.15,161.4,110850
2024-01-09 07:45:00+00:00,161.4,162.7,161.0,162.5,24876
2024-01-09 07:50:00+00:00,162.55,162.65,160.05,160.7,64739
2024-01-09 07:55:00+00:00,160.7,160.85,159.75,159.75,33639
2024-01-09 08:00:00+00:00,159.75,160.05,158.05,158.1,74695
2024-01-09 08:05:00+00:00,158.1,159.9,157.25,158.3,67741
2024-01-09 08:10:00+00:00,158.15,160.25,157.6,158.8,67956
2024-01-09 08:15:00+00:00,158.8,161.0,158.65,160.9,25416
2024-01-09 08:20:00+00:00,161.0,161.4,160.55,160.75,21642
2024-01-09 08:25:00+00:00,160.75,161.2,160.05,160.25,30254
2024-01-09 08:30:00+00:00,160.25,160.85,158.8,159.35,15746
2024-01-09 08:35:00+00:00,159.35,159.65,158.05,158.65,24541
2024-01-09 08:40:00+00:00,158.65,159.65,158.5,159.65,20028
2024-01-09 08:45:00+00:00,159.65,160.8,159.1,159.25,23311
2024-01-09 08:50:00+00:00,159.25,159.8,158.0,159.15,27068
2024-01-09 08:55:00+00:00,159.15,159.3,157.0,157.15,65217
2024-01-09 09:00:00+00:00,157.45,159.3,157.3,159.0,19729
2024-01-09 09:05:00+00:00,159.0,159.3,157.35,158.3,16887
2024-01-09 09:10:00+00:00,158.3,158.9,156.05,157.05,56086
2024-01-09 09:15:00+00:00,157.05,158.3,156.5,158.0,29967
2024-01-09 09:20:00+00:00,158.0,159.0,157.55,158.5,30517
2024-01-09 09:25:00+00:00,158.9,160.5,158.5,159.75,21437
2024-01-09 09:30:00+00:00,159.75,159.95,157.8,158.15,15877
2024-01-09 09:35:00+00:00,158.15,158.15,157.35,157.75,16308
2024-01-09 09:40:00+00:00,157.4,158.0,156.1,157.0,27322
2024-01-09 09:45:00+00:00,157.0,157.1,154.0,154.8,116058
2024-01-09 09:50:00+00:00,154.75,155.5,153.5,154.5,125765
2024-01-09 09:55:00+00:00,154.6,156.95,154.4,156.75,101305
2024-01-10 03:45:00+00:00,156.35,159.0,152.55,154.7,285599
2024-01-10 03:50:00+00:00,154.7,154.9,151.0,152.35,114678
2024-01-10 03:55:00+00:00,152.35,154.55,150.5,150.65,89451
2024-01-10 04:00:00+00:00,150.6,151.3,145.25,146.15,198053
2024-01-10 04:05:00+00:00,146.1,149.7,146.0,149.05,100416
2024-01-10 04:10:00+00:00,149.05,150.0,149.05,149.65,62843
2024-01-10 04:15:00+00:00,149.9,150.0,149.6,149.75,33485
2024-01-10 04:20:00+00:00,149.75,150.25,149.6,149.7,48763
2024-01-10 04:25:00+00:00,149.7,150.05,148.5,148.65,72644
2024-01-10 04:30:00+00:00,148.9,150.3,148.85,149.0,53699
2024-01-10 04:35:00+00:00,149.0,150.45,148.5,149.5,24959
2024-01-10 04:40:00+00:00,149.55,150.0,149.25,149.5,25412
2024-01-10 04:45:00+00:00,149.5,149.95,149.1,149.75,36380
2024-01-10 04:50:00+00:00,149.75,150.0,149.5,149.7,19825
2024-01-10 04:55:00+00:00,149.7,150.0,149.25,149.9,21249
2024-01-10 05:00:00+00:00,149.55,150.0,149.3,149.8,16161
2024-01-10 05:05:00+00:00,149.95,150.05,149.4,149.95,49948
2024-01-10 05:10:00+00:00,149.8,149.95,149.05,149.85,22429
2024-01-10 05:15:00+00:00,149.85,149.85,148.5,148.8,36907
2024-01-10 05:20:00+00:00,148.8,149.35,148.5,148.55,35129
2024-01-10 05:25:00+00:00,148.55,148.55,145.7,146.6,83565
2024-01-10 05:30:00+00:00,146.65,147.1,146.4,146.55,41299
2024-01-10 05:35:00+00:00,146.85,147.0,146.0,146.65,42397
2024-01-10 05:40:00+00:00,146.9,147.0,146.6,146.95,19435
2024-01-10 05:45:00+00:00,146.75,146.95,143.95,144.9,159087
2024-01-10 05:50:00+00:00,144.9,145.0,143.65,145.0,85550
2024-01-10 05:55:00+00:00,145.0,145.0,144.1,144.95,48381
2024-01-10 06:00:00+00:00,144.95,145.0,144.0,144.55,28069
2024-01-10 06:05:00+00:00,144.85,144.9,140.1,144.75,108964
2024-01-10 06:10:00+00:00,144.75,145.0,142.15,142.7,74846
2024-01-10 06:15:00+00:00,142.7,142.95,138.35,141.6,188563
2024-01-10 06:20:00+00:00,141.1,141.9,138.9,140.4,287436
2024-01-10 06:25:00+00:00,140.5,144.25,140.5,143.0,114237
2024-01-10 06:30:00+00:00,143.0,143.6,140.2,140.8,73950
2024-01-10 06:35:00+00:00,140.8,141.25,140.05,140.6,71254
2024-01-10 06:40:00+00:00,140.85,140.95,138.55,139.55,116823
2024-01-10 06:45:00+00:00,139.5,140.0,139.0,139.4,60922
2024-01-10 06:50:00+00:00,139.3,140.0,139.0,139.5,91614
2024-01-10 06:55:00+00:00,139.3,139.9,137.65,139.45,59590
2024-01-10 07:00:00+00:00,139.65,140.0,139.1,139.55,53494
2024-01-10 07:05:00+00:00,139.8,140.4,139.25,140.15,46382
2024-01-10 07:10:00+00:00,140.4,140.9,138.9,139.75,195528
2024-01-10 07:15:00+00:00,139.75,140.0,139.3,139.75,59866
2024-01-10 07:20:00+00:00,139.75,140.0,139.2,139.7,69171
2024-01-10 07:25:00+00:00,139.7,139.95,139.1,139.15,52120
2024-01-10 07:30:00+00:00,139.15,139.8,138.0,139.15,135382
2024-01-10 07:35:00+00:00,139.15,142.6,139.0,141.5,216049
2024-01-10 07:40:00+00:00,141.5,142.9,140.25,140.6,136686
2024-01-10 07:45:00+00:00,140.6,142.4,140.25,142.0,235523
2024-01-10 07:50:00+00:00,142.0,142.95,140.9,142.3,148328
2024-01-10 07:55:00+00:00,142.3,144.5,142.3,143.0,121691
2024-01-10 08:00:00+00:00,143.0,144.25,142.2,144.15,47307
2024-01-10 08:05:00+00:00,144.15,144.5,143.5,144.5,78998
2024-01-10 08:10:00+00:00,144.5,144.5,142.25,142.3,68853
2024-01-10 08:15:00+00:00,142.45,143.0,141.2,142.15,68826
2024-01-10 08:20:00+00:00,142.05,144.45,142.0,142.6,93630
2024-01-10 08:25:00+00:00,142.6,144.0,142.55,143.05,37372
2024-01-10 08:30:00+00:00,143.05,144.0,143.05,143.15,23286
2024-01-10 08:35:00+00:00,143.15,144.4,143.0,143.85,57524
2024-01-10 08:40:00+00:00,143.75,144.4,143.0,143.7,80664
2024-01-10 08:45:00+00:00,143.7,144.4,143.2,143.8,39776
2024-01-10 08:50:00+00:00,143.65,144.05,143.1,143.85,33775
2024-01-10 08:55:00+00:00,143.95,144.0,142.55,142.7,64895
2024-01-10 09:00:00+00:00,142.7,143.0,142.15,142.25,40200
2024-01-10 09:05:00+00:00,142.25,142.95,142.0,142.5,216834
2024-01-10 09:10:00+00:00,142.7,142.9,142.5,142.55,37904
2024-01-10 09:15:00+00:00,142.55,142.75,141.0,141.75,105459
2024-01-10 09:20:00+00:00,142.0,142.0,141.05,141.4,36699
2024-01-10 09:25:00+00:00,141.4,142.5,141.2,142.25,103877
2024-01-10 09:30:00+00:00,142.25,142.9,141.6,142.55,33121
2024-01-10 09:35:00+00:00,142.6,143.75,142.5,142.7,97432
2024-01-10 09:40:00+00:00,142.7,143.0,142.15,142.5,60930
2024-01-10 09:45:00+00:00,142.5,143.45,142.4,143.0,104294
2024-01-10 09:50:00+00:00,142.8,143.85,142.8,143.35,135887
2024-01-10 09:55:00+00:00,143.35,144.15,143.2,144.15,198533
2024-01-11 03:45:00+00:00,146.8,149.45,146.8,149.15,191849
2024-01-11 03:50:00+00:00,148.9,151.15,148.1,150.8,225723
2024-01-11 03:55:00+00:00,150.65,150.85,149.1,150.35,110109
2024-01-11 04:00:00+00:00,150.5,150.9,146.5,146.7,104483
2024-01-11 04:05:00+00:00,146.7,147.0,144.45,144.85,120810
2024-01-11 04:10:00+00:00,144.85,145.15,144.1,144.5,47051
2024-01-11 04:15:00+00:00,144.3,145.2,143.55,145.1,48660
2024-01-11 04:20:00+00:00,144.9,145.05,141.25,143.8,98601
2024-01-11 04:25:00+00:00,143.8,144.9,143.65,144.3,25596
2024-01-11 04:30:00+00:00,144.3,144.6,144.0,144.2,17875
2024-01-11 04:35:00+00:00,144.2,144.9,143.9,144.0,18591
2024-01-11 04:40:00+00:00,143.8,145.1,143.7,145.1,24472
2024-01-11 04:45:00+00:00,145.0,145.2,144.8,144.85,11134
2024-01-11 04:50:00+00:00,144.85,145.1,144.6,144.95,11460
2024-01-11 04:55:00+00:00,144.95,145.0,144.55,144.85,8392
2024-01-11 05:00:00+00:00,144.9,145.25,144.65,145.0,12988
2024-01-11 05:05:00+00:00,145.0,145.3,144.95,144.95,17042
2024-01-11 05:10:00+00:00,144.95,145.0,144.8,145.0,8686
2024-01-11 05:15:00+00:00,145.0,145.05,144.85,145.0,14114
2024-01-11 05:20:00+00:00,145.0,145.1,144.8,145.05,16904
2024-01-11 05:25:00+00:00,145.05,145.05,144.8,145.0,3059
2024-01-11 05:30:00+00:00,145.0,145.0,144.8,144.9,8509
2024-01-11 05:35:00+00:00,144.9,145.0,144.8,145.0,4210
2024-01-11 05:40:00+00:00,145.0,145.0,144.8,144.95,16740
2024-01-11 05:45:00+00:00,144.95,147.45,144.9,146.85,49327
2024-01-11 05:50:00+00:00,146.65,146.65,144.5,144.65,30551
2024-01-11 05:55:00+00:00,144.65,145.0,144.65,145.0,20280
2024-01-11 06:00:00+00:00,145.0,145.0,144.7,145.0,21409
2024-01-11 06:05:00+00:00,145.0,145.0,144.75,145.0,7187
2024-01-11 06:10:00+00:00,145.0,145.0,144.75,145.0,13334
2024-01-11 06:15:00+00:00,145.0,145.0,144.8,145.0,11190
2024-01-11 06:20:00+00:00,145.0,145.1,144.8,145.0,33813
2024-01-11 06:25:00+00:00,145.0,145.0,144.8,144.95,62598
2024-01-11 06:30:00+00:00,144.95,145.0,144.85,144.85,2875
2024-01-11 06:35:00+00:00,144.85,145.0,144.85,144.95,4954
2024-01-11 06:40:00+00:00,144.95,145.0,144.8,144.85,15496
2024-01-11 06:45:00+00:00,145.0,145.0,143.9,144.0,24954
2024-01-11 06:50:00+00:00,144.0,145.0,143.85,145.0,13216
2024-01-11 06:55:00+00:00,145.0,145.0,144.8,144.9,3245
2024-01-11 07:00:00+00:00,144.9,145.0,144.9,144.9,4100
2024-01-11 07:05:00+00:00,145.0,145.0,144.05,144.8,19007
2024-01-11 07:10:00+00:00,144.8,145.0,144.05,144.6,10126
2024-01-11 07:15:00+00:00,144.6,144.95,144.45,144.8,2733
2024-01-11 07:20:00+00:00,144.8,145.0,144.45,144.6,8232
2024-01-11 07:25:00+00:00,144.6,144.9,144.6,144.7,2894
2024-01-11 07:30:00+00:00,144.7,145.0,144.55,144.95,11151
2024-01-11 07:35:00+00:00,144.95,145.0,144.75,144.8,1341
2024-01-11 07:40:00+00:00,144.8,145.0,144.65,145.0,3885
2024-01-11 07:45:00+00:00,144.95,145.0,144.8,144.9,6809
2024-01-11 07:50:00+00:00,144.9,145.0,144.65,144.8,6366
2024-01-11 07:55:00+00:00,144.8,145.0,144.7,145.0,29880
2024-01-11 08:00:00+00:00,145.0,146.5,144.85,146.4,29588
2024-01-11 08:05:00+00:00,146.4,146.9,146.05,146.05,38542
2024-01-11 08:10:00+00:00,146.05,147.6,144.7,145.1,171100
2024-01-11 08:15:00+00:00,145.2,145.5,144.9,145.0,36423
2024-01-11 08:20:00+00:00,145.0,145.0,144.8,145.0,5971
2024-01-11 08:25:00+00:00,145.0,145.2,144.85,144.85,11981
2024-01-11 08:30:00+00:00,144.85,145.2,144.85,145.0,11915
2024-01-11 08:35:00+00:00,145.0,145.25,144.8,145.0,14990
2024-01-11 08:40:00+00:00,145.0,145.0,144.05,144.05,23705
2024-01-11 08:45:00+00:00,144.55,144.75,144.0,144.75,14331
2024-01-11 08:50:00+00:00,144.75,145.0,144.7,144.9,7171
2024-01-11 08:55:00+00:00,144.9,145.0,144.9,145.0,11028
2024-01-11 09:00:00+00:00,145.0,145.0,144.95,144.95,5487
2024-01-11 09:05:00+00:00,144.95,145.1,144.9,145.1,12638
2024-01-11 09:10:00+00:00,145.0,145.1,144.9,145.0,40678
2024-01-11 09:15:00+00:00,145.0,145.1,144.85,145.0,25529
2024-01-11 09:20:00+00:00,145.0,146.0,144.95,145.25,92886
2024-01-11 09:25:00+00:00,145.55,145.6,144.45,145.0,82338
2024-01-11 09:30:00+00:00,144.7,145.0,144.65,144.85,10830
2024-01-11 09:35:00+00:00,144.85,144.9,144.2,144.8,11851
2024-01-11 09:40:00+00:00,144.8,144.85,144.3,144.75,51954
2024-01-11 09:45:00+00:00,144.75,144.75,143.9,144.65,38638
2024-01-11 09:50:00+00:00,144.65,144.75,144.0,144.65,48127
2024-01-11 09:55:00+00:00,144.65,144.95,144.1,144.5,30002
2024-01-12 03:45:00+00:00,156.0,156.0,151.0,151.5,545042
2024-01-12 03:50:00+00:00,151.6,154.7,151.1,152.7,221788
2024-01-12 03:55:00+00:00,152.6,152.75,149.5,150.0,234933
2024-01-12 04:00:00+00:00,150.0,154.75,149.7,153.95,168572
2024-01-12 04:05:00+00:00,154.05,154.2,150.0,151.0,277982
2024-01-12 04:10:00+00:00,151.0,152.05,149.75,150.15,227794
2024-01-12 04:15:00+00:00,149.95,150.35,149.85,149.85,71714
2024-01-12 04:20:00+00:00,149.85,150.55,149.85,150.0,64060
2024-01-12 04:25:00+00:00,150.0,151.75,149.9,150.1,121399
2024-01-12 04:30:00+00:00,150.0,150.15,149.9,150.0,85830
2024-01-12 04:35:00+00:00,150.0,150.3,149.9,149.95,74438
2024-01-12 04:40:00+00:00,149.95,150.05,149.85,150.0,31789
2024-01-12 04:45:00+00:00,149.95,150.15,149.95,149.95,22350
2024-01-12 04:50:00+00:00,150.0,150.15,149.95,150.0,62367
2024-01-12 04:55:00+00:00,150.0,150.65,149.95,149.95,86629
2024-01-12 05:00:00+00:00,149.95,150.0,149.65,149.95,20100
2024-01-12 05:05:00+00:00,149.95,150.0,149.8,149.9,69843
2024-01-12 05:10:00+00:00,149.9,150.0,149.5,150.0,35841
2024-01-12 05:15:00+00:00,150.0,150.0,149.75,149.8,13359
2024-01-12 05:20:00+00:00,149.8,150.0,149.25,150.0,24989
2024-01-12 05:25:00+00:00,150.0,150.0,149.0,149.5,37294
2024-01-12 05:30:00+00:00,149.5,149.6,149.15,149.4,58737
2024-01-12 05:35:00+00:00,149.5,149.5,149.25,149.45,13724
2024-01-12 05:40:00+00:00,149.45,149.55,149.25,149.35,16621
2024-01-12 05:45:00+00:00,149.35,149.55,149.35,149.5,18120
2024-01-12 05:50:00+00:00,149.5,149.95,149.4,149.95,21477
2024-01-12 05:55:00+00:00,149.8,149.8,149.3,149.4,39110
2024-01-12 06:00:00+00:00,149.4,149.55,149.15,149.2,34073
2024-01-12 06:05:00+00:00,149.4,149.5,149.25,149.25,13129
2024-01-12 06:10:00+00:00,149.25,149.4,147.3,148.7,69262
2024-01-12 06:15:00+00:00,148.7,149.45,148.7,149.05,18479
2024-01-12 06:20:00+00:00,149.05,149.05,148.85,149.0,37455
2024-01-12 06:25:00+00:00,149.0,149.0,148.8,149.0,31278
2024-01-12 06:30:00+00:00,149.0,149.4,148.75,149.0,14019
2024-01-12 06:35:00+00:00,149.0,150.0,148.9,149.8,73310
2024-01-12 06:40:00+00:00,149.8,150.0,149.8,150.0,14676
2024-01-12 06:45:00+00:00,150.0,150.0,149.35,149.35,7614
2024-01-12 06:50:00+00:00,149.35,149.95,149.1,149.85,6787
2024-01-12 06:55:00+00:00,149.85,150.1,149.65,149.95,168608
2024-01-12 07:00:00+00:00,149.95,150.3,149.8,150.0,15776
2024-01-12 07:05:00+00:00,149.8,149.95,149.7,149.95,5899
2024-01-12 07:10:00+00:00,149.95,150.0,149.5,150.0,12901
2024-01-12 07:15:00+00:00,150.0,150.0,149.35,150.0,33838
2024-01-12 07:20:00+00:00,150.0,150.0,149.55,149.8,7893
2024-01-12 07:25:00+00:00,149.8,149.95,149.5,149.8,4920
2024-01-12 07:30:00+00:00,150.0,153.8,150.0,152.6,221179
2024-01-12 07:35:00+00:00,152.85,153.0,152.35,152.55,45911
2024-01-12 07:40:00+00:00,152.7,154.0,152.55,153.75,84664
2024-01-12 07:45:00+00:00,153.5,153.9,152.8,153.5,51259
2024-01-12 07:50:00+00:00,153.5,153.85,152.9,153.05,16359
2024-01-12 07:55:00+00:00,153.05,153.7,152.5,152.5,12195
2024-01-12 08:00:00+00:00,152.5,153.65,152.5,153.05,43913
2024-01-12 08:05:00+00:00,153.05,153.6,152.75,153.0,13674
2024-01-12 08:10:00+00:00,153.0,153.4,152.8,153.3,9245
2024-01-12 08:15:00+00:00,153.3,153.9,152.55,152.75,27100
2024-01-12 08:20:00+00:00,152.75,153.05,152.55,153.0,24053
2024-01-12 08:25:00+00:00,153.0,153.0,152.55,152.75,20528
2024-01-12 08:30:00+00:00,152.75,153.0,152.0,152.1,22491
2024-01-12 08:35:00+00:00,152.1,153.55,151.8,153.55,42941
2024-01-12 08:40:00+00:00,153.55,153.75,152.05,152.15,31970
2024-01-12 08:45:00+00:00,152.45,153.1,152.15,152.35,14153
2024-01-12 08:50:00+00:00,152.3,152.65,152.1,152.3,14045
2024-01-12 08:55:00+00:00,152.3,152.8,152.3,152.65,15753
2024-01-12 09:00:00+00:00,152.65,152.75,152.35,152.65,5638
2024-01-12 09:05:00+00:00,152.8,152.8,152.2,152.5,8238
2024-01-12 09:10:00+00:00,152.5,152.6,152.4,152.4,4348
2024-01-12 09:15:00+00:00,152.4,152.4,151.15,151.35,22120
2024-01-12 09:20:00+00:00,151.35,152.45,151.35,152.45,45005
2024-01-12 09:25:00+00:00,152.45,153.0,152.05,152.25,25014
2024-01-12 09:30:00+00:00,152.25,152.5,152.05,152.05,17271
2024-01-12 09:35:00+00:00,152.05,152.8,152.0,152.8,36373
2024-01-12 09:40:00+00:00,152.7,152.9,151.6,152.05,55085
2024-01-12 09:45:00+00:00,152.05,154.95,152.05,154.7,165174
2024-01-12 09:50:00+00:00,154.6,154.7,153.25,153.75,96137
2024-01-12 09:55:00+00:00,153.9,154.5,153.55,153.55,152074
2024-01-15 03:45:00+00:00,156.95,158.9,155.15,158.0,210893
2024-01-15 03:50:00+00:00,157.65,158.0,156.65,156.8,72324
2024-01-15 03:55:00+00:00,156.8,157.25,156.4,156.9,43241
2024-01-15 04:00:00+00:00,156.5,156.9,155.5,156.45,60798
2024-01-15 04:05:00+00:00,156.45,158.0,156.2,158.0,39702
2024-01-15 04:10:00+00:00,158.0,158.7,157.6,158.5,73396
2024-01-15 04:15:00+00:00,158.7,158.8,158.3,158.75,54085
2024-01-15 04:20:00+00:00,158.8,159.45,156.7,157.35,101512
2024-01-15 04:25:00+00:00,157.35,157.45,156.15,156.4,37694
2024-01-15 04:30:00+00:00,156.7,156.7,155.0,156.5,57020
2024-01-15 04:35:00+00:00,156.5,159.0,156.1,159.0,74160
2024-01-15 04:40:00+00:00,159.0,159.25,158.0,158.6,151969
2024-01-15 04:45:00+00:00,158.6,158.6,156.05,157.0,78485
2024-01-15 04:50:00+00:00,157.0,158.35,157.0,158.25,18090
2024-01-15 04:55:00+00:00,158.25,158.6,157.0,157.45,17988
2024-01-15 05:00:00+00:00,157.7,157.95,156.75,157.65,25101
2024-01-15 05:05:00+00:00,157.65,157.65,157.1,157.2,8907
2024-01-15 05:10:00+00:00,157.2,157.45,157.2,157.4,3755
2024-01-15 05:15:00+00:00,157.25,157.65,156.75,156.95,17096
2024-01-15 05:20:00+00:00,156.95,156.95,156.1,156.45,22806
2024-01-15 05:25:00+00:00,156.45,156.7,156.3,156.55,14852
2024-01-15 05:30:00+00:00,156.35,156.65,155.75,156.0,21169
2024-01-15 05:35:00+00:00,156.0,156.5,156.0,156.0,9206
2024-01-15 05:40:00+00:00,156.0,156.45,155.45,156.2,13545
2024-01-15 05:45:00+00:00,156.2,156.8,156.1,156.8,7957
2024-01-15 05:50:00+00:00,156.8,157.8,156.75,157.8,17654
2024-01-15 05:55:00+00:00,157.8,158.7,157.7,158.7,24010
2024-01-15 06:00:00+00:00,158.7,158.7,158.3,158.5,34681
2024-01-15 06:05:00+00:00,158.3,158.5,158.0,158.5,16663
2024-01-15 06:10:00+00:00,158.5,158.75,158.1,158.7,13700
2024-01-15 06:15:00+00:00,158.7,159.0,157.6,157.85,38399
2024-01-15 06:20:00+00:00,157.85,158.0,157.3,157.7,12934
2024-01-15 06:25:00+00:00,157.7,157.95,156.75,156.75,18575
2024-01-15 06:30:00+00:00,156.75,158.5,156.75,157.0,23391
2024-01-15 06:35:00+00:00,157.0,158.1,156.85,158.1,6393
2024-01-15 06:40:00+00:00,158.1,158.2,157.9,158.2,5607
2024-01-15 06:45:00+00:00,158.2,158.5,157.9,158.5,4360
2024-01-15 06:50:00+00:00,158.45,158.6,158.1,158.6,8302
2024-01-15 06:55:00+00:00,158.6,159.5,158.0,158.0,27214
2024-01-15 07:00:00+00:00,158.0,159.5,157.9,158.75,31047
2024-01-15 07:05:00+00:00,158.75,159.5,158.75,159.15,20746
2024-01-15 07:10:00+00:00,159.15,159.9,159.0,159.9,150163
2024-01-15 07:15:00+00:00,160.0,161.9,159.8,161.55,273727
2024-01-15 07:20:00+00:00,161.4,162.15,161.0,161.85,125311
2024-01-15 07:25:00+00:00,161.85,162.15,161.15,161.8,32453
2024-01-15 07:30:00+00:00,161.8,161.8,160.5,160.8,33574
2024-01-15 07:35:00+00:00,160.95,161.0,160.25,160.9,23275
2024-01-15 07:40:00+00:00,160.9,161.0,160.5,161.0,20502
2024-01-15 07:45:00+00:00,161.0,163.7,161.0,163.35,115884
2024-01-15 07:50:00+00:00,163.35,163.9,163.3,163.5,76852
2024-01-15 07:55:00+00:00,163.5,163.8,163.0,163.5,48743
2024-01-15 08:00:00+00:00,163.5,163.85,162.9,162.9,42328
2024-01-15 08:05:00+00:00,163.2,164.3,161.55,164.05,88467
2024-01-15 08:10:00+00:00,164.2,166.5,163.8,166.0,273497
2024-01-15 08:15:00+00:00,165.65,167.65,165.2,167.2,131510
2024-01-15 08:20:00+00:00,167.2,167.4,165.15,166.55,78179
2024-01-15 08:25:00+00:00,166.55,166.9,165.0,166.2,49188
2024-01-15 08:30:00+00:00,166.25,166.6,165.35,166.25,22918
2024-01-15 08:35:00+00:00,166.0,166.45,165.6,165.7,22262
2024-01-15 08:40:00+00:00,165.7,165.75,165.05,165.35,19174
2024-01-15 08:45:00+00:00,165.35,168.0,165.1,167.65,125028
2024-01-15 08:50:00+00:00,167.7,168.85,167.7,168.55,108657
2024-01-15 08:55:00+00:00,168.55,168.85,165.45,166.75,50392
2024-01-15 09:00:00+00:00,166.75,166.9,166.5,166.65,35267
2024-01-15 09:05:00+00:00,166.75,168.7,166.65,168.7,40680
2024-01-15 09:10:00+00:00,168.45,169.4,167.55,168.05,105770
2024-01-15 09:15:00+00:00,168.1,168.4,167.0,167.55,42131
2024-01-15 09:20:00+00:00,167.55,168.75,167.5,167.5,51078
2024-01-15 09:25:00+00:00,167.5,167.8,166.65,167.0,63980
2024-01-15 09:30:00+00:00,167.05,167.05,164.55,164.7,60249
2024-01-15 09:35:00+00:00,164.5,165.85,164.3,164.75,51449
2024-01-15 09:40:00+00:00,164.8,165.6,164.0,165.5,50677
2024-01-15 09:45:00+00:00,165.45,166.0,164.05,164.1,42119
2024-01-15 09:50:00+00:00,164.45,164.95,163.9,164.7,52571
2024-01-15 09:55:00+00:00,164.7,165.0,164.45,165.0,66267
2024-01-16 03:45:00+00:00,166.6,169.5,166.05,168.9,171863
2024-01-16 03:50:00+00:00,168.9,169.85,168.0,169.6,133578
2024-01-16 03:55:00+00:00,169.7,172.0,169.15,171.45,206237
2024-01-16 04:00:00+00:00,171.3,172.0,170.0,171.0,130891
2024-01-16 04:05:00+00:00,170.95,171.1,167.1,167.55,121217
2024-01-16 04:10:00+00:00,167.55,169.95,167.25,169.8,57775
2024-01-16 04:15:00+00:00,169.85,171.8,169.45,171.45,64998
2024-01-16 04:20:00+00:00,171.05,171.7,168.85,169.45,64924
2024-01-16 04:25:00+00:00,169.45,170.0,167.25,169.85,63083
2024-01-16 04:30:00+00:00,169.55,169.65,168.0,168.8,21472
2024-01-16 04:35:00+00:00,168.8,169.5,168.5,169.3,19872
2024-01-16 04:40:00+00:00,169.6,169.8,168.5,169.15,30237
2024-01-16 04:45:00+00:00,169.15,169.35,166.5,167.9,59765
2024-01-16 04:50:00+00:00,167.9,168.0,164.8,165.0,83772
2024-01-16 04:55:00+00:00,165.05,166.9,163.95,166.45,53713
2024-01-16 05:00:00+00:00,166.4,166.4,165.0,166.15,19091
2024-01-16 05:05:00+00:00,166.15,167.0,165.65,166.55,18624
2024-01-16 05:10:00+00:00,166.55,167.0,166.5,167.0,23756
2024-01-16 05:15:00+00:00,167.0,167.8,166.8,167.8,13887
2024-01-16 05:20:00+00:00,167.75,168.0,166.9,166.9,23088
2024-01-16 05:25:00+00:00,166.9,167.6,166.5,167.05,13142
2024-01-16 05:30:00+00:00,167.05,167.35,166.5,166.7,7110
2024-01-16 05:35:00+00:00,166.7,166.7,165.6,165.8,18785
2024-01-16 05:40:00+00:00,165.6,166.0,165.3,165.85,22256
2024-01-16 05:45:00+00:00,165.35,165.85,164.5,165.1,31746
2024-01-16 05:50:00+00:00,165.1,166.95,164.55,166.5,23645
2024-01-16 05:55:00+00:00,166.5,167.05,166.5,166.65,14002
2024-01-16 06:00:00+00:00,166.65,167.1,166.0,166.7,21600
2024-01-16 06:05:00+00:00,166.7,167.05,166.7,166.95,3117
2024-01-16 06:10:00+00:00,167.05,167.9,167.0,167.1,9793
2024-01-16 06:15:00+00:00,167.1,167.8,166.9,167.3,10104
2024-01-16 06:20:00+00:00,167.3,167.3,165.7,165.8,18713
2024-01-16 06:25:00+00:00,166.15,166.4,165.35,166.2,15286
2024-01-16 06:30:00+00:00,166.2,166.5,165.5,166.5,6633
2024-01-16 06:35:00+00:00,166.5,166.5,164.55,164.75,30622
2024-01-16 06:40:00+00:00,164.75,164.95,164.1,164.2,27356
2024-01-16 06:45:00+00:00,164.2,165.0,164.1,164.9,22455
2024-01-16 06:50:00+00:00,164.65,166.45,164.2,166.05,16408
2024-01-16 06:55:00+00:00,166.05,166.5,166.05,166.25,10240
2024-01-16 07:00:00+00:00,166.25,167.0,166.25,167.0,11673
2024-01-16 07:05:00+00:00,166.6,167.0,164.4,164.8,30940
2024-01-16 07:10:00+00:00,164.8,165.0,163.9,164.05,45510
2024-01-16 07:15:00+00:00,164.05,164.2,161.0,161.0,67742
2024-01-16 07:20:00+00:00,160.9,162.0,160.2,161.9,59858
2024-01-16 07:25:00+00:00,161.85,161.95,161.0,161.6,36224
2024-01-16 07:30:00+00:00,161.6,162.3,157.2,158.0,105662
2024-01-16 07:35:00+00:00,157.95,159.4,157.95,158.15,44783
2024-01-16 07:40:00+00:00,158.6,159.3,157.0,157.95,48076
2024-01-16 07:45:00+00:00,158.0,159.95,157.5,159.0,43864
2024-01-16 07:50:00+00:00,159.0,160.7,158.5,159.0,23876
2024-01-16 07:55:00+00:00,159.0,160.0,158.1,160.0,31074
2024-01-16 08:00:00+00:00,160.0,160.0,158.85,159.0,24333
2024-01-16 08:05:00+00:00,158.9,159.4,157.75,158.25,26547
2024-01-16 08:10:00+00:00,158.25,161.0,157.75,160.95,50414
2024-01-16 08:15:00+00:00,160.8,162.6,160.2,162.0,44189
2024-01-16 08:20:00+00:00,162.0,162.0,161.6,162.0,40425
2024-01-16 08:25:00+00:00,162.0,162.65,161.8,162.25,18288
2024-01-16 08:30:00+00:00,162.25,162.5,162.0,162.25,7328
2024-01-16 08:35:00+00:00,162.25,162.3,161.7,161.85,9070
2024-01-16 08:40:00+00:00,161.85,162.4,160.95,162.4,29308
2024-01-16 08:45:00+00:00,162.4,162.5,161.45,161.7,10482
2024-01-16 08:50:00+00:00,161.7,161.8,159.85,160.0,29656
2024-01-16 08:55:00+00:00,160.0,162.1,159.75,161.55,14969
2024-01-16 09:00:00+00:00,161.55,161.9,160.45,161.0,16093
2024-01-16 09:05:00+00:00,161.0,161.0,159.55,160.4,25099
2024-01-16 09:10:00+00:00,160.65,161.0,160.6,161.0,21302
2024-01-16 09:15:00+00:00,161.35,162.4,161.3,162.0,10878
2024-01-16 09:20:00+00:00,162.0,164.0,162.0,164.0,30972
2024-01-16 09:25:00+00:00,164.0,164.65,163.45,163.8,23569
2024-01-16 09:30:00+00:00,163.8,164.7,163.35,163.7,22972
2024-01-16 09:35:00+00:00,163.5,163.5,162.4,162.45,10002
2024-01-16 09:40:00+00:00,162.45,163.7,162.4,163.1,16382
2024-01-16 09:45:00+00:00,163.1,163.5,162.5,162.95,15086
2024-01-16 09:50:00+00:00,162.9,163.0,161.85,161.85,23806
2024-01-16 09:55:00+00:00,162.0,162.7,161.7,162.4,51580
2024-01-17 03:45:00+00:00,159.85,162.0,158.05,161.5,110730
2024-01-17 03:50:00+00:00,161.7,166.0,161.5,164.65,141111
2024-01-17 03:55:00+00:00,164.4,164.95,162.0,162.5,50372
2024-01-17 04:00:00+00:00,162.6,167.65,162.15,167.65,92349
2024-01-17 04:05:00+00:00,167.35,167.7,165.95,167.0,99817
2024-01-17 04:10:00+00:00,167.0,167.6,166.0,167.0,60344
2024-01-17 04:15:00+00:00,167.0,167.5,167.0,167.5,73116
2024-01-17 04:20:00+00:00,167.5,167.65,167.0,167.2,44814
2024-01-17 04:25:00+00:00,167.2,167.65,165.0,167.4,45337
2024-01-17 04:30:00+00:00,167.4,168.0,166.5,166.75,116074
2024-01-17 04:35:00+00:00,166.75,167.0,165.45,166.55,25556
2024-01-17 04:40:00+00:00,166.9,167.0,166.2,167.0,14479
2024-01-17 04:45:00+00:00,167.0,167.0,166.15,166.75,10149
2024-01-17 04:50:00+00:00,166.6,166.6,165.6,165.9,13669
2024-01-17 04:55:00+00:00,165.9,165.95,164.85,165.25,23929
2024-01-17 05:00:00+00:00,165.25,166.0,165.1,165.8,4218
2024-01-17 05:05:00+00:00,166.0,167.0,164.65,165.45,15875
2024-01-17 05:10:00+00:00,165.45,165.45,164.25,164.55,35617
2024-01-17 05:15:00+00:00,164.55,165.7,164.55,165.25,11056
2024-01-17 05:20:00+00:00,165.25,165.25,164.4,164.8,4846
2024-01-17 05:25:00+00:00,165.0,165.2,163.0,163.45,23776
2024-01-17 05:30:00+00:00,163.45,165.25,163.45,164.8,11846
2024-01-17 05:35:00+00:00,164.95,165.0,164.25,165.0,10105
2024-01-17 05:40:00+00:00,165.0,165.0,164.1,164.65,5146
2024-01-17 05:45:00+00:00,165.0,165.3,164.65,165.3,3453
2024-01-17 05:50:00+00:00,165.3,165.75,165.3,165.75,5312
2024-01-17 05:55:00+00:00,165.7,166.0,165.45,165.9,8998
2024-01-17 06:00:00+00:00,166.0,166.05,165.55,165.7,3760
2024-01-17 06:05:00+00:00,165.7,166.4,165.15,165.25,11685
2024-01-17 06:10:00+00:00,164.95,165.45,163.95,165.2,14487
2024-01-17 06:15:00+00:00,165.2,165.6,163.05,164.45,15948
2024-01-17 06:20:00+00:00,164.45,164.45,163.05,163.7,17537
2024-01-17 06:25:00+00:00,163.7,163.9,163.4,163.85,4454
2024-01-17 06:30:00+00:00,163.9,164.0,163.05,164.0,13828
2024-01-17 06:35:00+00:00,164.0,164.5,163.05,164.5,23511
2024-01-17 06:40:00+00:00,164.5,165.25,164.15,164.55,8564
2024-01-17 06:45:00+00:00,164.55,165.25,164.55,165.0,8448
2024-01-17 06:50:00+00:00,165.0,165.25,164.4,164.75,10563
2024-01-17 06:55:00+00:00,164.75,165.25,164.25,164.65,11312
2024-01-17 07:00:00+00:00,164.65,165.7,164.5,164.5,12493
2024-01-17 07:05:00+00:00,164.1,164.5,163.55,164.0,11972
2024-01-17 07:10:00+00:00,164.0,164.3,163.25,163.55,16232
2024-01-17 07:15:00+00:00,164.05,164.4,164.0,164.4,3614
2024-01-17 07:20:00+00:00,164.4,165.0,164.4,165.0,5757
2024-01-17 07:25:00+00:00,165.0,165.25,164.6,164.6,8329
2024-01-17 07:30:00+00:00,164.6,165.25,163.6,164.1,9008
2024-01-17 07:35:00+00:00,164.05,164.35,163.5,164.2,3733
2024-01-17 07:40:00+00:00,164.2,164.2,163.4,163.55,15235
2024-01-17 07:45:00+00:00,163.55,164.0,163.5,163.85,4273
2024-01-17 07:50:00+00:00,163.85,164.0,163.6,163.8,2042
2024-01-17 07:55:00+00:00,163.8,164.05,163.5,163.5,5864
2024-01-17 08:00:00+00:00,163.5,163.95,163.45,163.6,6153
2024-01-17 08:05:00+00:00,163.65,163.95,163.65,163.7,2279
2024-01-17 08:10:00+00:00,163.6,164.2,163.6,164.2,4927
2024-01-17 08:15:00+00:00,164.45,164.8,164.25,164.8,5832
2024-01-17 08:20:00+00:00,164.8,165.25,164.2,164.45,14485
2024-01-17 08:25:00+00:00,164.45,165.75,164.45,165.45,7368
2024-01-17 08:30:00+00:00,165.45,165.85,165.3,165.7,6418
2024-01-17 08:35:00+00:00,165.75,165.75,164.75,164.8,9797
2024-01-17 08:40:00+00:00,164.8,165.3,163.6,164.4,16427
2024-01-17 08:45:00+00:00,164.4,165.0,164.4,164.95,8224
2024-01-17 08:50:00+00:00,164.95,164.95,163.5,163.5,14690
2024-01-17 08:55:00+00:00,163.95,164.0,163.85,164.0,11358
2024-01-17 09:00:00+00:00,163.95,164.0,163.1,164.0,8942
2024-01-17 09:05:00+00:00,164.0,164.0,163.6,163.9,6710
2024-01-17 09:10:00+00:00,163.9,163.95,163.6,163.6,17163
2024-01-17 09:15:00+00:00,163.6,163.9,163.0,163.35,25940
2024-01-17 09:20:00+00:00,163.2,163.35,162.5,163.3,30481
2024-01-17 09:25:00+00:00,163.3,163.35,163.05,163.15,9638
2024-01-17 09:30:00+00:00,163.15,163.35,162.5,163.0,19609
2024-01-17 09:35:00+00:00,163.0,163.0,162.45,162.7,15810
2024-01-17 09:40:00+00:00,162.7,163.25,162.6,163.0,38587
2024-01-17 09:45:00+00:00,163.0,163.2,162.8,163.15,51587
2024-01-17 09:50:00+00:00,163.15,163.15,162.5,163.0,34535
2024-01-17 09:55:00+00:00,162.8,163.05,162.5,163.05,61439
2024-01-18 03:45:00+00:00,165.3,168.6,164.4,166.5,121725
2024-01-18 03:50:00+00:00,166.5,167.5,166.2,166.5,45148
2024-01-18 03:55:00+00:00,166.6,166.7,165.0,166.0,34959
2024-01-18 04:00:00+00:00,165.65,166.0,164.6,165.25,22563
2024-01-18 04:05:00+00:00,165.25,165.25,162.3,163.05,38488
2024-01-18 04:10:00+00:00,163.05,163.9,162.0,163.55,24677
2024-01-18 04:15:00+00:00,163.8,164.0,163.05,163.75,32232
2024-01-18 04:20:00+00:00,163.75,163.75,158.8,159.7,82479
2024-01-18 04:25:00+00:00,160.0,160.5,158.2,160.1,44829
2024-01-18 04:30:00+00:00,160.1,163.3,160.1,162.75,45441
2024-01-18 04:35:00+00:00,162.75,163.7,161.9,162.5,48404
2024-01-18 04:40:00+00:00,162.5,162.5,161.0,162.45,31867
2024-01-18 04:45:00+00:00,162.45,162.5,162.0,162.5,10164
2024-01-18 04:50:00+00:00,162.5,164.35,162.25,163.9,18519
2024-01-18 04:55:00+00:00,163.3,164.3,163.3,163.8,18176
2024-01-18 05:00:00+00:00,163.85,165.4,163.85,165.0,39252
2024-01-18 05:05:00+00:00,165.0,167.0,165.0,166.9,47482
2024-01-18 05:10:00+00:00,166.9,167.0,166.05,167.0,44719
2024-01-18 05:15:00+00:00,167.0,167.0,166.0,166.35,19157
2024-01-18 05:20:00+00:00,166.35,167.0,165.45,166.35,33395
2024-01-18 05:25:00+00:00,166.35,166.35,165.6,166.25,9969
2024-01-18 05:30:00+00:00,166.25,166.25,165.0,165.0,16910
2024-01-18 05:35:00+00:00,165.75,166.3,165.7,166.3,16430
2024-01-18 05:40:00+00:00,166.35,166.4,165.3,165.65,16327
2024-01-18 05:45:00+00:00,165.65,166.6,165.65,166.5,5035
2024-01-18 05:50:00+00:00,166.5,166.95,166.2,166.95,15167
2024-01-18 05:55:00+00:00,166.95,167.6,166.7,167.6,21333
2024-01-18 06:00:00+00:00,167.4,169.5,167.4,169.45,75839
2024-01-18 06:05:00+00:00,169.35,170.0,168.5,169.0,84966
2024-01-18 06:10:00+00:00,168.7,169.0,167.3,168.1,34112
2024-01-18 06:15:00+00:00,168.35,170.45,168.3,170.45,64999
2024-01-18 06:20:00+00:00,170.5,175.0,170.45,173.95,435687
2024-01-18 06:25:00+00:00,173.8,174.0,171.25,173.9,83759
2024-01-18 06:30:00+00:00,173.6,174.9,172.6,174.5,100383
2024-01-18 06:35:00+00:00,174.35,175.95,173.85,175.6,176974
2024-01-18 06:40:00+00:00,175.6,176.0,174.75,175.0,84562
2024-01-18 06:45:00+00:00,175.0,175.9,172.5,173.7,52900
2024-01-18 06:50:00+00:00,173.45,173.95,172.55,173.05,56831
2024-01-18 06:55:00+00:00,173.05,173.85,172.6,173.0,15585
2024-01-18 07:00:00+00:00,172.6,174.3,171.85,174.3,62047
2024-01-18 07:05:00+00:00,174.3,174.35,172.4,173.1,31742
2024-01-18 07:10:00+00:00,173.1,174.6,173.05,173.7,25837
2024-01-18 07:15:00+00:00,173.7,174.25,171.6,172.0,47166
2024-01-18 07:20:00+00:00,172.35,173.4,172.0,173.35,25434
2024-01-18 07:25:00+00:00,173.35,174.0,172.5,172.5,12547
2024-01-18 07:30:00+00:00,172.65,172.75,170.05,170.5,42458
2024-01-18 07:35:00+00:00,170.5,171.45,170.5,171.0,17357
2024-01-18 07:40:00+00:00,171.0,171.45,170.75,171.2,13045
2024-01-18 07:45:00+00:00,171.35,172.0,171.0,172.0,8447
2024-01-18 07:50:00+00:00,172.0,173.25,171.85,173.0,11283
2024-01-18 07:55:00+00:00,173.0,173.7,172.6,173.5,22742
2024-01-18 08:00:00+00:00,173.5,173.9,173.0,173.5,7597
2024-01-18 08:05:00+00:00,173.5,174.9,173.5,174.85,40966
2024-01-18 08:10:00+00:00,174.6,175.5,174.05,175.0,60920
2024-01-18 08:15:00+00:00,175.2,175.8,174.1,174.7,41153
2024-01-18 08:20:00+00:00,174.7,174.7,172.35,174.5,42416
2024-01-18 08:25:00+00:00,174.5,174.9,173.8,174.1,16016
2024-01-18 08:30:00+00:00,174.1,174.5,174.0,174.05,4913
2024-01-18 08:35:00+00:00,174.05,174.35,172.95,173.65,19010
2024-01-18 08:40:00+00:00,173.5,174.0,172.95,174.0,12000
2024-01-18 08:45:00+00:00,174.0,174.35,173.25,174.05,16658
2024-01-18 08:50:00+00:00,174.05,174.6,174.05,174.5,24545
2024-01-18 08:55:00+00:00,174.5,174.75,173.1,174.0,25735
2024-01-18 09:00:00+00:00,174.0,174.0,173.1,173.25,5854
2024-01-18 09:05:00+00:00,173.25,173.6,172.85,173.6,7553
2024-01-18 09:10:00+00:00,173.6,174.0,173.5,173.5,10571
2024-01-18 09:15:00+00:00,173.5,173.9,172.1,172.15,9892
2024-01-18 09:20:00+00:00,172.15,173.55,172.15,173.55,3200
2024-01-18 09:25:00+00:00,173.45,174.5,173.05,173.4,23277
2024-01-18 09:30:00+00:00,173.4,174.65,173.25,173.5,24300
2024-01-18 09:35:00+00:00,173.5,174.7,173.0,174.55,30760
2024-01-18 09:40:00+00:00,174.55,175.5,174.5,175.5,75872
2024-01-18 09:45:00+00:00,175.5,175.5,174.8,175.4,46982
2024-01-18 09:50:00+00:00,175.5,175.85,175.0,175.85,45755
2024-01-18 09:55:00+00:00,175.85,177.0,175.6,176.95,158606
2024-01-19 03:45:00+00:00,179.45,184.7,178.25,184.0,480796
2024-01-19 03:50:00+00:00,183.5,184.7,182.2,182.55,185904
2024-01-19 03:55:00+00:00,182.6,182.6,181.0,181.95,110166
2024-01-19 04:00:00+00:00,182.0,182.0,181.35,181.75,69400
2024-01-19 04:05:00+00:00,181.75,182.35,181.5,181.85,46783
2024-01-19 04:10:00+00:00,181.85,182.95,181.85,182.3,51883
2024-01-19 04:15:00+00:00,182.5,182.65,181.05,181.45,52139
2024-01-19 04:20:00+00:00,181.45,181.5,177.5,179.6,142075
2024-01-19 04:25:00+00:00,179.9,180.2,178.65,180.0,70537
2024-01-19 04:30:00+00:00,180.0,180.3,179.1,180.0,58104
2024-01-19 04:35:00+00:00,179.8,180.1,179.55,179.95,42001
2024-01-19 04:40:00+00:00,179.95,180.0,179.5,179.8,35163
2024-01-19 04:45:00+00:00,179.8,181.45,179.8,180.9,37667
2024-01-19 04:50:00+00:00,180.9,181.9,180.7,181.4,43594
2024-01-19 04:55:00+00:00,181.5,182.9,181.45,182.4,68927
2024-01-19 05:00:00+00:00,182.4,184.8,181.75,184.4,89710
2024-01-19 05:05:00+00:00,184.4,184.8,183.0,183.0,67286
2024-01-19 05:10:00+00:00,183.0,184.8,182.75,184.7,47928
2024-01-19 05:15:00+00:00,184.7,184.75,183.2,183.6,28485
2024-01-19 05:20:00+00:00,184.0,184.5,183.5,184.0,34923
2024-01-19 05:25:00+00:00,184.0,184.1,183.55,184.0,19008
2024-01-19 05:30:00+00:00,184.0,184.1,183.0,183.25,14540
2024-01-19 05:35:00+00:00,183.25,183.25,180.75,180.9,46600
2024-01-19 05:40:00+00:00,180.95,183.5,180.95,183.05,28869
2024-01-19 05:45:00+00:00,183.1,183.5,182.65,183.0,18516
2024-01-19 05:50:00+00:00,183.0,183.0,182.65,183.0,19672
2024-01-19 05:55:00+00:00,183.0,183.4,182.75,183.25,9445
2024-01-19 06:00:00+00:00,183.25,183.9,183.1,183.9,9545
2024-01-19 06:05:00+00:00,183.95,184.0,182.4,183.75,22680
2024-01-19 06:10:00+00:00,183.75,184.0,183.5,183.95,26457
2024-01-19 06:15:00+00:00,183.95,184.0,183.55,183.7,17641
2024-01-19 06:20:00+00:00,184.2,184.25,183.3,184.05,25526
2024-01-19 06:25:00+00:00,184.05,187.0,184.05,186.7,189173
2024-01-19 06:30:00+00:00,186.55,186.9,185.75,185.75,35473
2024-01-19 06:35:00+00:00,185.75,185.75,184.2,184.7,30180
2024-01-19 06:40:00+00:00,184.7,184.95,183.3,184.25,18927
2024-01-19 06:45:00+00:00,184.25,184.35,183.3,184.25,11992
2024-01-19 06:50:00+00:00,184.35,184.45,183.15,183.45,25606
2024-01-19 06:55:00+00:00,183.45,183.9,182.55,183.6,26230
2024-01-19 07:00:00+00:00,183.9,184.95,183.6,184.45,16882
2024-01-19 07:05:00+00:00,184.45,186.9,184.3,186.55,40548
2024-01-19 07:10:00+00:00,186.55,188.0,186.55,187.0,97436
2024-01-19 07:15:00+00:00,187.0,187.6,186.05,186.4,23368
2024-01-19 07:20:00+00:00,186.4,187.3,186.4,186.45,9853
2024-01-19 07:25:00+00:00,186.45,187.0,185.85,186.5,19351
2024-01-19 07:30:00+00:00,186.5,186.5,185.4,185.4,12958
2024-01-19 07:35:00+00:00,185.4,186.5,185.4,186.3,9031
2024-01-19 07:40:00+00:00,186.3,186.85,186.0,186.7,11327
2024-01-19 07:45:00+00:00,186.7,186.7,185.5,186.5,5568
2024-01-19 07:50:00+00:00,185.5,186.95,185.5,186.0,19353
2024-01-19 07:55:00+00:00,186.0,186.0,184.25,184.55,25841
2024-01-19 08:00:00+00:00,184.55,184.9,183.2,184.85,51393
2024-01-19 08:05:00+00:00,184.85,184.9,184.0,184.9,13708
2024-01-19 08:10:00+00:00,184.9,184.9,184.55,184.85,10734
2024-01-19 08:15:00+00:00,184.85,184.85,184.15,184.3,13395
2024-01-19 08:20:00+00:00,184.45,184.75,184.0,184.7,14746
2024-01-19 08:25:00+00:00,184.7,184.75,184.0,184.0,10791
2024-01-19 08:30:00+00:00,184.25,184.4,183.1,184.1,31738
2024-01-19 08:35:00+00:00,184.1,184.5,183.6,184.05,6759
2024-01-19 08:40:00+00:00,184.05,186.0,184.05,184.25,37124
2024-01-19 08:45:00+00:00,184.25,184.75,183.4,183.5,14251
2024-01-19 08:50:00+00:00,183.5,184.15,183.5,184.15,20091
2024-01-19 08:55:00+00:00,184.1,184.8,184.1,184.8,10657
2024-01-19 09:00:00+00:00,184.8,185.0,184.05,184.4,6074
2024-01-19 09:05:00+00:00,184.7,184.75,183.3,183.85,21514
2024-01-19 09:10:00+00:00,183.85,184.35,183.5,184.25,7971
2024-01-19 09:15:00+00:00,184.25,185.2,183.5,184.95,23485
2024-01-19 09:20:00+00:00,184.95,185.5,184.1,184.95,29828
2024-01-19 09:25:00+00:00,184.95,186.65,184.5,185.65,53626
2024-01-19 09:30:00+00:00,185.95,186.8,185.7,186.8,37850
2024-01-19 09:35:00+00:00,186.8,187.5,186.5,187.5,61092
2024-01-19 09:40:00+00:00,187.7,188.5,187.0,187.25,111339
2024-01-19 09:45:00+00:00,187.8,188.25,186.65,187.75,54335
2024-01-19 09:50:00+00:00,187.75,188.0,187.0,187.65,80918
2024-01-19 09:55:00+00:00,187.95,188.5,187.5,188.3,110709
2024-01-20 03:45:00+00:00,190.35,191.0,188.3,190.95,160318
2024-01-20 03:50:00+00:00,190.95,190.95,183.3,183.6,97522
2024-01-20 03:55:00+00:00,184.2,186.7,184.0,185.2,65220
2024-01-20 04:00:00+00:00,184.9,186.8,184.5,186.7,31087
2024-01-20 04:05:00+00:00,186.7,187.85,185.8,187.7,32650
2024-01-20 04:10:00+00:00,187.9,188.4,185.0,187.45,52502
2024-01-20 04:15:00+00:00,187.5,188.4,186.25,187.45,24282
2024-01-20 04:20:00+00:00,187.5,188.5,187.5,188.0,15570
2024-01-20 04:25:00+00:00,188.25,188.5,187.8,188.2,11376
2024-01-20 04:30:00+00:00,188.2,188.7,188.0,188.25,12919
2024-01-20 04:35:00+00:00,188.25,188.85,187.75,188.65,14653
2024-01-20 04:40:00+00:00,188.65,192.0,188.65,191.6,92428
2024-01-20 04:45:00+00:00,191.85,193.0,191.55,191.55,113759
2024-01-20 04:50:00+00:00,191.55,192.9,191.3,192.0,56004
2024-01-20 04:55:00+00:00,192.0,194.0,191.55,194.0,58200
2024-01-20 05:00:00+00:00,194.0,195.0,193.55,193.7,87194
2024-01-20 05:05:00+00:00,193.7,195.6,193.7,194.65,60891
2024-01-20 05:10:00+00:00,194.5,196.0,193.7,195.75,46216
2024-01-20 05:15:00+00:00,196.0,196.45,194.35,194.5,61102
2024-01-20 05:20:00+00:00,194.5,194.65,193.5,194.15,36173
2024-01-20 05:25:00+00:00,194.15,194.95,194.05,194.45,20669
2024-01-20 05:30:00+00:00,194.45,194.7,193.0,193.5,26481
2024-01-20 05:35:00+00:00,193.2,193.4,191.7,192.4,18825
2024-01-20 05:40:00+00:00,192.4,192.6,191.0,192.05,50401
2024-01-20 05:45:00+00:00,192.05,193.6,190.7,191.95,29172
2024-01-20 05:50:00+00:00,191.95,193.0,191.55,192.95,11222
2024-01-20 05:55:00+00:00,192.95,193.5,192.5,193.0,12591
2024-01-20 06:00:00+00:00,193.45,193.5,192.6,192.9,12065
2024-01-20 06:05:00+00:00,192.65,192.95,192.5,192.9,12209
2024-01-20 06:10:00+00:00,192.75,192.95,192.5,192.5,5396
2024-01-20 06:15:00+00:00,192.5,193.65,192.5,193.25,18479
2024-01-20 06:20:00+00:00,193.0,193.45,192.65,192.7,5608
2024-01-20 06:25:00+00:00,192.7,193.0,192.5,193.0,10231
2024-01-20 06:30:00+00:00,192.55,193.0,191.75,192.95,16283
2024-01-20 06:35:00+00:00,193.0,193.0,190.65,190.95,49146
2024-01-20 06:40:00+00:00,190.95,190.95,188.0,189.8,33947
2024-01-20 06:45:00+00:00,189.8,190.0,188.85,190.0,27453
2024-01-20 06:50:00+00:00,190.0,190.0,189.5,189.85,7116
2024-01-20 06:55:00+00:00,190.0,191.0,189.15,189.85,33488
2024-01-20 07:00:00+00:00,189.85,190.0,189.0,189.9,12639
2024-01-20 07:05:00+00:00,189.9,191.0,187.55,189.8,28517
2024-01-20 07:10:00+00:00,189.55,189.95,187.5,188.85,17784
2024-01-20 07:15:00+00:00,188.85,189.9,188.4,189.2,6037
2024-01-20 07:20:00+00:00,189.2,189.95,189.2,189.55,4633
2024-01-20 07:25:00+00:00,189.55,190.7,189.5,190.2,4554
2024-01-20 07:30:00+00:00,190.65,190.65,189.15,190.25,9786
2024-01-20 07:35:00+00:00,190.25,190.4,189.5,189.95,7140
2024-01-20 07:40:00+00:00,189.95,190.4,189.9,190.3,4592
2024-01-20 07:45:00+00:00,190.35,190.5,189.9,190.25,3510
2024-01-20 07:50:00+00:00,190.5,191.45,190.25,191.2,20333
2024-01-20 07:55:00+00:00,191.2,191.5,190.5,190.95,7231
2024-01-20 08:00:00+00:00,190.95,192.4,190.65,191.5,14034
2024-01-20 08:05:00+00:00,191.5,192.75,191.4,192.45,9327
2024-01-20 08:10:00+00:00,192.45,192.8,192.0,192.5,9833
2024-01-20 08:15:00+00:00,192.5,192.5,190.95,190.95,9722
2024-01-20 08:20:00+00:00,189.95,190.6,189.35,190.6,19392
2024-01-20 08:25:00+00:00,190.6,191.0,189.6,189.75,19166
2024-01-20 08:30:00+00:00,190.0,190.0,189.65,190.0,6387
2024-01-20 08:35:00+00:00,190.0,190.0,189.6,189.95,15232
2024-01-20 08:40:00+00:00,189.95,190.0,189.6,189.6,6457
2024-01-20 08:45:00+00:00,189.6,190.8,189.6,189.95,16890
2024-01-20 08:50:00+00:00,189.9,190.0,189.85,189.85,6499
2024-01-20 08:55:00+00:00,189.85,189.95,189.65,189.95,8765
2024-01-20 09:00:00+00:00,189.95,189.95,189.75,189.9,3221
2024-01-20 09:05:00+00:00,189.9,190.0,189.5,189.5,13588
2024-01-20 09:10:00+00:00,189.5,189.5,188.5,188.85,23451
2024-01-20 09:15:00+00:00,188.85,189.0,188.5,188.95,4945
2024-01-20 09:20:00+00:00,188.95,188.95,188.5,188.95,10875
2024-01-20 09:25:00+00:00,188.95,189.0,188.5,189.0,5636
2024-01-20 09:30:00+00:00,189.0,189.0,188.0,188.2,24506
2024-01-20 09:35:00+00:00,188.2,188.45,186.4,186.85,39327
2024-01-20 09:40:00+00:00,186.1,187.2,186.1,186.55,56910
2024-01-20 09:45:00+00:00,186.55,187.0,186.0,186.3,42493
2024-01-20 09:50:00+00:00,186.3,187.9,186.3,187.8,27893
2024-01-20 09:55:00+00:00,187.8,187.8,186.7,187.0,44234
2024-01-23 03:45:00+00:00,189.0,194.7,189.0,190.3,107025
2024-01-23 03:50:00+00:00,190.5,190.9,187.5,188.3,65246
2024-01-23 03:55:00+00:00,188.55,188.65,185.3,186.0,66429
2024-01-23 04:00:00+00:00,184.0,187.25,181.25,185.8,60188
2024-01-23 04:05:00+00:00,185.35,185.9,183.0,184.05,32878
2024-01-23 04:10:00+00:00,184.05,186.0,183.0,185.95,27577
2024-01-23 04:15:00+00:00,185.95,186.95,185.55,186.9,20111
2024-01-23 04:20:00+00:00,186.9,187.4,186.1,186.7,16432
2024-01-23 04:25:00+00:00,186.7,187.0,184.0,184.15,17367
2024-01-23 04:30:00+00:00,184.15,184.15,180.0,183.0,58899
2024-01-23 04:35:00+00:00,183.0,183.4,181.1,181.35,40987
2024-01-23 04:40:00+00:00,181.1,183.1,181.0,183.1,16617
2024-01-23 04:45:00+00:00,183.1,184.75,182.65,183.65,17364
2024-01-23 04:50:00+00:00,183.45,184.6,182.8,183.65,14714
2024-01-23 04:55:00+00:00,183.65,184.05,181.0,182.1,42995
2024-01-23 05:00:00+00:00,182.2,182.2,180.25,181.4,46608
2024-01-23 05:05:00+00:00,181.2,181.6,180.1,181.0,15115
2024-01-23 05:10:00+00:00,181.0,181.0,178.5,179.15,29085
2024-01-23 05:15:00+00:00,178.85,179.35,177.0,178.9,52950
2024-01-23 05:20:00+00:00,178.9,179.95,177.3,179.5,29269
2024-01-23 05:25:00+00:00,179.5,180.7,179.5,180.45,24160
2024-01-23 05:30:00+00:00,180.45,181.0,180.0,180.1,11005
2024-01-23 05:35:00+00:00,180.4,180.8,178.6,179.95,20638
2024-01-23 05:40:00+00:00,179.55,180.9,179.4,180.9,5869
2024-01-23 05:45:00+00:00,180.9,182.0,180.85,181.5,12106
2024-01-23 05:50:00+00:00,181.5,183.55,181.2,183.0,29994
2024-01-23 05:55:00+00:00,183.0,184.0,183.0,183.05,17217
2024-01-23 06:00:00+00:00,183.05,184.1,182.55,182.9,19459
2024-01-23 06:05:00+00:00,182.9,183.1,182.15,182.3,14819
2024-01-23 06:10:00+00:00,182.3,182.3,180.25,180.4,11342
2024-01-23 06:15:00+00:00,180.4,181.2,180.0,180.6,12675
2024-01-23 06:20:00+00:00,180.55,180.85,180.2,180.5,7995
2024-01-23 06:25:00+00:00,180.5,180.7,179.85,180.5,15260
2024-01-23 06:30:00+00:00,180.5,181.05,179.9,180.7,8703
2024-01-23 06:35:00+00:00,180.55,181.2,177.15,177.25,36182
2024-01-23 06:40:00+00:00,177.15,178.15,176.5,177.45,45490
2024-01-23 06:45:00+00:00,177.45,178.95,177.0,178.35,27049
2024-01-23 06:50:00+00:00,178.9,178.9,176.8,178.0,26321
2024-01-23 06:55:00+00:00,178.0,178.45,177.65,178.1,7052
2024-01-23 07:00:00+00:00,178.1,178.85,177.75,178.8,10687
2024-01-23 07:05:00+00:00,178.8,179.0,178.15,178.9,13345
2024-01-23 07:10:00+00:00,179.0,180.3,178.75,180.0,17162
2024-01-23 07:15:00+00:00,180.3,180.9,180.0,180.4,18493
2024-01-23 07:20:00+00:00,180.4,180.8,180.15,180.75,6380
2024-01-23 07:25:00+00:00,180.75,180.75,180.0,180.35,8507
2024-01-23 07:30:00+00:00,180.35,180.5,180.0,180.4,7242
2024-01-23 07:35:00+00:00,180.4,180.65,180.0,180.1,3192
2024-01-23 07:40:00+00:00,180.1,180.55,180.0,180.35,5179
2024-01-23 07:45:00+00:00,180.0,180.5,180.0,180.0,4288
2024-01-23 07:50:00+00:00,180.0,181.0,180.0,181.0,8021
2024-01-23 07:55:00+00:00,180.95,181.65,180.95,181.35,6765
2024-01-23 08:00:00+00:00,181.35,181.35,180.2,180.2,7905
2024-01-23 08:05:00+00:00,180.2,181.4,180.2,181.05,4266
2024-01-23 08:10:00+00:00,181.05,181.4,181.05,181.4,7081
2024-01-23 08:15:00+00:00,181.35,181.95,181.35,181.5,7087
2024-01-23 08:20:00+00:00,181.85,182.0,181.05,181.45,18364
2024-01-23 08:25:00+00:00,181.45,181.5,181.0,181.35,3104
2024-01-23 08:30:00+00:00,181.35,181.45,181.0,181.05,3596
2024-01-23 08:35:00+00:00,181.0,181.05,180.2,180.6,4996
2024-01-23 08:40:00+00:00,180.6,181.2,180.1,180.65,8131
2024-01-23 08:45:00+00:00,180.65,181.05,180.0,181.0,8176
2024-01-23 08:50:00+00:00,181.0,181.0,179.0,179.0,29587
2024-01-23 08:55:00+00:00,179.15,179.5,179.0,179.1,19835
2024-01-23 09:00:00+00:00,179.1,179.5,177.1,177.25,24765
2024-01-23 09:05:00+00:00,177.25,177.5,177.0,177.0,32247
2024-01-23 09:10:00+00:00,177.0,177.15,175.1,175.45,40198
2024-01-23 09:15:00+00:00,175.45,178.15,175.0,177.95,23269
2024-01-23 09:20:00+00:00,178.2,179.0,177.5,177.65,29515
2024-01-23 09:25:00+00:00,177.65,178.4,177.0,177.5,7110
2024-01-23 09:30:00+00:00,177.5,177.5,176.15,176.4,13942
2024-01-23 09:35:00+00:00,176.55,177.0,176.2,176.9,16812
2024-01-23 09:40:00+00:00,176.9,177.0,176.7,176.75,9271
2024-01-23 09:45:00+00:00,176.75,177.15,176.5,176.7,22809
2024-01-23 09:50:00+00:00,176.75,178.25,176.55,177.55,16222
2024-01-23 09:55:00+00:00,177.55,177.95,177.0,177.5,36424
2024-01-24 03:45:00+00:00,177.8,182.8,173.65,177.0,68090
2024-01-24 03:50:00+00:00,176.05,182.65,174.1,182.5,55235
2024-01-24 03:55:00+00:00,182.55,182.9,179.65,181.8,40555
2024-01-24 04:00:00+00:00,181.95,182.5,180.9,182.0,26151
2024-01-24 04:05:00+00:00,181.95,182.0,179.05,180.0,29767
2024-01-24 04:10:00+00:00,180.0,181.15,180.0,180.35,8759
2024-01-24 04:15:00+00:00,180.35,180.5,179.7,180.0,21491
2024-01-24 04:20:00+00:00,180.0,180.05,177.5,180.05,16476
2024-01-24 04:25:00+00:00,180.05,180.4,178.5,180.1,11282
2024-01-24 04:30:00+00:00,180.1,180.25,179.25,179.25,6573
2024-01-24 04:35:00+00:00,179.25,180.0,178.65,179.0,18503
2024-01-24 04:40:00+00:00,179.0,180.45,178.6,180.0,47347
2024-01-24 04:45:00+00:00,180.05,180.25,179.7,179.8,13609
2024-01-24 04:50:00+00:00,179.8,180.25,179.8,180.0,3974
2024-01-24 04:55:00+00:00,180.0,184.0,180.0,184.0,41317
2024-01-24 05:00:00+00:00,183.55,184.25,183.05,183.5,26075
2024-01-24 05:05:00+00:00,183.5,183.65,182.5,182.5,18510
2024-01-24 05:10:00+00:00,182.5,182.5,181.4,182.0,9629
2024-01-24 05:15:00+00:00,181.7,182.85,181.7,182.85,18600
2024-01-24 05:20:00+00:00,182.85,183.0,182.0,182.25,12176
2024-01-24 05:25:00+00:00,182.45,182.45,182.2,182.4,3492
2024-01-24 05:30:00+00:00,182.4,182.45,181.8,182.35,6745
2024-01-24 05:35:00+00:00,182.45,182.45,182.0,182.35,7346
2024-01-24 05:40:00+00:00,182.35,182.45,182.0,182.0,8511
2024-01-24 05:45:00+00:00,182.0,182.2,181.5,181.95,8098
2024-01-24 05:50:00+00:00,181.95,181.95,181.65,181.75,2595
2024-01-24 05:55:00+00:00,181.75,181.75,180.1,180.8,10092
2024-01-24 06:00:00+00:00,180.8,181.25,180.05,180.1,13168
2024-01-24 06:05:00+00:00,180.1,181.4,180.05,180.7,8719
2024-01-24 06:10:00+00:00,180.85,181.35,180.7,181.15,4221
2024-01-24 06:15:00+00:00,180.8,181.3,180.8,181.0,5622
2024-01-24 06:20:00+00:00,181.0,181.25,180.0,180.8,9256
2024-01-24 06:25:00+00:00,181.0,181.2,180.6,180.9,1266
2024-01-24 06:30:00+00:00,180.9,180.95,180.0,180.0,12071
2024-01-24 06:35:00+00:00,180.0,180.4,179.8,179.85,4925
2024-01-24 06:40:00+00:00,179.65,181.2,179.35,180.65,13286
2024-01-24 06:45:00+00:00,180.65,181.2,180.6,181.2,7606
2024-01-24 06:50:00+00:00,181.2,181.2,180.0,180.95,2535
2024-01-24 06:55:00+00:00,180.55,181.0,180.0,180.35,4422
2024-01-24 07:00:00+00:00,180.35,180.4,179.35,179.55,2918
2024-01-24 07:05:00+00:00,179.55,179.9,179.0,179.0,3382
2024-01-24 07:10:00+00:00,179.0,179.6,179.0,179.55,3893
2024-01-24 07:15:00+00:00,179.55,179.7,178.95,179.6,6588
2024-01-24 07:20:00+00:00,179.6,179.85,179.25,179.8,917
2024-01-24 07:25:00+00:00,179.8,180.5,179.7,180.4,3596
2024-01-24 07:30:00+00:00,180.4,181.1,180.4,180.95,1934
2024-01-24 07:35:00+00:00,180.95,181.7,180.1,181.7,26511
2024-01-24 07:40:00+00:00,181.7,181.7,181.0,181.0,9512
2024-01-24 07:45:00+00:00,181.2,181.35,181.0,181.0,3502
2024-01-24 07:50:00+00:00,181.0,181.5,180.55,180.8,4746
2024-01-24 07:55:00+00:00,181.0,181.0,180.65,180.9,980
2024-01-24 08:00:00+00:00,180.9,181.7,180.9,181.05,6045
2024-01-24 08:05:00+00:00,181.0,181.7,180.9,181.7,4293
2024-01-24 08:10:00+00:00,181.7,181.7,181.4,181.7,9192
2024-01-24 08:15:00+00:00,181.7,182.0,181.4,181.55,6113
2024-01-24 08:20:00+00:00,181.55,181.85,181.55,181.7,1345
2024-01-24 08:25:00+00:00,181.5,181.6,181.35,181.5,2729
2024-01-24 08:30:00+00:00,181.4,182.45,181.35,182.45,6300
2024-01-24 08:35:00+00:00,182.45,182.8,181.7,182.15,18055
2024-01-24 08:40:00+00:00,182.15,182.5,181.5,181.8,3834
2024-01-24 08:45:00+00:00,181.8,183.7,181.55,182.7,19293
2024-01-24 08:50:00+00:00,182.7,183.0,182.45,182.65,4389
2024-01-24 08:55:00+00:00,182.65,183.7,182.1,183.05,14880
2024-01-24 09:00:00+00:00,183.05,183.95,182.4,183.85,15166
2024-01-24 09:05:00+00:00,183.85,183.9,183.05,183.35,5658
2024-01-24 09:10:00+00:00,183.35,183.35,182.75,182.75,5790
2024-01-24 09:15:00+00:00,182.75,183.3,182.1,182.35,12619
2024-01-24 09:20:00+00:00,182.35,183.05,181.8,183.05,16465
2024-01-24 09:25:00+00:00,183.05,183.5,181.8,183.0,9439
2024-01-24 09:30:00+00:00,183.0,183.5,182.65,183.2,12543
2024-01-24 09:35:00+00:00,183.2,183.9,183.0,183.4,21646
2024-01-24 09:40:00+00:00,183.25,183.85,183.0,183.6,7645
2024-01-24 09:45:00+00:00,183.6,183.9,183.0,183.8,16114
2024-01-24 09:50:00+00:00,183.45,183.95,183.2,183.95,22417
2024-01-24 09:55:00+00:00,183.5,183.5,182.5,182.8,32913
2024-01-25 03:45:00+00:00,183.3,183.9,182.3,183.0,30715
2024-01-25 03:50:00+00:00,183.45,185.0,183.0,184.5,40081
2024-01-25 03:55:00+00:00,184.4,184.9,184.05,184.6,16928
2024-01-25 04:00:00+00:00,184.6,184.8,184.05,184.7,6296
2024-01-25 04:05:00+00:00,184.7,184.7,183.85,184.45,10923
2024-01-25 04:10:00+00:00,184.45,184.45,181.4,181.4,16527
2024-01-25 04:15:00+00:00,181.4,183.4,181.0,182.4,8960
2024-01-25 04:20:00+00:00,182.4,183.4,181.7,182.0,10682
2024-01-25 04:25:00+00:00,182.0,182.0,180.0,181.0,28292
2024-01-25 04:30:00+00:00,181.0,181.9,180.7,181.9,14807
2024-01-25 04:35:00+00:00,181.9,181.9,181.1,181.5,9230
2024-01-25 04:40:00+00:00,181.55,181.55,179.0,179.55,47754
2024-01-25 04:45:00+00:00,179.5,180.05,179.35,180.05,10577
2024-01-25 04:50:00+00:00,180.05,180.5,179.1,179.15,11658
2024-01-25 04:55:00+00:00,179.2,180.6,179.0,179.8,22263
2024-01-25 05:00:00+00:00,179.8,180.8,179.55,180.35,8580
2024-01-25 05:05:00+00:00,180.35,180.45,179.8,179.9,5811
2024-01-25 05:10:00+00:00,179.7,180.5,179.7,180.05,4813
2024-01-25 05:15:00+00:00,180.05,180.3,179.8,179.85,2954
2024-01-25 05:20:00+00:00,179.85,180.15,179.5,179.75,5429
2024-01-25 05:25:00+00:00,180.0,180.2,178.7,179.0,27462
2024-01-25 05:30:00+00:00,179.0,179.5,178.5,179.0,17345
2024-01-25 05:35:00+00:00,179.0,180.0,179.0,179.8,7283
2024-01-25 05:40:00+00:00,179.65,180.0,179.5,180.0,8754
2024-01-25 05:45:00+00:00,180.0,180.4,180.0,180.35,5407
2024-01-25 05:50:00+00:00,180.4,180.95,180.2,180.7,3977
2024-01-25 05:55:00+00:00,180.7,180.9,180.5,180.75,2077
2024-01-25 06:00:00+00:00,180.75,180.9,180.4,180.8,6442
2024-01-25 06:05:00+00:00,180.8,180.8,180.3,180.75,1579
2024-01-25 06:10:00+00:00,180.75,181.4,180.75,181.35,8673
2024-01-25 06:15:00+00:00,181.35,181.4,181.0,181.0,7005
2024-01-25 06:20:00+00:00,181.0,181.0,180.3,180.65,3058
2024-01-25 06:25:00+00:00,180.65,180.65,179.8,180.0,18403
2024-01-25 06:30:00+00:00,179.8,180.0,179.6,179.65,1584
2024-01-25 06:35:00+00:00,179.65,180.7,179.6,180.7,6675
2024-01-25 06:40:00+00:00,180.7,180.7,180.2,180.65,1253
2024-01-25 06:45:00+00:00,180.3,180.65,180.15,180.55,1208
2024-01-25 06:50:00+00:00,180.55,180.6,180.3,180.35,4032
2024-01-25 06:55:00+00:00,180.35,180.6,180.35,180.45,5280
2024-01-25 07:00:00+00:00,180.45,180.6,180.4,180.5,590
2024-01-25 07:05:00+00:00,180.5,180.5,180.4,180.5,574
2024-01-25 07:10:00+00:00,180.5,180.5,180.15,180.5,2281
2024-01-25 07:15:00+00:00,180.5,180.5,179.5,180.0,11246
2024-01-25 07:20:00+00:00,180.0,180.0,179.25,179.75,4442
2024-01-25 07:25:00+00:00,179.75,180.3,179.25,179.95,5562
2024-01-25 07:30:00+00:00,179.95,179.95,179.55,179.9,1391
2024-01-25 07:35:00+00:00,179.9,179.9,179.55,179.85,1728
2024-01-25 07:40:00+00:00,179.85,179.95,179.45,179.75,9492
2024-01-25 07:45:00+00:00,179.75,179.75,179.6,179.7,2941
2024-01-25 07:50:00+00:00,179.7,179.75,179.4,179.7,1482
2024-01-25 07:55:00+00:00,179.4,179.95,179.4,179.95,4383
2024-01-25 08:00:00+00:00,179.95,179.95,179.55,179.65,5466
2024-01-25 08:05:00+00:00,179.65,179.9,179.6,179.9,1402
2024-01-25 08:10:00+00:00,179.9,179.9,179.6,179.8,6317
2024-01-25 08:15:00+00:00,179.8,180.5,179.8,180.5,12772
2024-01-25 08:20:00+00:00,180.5,181.0,179.75,179.95,24510
2024-01-25 08:25:00+00:00,179.95,179.95,179.55,179.9,5964
2024-01-25 08:30:00+00:00,179.9,179.9,179.15,179.5,12192
2024-01-25 08:35:00+00:00,179.8,179.9,179.55,179.85,5833
2024-01-25 08:40:00+00:00,179.85,179.9,179.45,179.55,1569
2024-01-25 08:45:00+00:00,179.55,179.7,179.25,179.3,3636
2024-01-25 08:50:00+00:00,179.25,179.65,179.25,179.55,3351
2024-01-25 08:55:00+00:00,179.55,179.55,179.0,179.5,28221
2024-01-25 09:00:00+00:00,179.5,179.75,179.3,179.75,5307
2024-01-25 09:05:00+00:00,179.6,179.75,179.2,179.75,9848
2024-01-25 09:10:00+00:00,179.7,179.75,179.4,179.7,1858
2024-01-25 09:15:00+00:00,179.7,180.0,179.55,179.6,5942
2024-01-25 09:20:00+00:00,179.6,179.95,179.2,179.75,9558
2024-01-25 09:25:00+00:00,179.65,179.75,179.5,179.65,4254
2024-01-25 09:30:00+00:00,179.65,179.85,179.65,179.85,7944
2024-01-25 09:35:00+00:00,179.85,180.0,179.25,180.0,26950
2024-01-25 09:40:00+00:00,180.0,180.0,179.0,179.5,20268
2024-01-25 09:45:00+00:00,179.6,179.9,179.0,179.35,12755
2024-01-25 09:50:00+00:00,179.35,179.55,179.0,179.55,11049
2024-01-25 09:55:00+00:00,179.2,179.95,178.9,179.95,25913
2024-01-29 03:45:00+00:00,180.95,184.2,180.95,182.0,29433
2024-01-29 03:50:00+00:00,184.1,184.1,180.95,181.1,31583
2024-01-29 03:55:00+00:00,181.0,181.85,180.5,180.5,19896
2024-01-29 04:00:00+00:00,180.85,181.8,180.5,181.7,19213
2024-01-29 04:05:00+00:00,181.45,182.8,181.25,182.35,16996
2024-01-29 04:10:00+00:00,182.35,183.0,182.25,182.3,8285
2024-01-29 04:15:00+00:00,182.3,183.0,182.1,182.5,7134
2024-01-29 04:20:00+00:00,182.5,183.6,182.05,183.3,10154
2024-01-29 04:25:00+00:00,183.3,183.55,182.15,182.55,12073
2024-01-29 04:30:00+00:00,182.55,182.6,181.1,182.2,7090
2024-01-29 04:35:00+00:00,182.2,183.0,182.0,182.0,6160
2024-01-29 04:40:00+00:00,182.4,182.9,182.05,182.05,3124
2024-01-29 04:45:00+00:00,182.05,182.85,181.85,182.8,7193
2024-01-29 04:50:00+00:00,182.8,182.9,181.8,181.8,11812
2024-01-29 04:55:00+00:00,181.55,181.8,181.1,181.15,7145
2024-01-29 05:00:00+00:00,181.15,181.5,180.6,181.35,6371
2024-01-29 05:05:00+00:00,181.35,181.65,180.65,180.65,3292
2024-01-29 05:10:00+00:00,180.95,181.45,180.6,181.05,4319
2024-01-29 05:15:00+00:00,181.05,181.45,180.8,180.8,2037
2024-01-29 05:20:00+00:00,180.6,181.3,180.5,180.75,5914
2024-01-29 05:25:00+00:00,180.75,181.2,180.5,180.75,2562
2024-01-29 05:30:00+00:00,180.75,181.2,180.75,181.0,9618
2024-01-29 05:35:00+00:00,181.0,182.0,180.8,182.0,7975
2024-01-29 05:40:00+00:00,182.0,183.4,182.0,182.35,7281
2024-01-29 05:45:00+00:00,182.35,182.5,182.0,182.1,5934
2024-01-29 05:50:00+00:00,182.05,182.05,181.25,181.25,5887
2024-01-29 05:55:00+00:00,181.25,181.45,180.8,180.8,8639
2024-01-29 06:00:00+00:00,180.8,181.0,180.75,180.75,11092
2024-01-29 06:05:00+00:00,180.75,181.0,180.75,181.0,11865
2024-01-29 06:10:00+00:00,181.0,181.0,180.75,180.75,4764
2024-01-29 06:15:00+00:00,180.75,182.6,180.75,182.6,20245
2024-01-29 06:20:00+00:00,182.6,183.6,181.5,182.4,34144
2024-01-29 06:25:00+00:00,182.4,182.6,181.5,182.0,4032
2024-01-29 06:30:00+00:00,182.0,182.55,181.8,182.1,3214
2024-01-29 06:35:00+00:00,182.1,182.35,181.3,181.65,4250
2024-01-29 06:40:00+00:00,181.65,182.0,181.15,182.0,7258
2024-01-29 06:45:00+00:00,182.0,182.0,181.05,181.55,11872
2024-01-29 06:50:00+00:00,181.55,182.2,181.35,181.8,6941
2024-01-29 06:55:00+00:00,181.8,181.95,181.35,181.55,3508
2024-01-29 07:00:00+00:00,181.55,182.0,181.55,181.55,1101
2024-01-29 07:05:00+00:00,181.85,181.85,181.1,181.15,4408
2024-01-29 07:10:00+00:00,181.15,181.8,181.0,181.05,3985
2024-01-29 07:15:00+00:00,181.5,181.5,181.0,181.1,2409
2024-01-29 07:20:00+00:00,181.1,181.5,181.1,181.5,912
2024-01-29 07:25:00+00:00,181.5,181.8,181.25,181.8,1673
2024-01-29 07:30:00+00:00,181.8,181.9,181.5,181.8,2013
2024-01-29 07:35:00+00:00,181.8,181.85,181.5,181.5,1530
2024-01-29 07:40:00+00:00,181.75,181.9,181.35,181.8,3057
2024-01-29 07:45:00+00:00,181.8,181.9,181.45,181.8,676
2024-01-29 07:50:00+00:00,181.8,181.8,181.6,181.75,249
2024-01-29 07:55:00+00:00,181.75,181.75,181.4,181.4,6098
2024-01-29 08:00:00+00:00,181.4,181.75,181.4,181.5,662
2024-01-29 08:05:00+00:00,181.8,181.8,181.15,181.15,7008
2024-01-29 08:10:00+00:00,181.45,181.45,181.0,181.4,3435
2024-01-29 08:15:00+00:00,181.4,181.5,180.95,181.5,1469
2024-01-29 08:20:00+00:00,181.5,181.7,180.75,180.75,6289
2024-01-29 08:25:00+00:00,180.75,181.35,180.75,180.85,2997
2024-01-29 08:30:00+00:00,180.85,180.85,180.5,180.6,3453
2024-01-29 08:35:00+00:00,180.6,180.95,180.5,180.8,7080
2024-01-29 08:40:00+00:00,180.8,180.85,180.8,180.85,2944
2024-01-29 08:45:00+00:00,180.85,181.15,180.65,180.9,9537
2024-01-29 08:50:00+00:00,180.9,181.1,180.5,180.9,8617
2024-01-29 08:55:00+00:00,180.9,180.9,180.55,180.7,3006
2024-01-29 09:00:00+00:00,180.9,180.9,180.7,180.7,1720
2024-01-29 09:05:00+00:00,180.7,180.9,180.55,180.55,4220
2024-01-29 09:10:00+00:00,180.9,180.9,180.55,180.9,4225
2024-01-29 09:15:00+00:00,180.9,180.9,180.5,180.5,4271
2024-01-29 09:20:00+00:00,180.5,181.1,180.5,180.95,1984
2024-01-29 09:25:00+00:00,180.95,181.0,180.0,181.0,13892
2024-01-29 09:30:00+00:00,181.0,181.5,181.0,181.35,17134
2024-01-29 09:35:00+00:00,181.35,181.35,180.5,181.0,9759
2024-01-29 09:40:00+00:00,181.0,181.0,179.05,179.45,19914
2024-01-29 09:45:00+00:00,179.45,179.9,179.0,179.2,9102
2024-01-29 09:50:00+00:00,179.2,179.8,178.6,179.8,16067
2024-01-29 09:55:00+00:00,179.9,180.0,179.2,179.55,27895
2024-01-30 03:45:00+00:00,180.9,181.8,180.0,180.25,22837
2024-01-30 03:50:00+00:00,180.6,181.0,179.05,179.85,15425
2024-01-30 03:55:00+00:00,179.85,180.05,176.9,178.3,31091
2024-01-30 04:00:00+00:00,178.65,179.0,176.75,178.0,29740
2024-01-30 04:05:00+00:00,177.55,178.8,177.55,177.6,9225
2024-01-30 04:10:00+00:00,177.65,177.9,176.35,176.5,34036
2024-01-30 04:15:00+00:00,176.85,177.0,176.3,176.7,14334
2024-01-30 04:20:00+00:00,176.65,177.0,176.5,177.0,12672
2024-01-30 04:25:00+00:00,176.9,178.95,176.9,178.95,12030
2024-01-30 04:30:00+00:00,178.95,179.0,177.55,178.1,12161
2024-01-30 04:35:00+00:00,178.1,178.5,177.55,177.55,4663
2024-01-30 04:40:00+00:00,178.1,178.4,177.55,178.0,5037
2024-01-30 04:45:00+00:00,178.0,178.0,177.0,177.45,8074
2024-01-30 04:50:00+00:00,177.45,177.5,176.5,176.75,9753
2024-01-30 04:55:00+00:00,176.75,177.25,176.2,176.9,4490
2024-01-30 05:00:00+00:00,176.9,177.0,176.3,176.95,4160
2024-01-30 05:05:00+00:00,176.95,177.0,176.5,176.5,3764
2024-01-30 05:10:00+00:00,176.5,176.8,176.35,176.75,4234
2024-01-30 05:15:00+00:00,176.3,176.9,176.2,176.3,4993
2024-01-30 05:20:00+00:00,176.3,176.7,176.05,176.6,5234
2024-01-30 05:25:00+00:00,176.6,176.85,176.4,176.4,4356
2024-01-30 05:30:00+00:00,176.4,176.5,176.0,176.1,13629
2024-01-30 05:35:00+00:00,176.1,176.2,175.5,175.95,3462
2024-01-30 05:40:00+00:00,175.95,176.4,175.25,175.75,11031
2024-01-30 05:45:00+00:00,175.75,176.4,175.6,175.8,3825
2024-01-30 05:50:00+00:00,175.65,175.65,175.1,175.15,8552
2024-01-30 05:55:00+00:00,175.15,175.6,175.05,175.55,7383
2024-01-30 06:00:00+00:00,175.55,175.9,175.0,175.0,5974
2024-01-30 06:05:00+00:00,175.0,175.75,173.1,174.4,26552
2024-01-30 06:10:00+00:00,174.4,175.0,174.4,174.9,9860
2024-01-30 06:15:00+00:00,174.45,175.0,174.45,174.9,4299
2024-01-30 06:20:00+00:00,174.9,175.0,174.55,174.75,7118
2024-01-30 06:25:00+00:00,174.75,175.0,174.5,174.8,6004
2024-01-30 06:30:00+00:00,174.8,174.8,174.25,174.25,2318
2024-01-30 06:35:00+00:00,174.25,174.55,173.95,174.5,10324
2024-01-30 06:40:00+00:00,174.5,174.7,173.85,173.9,6142
2024-01-30 06:45:00+00:00,173.95,174.15,173.8,174.15,6654
2024-01-30 06:50:00+00:00,174.1,174.1,173.2,173.35,8060
2024-01-30 06:55:00+00:00,173.35,173.7,171.6,173.0,75442
2024-01-30 07:00:00+00:00,173.0,174.8,172.95,174.35,23907
2024-01-30 07:05:00+00:00,174.3,174.95,174.3,174.35,13134
2024-01-30 07:10:00+00:00,174.3,174.95,174.3,174.35,3303
2024-01-30 07:15:00+00:00,174.35,174.8,174.3,174.5,2526
2024-01-30 07:20:00+00:00,174.7,174.7,174.3,174.5,3361
2024-01-30 07:25:00+00:00,174.3,174.95,174.3,174.95,5438
2024-01-30 07:30:00+00:00,174.95,174.95,174.0,174.15,7368
2024-01-30 07:35:00+00:00,174.2,174.95,174.2,174.95,6483
2024-01-30 07:40:00+00:00,174.95,174.95,173.7,174.0,6765
2024-01-30 07:45:00+00:00,174.0,174.25,173.7,174.25,2016
2024-01-30 07:50:00+00:00,174.0,174.8,174.0,174.5,3110
2024-01-30 07:55:00+00:00,174.5,174.9,174.5,174.8,3386
2024-01-30 08:00:00+00:00,174.85,174.95,174.35,174.35,5464
2024-01-30 08:05:00+00:00,174.3,174.95,174.0,174.95,9427
2024-01-30 08:10:00+00:00,174.95,174.95,174.5,174.85,1445
2024-01-30 08:15:00+00:00,174.85,174.85,174.3,174.8,5977
2024-01-30 08:20:00+00:00,174.35,174.9,173.9,174.3,7854
2024-01-30 08:25:00+00:00,174.3,174.75,174.05,174.7,3210
2024-01-30 08:30:00+00:00,174.7,174.75,174.25,174.25,2833
2024-01-30 08:35:00+00:00,174.5,174.65,174.2,174.5,2472
2024-01-30 08:40:00+00:00,174.5,174.65,174.05,174.5,4395
2024-01-30 08:45:00+00:00,174.5,174.9,174.25,174.75,7758
2024-01-30 08:50:00+00:00,174.75,174.95,174.45,174.7,8510
2024-01-30 08:55:00+00:00,174.7,174.8,174.2,174.8,2148
2024-01-30 09:00:00+00:00,174.8,174.8,174.0,174.5,5560
2024-01-30 09:05:00+00:00,174.0,174.5,172.1,173.15,19365
2024-01-30 09:10:00+00:00,173.15,173.6,173.05,173.3,5511
2024-01-30 09:15:00+00:00,173.3,173.95,173.3,173.95,6608
2024-01-30 09:20:00+00:00,173.95,174.35,173.55,173.8,3216
2024-01-30 09:25:00+00:00,173.8,173.85,173.55,173.8,9258
2024-01-30 09:30:00+00:00,173.8,173.85,173.55,173.85,5500
2024-01-30 09:35:00+00:00,173.85,173.95,173.55,173.9,11281
2024-01-30 09:40:00+00:00,173.9,173.95,173.55,173.8,3087
2024-01-30 09:45:00+00:00,173.8,174.5,173.6,174.1,6327
2024-01-30 09:50:00+00:00,174.1,174.85,173.9,174.1,7788
2024-01-30 09:55:00+00:00,174.1,174.5,172.25,173.45,34584
2024-01-31 03:45:00+00:00,174.5,174.5,170.0,171.8,34143
2024-01-31 03:50:00+00:00,171.9,173.65,171.75,173.2,12195
2024-01-31 03:55:00+00:00,173.2,175.5,173.2,174.25,13158
2024-01-31 04:00:00+00:00,174.25,175.45,174.1,174.7,11877
2024-01-31 04:05:00+00:00,174.75,179.0,174.45,178.0,36671
2024-01-31 04:10:00+00:00,177.9,177.9,177.4,177.5,10114
2024-01-31 04:15:00+00:00,177.5,177.95,176.95,177.25,12172
2024-01-31 04:20:00+00:00,177.25,177.5,175.9,176.65,13902
2024-01-31 04:25:00+00:00,176.65,176.7,175.9,176.3,8137
2024-01-31 04:30:00+00:00,176.25,176.75,176.0,176.15,6456
2024-01-31 04:35:00+00:00,176.15,178.5,176.05,178.0,17951
2024-01-31 04:40:00+00:00,178.0,178.95,178.0,178.7,9057
2024-01-31 04:45:00+00:00,178.7,179.0,178.25,179.0,32403
2024-01-31 04:50:00+00:00,179.0,179.0,177.7,177.7,10509
2024-01-31 04:55:00+00:00,177.7,178.35,177.25,177.65,4268
2024-01-31 05:00:00+00:00,177.65,178.0,177.4,177.8,4758
2024-01-31 05:05:00+00:00,177.8,178.8,177.8,178.8,2933
2024-01-31 05:10:00+00:00,178.8,178.8,178.15,178.15,1731
2024-01-31 05:15:00+00:00,178.15,179.1,178.15,178.4,13917
2024-01-31 05:20:00+00:00,178.4,180.0,178.15,180.0,33315
2024-01-31 05:25:00+00:00,179.7,180.0,179.2,179.95,8505
2024-01-31 05:30:00+00:00,179.95,180.5,179.5,180.5,9466
2024-01-31 05:35:00+00:00,180.5,182.2,180.05,182.2,34575
2024-01-31 05:40:00+00:00,181.95,183.0,181.5,182.4,40268
2024-01-31 05:45:00+00:00,182.4,183.2,181.55,183.0,27214
2024-01-31 05:50:00+00:00,183.0,183.9,182.7,183.3,53095
2024-01-31 05:55:00+00:00,183.5,183.8,183.05,183.05,38648
2024-01-31 06:00:00+00:00,183.05,183.4,183.0,183.2,15248
2024-01-31 06:05:00+00:00,183.2,183.2,183.0,183.15,8651
2024-01-31 06:10:00+00:00,183.15,183.7,182.0,182.95,26859
2024-01-31 06:15:00+00:00,182.95,182.95,182.3,182.5,3660
2024-01-31 06:20:00+00:00,182.5,183.7,182.5,183.45,17436
2024-01-31 06:25:00+00:00,183.45,183.6,183.0,183.45,8141
2024-01-31 06:30:00+00:00,183.45,183.45,183.0,183.45,3310
2024-01-31 06:35:00+00:00,183.45,183.65,183.0,183.05,4514
2024-01-31 06:40:00+00:00,183.05,183.3,183.0,183.2,8593
2024-01-31 06:45:00+00:00,183.2,183.5,182.35,183.35,26368
2024-01-31 06:50:00+00:00,183.35,183.9,183.0,183.2,9763
2024-01-31 06:55:00+00:00,183.55,183.55,183.0,183.05,3173
2024-01-31 07:00:00+00:00,183.05,183.7,183.0,183.0,7541
2024-01-31 07:05:00+00:00,183.1,183.4,183.0,183.4,11337
2024-01-31 07:10:00+00:00,183.15,183.55,183.0,183.0,11368
2024-01-31 07:15:00+00:00,183.0,183.55,183.0,183.0,6211
2024-01-31 07:20:00+00:00,183.0,183.25,183.0,183.0,2731
2024-01-31 07:25:00+00:00,183.0,183.35,182.35,182.85,3731
2024-01-31 07:30:00+00:00,182.85,182.95,181.2,181.95,7260
2024-01-31 07:35:00+00:00,181.95,182.9,181.3,182.9,4480
2024-01-31 07:40:00+00:00,182.95,183.35,182.1,183.1,5706
2024-01-31 07:45:00+00:00,183.1,183.35,183.0,183.25,9285
2024-01-31 07:50:00+00:00,183.25,183.35,183.0,183.0,12997
2024-01-31 07:55:00+00:00,183.0,183.25,182.8,182.8,5563
2024-01-31 08:00:00+00:00,182.8,182.8,182.3,182.3,3147
2024-01-31 08:05:00+00:00,182.3,182.6,182.3,182.5,5940
2024-01-31 08:10:00+00:00,182.5,182.55,182.05,182.15,4528
2024-01-31 08:15:00+00:00,182.15,182.9,182.1,182.55,1063
2024-01-31 08:20:00+00:00,182.6,183.45,182.6,183.0,5165
2024-01-31 08:25:00+00:00,183.0,183.0,182.8,183.0,1074
2024-01-31 08:30:00+00:00,183.0,183.0,182.2,183.0,3853
2024-01-31 08:35:00+00:00,183.0,183.45,183.0,183.2,3672
2024-01-31 08:40:00+00:00,183.2,183.2,182.3,182.45,2056
2024-01-31 08:45:00+00:00,182.45,182.9,181.8,182.45,8624
2024-01-31 08:50:00+00:00,182.45,182.9,182.0,182.0,3533
2024-01-31 08:55:00+00:00,182.0,182.35,181.8,182.25,1798
2024-01-31 09:00:00+00:00,182.05,182.5,181.6,182.5,4470
2024-01-31 09:05:00+00:00,182.5,182.9,182.5,182.55,2200
2024-01-31 09:10:00+00:00,182.55,183.0,182.5,183.0,11237
2024-01-31 09:15:00+00:00,183.0,183.0,182.3,182.85,4913
2024-01-31 09:20:00+00:00,182.85,183.0,182.5,183.0,4251
2024-01-31 09:25:00+00:00,182.55,182.7,182.3,182.65,10806
2024-01-31 09:30:00+00:00,182.4,183.0,182.1,182.5,5797
2024-01-31 09:35:00+00:00,182.5,183.0,182.5,183.0,7361
2024-01-31 09:40:00+00:00,183.0,183.0,182.1,182.25,7201
2024-01-31 09:45:00+00:00,182.25,182.9,182.2,182.25,7256
2024-01-31 09:50:00+00:00,182.25,182.5,181.3,182.5,23983
2024-01-31 09:55:00+00:00,182.5,183.5,181.55,183.1,36296
2024-02-01 03:45:00+00:00,183.45,183.75,182.0,182.05,26366
2024-02-01 03:50:00+00:00,182.05,182.15,180.3,180.8,32119
2024-02-01 03:55:00+00:00,180.8,182.0,179.35,181.15,19478
2024-02-01 04:00:00+00:00,180.95,182.8,180.6,182.7,5203
2024-02-01 04:05:00+00:00,182.3,183.0,181.6,181.6,14676
2024-02-01 04:10:00+00:00,181.6,182.2,181.05,181.6,7107
2024-02-01 04:15:00+00:00,181.9,182.7,181.2,181.7,10539
2024-02-01 04:20:00+00:00,181.7,182.0,181.25,181.5,2957
2024-02-01 04:25:00+00:00,181.5,182.3,181.3,182.3,8922
2024-02-01 04:30:00+00:00,182.3,183.45,182.3,183.0,10191
2024-02-01 04:35:00+00:00,183.0,183.4,182.75,183.0,5071
2024-02-01 04:40:00+00:00,183.0,183.4,182.75,182.85,2378
2024-02-01 04:45:00+00:00,182.85,183.9,182.85,183.9,14239
2024-02-01 04:50:00+00:00,183.9,187.7,183.9,187.7,90602
2024-02-01 04:55:00+00:00,187.7,190.0,186.3,189.5,108190
2024-02-01 05:00:00+00:00,189.6,190.2,187.0,187.65,70962
2024-02-01 05:05:00+00:00,187.65,189.2,187.3,187.75,25022
2024-02-01 05:10:00+00:00,187.55,188.5,187.05,187.8,13657
2024-02-01 05:15:00+00:00,187.8,187.9,187.2,187.65,15322
2024-02-01 05:20:00+00:00,187.65,187.8,187.0,187.45,13772
2024-02-01 05:25:00+00:00,187.45,188.4,187.4,187.75,14380
2024-02-01 05:30:00+00:00,187.75,188.75,187.6,188.5,14206
2024-02-01 05:35:00+00:00,188.5,188.5,187.0,187.25,15741
2024-02-01 05:40:00+00:00,187.25,187.65,185.85,186.0,13885
2024-02-01 05:45:00+00:00,186.0,186.85,184.6,185.4,17367
2024-02-01 05:50:00+00:00,185.4,185.85,184.1,185.6,14882
2024-02-01 05:55:00+00:00,185.6,186.95,185.3,186.95,5597
2024-02-01 06:00:00+00:00,186.7,187.85,186.25,186.25,4605
2024-02-01 06:05:00+00:00,186.25,187.3,186.1,186.9,4960
2024-02-01 06:10:00+00:00,186.9,187.35,185.8,186.75,9076
2024-02-01 06:15:00+00:00,186.75,186.75,185.4,185.8,21262
2024-02-01 06:20:00+00:00,186.1,187.0,186.0,186.7,6433
2024-02-01 06:25:00+00:00,186.9,186.95,184.8,184.8,11063
2024-02-01 06:30:00+00:00,184.85,186.0,183.55,183.6,22262
2024-02-01 06:35:00+00:00,183.6,185.5,183.6,185.5,12219
2024-02-01 06:40:00+00:00,185.75,185.95,184.6,185.0,7510
2024-02-01 06:45:00+00:00,185.0,185.0,183.7,184.15,7330
2024-02-01 06:50:00+00:00,184.15,184.7,183.95,184.2,4548
2024-02-01 06:55:00+00:00,184.2,185.0,183.95,184.1,3631
2024-02-01 07:00:00+00:00,184.4,185.0,183.3,184.05,7242
2024-02-01 07:05:00+00:00,184.05,184.6,183.75,184.05,3740
2024-02-01 07:10:00+00:00,184.0,185.0,183.9,184.4,6827
2024-02-01 07:15:00+00:00,184.65,184.75,183.8,183.9,8447
2024-02-01 07:20:00+00:00,184.35,184.4,183.55,184.4,7280
2024-02-01 07:25:00+00:00,184.5,184.5,184.1,184.5,1724
2024-02-01 07:30:00+00:00,184.5,185.85,184.1,185.55,13486
2024-02-01 07:35:00+00:00,185.7,186.85,185.0,186.85,12729
2024-02-01 07:40:00+00:00,186.85,186.85,185.45,186.25,6441
2024-02-01 07:45:00+00:00,186.15,186.9,185.6,185.95,11114
2024-02-01 07:50:00+00:00,185.95,186.45,185.7,186.0,2424
2024-02-01 07:55:00+00:00,186.0,186.0,185.0,185.25,5353
2024-02-01 08:00:00+00:00,185.15,185.25,184.0,184.35,5503
2024-02-01 08:05:00+00:00,184.35,185.5,184.3,184.75,2054
2024-02-01 08:10:00+00:00,184.2,184.85,183.55,184.7,12583
2024-02-01 08:15:00+00:00,184.7,185.5,184.55,185.4,3447
2024-02-01 08:20:00+00:00,185.4,185.5,184.7,185.45,3480
2024-02-01 08:25:00+00:00,185.45,185.55,185.05,185.45,3023
2024-02-01 08:30:00+00:00,185.45,185.45,184.3,185.4,5739
2024-02-01 08:35:00+00:00,185.4,185.4,184.85,185.25,2761
2024-02-01 08:40:00+00:00,185.25,186.0,185.2,185.95,5334
2024-02-01 08:45:00+00:00,185.95,185.95,184.85,185.5,4085
2024-02-01 08:50:00+00:00,185.15,185.9,185.0,185.5,4763
2024-02-01 08:55:00+00:00,185.5,185.9,185.05,185.05,2621
2024-02-01 09:00:00+00:00,185.05,185.6,185.05,185.6,2103
2024-02-01 09:05:00+00:00,185.6,187.8,185.45,186.65,22414
2024-02-01 09:10:00+00:00,186.65,186.8,186.35,186.4,2778
2024-02-01 09:15:00+00:00,186.4,188.1,186.35,187.8,17545
2024-02-01 09:20:00+00:00,187.8,187.9,186.0,186.95,14606
2024-02-01 09:25:00+00:00,186.95,188.0,186.2,186.2,23881
2024-02-01 09:30:00+00:00,186.2,186.6,186.0,186.35,8586
2024-02-01 09:35:00+00:00,186.4,186.5,186.1,186.25,4418
2024-02-01 09:40:00+00:00,186.8,187.0,186.25,186.45,21811
2024-02-01 09:45:00+00:00,186.45,187.0,186.35,186.9,6564
2024-02-01 09:50:00+00:00,187.0,187.9,186.75,187.6,33223
2024-02-01 09:55:00+00:00,187.85,187.95,186.6,187.65,37258
2024-02-02 03:45:00+00:00,188.95,193.45,188.8,191.65,104337
2024-02-02 03:50:00+00:00,191.8,192.05,190.8,191.95,57333
2024-02-02 03:55:00+00:00,191.9,191.9,190.05,191.0,51925
2024-02-02 04:00:00+00:00,191.0,191.85,190.4,191.15,21459
2024-02-02 04:05:00+00:00,191.15,191.7,191.0,191.3,20098
2024-02-02 04:10:00+00:00,191.3,192.0,189.85,190.6,42203
2024-02-02 04:15:00+00:00,190.6,191.0,190.05,190.9,13519
2024-02-02 04:20:00+00:00,190.9,191.7,190.45,190.75,21825
2024-02-02 04:25:00+00:00,190.5,191.85,190.35,191.5,24326
2024-02-02 04:30:00+00:00,191.5,195.0,191.3,194.65,125898
2024-02-02 04:35:00+00:00,194.75,203.45,194.5,203.0,382540
2024-02-02 04:40:00+00:00,203.0,205.7,203.0,205.7,341195
2024-02-02 04:45:00+00:00,205.7,205.7,205.7,205.7,28989
2024-02-02 04:50:00+00:00,205.7,205.7,205.7,205.7,32153
2024-02-02 04:55:00+00:00,205.7,205.7,205.7,205.7,15261
2024-02-02 05:00:00+00:00,205.7,205.7,205.7,205.7,9639
2024-02-02 05:05:00+00:00,205.7,205.7,205.7,205.7,5470
2024-02-02 05:10:00+00:00,205.7,205.7,205.7,205.7,4544
2024-02-02 05:15:00+00:00,205.7,205.7,205.7,205.7,4497
2024-02-02 05:20:00+00:00,205.7,205.7,205.7,205.7,9626
2024-02-02 05:25:00+00:00,205.7,205.7,205.7,205.7,6538
2024-02-02 05:30:00+00:00,205.7,205.7,205.7,205.7,5643
2024-02-02 05:35:00+00:00,205.7,205.7,205.7,205.7,2497
2024-02-02 05:40:00+00:00,205.7,205.7,205.7,205.7,1839
2024-02-02 05:45:00+00:00,205.7,205.7,205.7,205.7,1481
2024-02-02 05:50:00+00:00,205.7,205.7,205.7,205.7,8554
2024-02-02 05:55:00+00:00,205.7,205.7,205.7,205.7,7135
2024-02-02 06:00:00+00:00,205.7,205.7,205.7,205.7,1416
2024-02-02 06:05:00+00:00,205.7,205.7,205.7,205.7,990
2024-02-02 06:10:00+00:00,205.7,205.7,205.7,205.7,1837
2024-02-02 06:15:00+00:00,205.7,205.7,205.7,205.7,1819
2024-02-02 06:20:00+00:00,205.7,205.7,205.7,205.7,1842
2024-02-02 06:25:00+00:00,205.7,205.7,205.7,205.7,10912
2024-02-02 06:30:00+00:00,205.7,205.7,205.7,205.7,359
2024-02-02 06:35:00+00:00,205.7,205.7,205.7,205.7,4367
2024-02-02 06:40:00+00:00,205.7,205.7,205.7,205.7,1538
2024-02-02 06:45:00+00:00,205.7,205.7,205.7,205.7,2944
2024-02-02 06:50:00+00:00,205.7,205.7,205.7,205.7,101
2024-02-02 06:55:00+00:00,205.7,205.7,205.7,205.7,6787
2024-02-02 07:00:00+00:00,205.7,205.7,199.0,205.7,466297
2024-02-02 07:05:00+00:00,205.7,205.7,201.2,204.4,208042
2024-02-02 07:10:00+00:00,204.4,205.7,204.0,205.7,113173
2024-02-02 07:15:00+00:00,205.7,205.7,201.55,205.3,107978
2024-02-02 07:20:00+00:00,204.45,205.5,204.05,205.0,43415
2024-02-02 07:25:00+00:00,204.65,205.7,204.65,205.7,56332
2024-02-02 07:30:00+00:00,205.7,205.7,205.0,205.65,35152
2024-02-02 07:35:00+00:00,205.65,205.7,204.05,205.7,31027
2024-02-02 07:40:00+00:00,205.7,205.7,205.0,205.6,18301
2024-02-02 07:45:00+00:00,205.6,205.6,204.3,204.65,30467
2024-02-02 07:50:00+00:00,205.4,205.4,204.55,205.0,14479
2024-02-02 07:55:00+00:00,205.0,205.6,204.55,205.45,20508
2024-02-02 08:00:00+00:00,205.45,205.7,202.0,203.5,51077
2024-02-02 08:05:00+00:00,204.0,205.7,203.3,205.7,38906
2024-02-02 08:10:00+00:00,205.7,205.7,205.7,205.7,4546
2024-02-02 08:15:00+00:00,205.7,205.7,205.7,205.7,650
2024-02-02 08:20:00+00:00,205.7,205.7,205.7,205.7,2000
2024-02-02 08:25:00+00:00,205.7,205.7,205.7,205.7,7401
2024-02-02 08:30:00+00:00,205.7,205.7,205.7,205.7,385
2024-02-02 08:35:00+00:00,205.7,205.7,205.7,205.7,9910
2024-02-02 08:40:00+00:00,205.7,205.7,205.7,205.7,2603
2024-02-02 08:45:00+00:00,205.7,205.7,205.7,205.7,684
2024-02-02 08:50:00+00:00,205.7,205.7,205.7,205.7,54
2024-02-02 08:55:00+00:00,205.7,205.7,205.7,205.7,398
2024-02-02 09:00:00+00:00,205.7,205.7,205.7,205.7,441
2024-02-02 09:05:00+00:00,205.7,205.7,205.7,205.7,8631
2024-02-02 09:10:00+00:00,205.7,205.7,205.7,205.7,1153
2024-02-02 09:15:00+00:00,205.7,205.7,205.7,205.7,547
2024-02-02 09:20:00+00:00,205.7,205.7,205.7,205.7,696
2024-02-02 09:25:00+00:00,205.7,205.7,205.7,205.7,1717
2024-02-02 09:30:00+00:00,205.7,205.7,205.7,205.7,868
2024-02-02 09:35:00+00:00,205.7,205.7,205.7,205.7,761
2024-02-02 09:40:00+00:00,205.7,205.7,205.7,205.7,2735
2024-02-02 09:45:00+00:00,205.7,205.7,205.7,205.7,7145
2024-02-02 09:50:00+00:00,205.7,205.7,205.7,205.7,5375
2024-02-02 09:55:00+00:00,205.7,205.7,205.7,205.7,7978
2024-02-05 03:45:00+00:00,215.0,219.0,211.0,213.3,263663
2024-02-05 03:50:00+00:00,214.0,218.0,211.55,217.95,172540
2024-02-05 03:55:00+00:00,217.95,219.0,216.7,218.5,119440
2024-02-05 04:00:00+00:00,218.5,224.4,218.0,221.65,230885
2024-02-05 04:05:00+00:00,221.35,222.5,220.2,222.15,81715
2024-02-05 04:10:00+00:00,222.35,224.0,221.3,221.7,53905
2024-02-05 04:15:00+00:00,221.7,221.85,220.55,221.0,30653
2024-02-05 04:20:00+00:00,221.0,222.15,220.05,220.2,36004
2024-02-05 04:25:00+00:00,220.2,221.0,218.5,219.55,68695
2024-02-05 04:30:00+00:00,219.4,220.15,218.1,218.4,26709
2024-02-05 04:35:00+00:00,218.4,221.0,218.4,220.65,27535
2024-02-05 04:40:00+00:00,220.65,222.9,220.3,220.7,54427
2024-02-05 04:45:00+00:00,220.65,221.0,219.05,220.95,24326
2024-02-05 04:50:00+00:00,220.55,221.0,219.05,219.85,25935
2024-02-05 04:55:00+00:00,219.85,219.95,217.0,217.5,30238
2024-02-05 05:00:00+00:00,217.5,219.3,217.0,217.3,28857
2024-02-05 05:05:00+00:00,217.3,220.5,216.95,220.45,16214
2024-02-05 05:10:00+00:00,220.35,222.0,219.4,221.25,47928
2024-02-05 05:15:00+00:00,221.25,221.25,219.55,220.95,12895
2024-02-05 05:20:00+00:00,220.7,221.25,220.4,220.95,13072
2024-02-05 05:25:00+00:00,221.0,221.9,220.8,221.85,10574
2024-02-05 05:30:00+00:00,221.85,222.35,221.4,221.65,23837
2024-02-05 05:35:00+00:00,222.0,226.25,221.8,226.25,434479
2024-02-05 05:40:00+00:00,226.25,226.25,226.25,226.25,7935
2024-02-05 05:45:00+00:00,226.25,226.25,226.25,226.25,3792
2024-02-05 05:50:00+00:00,226.25,226.25,226.25,226.25,6964
2024-02-05 05:55:00+00:00,226.25,226.25,226.25,226.25,3167
2024-02-05 06:00:00+00:00,226.25,226.25,226.25,226.25,4908
2024-02-05 06:05:00+00:00,226.25,226.25,226.25,226.25,27415
2024-02-05 06:10:00+00:00,226.25,226.25,226.25,226.25,4294
2024-02-05 06:15:00+00:00,226.25,226.25,226.25,226.25,1596
2024-02-05 06:20:00+00:00,226.25,226.25,226.25,226.25,924
2024-02-05 06:25:00+00:00,226.25,226.25,226.25,226.25,3061
2024-02-05 06:30:00+00:00,226.25,226.25,226.25,226.25,1194
2024-02-05 06:35:00+00:00,226.25,226.25,226.25,226.25,2191
2024-02-05 06:40:00+00:00,226.25,226.25,226.25,226.25,3392
2024-02-05 06:45:00+00:00,226.25,226.25,226.25,226.25,2692
2024-02-05 06:50:00+00:00,226.25,226.25,226.25,226.25,1639
2024-02-05 06:55:00+00:00,226.25,226.25,226.25,226.25,625
2024-02-05 07:00:00+00:00,226.25,226.25,226.25,226.25,527
2024-02-05 07:05:00+00:00,226.25,226.25,226.25,226.25,214
2024-02-05 07:10:00+00:00,226.25,226.25,226.25,226.25,381
2024-02-05 07:15:00+00:00,226.25,226.25,226.25,226.25,1035
2024-02-05 07:20:00+00:00,226.25,226.25,226.25,226.25,145
2024-02-05 07:25:00+00:00,226.25,226.25,226.25,226.25,470
2024-02-05 07:30:00+00:00,226.25,226.25,226.25,226.25,508
2024-02-05 07:35:00+00:00,226.25,226.25,226.25,226.25,2106
2024-02-05 07:40:00+00:00,226.25,226.25,226.25,226.25,606
2024-02-05 07:45:00+00:00,226.25,226.25,226.25,226.25,578
2024-02-05 07:50:00+00:00,226.25,226.25,226.25,226.25,330
2024-02-05 07:55:00+00:00,226.25,226.25,226.25,226.25,560
2024-02-05 08:00:00+00:00,226.25,226.25,226.25,226.25,458
2024-02-05 08:05:00+00:00,226.25,226.25,226.25,226.25,1931
2024-02-05 08:10:00+00:00,226.25,226.25,226.25,226.25,394
2024-02-05 08:15:00+00:00,226.25,226.25,226.25,226.25,943
2024-02-05 08:20:00+00:00,226.25,226.25,226.25,226.25,227
2024-02-05 08:25:00+00:00,226.25,226.25,226.25,226.25,3
2024-02-05 08:30:00+00:00,226.25,226.25,226.25,226.25,491
2024-02-05 08:35:00+00:00,226.25,226.25,226.25,226.25,254
2024-02-05 08:40:00+00:00,226.25,226.25,226.25,226.25,468
2024-02-05 08:45:00+00:00,226.25,226.25,226.25,226.25,100
2024-02-05 08:50:00+00:00,226.25,226.25,226.25,226.25,208
2024-02-05 08:55:00+00:00,226.25,226.25,226.25,226.25,2557
2024-02-05 09:00:00+00:00,226.25,226.25,226.25,226.25,1664
2024-02-05 09:05:00+00:00,226.25,226.25,219.25,222.6,360545
2024-02-05 09:10:00+00:00,222.2,224.4,220.1,220.1,118670
2024-02-05 09:15:00+00:00,220.1,222.45,218.55,222.4,58134
2024-02-05 09:20:00+00:00,222.1,224.8,222.0,224.55,61443
2024-02-05 09:25:00+00:00,224.5,224.75,222.1,222.8,30844
2024-02-05 09:30:00+00:00,222.9,226.25,221.0,226.25,129327
2024-02-05 09:35:00+00:00,226.25,226.25,226.25,226.25,6819
2024-02-05 09:40:00+00:00,226.25,226.25,226.25,226.25,3218
2024-02-05 09:45:00+00:00,226.25,226.25,226.25,226.25,4808
2024-02-05 09:50:00+00:00,226.25,226.25,226.25,226.25,5415
2024-02-05 09:55:00+00:00,226.25,226.25,226.25,226.25,1606
2024-02-06 03:45:00+00:00,229.0,236.1,228.05,236.1,241382
2024-02-06 03:50:00+00:00,236.1,236.1,236.1,236.1,27244
2024-02-06 03:55:00+00:00,236.1,236.1,236.1,236.1,11719
2024-02-06 04:00:00+00:00,236.1,236.1,236.1,236.1,33167
2024-02-06 04:05:00+00:00,236.1,236.1,236.1,236.1,6959
2024-02-06 04:10:00+00:00,236.1,236.1,230.0,233.05,283290
2024-02-06 04:15:00+00:00,233.05,233.8,223.3,230.6,184455
2024-02-06 04:20:00+00:00,230.1,231.3,226.05,228.7,99357
2024-02-06 04:25:00+00:00,228.45,229.9,227.95,228.3,47841
2024-02-06 04:30:00+00:00,228.6,228.6,224.5,226.0,66521
2024-02-06 04:35:00+00:00,226.0,226.0,224.1,225.45,40021
2024-02-06 04:40:00+00:00,225.1,225.6,223.75,224.0,42899
2024-02-06 04:45:00+00:00,223.85,224.0,219.05,221.1,106319
2024-02-06 04:50:00+00:00,221.1,225.0,221.05,224.7,33796
2024-02-06 04:55:00+00:00,224.3,227.2,223.0,224.0,39523
2024-02-06 05:00:00+00:00,224.0,224.2,222.0,222.55,19400
2024-02-06 05:05:00+00:00,222.55,223.85,222.0,223.2,12188
2024-02-06 05:10:00+00:00,223.2,224.95,222.3,224.9,8740
2024-02-06 05:15:00+00:00,224.95,224.95,224.05,224.05,25926
2024-02-06 05:20:00+00:00,224.05,224.9,222.5,222.5,9028
2024-02-06 05:25:00+00:00,222.3,223.0,221.3,221.85,12355
2024-02-06 05:30:00+00:00,221.85,221.85,218.0,218.2,48630
2024-02-06 05:35:00+00:00,218.15,220.85,217.25,220.75,51312
2024-02-06 05:40:00+00:00,220.85,220.85,219.5,220.05,22118
2024-02-06 05:45:00+00:00,220.05,220.45,218.55,219.3,10656
2024-02-06 05:50:00+00:00,219.15,220.3,219.0,219.95,8658
2024-02-06 05:55:00+00:00,219.95,220.0,219.0,219.6,12384
2024-02-06 06:00:00+00:00,219.6,219.9,218.9,219.35,13390
2024-02-06 06:05:00+00:00,219.35,219.85,218.65,218.8,13037
2024-02-06 06:10:00+00:00,218.8,219.85,218.45,218.9,19977
2024-02-06 06:15:00+00:00,218.9,222.0,218.9,222.0,32940
2024-02-06 06:20:00+00:00,222.0,222.0,220.3,221.95,12883
2024-02-06 06:25:00+00:00,221.95,222.0,220.85,221.7,5846
2024-02-06 06:30:00+00:00,221.7,221.7,221.05,221.45,6148
2024-02-06 06:35:00+00:00,221.45,221.7,221.25,221.7,2573
2024-02-06 06:40:00+00:00,221.7,222.0,220.95,222.0,8237
2024-02-06 06:45:00+00:00,222.0,223.0,221.8,222.3,8743
2024-02-06 06:50:00+00:00,222.3,222.95,222.0,222.5,5866
2024-02-06 06:55:00+00:00,222.5,222.85,221.5,222.25,14030
2024-02-06 07:00:00+00:00,222.25,222.3,222.0,222.0,8990
2024-02-06 07:05:00+00:00,222.25,222.9,222.1,222.9,9264
2024-02-06 07:10:00+00:00,222.9,223.0,222.0,222.9,4917
2024-02-06 07:15:00+00:00,223.05,225.5,223.0,223.85,44179
2024-02-06 07:20:00+00:00,223.85,223.95,222.9,223.0,8275
2024-02-06 07:25:00+00:00,222.85,225.1,222.85,224.65,26195
2024-02-06 07:30:00+00:00,224.65,224.65,223.05,223.5,4584
2024-02-06 07:35:00+00:00,223.5,223.5,222.65,223.45,2677
2024-02-06 07:40:00+00:00,223.45,223.45,222.6,223.4,3456
2024-02-06 07:45:00+00:00,223.4,223.4,222.1,222.7,1935
2024-02-06 07:50:00+00:00,222.7,223.7,222.7,223.4,4343
2024-02-06 07:55:00+00:00,223.4,224.0,223.0,224.0,5536
2024-02-06 08:00:00+00:00,223.95,223.95,223.0,223.5,3533
2024-02-06 08:05:00+00:00,223.5,223.6,222.6,223.6,2543
2024-02-06 08:10:00+00:00,222.3,225.0,222.3,224.3,17386
2024-02-06 08:15:00+00:00,224.35,225.8,223.95,225.1,14620
2024-02-06 08:20:00+00:00,225.1,226.0,225.05,226.0,15189
2024-02-06 08:25:00+00:00,225.35,227.4,225.0,227.25,32110
2024-02-06 08:30:00+00:00,227.35,227.5,226.45,227.45,16277
2024-02-06 08:35:00+00:00,227.45,228.0,226.4,226.9,20268
2024-02-06 08:40:00+00:00,226.65,227.0,226.1,227.0,10427
2024-02-06 08:45:00+00:00,227.0,227.0,226.25,226.95,8574
2024-02-06 08:50:00+00:00,226.95,227.0,225.3,226.8,7951
2024-02-06 08:55:00+00:00,226.8,226.8,224.85,225.0,13858
2024-02-06 09:00:00+00:00,225.0,226.9,225.0,226.4,35998
2024-02-06 09:05:00+00:00,226.4,226.4,225.3,225.95,4759
2024-02-06 09:10:00+00:00,225.95,226.0,222.9,223.0,17662
2024-02-06 09:15:00+00:00,223.0,224.4,223.0,223.5,15073
2024-02-06 09:20:00+00:00,223.5,223.9,223.3,223.6,8609
2024-02-06 09:25:00+00:00,223.6,223.65,221.0,222.25,28350
2024-02-06 09:30:00+00:00,222.65,222.65,219.9,220.6,32879
2024-02-06 09:35:00+00:00,220.55,220.55,218.15,219.3,33419
2024-02-06 09:40:00+00:00,219.3,220.8,218.0,219.75,27861
2024-02-06 09:45:00+00:00,218.7,219.75,218.45,219.35,17721
2024-02-06 09:50:00+00:00,219.25,219.9,217.85,218.0,26034
2024-02-06 09:55:00+00:00,218.0,220.4,217.85,220.0,30071
2024-02-07 03:45:00+00:00,224.65,227.8,223.85,227.8,93076
2024-02-07 03:50:00+00:00,227.9,228.95,225.6,227.45,75683
2024-02-07 03:55:00+00:00,227.45,227.45,223.0,223.45,37136
2024-02-07 04:00:00+00:00,223.45,224.7,223.0,223.5,20207
2024-02-07 04:05:00+00:00,223.65,224.35,222.95,222.95,21720
2024-02-07 04:10:00+00:00,222.55,223.0,220.1,221.95,25273
2024-02-07 04:15:00+00:00,222.0,222.05,219.0,220.1,25237
2024-02-07 04:20:00+00:00,220.1,221.45,220.0,221.0,7542
2024-02-07 04:25:00+00:00,221.0,221.0,220.0,220.3,6206
2024-02-07 04:30:00+00:00,220.3,220.9,219.6,220.8,12639
2024-02-07 04:35:00+00:00,220.05,220.5,219.8,219.9,6704
2024-02-07 04:40:00+00:00,219.9,220.15,218.0,219.2,26707
2024-02-07 04:45:00+00:00,219.2,219.2,217.15,217.7,12349
2024-02-07 04:50:00+00:00,217.9,218.0,216.55,217.5,13281
2024-02-07 04:55:00+00:00,217.5,218.45,217.0,217.2,16364
2024-02-07 05:00:00+00:00,217.2,217.85,217.0,217.3,9606
2024-02-07 05:05:00+00:00,217.0,218.05,216.85,218.0,6407
2024-02-07 05:10:00+00:00,218.0,218.0,217.5,217.5,4055
2024-02-07 05:15:00+00:00,217.5,218.0,217.4,217.9,10131
2024-02-07 05:20:00+00:00,217.9,218.15,217.5,217.8,5761
2024-02-07 05:25:00+00:00,217.8,218.0,217.1,217.4,7765
2024-02-07 05:30:00+00:00,217.4,217.5,216.85,217.25,9993
2024-02-07 05:35:00+00:00,217.25,217.25,214.0,214.4,23328
2024-02-07 05:40:00+00:00,214.55,216.95,214.35,216.35,14515
2024-02-07 05:45:00+00:00,216.75,216.75,216.0,216.0,5172
2024-02-07 05:50:00+00:00,216.0,216.3,215.05,215.3,8066
2024-02-07 05:55:00+00:00,215.3,216.1,215.0,215.5,9623
2024-02-07 06:00:00+00:00,215.75,215.95,214.3,214.3,9651
2024-02-07 06:05:00+00:00,214.3,214.55,213.05,214.05,20416
2024-02-07 06:10:00+00:00,214.05,214.6,212.6,214.2,19274
2024-02-07 06:15:00+00:00,214.2,216.0,214.2,216.0,5860
2024-02-07 06:20:00+00:00,216.0,217.0,215.6,215.95,8602
2024-02-07 06:25:00+00:00,215.95,215.95,214.6,214.9,2996
2024-02-07 06:30:00+00:00,214.9,216.45,214.9,216.45,1379
2024-02-07 06:35:00+00:00,216.45,216.8,216.05,216.35,4560
2024-02-07 06:40:00+00:00,216.15,217.0,216.15,217.0,4018
2024-02-07 06:45:00+00:00,217.0,217.0,216.05,216.75,3165
2024-02-07 06:50:00+00:00,216.75,217.0,216.5,217.0,2628
2024-02-07 06:55:00+00:00,217.0,217.0,216.6,217.0,1856
2024-02-07 07:00:00+00:00,217.0,217.0,216.55,217.0,14772
2024-02-07 07:05:00+00:00,216.9,217.0,216.1,216.5,4968
2024-02-07 07:10:00+00:00,216.15,216.9,216.15,216.9,974
2024-02-07 07:15:00+00:00,217.0,217.0,216.7,216.7,17571
2024-02-07 07:20:00+00:00,216.95,217.0,216.55,216.75,4254
2024-02-07 07:25:00+00:00,216.75,216.75,216.3,216.3,1848
2024-02-07 07:30:00+00:00,216.3,217.0,216.1,216.45,4301
2024-02-07 07:35:00+00:00,216.45,217.0,216.35,217.0,2332
2024-02-07 07:40:00+00:00,217.0,217.0,216.7,216.7,2181
2024-02-07 07:45:00+00:00,216.7,217.1,216.6,216.95,1137
2024-02-07 07:50:00+00:00,216.95,217.05,216.6,216.9,1302
2024-02-07 07:55:00+00:00,216.9,217.0,216.75,216.75,1388
2024-02-07 08:00:00+00:00,217.0,217.0,216.3,216.95,2679
2024-02-07 08:05:00+00:00,216.95,217.0,216.55,217.0,2776
2024-02-07 08:10:00+00:00,217.0,217.2,216.6,217.0,4381
2024-02-07 08:15:00+00:00,217.0,217.0,216.35,216.7,811
2024-02-07 08:20:00+00:00,216.7,217.3,216.7,217.0,11000
2024-02-07 08:25:00+00:00,217.0,217.0,216.4,216.95,6853
2024-02-07 08:30:00+00:00,216.95,217.0,216.4,216.55,4054
2024-02-07 08:35:00+00:00,216.3,216.95,216.1,216.55,6191
2024-02-07 08:40:00+00:00,216.55,217.0,216.55,216.6,1993
2024-02-07 08:45:00+00:00,216.6,217.0,216.55,216.75,11289
2024-02-07 08:50:00+00:00,216.75,217.0,216.5,216.5,3681
2024-02-07 08:55:00+00:00,216.5,216.95,216.5,216.55,1102
2024-02-07 09:00:00+00:00,216.55,217.0,216.0,216.3,6472
2024-02-07 09:05:00+00:00,216.3,216.9,215.8,216.65,7205
2024-02-07 09:10:00+00:00,216.65,217.3,216.1,216.8,19123
2024-02-07 09:15:00+00:00,216.35,216.95,216.05,216.5,22673
2024-02-07 09:20:00+00:00,216.5,217.0,216.1,216.95,11249
2024-02-07 09:25:00+00:00,216.95,217.45,216.15,216.95,5598
2024-02-07 09:30:00+00:00,216.95,217.35,216.8,217.05,3327
2024-02-07 09:35:00+00:00,217.05,217.6,216.8,217.0,5345
2024-02-07 09:40:00+00:00,217.0,217.35,214.1,214.85,24794
2024-02-07 09:45:00+00:00,214.85,215.0,213.6,214.35,15288
2024-02-07 09:50:00+00:00,214.8,217.0,214.0,216.75,24524
2024-02-07 09:55:00+00:00,216.75,217.9,215.25,216.75,23088
2024-02-08 03:45:00+00:00,216.9,222.0,216.0,221.7,40411
2024-02-08 03:50:00+00:00,221.75,221.95,219.95,219.95,24710
2024-02-08 03:55:00+00:00,219.5,220.0,216.35,216.65,31335
2024-02-08 04:00:00+00:00,216.65,217.1,215.0,215.85,23001
2024-02-08 04:05:00+00:00,215.85,216.5,215.2,215.55,4766
2024-02-08 04:10:00+00:00,215.2,215.6,214.0,215.15,14378
2024-02-08 04:15:00+00:00,215.15,216.25,213.1,213.9,16329
2024-02-08 04:20:00+00:00,213.9,214.2,213.25,213.25,10220
2024-02-08 04:25:00+00:00,213.25,213.85,213.2,213.55,6833
2024-02-08 04:30:00+00:00,213.5,214.0,212.2,212.2,9930
2024-02-08 04:35:00+00:00,212.2,213.15,212.05,212.4,8496
2024-02-08 04:40:00+00:00,212.4,213.0,212.0,213.0,6278
2024-02-08 04:45:00+00:00,213.0,213.0,211.1,212.75,12718
2024-02-08 04:50:00+00:00,212.75,214.25,212.6,213.55,19348
2024-02-08 04:55:00+00:00,213.55,214.25,213.25,213.35,6540
2024-02-08 05:00:00+00:00,214.0,214.15,213.35,213.75,2279
2024-02-08 05:05:00+00:00,213.75,214.25,212.1,213.3,12662
2024-02-08 05:10:00+00:00,213.3,213.95,213.15,213.6,5338
2024-02-08 05:15:00+00:00,213.6,214.45,213.05,214.45,5922
2024-02-08 05:20:00+00:00,214.45,215.0,214.45,214.6,7994
2024-02-08 05:25:00+00:00,214.6,215.25,214.4,215.2,6019
2024-02-08 05:30:00+00:00,215.2,216.5,214.1,215.1,16347
2024-02-08 05:35:00+00:00,215.1,215.1,210.3,210.9,25559
2024-02-08 05:40:00+00:00,210.4,212.45,210.0,212.45,14052
2024-02-08 05:45:00+00:00,212.45,212.6,211.8,211.8,10001
2024-02-08 05:50:00+00:00,211.8,211.8,209.0,209.35,19934
2024-02-08 05:55:00+00:00,209.2,211.7,209.2,211.15,5060
2024-02-08 06:00:00+00:00,211.15,211.5,209.2,211.45,10257
2024-02-08 06:05:00+00:00,211.45,212.65,211.0,212.6,8553
2024-02-08 06:10:00+00:00,212.6,214.05,210.75,211.15,18945
2024-02-08 06:15:00+00:00,211.15,212.1,211.0,211.75,1046
2024-02-08 06:20:00+00:00,211.75,212.7,211.75,212.4,1931
2024-02-08 06:25:00+00:00,212.75,213.0,212.4,212.95,1269
2024-02-08 06:30:00+00:00,212.95,212.95,212.2,212.35,2729
2024-02-08 06:35:00+00:00,212.35,213.65,212.35,213.4,4223
2024-02-08 06:40:00+00:00,213.4,213.8,213.1,213.55,1368
2024-02-08 06:45:00+00:00,213.55,213.55,213.0,213.3,5459
2024-02-08 06:50:00+00:00,213.2,213.5,213.0,213.5,6278
2024-02-08 06:55:00+00:00,213.05,213.45,213.0,213.0,3004
2024-02-08 07:00:00+00:00,213.2,213.2,213.0,213.2,3609
2024-02-08 07:05:00+00:00,213.2,213.2,213.0,213.2,3890
2024-02-08 07:10:00+00:00,213.0,213.35,213.0,213.35,1362
2024-02-08 07:15:00+00:00,213.35,213.35,213.1,213.2,1152
2024-02-08 07:20:00+00:00,213.2,213.6,213.2,213.5,9192
2024-02-08 07:25:00+00:00,213.6,213.6,213.0,213.1,1618
2024-02-08 07:30:00+00:00,213.1,213.35,212.5,212.95,2388
2024-02-08 07:35:00+00:00,212.95,213.5,212.5,213.0,3174
2024-02-08 07:40:00+00:00,213.0,213.4,212.9,212.95,1862
2024-02-08 07:45:00+00:00,212.95,213.0,212.65,213.0,2062
2024-02-08 07:50:00+00:00,213.0,213.2,212.5,212.8,2501
2024-02-08 07:55:00+00:00,212.8,213.15,212.45,212.7,435
2024-02-08 08:00:00+00:00,213.15,213.6,212.7,213.6,1957
2024-02-08 08:05:00+00:00,213.5,213.9,213.5,213.9,1173
2024-02-08 08:10:00+00:00,213.9,213.9,213.15,213.45,1044
2024-02-08 08:15:00+00:00,213.45,213.85,213.1,213.7,739
2024-02-08 08:20:00+00:00,212.85,213.3,212.55,212.7,2220
2024-02-08 08:25:00+00:00,212.7,214.0,212.7,213.6,6819
2024-02-08 08:30:00+00:00,213.6,214.0,212.65,213.55,4635
2024-02-08 08:35:00+00:00,213.55,214.0,213.5,213.5,2356
2024-02-08 08:40:00+00:00,213.5,214.35,213.5,214.0,3819
2024-02-08 08:45:00+00:00,214.0,214.55,213.65,214.55,3567
2024-02-08 08:50:00+00:00,214.55,214.55,213.5,213.5,2072
2024-02-08 08:55:00+00:00,213.5,213.95,213.0,213.2,3761
2024-02-08 09:00:00+00:00,213.65,213.7,212.55,213.05,5430
2024-02-08 09:05:00+00:00,213.05,213.2,213.0,213.0,2095
2024-02-08 09:10:00+00:00,213.0,213.1,212.25,212.25,4293
2024-02-08 09:15:00+00:00,212.25,212.9,210.85,211.0,11363
2024-02-08 09:20:00+00:00,211.0,212.0,210.0,212.0,15283
2024-02-08 09:25:00+00:00,211.85,212.0,210.1,210.65,12953
2024-02-08 09:30:00+00:00,210.65,212.05,210.15,210.15,9136
2024-02-08 09:35:00+00:00,210.15,212.0,210.15,211.6,4796
2024-02-08 09:40:00+00:00,211.6,212.6,210.9,212.35,7131
2024-02-08 09:45:00+00:00,212.35,212.45,211.7,211.7,4596
2024-02-08 09:50:00+00:00,211.7,213.65,211.5,213.55,15983
2024-02-08 09:55:00+00:00,213.55,213.95,212.6,213.25,15148
2024-02-09 03:45:00+00:00,214.0,215.75,212.95,214.6,21796
2024-02-09 03:50:00+00:00,214.6,216.0,214.0,214.55,11450
2024-02-09 03:55:00+00:00,214.55,215.5,213.1,213.55,11043
2024-02-09 04:00:00+00:00,213.55,213.8,210.1,210.75,20332
2024-02-09 04:05:00+00:00,210.95,211.45,206.25,206.55,23814
2024-02-09 04:10:00+00:00,206.95,209.7,206.0,209.4,56168
2024-02-09 04:15:00+00:00,209.4,210.5,208.5,208.95,13637
2024-02-09 04:20:00+00:00,208.95,209.2,204.05,205.0,49185
2024-02-09 04:25:00+00:00,203.65,207.0,203.65,206.6,36253
2024-02-09 04:30:00+00:00,206.6,207.05,203.5,207.05,26832
2024-02-09 04:35:00+00:00,207.05,208.9,206.4,207.95,12440
2024-02-09 04:40:00+00:00,208.3,210.0,208.0,209.0,14705
2024-02-09 04:45:00+00:00,209.0,209.4,207.75,208.0,12218
2024-02-09 04:50:00+00:00,208.0,209.45,207.35,207.35,9207
2024-02-09 04:55:00+00:00,207.35,207.75,206.05,207.0,7963
2024-02-09 05:00:00+00:00,207.0,207.75,205.0,207.75,13184
2024-02-09 05:05:00+00:00,207.75,207.75,206.75,207.05,3855
2024-02-09 05:10:00+00:00,207.05,208.25,206.05,207.7,16362
2024-02-09 05:15:00+00:00,207.7,207.7,205.3,206.6,14751
2024-02-09 05:20:00+00:00,206.95,207.35,204.5,204.5,13692
2024-02-09 05:25:00+00:00,204.5,206.0,204.1,204.55,15837
2024-02-09 05:30:00+00:00,204.55,205.0,202.25,203.0,25096
2024-02-09 05:35:00+00:00,203.0,203.7,201.65,202.6,51389
2024-02-09 05:40:00+00:00,202.6,204.45,201.65,202.95,22263
2024-02-09 05:45:00+00:00,202.9,203.0,201.7,202.5,20280
2024-02-09 05:50:00+00:00,202.5,203.7,201.65,201.65,28006
2024-02-09 05:55:00+00:00,201.65,203.0,201.65,202.0,22219
2024-02-09 06:00:00+00:00,202.0,204.95,202.0,204.95,22008
2024-02-09 06:05:00+00:00,204.95,204.95,204.2,204.9,6704
2024-02-09 06:10:00+00:00,204.9,207.5,204.9,207.5,35553
2024-02-09 06:15:00+00:00,207.5,208.0,207.45,208.0,10524
2024-02-09 06:20:00+00:00,208.0,210.0,207.95,209.8,16037
2024-02-09 06:25:00+00:00,209.8,210.1,208.35,210.0,12643
2024-02-09 06:30:00+00:00,210.0,210.9,209.05,209.45,5751
2024-02-09 06:35:00+00:00,209.45,209.5,208.85,209.5,3416
2024-02-09 06:40:00+00:00,209.5,210.85,209.3,210.0,7937
2024-02-09 06:45:00+00:00,210.0,212.2,209.05,211.85,20282
2024-02-09 06:50:00+00:00,211.85,214.6,211.8,212.9,17722
2024-02-09 06:55:00+00:00,212.9,212.9,209.8,210.65,15205
2024-02-09 07:00:00+00:00,211.2,211.45,209.65,211.35,7080
2024-02-09 07:05:00+00:00,211.35,211.95,210.3,211.95,1959
2024-02-09 07:10:00+00:00,211.95,213.55,210.0,211.2,11856
2024-02-09 07:15:00+00:00,211.2,213.1,211.2,212.55,2310
2024-02-09 07:20:00+00:00,212.9,212.9,211.05,211.1,905
2024-02-09 07:25:00+00:00,211.95,211.95,210.75,210.95,2439
2024-02-09 07:30:00+00:00,210.95,213.95,210.95,212.95,8865
2024-02-09 07:35:00+00:00,212.45,215.0,211.5,213.1,32016
2024-02-09 07:40:00+00:00,213.1,213.95,211.7,213.95,9133
2024-02-09 07:45:00+00:00,214.0,214.0,213.0,213.3,5697
2024-02-09 07:50:00+00:00,213.3,216.0,213.3,216.0,20393
2024-02-09 07:55:00+00:00,216.0,218.5,215.0,216.5,55182
2024-02-09 08:00:00+00:00,216.5,217.75,215.3,217.05,21104
2024-02-09 08:05:00+00:00,217.0,221.0,217.0,220.15,56761
2024-02-09 08:10:00+00:00,220.2,220.75,218.1,219.55,27865
2024-02-09 08:15:00+00:00,219.35,221.9,218.65,218.65,50662
2024-02-09 08:20:00+00:00,218.5,221.45,218.05,220.5,24879
2024-02-09 08:25:00+00:00,220.5,221.45,220.15,221.0,13571
2024-02-09 08:30:00+00:00,221.3,221.3,219.15,221.1,33459
2024-02-09 08:35:00+00:00,221.0,221.5,219.15,220.55,24462
2024-02-09 08:40:00+00:00,220.55,220.55,219.15,219.25,5842
2024-02-09 08:45:00+00:00,219.75,220.25,219.15,219.95,6868
2024-02-09 08:50:00+00:00,219.95,221.0,219.85,221.0,9118
2024-02-09 08:55:00+00:00,221.0,222.0,220.55,222.0,15576
2024-02-09 09:00:00+00:00,222.0,222.0,220.1,220.1,12709
2024-02-09 09:05:00+00:00,220.0,220.6,219.0,219.35,10028
2024-02-09 09:10:00+00:00,219.4,220.05,219.0,220.05,4152
2024-02-09 09:15:00+00:00,220.05,221.0,219.85,220.4,6713
2024-02-09 09:20:00+00:00,220.4,221.75,219.0,221.75,11430
2024-02-09 09:25:00+00:00,221.75,221.9,219.45,221.0,8925
2024-02-09 09:30:00+00:00,221.0,221.0,220.0,220.55,5362
2024-02-09 09:35:00+00:00,220.75,221.9,220.75,221.05,16052
2024-02-09 09:40:00+00:00,221.05,222.85,221.05,222.85,75723
2024-02-09 09:45:00+00:00,222.85,222.85,222.85,222.85,9709
2024-02-09 09:50:00+00:00,222.85,222.85,222.85,222.85,18070
2024-02-09 09:55:00+00:00,222.85,222.85,222.85,222.85,10318
2024-02-12 03:45:00+00:00,227.0,232.65,223.0,227.3,164941
2024-02-12 03:50:00+00:00,227.3,228.85,222.9,223.95,82127
2024-02-12 03:55:00+00:00,223.95,226.75,221.0,226.45,38045
2024-02-12 04:00:00+00:00,226.45,227.0,224.1,224.9,29760
2024-02-12 04:05:00+00:00,224.9,226.0,223.8,224.95,14301
2024-02-12 04:10:00+00:00,224.95,226.0,218.3,219.3,33806
2024-02-12 04:15:00+00:00,219.3,219.9,215.8,217.3,41570
2024-02-12 04:20:00+00:00,217.3,220.4,216.8,219.3,26540
2024-02-12 04:25:00+00:00,219.05,219.3,215.4,216.4,28592
2024-02-12 04:30:00+00:00,216.0,216.35,211.25,213.0,66272
2024-02-12 04:35:00+00:00,212.6,214.65,211.85,213.05,32950
2024-02-12 04:40:00+00:00,213.25,214.55,211.25,213.0,31603
2024-02-12 04:45:00+00:00,213.0,217.0,213.0,216.5,27919
2024-02-12 04:50:00+00:00,216.5,217.5,213.5,213.5,15369
2024-02-12 04:55:00+00:00,213.5,214.75,212.35,213.75,13639
2024-02-12 05:00:00+00:00,213.75,217.2,213.75,217.0,9235
2024-02-12 05:05:00+00:00,217.0,217.9,216.35,216.95,11845
2024-02-12 05:10:00+00:00,216.95,217.8,215.2,217.05,24722
2024-02-12 05:15:00+00:00,217.05,217.45,215.7,216.95,6503
2024-02-12 05:20:00+00:00,216.95,216.95,214.0,214.95,6155
2024-02-12 05:25:00+00:00,214.25,215.45,213.0,215.05,8635
2024-02-12 05:30:00+00:00,215.05,215.75,214.3,215.0,7788
2024-02-12 05:35:00+00:00,215.0,215.5,214.2,215.5,4323
2024-02-12 05:40:00+00:00,215.65,216.2,214.0,216.0,5918
2024-02-12 05:45:00+00:00,216.0,217.0,215.0,217.0,6271
2024-02-12 05:50:00+00:00,217.15,218.85,216.65,218.0,9344
2024-02-12 05:55:00+00:00,218.0,218.75,217.0,217.6,8190
2024-02-12 06:00:00+00:00,218.0,218.8,217.0,217.65,2371
2024-02-12 06:05:00+00:00,217.65,218.8,217.45,217.45,6745
2024-02-12 06:10:00+00:00,218.0,218.0,215.25,216.0,4714
2024-02-12 06:15:00+00:00,216.0,216.0,213.75,214.65,4105
2024-02-12 06:20:00+00:00,214.25,214.7,213.1,214.05,3155
2024-02-12 06:25:00+00:00,214.05,214.95,214.05,214.95,1684
2024-02-12 06:30:00+00:00,214.95,215.0,214.0,214.1,4204
2024-02-12 06:35:00+00:00,214.1,214.1,213.0,213.6,5223
2024-02-12 06:40:00+00:00,213.6,214.85,212.4,214.05,9563
2024-02-12 06:45:00+00:00,213.4,215.6,213.4,214.5,7754
2024-02-12 06:50:00+00:00,214.5,214.85,214.1,214.85,3030
2024-02-12 06:55:00+00:00,214.85,214.85,213.1,214.75,4878
2024-02-12 07:00:00+00:00,214.75,215.25,213.6,214.4,2256
2024-02-12 07:05:00+00:00,214.4,232.0,214.0,231.0,287443
2024-02-12 07:10:00+00:00,231.0,231.5,225.8,227.95,149909
2024-02-12 07:15:00+00:00,228.25,229.9,223.0,227.55,151393
2024-02-12 07:20:00+00:00,228.3,229.0,226.4,226.9,67930
2024-02-12 07:25:00+00:00,226.9,228.8,225.25,226.0,65345
2024-02-12 07:30:00+00:00,226.0,226.0,221.0,223.0,76887
2024-02-12 07:35:00+00:00,222.9,226.0,222.9,223.75,34246
2024-02-12 07:40:00+00:00,223.75,227.2,223.75,226.1,27784
2024-02-12 07:45:00+00:00,226.05,228.0,224.0,225.05,20683
2024-02-12 07:50:00+00:00,225.05,229.75,224.05,228.35,63413
2024-02-12 07:55:00+00:00,228.35,228.35,226.8,227.95,12616
2024-02-12 08:00:00+00:00,227.95,228.0,227.0,227.7,11939
2024-02-12 08:05:00+00:00,227.55,227.6,226.0,226.9,15982
2024-02-12 08:10:00+00:00,226.45,226.85,225.05,225.7,9709
2024-02-12 08:15:00+00:00,226.1,227.6,225.7,227.6,8842
2024-02-12 08:20:00+00:00,227.6,228.0,226.4,226.4,8383
2024-02-12 08:25:00+00:00,226.4,228.0,226.1,227.95,6912
2024-02-12 08:30:00+00:00,227.95,228.0,226.2,227.45,15324
2024-02-12 08:35:00+00:00,227.9,228.0,226.9,227.9,19068
2024-02-12 08:40:00+00:00,227.9,229.4,226.35,229.0,57824
2024-02-12 08:45:00+00:00,229.0,229.4,228.15,228.8,17021
2024-02-12 08:50:00+00:00,228.8,229.0,227.5,227.5,14797
2024-02-12 08:55:00+00:00,227.5,227.55,227.0,227.0,10089
2024-02-12 09:00:00+00:00,227.0,228.6,227.0,227.7,17053
2024-02-12 09:05:00+00:00,228.1,228.8,227.95,228.0,22154
2024-02-12 09:10:00+00:00,228.0,228.3,226.3,228.25,6083
2024-02-12 09:15:00+00:00,228.25,228.25,226.8,227.3,7960
2024-02-12 09:20:00+00:00,227.5,228.75,226.35,226.95,11409
2024-02-12 09:25:00+00:00,226.95,227.0,225.6,226.2,15446
2024-02-12 09:30:00+00:00,226.2,226.4,225.6,226.25,28843
2024-02-12 09:35:00+00:00,225.65,225.65,221.55,222.0,30204
2024-02-12 09:40:00+00:00,223.0,224.45,221.3,221.95,36905
2024-02-12 09:45:00+00:00,221.5,223.4,221.3,222.8,29056
2024-02-12 09:50:00+00:00,222.8,226.0,222.3,226.0,49933
2024-02-12 09:55:00+00:00,226.0,226.0,223.45,224.0,59015
2024-02-13 03:45:00+00:00,224.0,227.7,213.8,215.3,119283
2024-02-13 03:50:00+00:00,217.0,220.85,212.7,214.0,141997
2024-02-13 03:55:00+00:00,214.0,215.5,212.7,212.7,74644
2024-02-13 04:00:00+00:00,212.7,213.5,212.7,212.75,43472
2024-02-13 04:05:00+00:00,212.75,213.8,212.7,213.1,59806
2024-02-13 04:10:00+00:00,213.1,213.75,212.7,212.9,56409
2024-02-13 04:15:00+00:00,212.85,213.35,212.7,213.35,29862
2024-02-13 04:20:00+00:00,213.0,215.0,212.75,215.0,18676
2024-02-13 04:25:00+00:00,215.0,216.5,213.6,215.05,49299
2024-02-13 04:30:00+00:00,215.1,217.2,215.1,217.15,34206
2024-02-13 04:35:00+00:00,217.15,217.2,216.2,216.2,20907
2024-02-13 04:40:00+00:00,216.2,217.0,216.2,216.95,12041
2024-02-13 04:45:00+00:00,216.95,216.95,216.2,216.55,19484
2024-02-13 04:50:00+00:00,216.55,216.55,214.05,216.25,25241
2024-02-13 04:55:00+00:00,216.25,216.3,216.0,216.25,11185
2024-02-13 05:00:00+00:00,216.25,218.95,216.25,218.75,15449
2024-02-13 05:05:00+00:00,219.0,219.4,217.1,217.7,16635
2024-02-13 05:10:00+00:00,217.7,218.25,216.2,217.5,22020
2024-02-13 05:15:00+00:00,217.5,217.95,216.35,217.0,6387
2024-02-13 05:20:00+00:00,217.0,218.0,216.4,218.0,4508
2024-02-13 05:25:00+00:00,218.0,218.0,217.3,218.0,4260
2024-02-13 05:30:00+00:00,218.0,218.0,217.5,218.0,1522
2024-02-13 05:35:00+00:00,218.0,218.0,217.1,217.4,4625
2024-02-13 05:40:00+00:00,217.4,217.8,216.5,217.35,4989
2024-02-13 05:45:00+00:00,217.0,217.25,216.1,216.1,6619
2024-02-13 05:50:00+00:00,216.1,216.55,215.25,215.9,6760
2024-02-13 05:55:00+00:00,215.9,216.0,215.4,216.0,6374
2024-02-13 06:00:00+00:00,216.0,216.05,215.55,216.05,3193
2024-02-13 06:05:00+00:00,216.05,216.3,215.55,215.65,4375
2024-02-13 06:10:00+00:00,215.65,216.15,215.3,215.6,3769
2024-02-13 06:15:00+00:00,215.6,216.05,215.3,215.75,4341
2024-02-13 06:20:00+00:00,215.8,216.05,215.65,216.05,2794
2024-02-13 06:25:00+00:00,216.05,216.05,216.0,216.0,921
2024-02-13 06:30:00+00:00,216.05,216.3,216.05,216.1,4266
2024-02-13 06:35:00+00:00,216.1,216.3,212.7,213.6,42878
2024-02-13 06:40:00+00:00,213.6,213.85,212.9,213.15,5852
2024-02-13 06:45:00+00:00,213.15,213.7,212.75,213.65,16516
2024-02-13 06:50:00+00:00,213.55,214.35,213.55,214.3,3719
2024-02-13 06:55:00+00:00,214.35,214.7,213.7,214.0,4442
2024-02-13 07:00:00+00:00,214.0,215.8,213.8,215.7,5447
2024-02-13 07:05:00+00:00,215.7,215.7,212.75,213.45,21205
2024-02-13 07:10:00+00:00,213.45,213.5,212.75,212.75,16600
2024-02-13 07:15:00+00:00,212.75,213.35,212.75,212.8,6549
2024-02-13 07:20:00+00:00,212.8,213.35,212.8,212.8,8790
2024-02-13 07:25:00+00:00,213.0,214.45,212.8,212.8,6235
2024-02-13 07:30:00+00:00,212.8,214.5,212.8,214.5,2211
2024-02-13 07:35:00+00:00,214.5,214.85,213.0,213.0,10216
2024-02-13 07:40:00+00:00,213.0,214.65,213.0,213.9,5153
2024-02-13 07:45:00+00:00,213.9,214.25,212.85,213.75,4077
2024-02-13 07:50:00+00:00,213.75,213.9,213.0,213.9,1016
2024-02-13 07:55:00+00:00,213.9,214.0,213.0,214.0,2765
2024-02-13 08:00:00+00:00,214.2,214.8,214.0,214.75,4519
2024-02-13 08:05:00+00:00,214.75,215.0,214.5,215.0,7010
2024-02-13 08:10:00+00:00,215.0,216.5,215.0,216.45,9201
2024-02-13 08:15:00+00:00,216.45,217.9,215.45,216.3,12829
2024-02-13 08:20:00+00:00,216.3,217.0,214.55,215.95,4058
2024-02-13 08:25:00+00:00,215.95,217.0,215.9,216.0,2644
2024-02-13 08:30:00+00:00,216.0,216.55,215.4,215.7,5215
2024-02-13 08:35:00+00:00,215.85,216.3,215.8,215.8,4410
2024-02-13 08:40:00+00:00,216.0,216.0,215.4,215.9,1217
2024-02-13 08:45:00+00:00,215.9,215.9,215.0,215.65,3046
2024-02-13 08:50:00+00:00,215.65,215.65,214.5,215.15,4493
2024-02-13 08:55:00+00:00,215.15,215.8,214.55,215.8,6214
2024-02-13 09:00:00+00:00,215.8,215.8,214.05,214.95,12988
2024-02-13 09:05:00+00:00,215.0,216.75,214.75,214.75,7138
2024-02-13 09:10:00+00:00,215.0,215.0,214.25,214.25,1696
2024-02-13 09:15:00+00:00,214.95,214.95,214.35,214.75,2216
2024-02-13 09:20:00+00:00,214.75,214.75,214.05,214.35,5275
2024-02-13 09:25:00+00:00,214.25,214.5,213.8,213.95,9500
2024-02-13 09:30:00+00:00,213.95,214.95,213.95,214.75,19291
2024-02-13 09:35:00+00:00,214.75,214.75,214.2,214.5,3112
2024-02-13 09:40:00+00:00,214.25,215.5,214.0,215.5,12117
2024-02-13 09:45:00+00:00,215.5,215.7,214.55,214.55,7992
2024-02-13 09:50:00+00:00,214.55,215.35,213.65,215.35,14319
2024-02-13 09:55:00+00:00,215.35,215.45,214.1,214.7,18025
2024-02-14 03:45:00+00:00,209.1,214.7,209.1,213.2,48845
2024-02-14 03:50:00+00:00,213.55,214.4,212.3,213.65,17898
2024-02-14 03:55:00+00:00,213.65,215.45,213.2,213.95,20988
2024-02-14 04:00:00+00:00,214.0,214.65,212.65,214.15,23081
2024-02-14 04:05:00+00:00,214.2,216.7,214.2,216.25,10628
2024-02-14 04:10:00+00:00,216.65,218.0,215.85,217.7,28527
2024-02-14 04:15:00+00:00,217.7,217.9,216.55,217.2,11786
2024-02-14 04:20:00+00:00,217.2,218.0,216.55,217.8,6647
2024-02-14 04:25:00+00:00,217.8,220.5,217.75,218.8,27305
2024-02-14 04:30:00+00:00,218.8,220.0,217.4,217.5,10906
2024-02-14 04:35:00+00:00,217.5,219.7,217.5,219.0,10052
2024-02-14 04:40:00+00:00,219.0,222.0,219.0,221.15,9778
2024-02-14 04:45:00+00:00,222.0,222.45,221.05,222.0,34721
2024-02-14 04:50:00+00:00,222.0,222.5,221.0,221.9,15975
2024-02-14 04:55:00+00:00,222.05,223.0,221.85,222.4,10883
2024-02-14 05:00:00+00:00,222.4,223.05,221.7,223.0,15124
2024-02-14 05:05:00+00:00,223.0,225.3,222.75,225.3,108677
2024-02-14 05:10:00+00:00,225.3,225.3,225.3,225.3,6164
2024-02-14 05:15:00+00:00,225.3,225.3,225.3,225.3,3981
2024-02-14 05:20:00+00:00,225.3,225.3,225.3,225.3,2045
2024-02-14 05:25:00+00:00,225.3,225.3,225.3,225.3,10029
2024-02-14 05:30:00+00:00,225.3,225.3,225.3,225.3,1095
2024-02-14 05:35:00+00:00,225.3,225.3,225.3,225.3,2192
2024-02-14 05:40:00+00:00,225.3,225.3,225.3,225.3,1691
2024-02-14 05:45:00+00:00,225.3,225.3,225.3,225.3,2758
2024-02-14 05:50:00+00:00,225.3,225.3,225.3,225.3,2401
2024-02-14 05:55:00+00:00,225.3,225.3,225.3,225.3,2053
2024-02-14 06:00:00+00:00,225.3,225.3,225.3,225.3,1824
2024-02-14 06:05:00+00:00,225.3,225.3,225.3,225.3,151
2024-02-14 06:10:00+00:00,225.3,225.3,225.3,225.3,745
2024-02-14 06:15:00+00:00,225.3,225.3,225.3,225.3,532
2024-02-14 06:20:00+00:00,225.3,225.3,225.3,225.3,870
2024-02-14 06:25:00+00:00,225.3,225.3,225.3,225.3,398
2024-02-14 06:30:00+00:00,225.3,225.3,225.3,225.3,399
2024-02-14 06:35:00+00:00,225.3,225.3,225.3,225.3,150
2024-02-14 06:40:00+00:00,225.3,225.3,225.3,225.3,183
2024-02-14 06:45:00+00:00,225.3,225.3,225.3,225.3,1197
2024-02-14 06:50:00+00:00,225.3,225.3,225.3,225.3,335
2024-02-14 06:55:00+00:00,225.3,225.3,225.3,225.3,877
2024-02-14 07:00:00+00:00,225.3,225.3,225.3,225.3,26
2024-02-14 07:05:00+00:00,225.3,225.3,225.3,225.3,187
2024-02-14 07:10:00+00:00,225.3,225.3,225.3,225.3,376
2024-02-14 07:15:00+00:00,225.3,225.3,225.3,225.3,141
2024-02-14 07:20:00+00:00,225.3,225.3,225.3,225.3,314
2024-02-14 07:25:00+00:00,225.3,225.3,225.3,225.3,370
2024-02-14 07:30:00+00:00,225.3,225.3,225.3,225.3,104
2024-02-14 07:35:00+00:00,225.3,225.3,225.3,225.3,298
2024-02-14 07:40:00+00:00,225.3,225.3,225.3,225.3,335
2024-02-14 07:45:00+00:00,225.3,225.3,225.3,225.3,382
2024-02-14 07:50:00+00:00,225.3,225.3,225.3,225.3,22
2024-02-14 07:55:00+00:00,225.3,225.3,225.3,225.3,182
2024-02-14 08:00:00+00:00,225.3,225.3,225.3,225.3,509
2024-02-14 08:05:00+00:00,225.3,225.3,225.3,225.3,1379
2024-02-14 08:10:00+00:00,225.3,225.3,225.3,225.3,2025
2024-02-14 08:15:00+00:00,225.3,225.3,225.3,225.3,114
2024-02-14 08:20:00+00:00,225.3,225.3,225.3,225.3,71
2024-02-14 08:25:00+00:00,225.3,225.3,225.3,225.3,60
2024-02-14 08:30:00+00:00,225.3,225.3,225.3,225.3,173
2024-02-14 08:35:00+00:00,225.3,225.3,225.3,225.3,313
2024-02-14 08:40:00+00:00,225.3,225.3,225.3,225.3,105
2024-02-14 08:45:00+00:00,225.3,225.3,225.3,225.3,610
2024-02-14 08:50:00+00:00,225.3,225.3,225.3,225.3,5
2024-02-14 08:55:00+00:00,225.3,225.3,225.3,225.3,23
2024-02-14 09:00:00+00:00,225.3,225.3,225.3,225.3,253
2024-02-14 09:05:00+00:00,225.3,225.3,225.3,225.3,1439
2024-02-14 09:10:00+00:00,225.3,225.3,225.3,225.3,126
2024-02-14 09:15:00+00:00,225.3,225.3,225.3,225.3,1295
2024-02-14 09:20:00+00:00,225.3,225.3,225.3,225.3,255
2024-02-14 09:25:00+00:00,225.3,225.3,225.3,225.3,36
2024-02-14 09:30:00+00:00,225.3,225.3,225.3,225.3,424
2024-02-14 09:35:00+00:00,225.3,225.3,225.3,225.3,395
2024-02-14 09:40:00+00:00,225.3,225.3,225.3,225.3,132
2024-02-14 09:45:00+00:00,225.3,225.3,225.3,225.3,106
2024-02-14 09:50:00+00:00,225.3,225.3,225.3,225.3,1150
2024-02-14 09:55:00+00:00,225.3,225.3,225.3,225.3,1070
2024-02-15 03:45:00+00:00,229.1,234.65,229.0,234.05,140518
2024-02-15 03:50:00+00:00,234.0,236.55,232.4,236.55,141675
2024-02-15 03:55:00+00:00,236.55,236.55,236.55,236.55,13082
2024-02-15 04:00:00+00:00,236.55,236.55,236.55,236.55,8592
2024-02-15 04:05:00+00:00,236.55,236.55,236.55,236.55,9326
2024-02-15 04:10:00+00:00,236.55,236.55,236.55,236.55,4227
2024-02-15 04:15:00+00:00,236.55,236.55,236.55,236.55,5073
2024-02-15 04:20:00+00:00,236.55,236.55,236.55,236.55,14567
2024-02-15 04:25:00+00:00,236.55,236.55,236.55,236.55,3598
2024-02-15 04:30:00+00:00,236.55,236.55,236.55,236.55,17352
2024-02-15 04:35:00+00:00,236.55,236.55,236.55,236.55,2675
2024-02-15 04:40:00+00:00,236.55,236.55,236.55,236.55,860
2024-02-15 04:45:00+00:00,236.55,236.55,236.55,236.55,47
2024-02-15 04:50:00+00:00,236.55,236.55,236.55,236.55,382
2024-02-15 04:55:00+00:00,236.55,236.55,236.55,236.55,178
2024-02-15 05:00:00+00:00,236.55,236.55,236.55,236.55,658
2024-02-15 05:05:00+00:00,236.55,236.55,236.55,236.55,1226
2024-02-15 05:10:00+00:00,236.55,236.55,236.55,236.55,1354
2024-02-15 05:15:00+00:00,236.55,236.55,236.55,236.55,3320
2024-02-15 05:20:00+00:00,236.55,236.55,236.55,236.55,842
2024-02-15 05:25:00+00:00,236.55,236.55,236.55,236.55,485
2024-02-15 05:30:00+00:00,236.55,236.55,236.55,236.55,982
2024-02-15 05:35:00+00:00,236.55,236.55,236.55,236.55,280
2024-02-15 05:40:00+00:00,236.55,236.55,236.55,236.55,1349
2024-02-15 05:45:00+00:00,236.55,236.55,232.55,234.4,227313
2024-02-15 05:50:00+00:00,234.4,236.5,234.0,236.5,102037
2024-02-15 05:55:00+00:00,236.5,236.55,234.3,236.55,141399
2024-02-15 06:00:00+00:00,236.55,236.55,236.55,236.55,632
2024-02-15 06:05:00+00:00,236.55,236.55,236.55,236.55,1731
2024-02-15 06:10:00+00:00,236.55,236.55,236.55,236.55,731
2024-02-15 06:15:00+00:00,236.55,236.55,236.55,236.55,310
2024-02-15 06:20:00+00:00,236.55,236.55,236.55,236.55,707
2024-02-15 06:25:00+00:00,236.55,236.55,236.55,236.55,2680
2024-02-15 06:30:00+00:00,236.55,236.55,236.55,236.55,365
2024-02-15 06:35:00+00:00,236.55,236.55,236.55,236.55,346
2024-02-15 06:40:00+00:00,236.55,236.55,236.55,236.55,469
2024-02-15 06:45:00+00:00,236.55,236.55,236.55,236.55,143
2024-02-15 06:50:00+00:00,236.55,236.55,236.55,236.55,89
2024-02-15 06:55:00+00:00,236.55,236.55,236.55,236.55,235
2024-02-15 07:00:00+00:00,236.55,236.55,236.55,236.55,117
2024-02-15 07:05:00+00:00,236.55,236.55,236.55,236.55,120
2024-02-15 07:10:00+00:00,236.55,236.55,236.55,236.55,524
2024-02-15 07:15:00+00:00,236.55,236.55,236.55,236.55,430
2024-02-15 07:20:00+00:00,236.55,236.55,236.55,236.55,275
2024-02-15 07:25:00+00:00,236.55,236.55,236.55,236.55,159
2024-02-15 07:30:00+00:00,236.55,236.55,236.55,236.55,451
2024-02-15 07:35:00+00:00,236.55,236.55,236.55,236.55,1721
2024-02-15 07:40:00+00:00,236.55,236.55,236.55,236.55,210
2024-02-15 07:45:00+00:00,236.55,236.55,236.55,236.55,348
2024-02-15 07:50:00+00:00,236.55,236.55,236.55,236.55,4
2024-02-15 07:55:00+00:00,236.55,236.55,236.55,236.55,6
2024-02-15 08:00:00+00:00,236.55,236.55,236.55,236.55,105
2024-02-15 08:05:00+00:00,236.55,236.55,236.55,236.55,25
2024-02-15 08:10:00+00:00,236.55,236.55,236.55,236.55,2028
2024-02-15 08:15:00+00:00,236.55,236.55,236.55,236.55,561
2024-02-15 08:20:00+00:00,236.55,236.55,236.55,236.55,22
2024-02-15 08:25:00+00:00,236.55,236.55,236.55,236.55,1725
2024-02-15 08:30:00+00:00,236.55,236.55,236.55,236.55,122
2024-02-15 08:35:00+00:00,236.55,236.55,236.55,236.55,104
2024-02-15 08:40:00+00:00,236.55,236.55,236.55,236.55,474
2024-02-15 08:45:00+00:00,236.55,236.55,236.55,236.55,225
2024-02-15 08:50:00+00:00,236.55,236.55,236.55,236.55,263
2024-02-15 08:55:00+00:00,236.55,236.55,236.55,236.55,64
2024-02-15 09:00:00+00:00,236.55,236.55,236.55,236.55,110
2024-02-15 09:05:00+00:00,236.55,236.55,236.55,236.55,5021
2024-02-15 09:10:00+00:00,236.55,236.55,236.55,236.55,10
2024-02-15 09:15:00+00:00,236.55,236.55,236.55,236.55,7
2024-02-15 09:20:00+00:00,236.55,236.55,236.55,236.55,111
2024-02-15 09:25:00+00:00,236.55,236.55,236.55,236.55,1166
2024-02-15 09:30:00+00:00,236.55,236.55,236.55,236.55,143
2024-02-15 09:35:00+00:00,236.55,236.55,236.55,236.55,1260
2024-02-15 09:40:00+00:00,236.55,236.55,236.55,236.55,459
2024-02-15 09:45:00+00:00,236.55,236.55,236.55,236.55,4255
2024-02-15 09:50:00+00:00,236.55,236.55,236.55,236.55,5334
2024-02-15 09:55:00+00:00,236.55,236.55,236.55,236.55,1322
2024-02-16 03:45:00+00:00,242.0,248.35,237.0,248.35,295230
2024-02-16 03:50:00+00:00,248.35,248.35,248.35,248.35,32733
2024-02-16 03:55:00+00:00,248.35,248.35,248.35,248.35,16486
2024-02-16 04:00:00+00:00,248.35,248.35,243.45,246.45,149189
2024-02-16 04:05:00+00:00,246.5,248.35,245.0,247.4,169992
2024-02-16 04:10:00+00:00,247.0,248.35,246.2,247.1,206067
2024-02-16 04:15:00+00:00,247.9,248.35,246.3,248.35,220961
2024-02-16 04:20:00+00:00,248.35,248.35,246.9,247.0,160302
2024-02-16 04:25:00+00:00,247.2,248.35,246.1,248.35,62575
2024-02-16 04:30:00+00:00,248.35,248.35,247.35,247.35,143936
2024-02-16 04:35:00+00:00,247.35,247.95,245.5,246.0,54744
2024-02-16 04:40:00+00:00,246.0,247.75,245.5,245.5,49605
2024-02-16 04:45:00+00:00,245.9,246.0,245.2,245.75,21800
2024-02-16 04:50:00+00:00,245.75,245.85,240.6,243.05,57499
2024-02-16 04:55:00+00:00,243.55,243.55,242.0,242.85,20246
2024-02-16 05:00:00+00:00,242.3,243.0,241.0,241.4,28812
2024-02-16 05:05:00+00:00,241.0,241.75,237.5,238.0,55502
2024-02-16 05:10:00+00:00,237.95,241.6,235.05,241.6,60555
2024-02-16 05:15:00+00:00,241.6,242.0,240.05,241.55,30682
2024-02-16 05:20:00+00:00,241.5,243.1,240.65,241.0,12610
2024-02-16 05:25:00+00:00,240.65,242.5,240.05,240.05,18055
2024-02-16 05:30:00+00:00,240.0,241.95,238.55,240.25,14165
2024-02-16 05:35:00+00:00,240.25,240.9,238.55,239.45,8036
2024-02-16 05:40:00+00:00,239.4,239.9,238.3,238.8,9136
2024-02-16 05:45:00+00:00,238.8,240.0,238.3,239.05,9807
2024-02-16 05:50:00+00:00,239.05,240.0,238.0,239.0,12237
2024-02-16 05:55:00+00:00,239.1,239.1,236.7,237.9,9658
2024-02-16 06:00:00+00:00,238.0,240.0,237.15,238.65,20931
2024-02-16 06:05:00+00:00,238.65,239.45,235.65,236.25,15654
2024-02-16 06:10:00+00:00,236.35,236.35,233.5,235.45,31696
2024-02-16 06:15:00+00:00,235.45,236.2,234.3,236.2,10857
2024-02-16 06:20:00+00:00,236.2,236.45,235.0,236.0,10025
2024-02-16 06:25:00+00:00,236.0,236.9,235.0,236.9,6479
2024-02-16 06:30:00+00:00,236.9,238.7,236.9,237.0,19716
2024-02-16 06:35:00+00:00,237.0,238.65,236.3,238.0,3899
2024-02-16 06:40:00+00:00,237.0,238.0,235.1,236.45,17181
2024-02-16 06:45:00+00:00,237.4,238.0,234.55,235.05,10627
2024-02-16 06:50:00+00:00,235.05,236.45,235.05,236.4,1826
2024-02-16 06:55:00+00:00,236.4,237.05,234.55,234.55,6011
2024-02-16 07:00:00+00:00,235.0,235.75,234.3,235.4,5270
2024-02-16 07:05:00+00:00,235.4,235.5,233.9,234.2,5186
2024-02-16 07:10:00+00:00,234.2,234.5,232.55,234.0,10202
2024-02-16 07:15:00+00:00,234.0,234.0,232.3,232.3,6497
2024-02-16 07:20:00+00:00,232.65,233.2,231.3,232.0,10221
2024-02-16 07:25:00+00:00,232.0,233.95,231.9,232.5,14513
2024-02-16 07:30:00+00:00,232.5,232.5,230.55,230.6,10920
2024-02-16 07:35:00+00:00,231.7,232.95,230.55,231.15,11330
2024-02-16 07:40:00+00:00,231.15,233.75,231.15,232.5,10558
2024-02-16 07:45:00+00:00,232.5,233.2,231.6,231.85,14592
2024-02-16 07:50:00+00:00,231.85,234.0,231.75,233.5,31120
2024-02-16 07:55:00+00:00,233.4,234.0,232.4,232.7,8791
2024-02-16 08:00:00+00:00,232.7,233.5,231.6,232.25,5722
2024-02-16 08:05:00+00:00,232.25,234.0,232.25,233.7,13170
2024-02-16 08:10:00+00:00,233.7,234.0,232.45,233.8,5833
2024-02-16 08:15:00+00:00,233.8,233.95,232.0,233.0,7328
2024-02-16 08:20:00+00:00,233.0,233.35,231.75,232.25,8193
2024-02-16 08:25:00+00:00,232.8,233.2,231.9,231.9,7330
2024-02-16 08:30:00+00:00,231.9,232.7,231.6,231.7,4044
2024-02-16 08:35:00+00:00,231.7,232.6,231.7,231.8,12377
2024-02-16 08:40:00+00:00,231.8,232.35,230.0,230.0,31887
2024-02-16 08:45:00+00:00,230.0,230.3,227.3,229.05,46578
2024-02-16 08:50:00+00:00,229.0,229.45,226.75,227.7,40713
2024-02-16 08:55:00+00:00,227.9,229.0,227.05,229.0,17925
2024-02-16 09:00:00+00:00,229.0,231.95,229.0,230.1,17189
2024-02-16 09:05:00+00:00,230.1,231.25,229.9,230.05,9735
2024-02-16 09:10:00+00:00,230.05,230.75,229.0,229.4,9979
2024-02-16 09:15:00+00:00,229.4,229.65,228.5,229.35,8218
2024-02-16 09:20:00+00:00,229.35,230.2,228.95,229.65,6574
2024-02-16 09:25:00+00:00,229.65,230.0,229.05,229.55,5043
2024-02-16 09:30:00+00:00,229.55,230.75,229.1,229.15,8145
2024-02-16 09:35:00+00:00,229.8,229.8,226.75,227.3,17729
2024-02-16 09:40:00+00:00,227.5,228.9,227.1,228.8,16714
2024-02-16 09:45:00+00:00,228.8,228.9,227.5,228.05,13166
2024-02-16 09:50:00+00:00,228.05,230.0,227.55,230.0,15867
2024-02-16 09:55:00+00:00,230.0,232.0,229.0,231.0,38392
2024-02-19 03:45:00+00:00,230.15,233.65,228.0,232.5,48548
2024-02-19 03:50:00+00:00,231.8,232.3,228.35,230.35,27525
2024-02-19 03:55:00+00:00,230.4,232.0,229.05,232.0,18042
2024-02-19 04:00:00+00:00,231.9,232.7,229.3,232.5,24507
2024-02-19 04:05:00+00:00,232.3,234.0,231.65,233.5,22638
2024-02-19 04:10:00+00:00,233.5,233.55,230.9,230.9,13645
2024-02-19 04:15:00+00:00,230.9,232.15,230.9,230.9,7029
2024-02-19 04:20:00+00:00,230.9,231.2,228.8,231.05,24020
2024-02-19 04:25:00+00:00,231.05,232.95,230.4,230.4,11665
2024-02-19 04:30:00+00:00,230.4,231.05,230.0,230.9,7486
2024-02-19 04:35:00+00:00,230.9,230.9,227.75,229.75,17470
2024-02-19 04:40:00+00:00,229.75,230.05,229.05,230.05,3544
2024-02-19 04:45:00+00:00,229.6,230.2,229.0,229.95,10181
2024-02-19 04:50:00+00:00,229.5,232.3,229.3,231.6,13817
2024-02-19 04:55:00+00:00,231.6,234.4,231.6,234.4,23452
2024-02-19 05:00:00+00:00,234.4,236.0,233.3,233.65,45003
2024-02-19 05:05:00+00:00,233.6,235.6,232.0,235.25,14648
2024-02-19 05:10:00+00:00,235.25,236.8,234.1,236.25,24858
2024-02-19 05:15:00+00:00,236.2,238.0,235.45,236.85,46474
2024-02-19 05:20:00+00:00,236.85,236.85,235.55,235.8,13743
2024-02-19 05:25:00+00:00,235.45,235.8,234.2,234.2,6073
2024-02-19 05:30:00+00:00,234.2,235.0,234.0,234.7,9222
2024-02-19 05:35:00+00:00,234.7,235.7,234.4,235.5,8062
2024-02-19 05:40:00+00:00,235.5,235.5,234.4,235.45,9215
2024-02-19 05:45:00+00:00,235.5,236.05,234.0,234.5,42077
2024-02-19 05:50:00+00:00,234.5,234.5,233.05,233.45,2564
2024-02-19 05:55:00+00:00,233.45,233.5,233.0,233.5,2267
2024-02-19 06:00:00+00:00,233.5,233.5,232.05,232.05,7551
2024-02-19 06:05:00+00:00,232.8,233.55,232.0,233.35,10976
2024-02-19 06:10:00+00:00,233.35,233.85,232.45,232.85,3642
2024-02-19 06:15:00+00:00,232.85,233.0,232.15,232.95,3985
2024-02-19 06:20:00+00:00,232.95,233.45,232.15,232.5,3112
2024-02-19 06:25:00+00:00,232.55,232.65,231.0,231.95,19244
2024-02-19 06:30:00+00:00,231.85,232.05,229.8,230.2,21989
2024-02-19 06:35:00+00:00,230.2,230.85,229.0,229.6,8851
2024-02-19 06:40:00+00:00,229.6,230.6,229.4,230.05,6416
2024-02-19 06:45:00+00:00,230.05,231.15,230.05,230.5,4863
2024-02-19 06:50:00+00:00,230.5,230.85,229.15,229.5,7268
2024-02-19 06:55:00+00:00,229.2,229.9,227.35,228.8,18477
2024-02-19 07:00:00+00:00,228.8,229.0,227.95,228.9,10102
2024-02-19 07:05:00+00:00,228.9,228.9,227.9,228.7,7066
2024-02-19 07:10:00+00:00,228.7,229.0,228.25,228.25,6590
2024-02-19 07:15:00+00:00,228.25,228.25,228.0,228.0,3468
2024-02-19 07:20:00+00:00,228.0,228.7,227.35,228.55,4305
2024-02-19 07:25:00+00:00,228.55,228.75,228.0,228.5,3040
2024-02-19 07:30:00+00:00,228.5,229.0,228.05,228.6,5037
2024-02-19 07:35:00+00:00,228.6,228.6,227.7,228.0,3389
2024-02-19 07:40:00+00:00,228.0,228.65,228.0,228.55,2115
2024-02-19 07:45:00+00:00,228.35,228.5,227.8,228.15,3181
2024-02-19 07:50:00+00:00,228.15,228.4,225.2,226.45,25619
2024-02-19 07:55:00+00:00,226.45,227.6,226.0,226.8,6327
2024-02-19 08:00:00+00:00,226.8,227.2,226.05,227.1,3103
2024-02-19 08:05:00+00:00,227.1,227.45,226.7,227.0,2508
2024-02-19 08:10:00+00:00,227.35,227.4,226.6,226.7,1250
2024-02-19 08:15:00+00:00,226.7,227.4,226.7,227.4,1942
2024-02-19 08:20:00+00:00,227.4,227.55,227.0,227.4,3663
2024-02-19 08:25:00+00:00,227.4,227.5,227.1,227.4,2523
2024-02-19 08:30:00+00:00,227.1,228.4,227.05,228.4,4379
2024-02-19 08:35:00+00:00,228.4,228.4,227.7,228.0,5058
2024-02-19 08:40:00+00:00,228.0,228.0,227.35,228.0,2457
2024-02-19 08:45:00+00:00,228.0,228.4,227.3,228.0,7607
2024-02-19 08:50:00+00:00,228.0,228.6,227.4,228.05,6688
2024-02-19 08:55:00+00:00,228.45,228.8,228.05,228.35,6682
2024-02-19 09:00:00+00:00,228.35,228.8,227.95,228.2,2701
2024-02-19 09:05:00+00:00,228.2,228.2,227.1,227.8,6413
2024-02-19 09:10:00+00:00,227.8,228.0,227.35,227.7,3985
2024-02-19 09:15:00+00:00,227.7,227.8,227.05,227.05,3591
2024-02-19 09:20:00+00:00,227.05,227.55,226.8,227.4,17414
2024-02-19 09:25:00+00:00,227.4,227.8,226.7,226.7,5789
2024-02-19 09:30:00+00:00,226.7,228.85,226.65,228.8,9064
2024-02-19 09:35:00+00:00,228.2,228.35,227.25,227.8,8935
2024-02-19 09:40:00+00:00,227.8,228.65,227.6,228.3,9215
2024-02-19 09:45:00+00:00,228.3,228.5,227.65,228.2,6466
2024-02-19 09:50:00+00:00,228.25,229.75,228.25,229.75,7581
2024-02-19 09:55:00+00:00,229.8,231.6,228.55,229.0,26627
2024-02-20 03:45:00+00:00,225.0,229.2,224.0,228.75,27673
2024-02-20 03:50:00+00:00,229.4,229.5,227.5,229.5,16117
2024-02-20 03:55:00+00:00,229.5,231.45,229.45,230.45,21504
2024-02-20 04:00:00+00:00,230.45,232.7,229.8,232.1,11025
2024-02-20 04:05:00+00:00,232.1,232.9,231.2,232.25,14703
2024-02-20 04:10:00+00:00,232.25,232.6,228.6,228.65,30563
2024-02-20 04:15:00+00:00,228.55,228.95,227.0,227.8,11605
2024-02-20 04:20:00+00:00,227.5,227.85,225.3,227.2,24152
2024-02-20 04:25:00+00:00,227.2,228.0,225.8,227.95,6121
2024-02-20 04:30:00+00:00,227.95,228.0,227.0,227.65,6527
2024-02-20 04:35:00+00:00,227.65,229.5,227.55,229.5,14783
2024-02-20 04:40:00+00:00,229.5,229.5,228.0,228.15,8249
2024-02-20 04:45:00+00:00,228.15,228.85,227.8,228.25,1881
2024-02-20 04:50:00+00:00,228.25,229.0,227.15,228.9,5581
2024-02-20 04:55:00+00:00,228.9,228.95,228.2,228.5,1723
2024-02-20 05:00:00+00:00,228.5,228.5,226.15,226.15,11304
2024-02-20 05:05:00+00:00,226.15,227.2,226.15,226.9,3358
2024-02-20 05:10:00+00:00,226.9,226.9,226.05,226.2,3451
2024-02-20 05:15:00+00:00,226.1,226.6,226.1,226.5,2439
2024-02-20 05:20:00+00:00,226.5,226.7,225.75,225.9,11277
2024-02-20 05:25:00+00:00,225.9,226.45,225.55,226.35,4354
2024-02-20 05:30:00+00:00,226.35,226.5,225.0,225.0,8887
2024-02-20 05:35:00+00:00,225.0,226.2,225.0,225.7,3860
2024-02-20 05:40:00+00:00,225.7,225.95,225.1,225.5,4761
2024-02-20 05:45:00+00:00,225.5,226.25,225.5,226.25,1689
2024-02-20 05:50:00+00:00,226.25,226.4,225.5,226.0,2765
2024-02-20 05:55:00+00:00,226.0,226.45,226.0,226.0,2586
2024-02-20 06:00:00+00:00,226.15,226.5,226.0,226.5,557
2024-02-20 06:05:00+00:00,226.5,226.95,226.0,226.2,4879
2024-02-20 06:10:00+00:00,226.15,226.85,226.15,226.85,3690
2024-02-20 06:15:00+00:00,226.85,226.9,226.4,226.55,572
2024-02-20 06:20:00+00:00,226.55,226.55,226.0,226.25,1268
2024-02-20 06:25:00+00:00,226.25,226.45,225.6,226.0,6409
2024-02-20 06:30:00+00:00,226.0,226.25,225.5,226.25,1024
2024-02-20 06:35:00+00:00,226.25,226.65,225.8,226.65,1954
2024-02-20 06:40:00+00:00,226.65,226.8,225.85,226.1,2462
2024-02-20 06:45:00+00:00,226.1,227.0,226.1,226.45,3112
2024-02-20 06:50:00+00:00,226.45,226.45,226.0,226.1,282
2024-02-20 06:55:00+00:00,226.5,226.55,226.05,226.1,662
2024-02-20 07:00:00+00:00,226.55,226.95,226.55,226.65,311
2024-02-20 07:05:00+00:00,226.65,226.85,226.05,226.1,3391
2024-02-20 07:10:00+00:00,226.1,226.5,226.0,226.5,1433
2024-02-20 07:15:00+00:00,226.35,226.45,226.0,226.3,1225
2024-02-20 07:20:00+00:00,226.3,226.3,225.0,225.0,8536
2024-02-20 07:25:00+00:00,225.05,225.9,225.0,225.9,2347
2024-02-20 07:30:00+00:00,225.9,226.45,225.8,226.45,1545
2024-02-20 07:35:00+00:00,226.45,226.45,225.8,225.8,499
2024-02-20 07:40:00+00:00,226.25,226.3,225.3,225.3,2114
2024-02-20 07:45:00+00:00,225.3,225.65,224.5,224.8,12854
2024-02-20 07:50:00+00:00,224.6,225.4,224.55,225.0,4867
2024-02-20 07:55:00+00:00,225.0,225.45,225.0,225.0,1072
2024-02-20 08:00:00+00:00,225.0,225.25,225.0,225.25,970
2024-02-20 08:05:00+00:00,225.25,225.35,225.25,225.35,823
2024-02-20 08:10:00+00:00,225.35,225.85,225.3,225.3,3104
2024-02-20 08:15:00+00:00,225.3,227.45,225.3,227.4,5977
2024-02-20 08:20:00+00:00,227.4,227.4,226.0,226.5,2040
2024-02-20 08:25:00+00:00,226.5,226.5,225.2,226.0,3942
2024-02-20 08:30:00+00:00,226.0,226.85,225.5,225.95,5185
2024-02-20 08:35:00+00:00,225.5,226.5,225.5,226.5,6612
2024-02-20 08:40:00+00:00,226.5,226.8,225.8,226.0,2157
2024-02-20 08:45:00+00:00,226.05,226.45,225.5,226.4,4755
2024-02-20 08:50:00+00:00,226.4,227.4,226.4,227.15,2339
2024-02-20 08:55:00+00:00,227.15,227.2,226.75,226.95,368
2024-02-20 09:00:00+00:00,226.6,227.15,226.1,226.55,3630
2024-02-20 09:05:00+00:00,226.55,226.95,225.55,225.85,17935
2024-02-20 09:10:00+00:00,225.85,226.25,225.6,226.25,2371
2024-02-20 09:15:00+00:00,226.25,226.65,226.0,226.35,3324
2024-02-20 09:20:00+00:00,226.35,226.85,225.65,226.0,6554
2024-02-20 09:25:00+00:00,226.0,226.0,225.6,225.6,7644
2024-02-20 09:30:00+00:00,225.6,226.0,225.5,225.5,3799
2024-02-20 09:35:00+00:00,225.5,226.0,225.5,225.7,3772
2024-02-20 09:40:00+00:00,225.7,226.0,225.5,225.65,3592
2024-02-20 09:45:00+00:00,226.0,226.0,225.5,225.5,4533
2024-02-20 09:50:00+00:00,225.5,226.0,225.1,225.45,8487
2024-02-20 09:55:00+00:00,225.45,225.5,225.0,225.5,15273
2024-02-21 03:45:00+00:00,225.5,226.85,225.5,225.85,9102
2024-02-21 03:50:00+00:00,225.9,226.05,224.1,225.15,13084
2024-02-21 03:55:00+00:00,225.05,226.05,224.8,225.7,11197
2024-02-21 04:00:00+00:00,225.7,225.7,222.05,223.85,24553
2024-02-21 04:05:00+00:00,223.85,224.0,222.35,223.1,6217
2024-02-21 04:10:00+00:00,223.1,223.85,222.95,223.65,6231
2024-02-21 04:15:00+00:00,223.65,224.6,222.75,223.3,18906
2024-02-21 04:20:00+00:00,223.3,223.7,222.75,223.5,1948
2024-02-21 04:25:00+00:00,223.25,224.0,222.8,223.3,7619
2024-02-21 04:30:00+00:00,223.3,223.9,223.0,223.85,6573
2024-02-21 04:35:00+00:00,223.85,225.0,223.25,225.0,5063
2024-02-21 04:40:00+00:00,225.0,226.2,225.0,226.0,9362
2024-02-21 04:45:00+00:00,226.0,226.5,224.65,226.0,8508
2024-02-21 04:50:00+00:00,226.0,226.0,224.25,224.5,3093
2024-02-21 04:55:00+00:00,224.5,224.5,222.35,222.35,3340
2024-02-21 05:00:00+00:00,222.35,223.4,221.5,223.35,13798
2024-02-21 05:05:00+00:00,223.35,223.4,223.0,223.4,2642
2024-02-21 05:10:00+00:00,223.4,223.4,221.1,221.5,16970
2024-02-21 05:15:00+00:00,221.5,221.5,219.0,219.5,20363
2024-02-21 05:20:00+00:00,220.0,221.65,219.9,221.6,4087
2024-02-21 05:25:00+00:00,221.6,221.85,221.0,221.2,1302
2024-02-21 05:30:00+00:00,221.0,223.0,221.0,222.35,6619
2024-02-21 05:35:00+00:00,222.35,222.75,221.55,222.45,4177
2024-02-21 05:40:00+00:00,222.6,222.75,222.2,222.2,1548
2024-02-21 05:45:00+00:00,222.2,222.2,220.8,221.2,2561
2024-02-21 05:50:00+00:00,221.2,222.2,221.0,221.5,1430
2024-02-21 05:55:00+00:00,221.5,221.5,221.1,221.5,488
2024-02-21 06:00:00+00:00,221.1,221.5,221.05,221.5,1156
2024-02-21 06:05:00+00:00,221.5,222.0,221.5,221.9,2208
2024-02-21 06:10:00+00:00,221.9,222.55,221.65,222.1,1634
2024-02-21 06:15:00+00:00,222.1,222.85,222.05,222.85,4022
2024-02-21 06:20:00+00:00,222.85,222.85,222.3,222.3,2250
2024-02-21 06:25:00+00:00,222.3,222.8,222.05,222.45,1866
2024-02-21 06:30:00+00:00,222.45,222.45,221.55,221.55,5842
2024-02-21 06:35:00+00:00,221.55,221.8,221.05,221.8,1960
2024-02-21 06:40:00+00:00,221.8,221.8,221.05,221.6,1790
2024-02-21 06:45:00+00:00,221.6,222.35,221.55,221.85,2131
2024-02-21 06:50:00+00:00,222.35,222.85,222.35,222.85,1409
2024-02-21 06:55:00+00:00,222.85,222.95,222.8,222.8,3575
2024-02-21 07:00:00+00:00,222.8,223.4,222.8,223.35,1826
2024-02-21 07:05:00+00:00,223.35,223.45,223.0,223.1,1115
2024-02-21 07:10:00+00:00,223.35,223.8,223.05,223.75,4411
2024-02-21 07:15:00+00:00,223.75,223.8,222.8,222.8,2166
2024-02-21 07:20:00+00:00,222.9,222.9,222.55,222.55,1724
2024-02-21 07:25:00+00:00,222.5,223.3,222.0,223.3,2582
2024-02-21 07:30:00+00:00,223.5,223.5,223.35,223.5,847
2024-02-21 07:35:00+00:00,223.5,223.7,222.0,222.4,2537
2024-02-21 07:40:00+00:00,222.4,222.7,222.05,222.3,1233
2024-02-21 07:45:00+00:00,222.3,222.6,222.3,222.3,1343
2024-02-21 07:50:00+00:00,222.3,222.95,222.25,222.95,1926
2024-02-21 07:55:00+00:00,222.95,223.5,222.75,223.5,1500
2024-02-21 08:00:00+00:00,223.5,224.05,223.2,223.45,3842
2024-02-21 08:05:00+00:00,223.8,223.8,223.3,223.8,873
2024-02-21 08:10:00+00:00,223.4,223.8,223.3,223.3,2287
2024-02-21 08:15:00+00:00,223.3,223.75,223.05,223.5,1123
2024-02-21 08:20:00+00:00,223.5,223.5,223.0,223.0,1566
2024-02-21 08:25:00+00:00,223.0,223.35,222.55,222.65,6858
2024-02-21 08:30:00+00:00,222.65,222.75,222.2,222.2,6253
2024-02-21 08:35:00+00:00,222.2,222.6,222.2,222.2,1419
2024-02-21 08:40:00+00:00,222.2,222.6,222.0,222.0,2013
2024-02-21 08:45:00+00:00,222.0,222.7,221.0,221.0,7036
2024-02-21 08:50:00+00:00,221.0,221.85,221.0,221.8,1748
2024-02-21 08:55:00+00:00,221.8,221.9,220.4,221.5,9705
2024-02-21 09:00:00+00:00,221.5,221.65,220.0,220.0,28482
2024-02-21 09:05:00+00:00,220.0,220.45,219.05,219.5,3160
2024-02-21 09:10:00+00:00,219.5,219.5,216.0,216.6,50659
2024-02-21 09:15:00+00:00,216.9,218.5,216.8,217.75,10142
2024-02-21 09:20:00+00:00,217.75,221.8,217.6,220.25,31057
2024-02-21 09:25:00+00:00,220.5,221.2,220.15,220.35,4358
2024-02-21 09:30:00+00:00,220.35,220.95,220.0,220.45,9811
2024-02-21 09:35:00+00:00,220.5,220.9,220.0,220.55,8025
2024-02-21 09:40:00+00:00,220.55,221.5,220.5,221.3,9988
2024-02-21 09:45:00+00:00,221.3,222.2,221.0,222.2,21018
2024-02-21 09:50:00+00:00,222.2,222.35,222.0,222.0,6675
2024-02-21 09:55:00+00:00,222.0,222.35,218.0,218.0,8663
2024-02-22 03:45:00+00:00,220.0,222.4,213.55,219.85,29286
2024-02-22 03:50:00+00:00,220.0,220.2,218.15,218.2,10435
2024-02-22 03:55:00+00:00,218.2,219.1,216.0,216.45,12775
2024-02-22 04:00:00+00:00,216.1,216.7,215.1,216.65,13630
2024-02-22 04:05:00+00:00,216.65,218.0,215.55,218.0,26739
2024-02-22 04:10:00+00:00,217.65,220.0,217.0,220.0,14112
2024-02-22 04:15:00+00:00,220.0,223.5,219.0,223.5,15346
2024-02-22 04:20:00+00:00,223.5,224.9,220.5,222.15,31535
2024-02-22 04:25:00+00:00,222.15,222.3,219.3,219.55,10626
2024-02-22 04:30:00+00:00,219.55,221.9,219.0,221.9,4955
2024-02-22 04:35:00+00:00,221.4,223.45,220.35,222.9,9424
2024-02-22 04:40:00+00:00,222.9,224.7,222.9,224.7,8866
2024-02-22 04:45:00+00:00,224.7,225.4,223.5,224.0,30940
2024-02-22 04:50:00+00:00,224.0,224.65,223.05,223.6,16966
2024-02-22 04:55:00+00:00,224.0,228.5,224.0,226.55,56428
2024-02-22 05:00:00+00:00,226.55,228.4,226.25,226.25,11058
2024-02-22 05:05:00+00:00,226.25,227.2,225.45,225.5,10194
2024-02-22 05:10:00+00:00,225.45,227.0,225.0,225.95,4435
2024-02-22 05:15:00+00:00,225.95,226.0,225.3,225.7,5944
2024-02-22 05:20:00+00:00,225.7,227.2,225.2,226.25,7772
2024-02-22 05:25:00+00:00,226.25,226.25,224.5,224.9,7718
2024-02-22 05:30:00+00:00,224.9,227.2,224.9,225.9,11967
2024-02-22 05:35:00+00:00,225.9,226.0,224.55,225.05,5200
2024-02-22 05:40:00+00:00,225.05,225.45,224.95,225.05,8985
2024-02-22 05:45:00+00:00,225.05,225.6,224.5,225.0,4379
2024-02-22 05:50:00+00:00,224.75,225.4,224.2,224.55,2777
2024-02-22 05:55:00+00:00,224.8,224.8,223.35,224.0,6382
2024-02-22 06:00:00+00:00,224.0,224.0,223.5,223.5,6829
2024-02-22 06:05:00+00:00,223.1,224.0,223.1,224.0,3317
2024-02-22 06:10:00+00:00,224.0,224.05,223.8,223.8,1191
2024-02-22 06:15:00+00:00,224.05,224.25,223.65,223.8,1545
2024-02-22 06:20:00+00:00,223.8,224.25,223.0,223.0,10567
2024-02-22 06:25:00+00:00,223.0,224.0,223.0,223.95,3678
2024-02-22 06:30:00+00:00,223.95,224.0,223.0,224.0,4988
2024-02-22 06:35:00+00:00,224.0,224.25,223.6,224.05,3477
2024-02-22 06:40:00+00:00,224.05,224.05,223.0,223.6,1854
2024-02-22 06:45:00+00:00,223.5,224.05,223.0,223.85,6356
2024-02-22 06:50:00+00:00,223.9,224.0,223.55,223.55,1161
2024-02-22 06:55:00+00:00,223.55,224.1,223.55,224.0,7090
2024-02-22 07:00:00+00:00,224.0,224.0,223.65,223.8,1043
2024-02-22 07:05:00+00:00,223.8,224.0,223.0,223.6,3425
2024-02-22 07:10:00+00:00,223.6,223.8,223.3,223.6,464
2024-02-22 07:15:00+00:00,223.6,223.9,223.55,223.55,240
2024-02-22 07:20:00+00:00,223.95,223.95,223.3,223.5,647
2024-02-22 07:25:00+00:00,223.5,223.65,223.3,223.6,897
2024-02-22 07:30:00+00:00,223.8,223.9,223.3,223.3,781
2024-02-22 07:35:00+00:00,223.65,223.65,223.05,223.45,1582
2024-02-22 07:40:00+00:00,223.45,223.95,223.15,223.45,1663
2024-02-22 07:45:00+00:00,223.45,223.6,223.25,223.25,1270
2024-02-22 07:50:00+00:00,223.25,223.6,223.25,223.6,200
2024-02-22 07:55:00+00:00,223.3,223.3,223.0,223.0,4910
2024-02-22 08:00:00+00:00,222.35,223.35,222.35,222.55,2054
2024-02-22 08:05:00+00:00,222.55,223.0,222.25,222.65,1879
2024-02-22 08:10:00+00:00,222.65,222.8,222.6,222.8,1007
2024-02-22 08:15:00+00:00,222.8,224.0,222.55,224.0,7278
2024-02-22 08:20:00+00:00,224.0,224.0,222.9,223.3,4550
2024-02-22 08:25:00+00:00,223.4,223.6,223.0,223.0,675
2024-02-22 08:30:00+00:00,223.45,224.0,223.4,223.8,4742
2024-02-22 08:35:00+00:00,223.45,223.85,223.0,223.55,1923
2024-02-22 08:40:00+00:00,223.55,223.85,223.5,223.75,1671
2024-02-22 08:45:00+00:00,223.75,223.75,223.2,223.6,3254
2024-02-22 08:50:00+00:00,223.7,224.0,223.5,223.7,2993
2024-02-22 08:55:00+00:00,223.7,223.95,223.4,223.9,1157
2024-02-22 09:00:00+00:00,223.9,223.95,223.45,223.9,2758
2024-02-22 09:05:00+00:00,223.9,224.0,223.45,223.65,4243
2024-02-22 09:10:00+00:00,223.65,224.05,223.6,223.95,2550
2024-02-22 09:15:00+00:00,223.95,224.2,223.75,223.95,4073
2024-02-22 09:20:00+00:00,223.95,224.0,223.55,223.7,5437
2024-02-22 09:25:00+00:00,223.7,224.4,223.7,224.4,5805
2024-02-22 09:30:00+00:00,224.4,224.4,223.35,223.5,1968
2024-02-22 09:35:00+00:00,223.5,223.8,223.4,223.5,6301
2024-02-22 09:40:00+00:00,223.5,223.5,222.55,222.55,12861
2024-02-22 09:45:00+00:00,223.3,223.5,222.8,223.5,6373
2024-02-22 09:50:00+00:00,223.5,223.5,222.25,222.6,9835
2024-02-22 09:55:00+00:00,222.6,224.25,222.5,223.95,25419
2024-02-23 03:45:00+00:00,225.1,227.9,224.55,226.1,11019
2024-02-23 03:50:00+00:00,225.95,226.65,224.0,224.0,16281
2024-02-23 03:55:00+00:00,224.0,226.15,223.3,224.7,6202
2024-02-23 04:00:00+00:00,224.7,225.2,222.8,223.3,5933
2024-02-23 04:05:00+00:00,223.35,224.5,222.35,224.05,4177
2024-02-23 04:10:00+00:00,224.05,224.85,223.5,223.8,3840
2024-02-23 04:15:00+00:00,223.8,224.5,223.05,223.5,6058
2024-02-23 04:20:00+00:00,222.9,223.7,222.0,222.15,12418
2024-02-23 04:25:00+00:00,222.15,222.95,221.45,222.9,5815
2024-02-23 04:30:00+00:00,222.9,223.95,222.15,223.3,8772
2024-02-23 04:35:00+00:00,223.75,223.75,222.6,222.6,2805
2024-02-23 04:40:00+00:00,222.6,222.9,222.1,222.3,3733
2024-02-23 04:45:00+00:00,222.3,222.9,222.2,222.9,2887
2024-02-23 04:50:00+00:00,222.9,223.9,222.45,223.0,7108
2024-02-23 04:55:00+00:00,223.0,223.65,223.0,223.1,6892
2024-02-23 05:00:00+00:00,223.1,223.65,223.1,223.65,1043
2024-02-23 05:05:00+00:00,223.65,224.0,223.65,223.65,1036
2024-02-23 05:10:00+00:00,223.65,224.5,223.65,224.3,1927
2024-02-23 05:15:00+00:00,224.3,224.8,223.9,224.3,2563
2024-02-23 05:20:00+00:00,224.3,224.75,224.0,224.4,4302
2024-02-23 05:25:00+00:00,224.4,225.3,224.4,225.0,3709
2024-02-23 05:30:00+00:00,225.0,225.25,224.55,225.25,1191
2024-02-23 05:35:00+00:00,225.25,225.3,224.9,225.0,1893
2024-02-23 05:40:00+00:00,225.5,226.0,225.0,225.9,4776
2024-02-23 05:45:00+00:00,225.9,226.0,224.8,225.0,3558
2024-02-23 05:50:00+00:00,225.0,229.8,225.0,229.45,40900
2024-02-23 05:55:00+00:00,229.45,234.35,229.3,232.1,263556
2024-02-23 06:00:00+00:00,232.05,234.35,230.55,234.35,220234
2024-02-23 06:05:00+00:00,234.35,234.35,231.9,234.35,260987
2024-02-23 06:10:00+00:00,234.35,234.35,234.35,234.35,10166
2024-02-23 06:15:00+00:00,234.35,234.35,234.35,234.35,8281
2024-02-23 06:20:00+00:00,234.35,234.35,234.35,234.35,11191
2024-02-23 06:25:00+00:00,234.35,234.35,234.35,234.35,7800
2024-02-23 06:30:00+00:00,234.35,234.35,234.35,234.35,3608
2024-02-23 06:35:00+00:00,234.35,234.35,234.35,234.35,2368
2024-02-23 06:40:00+00:00,234.35,234.35,234.35,234.35,2498
2024-02-23 06:45:00+00:00,234.35,234.35,234.35,234.35,1223
2024-02-23 06:50:00+00:00,234.35,234.35,234.35,234.35,2542
2024-02-23 06:55:00+00:00,234.35,234.35,234.35,234.35,874
2024-02-23 07:00:00+00:00,234.35,234.35,234.35,234.35,1349
2024-02-23 07:05:00+00:00,234.35,234.35,234.35,234.35,771
2024-02-23 07:10:00+00:00,234.35,234.35,234.35,234.35,2161
2024-02-23 07:15:00+00:00,234.35,234.35,234.35,234.35,2284
2024-02-23 07:20:00+00:00,234.35,234.35,234.35,234.35,1164
2024-02-23 07:25:00+00:00,234.35,234.35,234.35,234.35,4006
2024-02-23 07:30:00+00:00,234.35,234.35,234.35,234.35,4679
2024-02-23 07:35:00+00:00,234.35,234.35,234.35,234.35,1610
2024-02-23 07:40:00+00:00,234.35,234.35,234.35,234.35,392
2024-02-23 07:45:00+00:00,234.35,234.35,234.35,234.35,2492
2024-02-23 07:50:00+00:00,234.35,234.35,234.35,234.35,1957
2024-02-23 07:55:00+00:00,234.35,234.35,234.35,234.35,1486
2024-02-23 08:00:00+00:00,234.35,234.35,234.35,234.35,1185
2024-02-23 08:05:00+00:00,234.35,234.35,234.35,234.35,670
2024-02-23 08:10:00+00:00,234.35,234.35,234.35,234.35,780
2024-02-23 08:15:00+00:00,234.35,234.35,234.35,234.35,807
2024-02-23 08:20:00+00:00,234.35,234.35,234.35,234.35,551
2024-02-23 08:25:00+00:00,234.35,234.35,234.35,234.35,365
2024-02-23 08:30:00+00:00,234.35,234.35,234.35,234.35,315
2024-02-23 08:35:00+00:00,234.35,234.35,234.35,234.35,2463
2024-02-23 08:40:00+00:00,234.35,234.35,234.35,234.35,2401
2024-02-23 08:45:00+00:00,234.35,234.35,234.35,234.35,1951
2024-02-23 08:50:00+00:00,234.35,234.35,234.35,234.35,1140
2024-02-23 08:55:00+00:00,234.35,234.35,234.35,234.35,516
2024-02-23 09:00:00+00:00,234.35,234.35,234.35,234.35,3755
2024-02-23 09:05:00+00:00,234.35,234.35,234.35,234.35,1896
2024-02-23 09:10:00+00:00,234.35,234.35,234.35,234.35,2021
2024-02-23 09:15:00+00:00,234.35,234.35,234.35,234.35,760
2024-02-23 09:20:00+00:00,234.35,234.35,234.35,234.35,1598
2024-02-23 09:25:00+00:00,234.35,234.35,234.35,234.35,459
2024-02-23 09:30:00+00:00,234.35,234.35,234.35,234.35,1314
2024-02-23 09:35:00+00:00,234.35,234.35,234.35,234.35,1462
2024-02-23 09:40:00+00:00,234.35,234.35,234.35,234.35,5640
2024-02-23 09:45:00+00:00,234.35,234.35,234.35,234.35,1356
2024-02-23 09:50:00+00:00,234.35,234.35,234.35,234.35,2162
2024-02-23 09:55:00+00:00,234.35,234.35,234.35,234.35,1989
2024-02-26 03:45:00+00:00,239.0,241.8,238.5,239.0,106215
2024-02-26 03:50:00+00:00,239.0,239.45,235.95,236.0,32798
2024-02-26 03:55:00+00:00,236.0,236.9,235.1,236.5,24183
2024-02-26 04:00:00+00:00,236.2,237.7,235.25,236.9,18268
2024-02-26 04:05:00+00:00,236.5,237.2,234.35,235.5,41152
2024-02-26 04:10:00+00:00,235.5,236.65,235.0,236.45,17319
2024-02-26 04:15:00+00:00,236.45,236.8,235.55,235.65,13332
2024-02-26 04:20:00+00:00,236.0,236.4,231.25,231.3,28772
2024-02-26 04:25:00+00:00,231.25,232.85,231.0,231.0,18277
2024-02-26 04:30:00+00:00,231.0,231.85,229.15,230.0,20174
2024-02-26 04:35:00+00:00,230.65,233.65,230.6,233.35,10711
2024-02-26 04:40:00+00:00,233.35,233.35,230.1,231.0,16828
2024-02-26 04:45:00+00:00,231.2,231.5,230.25,231.15,14381
2024-02-26 04:50:00+00:00,231.15,233.0,230.8,232.8,7295
2024-02-26 04:55:00+00:00,232.85,233.0,231.7,232.2,6126
2024-02-26 05:00:00+00:00,232.2,232.4,231.3,231.9,1779
2024-02-26 05:05:00+00:00,231.9,231.95,231.0,231.6,1872
2024-02-26 05:10:00+00:00,231.6,231.95,231.35,231.65,3823
2024-02-26 05:15:00+00:00,231.35,231.7,230.75,231.7,5844
2024-02-26 05:20:00+00:00,231.7,231.8,230.0,230.3,4489
2024-02-26 05:25:00+00:00,230.45,231.35,230.45,231.0,5082
2024-02-26 05:30:00+00:00,231.0,231.45,230.4,231.45,2298
2024-02-26 05:35:00+00:00,231.45,231.85,231.45,231.6,2434
2024-02-26 05:40:00+00:00,231.6,231.7,230.0,230.55,9325
2024-02-26 05:45:00+00:00,230.55,230.95,229.3,229.9,14687
2024-02-26 05:50:00+00:00,230.0,230.7,229.0,229.65,6460
2024-02-26 05:55:00+00:00,229.0,230.7,229.0,230.0,7312
2024-02-26 06:00:00+00:00,230.0,230.65,230.0,230.55,1129
2024-02-26 06:05:00+00:00,230.55,230.55,229.8,230.0,3679
2024-02-26 06:10:00+00:00,230.0,230.0,228.0,229.4,8701
2024-02-26 06:15:00+00:00,229.4,230.1,229.1,229.65,1891
2024-02-26 06:20:00+00:00,229.65,230.45,229.6,229.6,4526
2024-02-26 06:25:00+00:00,229.6,229.8,229.15,229.55,782
2024-02-26 06:30:00+00:00,229.55,229.6,229.25,229.55,1079
2024-02-26 06:35:00+00:00,229.55,230.95,229.55,230.45,2486
2024-02-26 06:40:00+00:00,230.45,230.6,229.9,230.25,2348
2024-02-26 06:45:00+00:00,230.25,230.3,228.9,228.9,5676
2024-02-26 06:50:00+00:00,228.9,229.15,228.5,228.5,1877
2024-02-26 06:55:00+00:00,228.5,230.0,228.5,229.85,1776
2024-02-26 07:00:00+00:00,229.85,229.85,229.15,229.65,840
2024-02-26 07:05:00+00:00,229.8,230.05,229.65,230.0,1359
2024-02-26 07:10:00+00:00,230.0,231.0,230.0,230.4,4692
2024-02-26 07:15:00+00:00,230.4,230.7,230.0,230.0,2823
2024-02-26 07:20:00+00:00,229.65,230.4,229.65,230.0,3585
2024-02-26 07:25:00+00:00,230.0,230.4,230.0,230.4,798
2024-02-26 07:30:00+00:00,230.4,231.0,230.4,230.65,4417
2024-02-26 07:35:00+00:00,230.65,230.95,230.05,230.95,3776
2024-02-26 07:40:00+00:00,230.95,231.55,230.15,230.7,2830
2024-02-26 07:45:00+00:00,230.7,231.35,230.0,231.35,11536
2024-02-26 07:50:00+00:00,231.35,231.45,230.55,230.55,1164
2024-02-26 07:55:00+00:00,230.55,233.1,230.55,233.0,7605
2024-02-26 08:00:00+00:00,233.0,233.0,231.45,232.3,4791
2024-02-26 08:05:00+00:00,232.25,232.6,232.2,232.5,765
2024-02-26 08:10:00+00:00,232.5,232.6,232.05,232.45,793
2024-02-26 08:15:00+00:00,232.45,233.0,231.85,233.0,2196
2024-02-26 08:20:00+00:00,233.0,234.5,231.95,232.35,19471
2024-02-26 08:25:00+00:00,232.35,233.7,232.0,233.7,4736
2024-02-26 08:30:00+00:00,233.7,234.0,233.0,234.0,6624
2024-02-26 08:35:00+00:00,234.0,234.0,232.9,233.3,4279
2024-02-26 08:40:00+00:00,233.3,233.3,233.0,233.0,1695
2024-02-26 08:45:00+00:00,233.2,233.2,233.0,233.0,166
2024-02-26 08:50:00+00:00,233.0,233.2,232.05,232.5,1297
2024-02-26 08:55:00+00:00,232.5,232.8,230.25,230.85,7935
2024-02-26 09:00:00+00:00,231.4,231.4,230.85,231.0,1652
2024-02-26 09:05:00+00:00,231.0,231.0,229.0,230.9,11671
2024-02-26 09:10:00+00:00,230.9,231.3,229.0,230.45,12187
2024-02-26 09:15:00+00:00,230.45,230.45,230.0,230.05,1724
2024-02-26 09:20:00+00:00,230.05,230.5,229.25,229.4,4654
2024-02-26 09:25:00+00:00,229.4,231.2,229.4,230.5,6289
2024-02-26 09:30:00+00:00,230.5,231.3,230.0,230.2,7201
2024-02-26 09:35:00+00:00,230.2,231.0,230.0,230.6,2642
2024-02-26 09:40:00+00:00,230.6,231.5,230.0,230.8,16740
2024-02-26 09:45:00+00:00,230.8,231.85,230.0,231.0,7492
2024-02-26 09:50:00+00:00,231.0,231.3,230.2,230.2,10201
2024-02-26 09:55:00+00:00,230.2,232.0,230.05,230.05,23449
2024-02-27 03:45:00+00:00,230.0,234.4,229.3,230.1,23393
2024-02-27 03:50:00+00:00,229.55,230.9,227.35,228.85,14228
2024-02-27 03:55:00+00:00,228.8,229.55,226.0,227.9,15528
2024-02-27 04:00:00+00:00,227.9,228.9,227.5,228.9,3316
2024-02-27 04:05:00+00:00,228.9,229.4,228.0,228.5,8794
2024-02-27 04:10:00+00:00,228.5,228.5,227.15,227.55,6430
2024-02-27 04:15:00+00:00,227.55,228.7,227.25,227.25,11352
2024-02-27 04:20:00+00:00,227.1,229.2,227.1,228.85,10696
2024-02-27 04:25:00+00:00,228.65,230.0,228.05,228.05,5590
2024-02-27 04:30:00+00:00,228.0,228.45,226.7,227.7,37152
2024-02-27 04:35:00+00:00,227.7,227.7,226.05,226.55,6290
2024-02-27 04:40:00+00:00,226.85,229.3,226.7,227.8,13119
2024-02-27 04:45:00+00:00,227.8,229.1,227.4,227.9,6305
2024-02-27 04:50:00+00:00,227.9,228.4,227.1,227.4,4783
2024-02-27 04:55:00+00:00,227.4,228.35,227.1,228.25,14617
2024-02-27 05:00:00+00:00,227.9,228.45,226.3,227.2,6671
2024-02-27 05:05:00+00:00,227.25,228.75,227.25,228.75,3289
2024-02-27 05:10:00+00:00,228.75,228.75,226.0,227.2,30994
2024-02-27 05:15:00+00:00,227.2,227.2,226.5,227.05,1136
2024-02-27 05:20:00+00:00,227.05,227.4,226.6,226.95,1099
2024-02-27 05:25:00+00:00,226.95,228.0,226.5,228.0,2823
2024-02-27 05:30:00+00:00,228.4,229.0,228.0,229.0,4024
2024-02-27 05:35:00+00:00,229.0,229.15,228.0,228.5,5960
2024-02-27 05:40:00+00:00,228.5,228.5,228.1,228.5,1916
2024-02-27 05:45:00+00:00,228.1,229.6,228.05,228.05,9785
2024-02-27 05:50:00+00:00,228.1,228.7,227.2,227.4,25583
2024-02-27 05:55:00+00:00,227.4,227.95,226.45,227.45,4067
2024-02-27 06:00:00+00:00,227.45,227.7,227.1,227.6,996
2024-02-27 06:05:00+00:00,227.6,227.95,227.05,227.5,1745
2024-02-27 06:10:00+00:00,227.5,227.95,227.5,227.9,1240
2024-02-27 06:15:00+00:00,227.9,233.0,227.9,229.15,55240
2024-02-27 06:20:00+00:00,229.15,229.8,228.9,229.25,3937
2024-02-27 06:25:00+00:00,229.25,230.0,229.2,229.55,1543
2024-02-27 06:30:00+00:00,229.9,230.5,229.55,230.25,5476
2024-02-27 06:35:00+00:00,230.25,235.6,230.25,233.0,66229
2024-02-27 06:40:00+00:00,233.0,233.0,231.75,232.4,4074
2024-02-27 06:45:00+00:00,232.4,233.9,232.3,233.0,8146
2024-02-27 06:50:00+00:00,233.0,233.5,232.65,233.3,3609
2024-02-27 06:55:00+00:00,233.3,233.6,232.65,232.8,10400
2024-02-27 07:00:00+00:00,232.8,233.4,231.9,232.3,1771
2024-02-27 07:05:00+00:00,232.3,232.3,231.65,232.0,1301
2024-02-27 07:10:00+00:00,232.0,232.9,231.1,232.1,4489
2024-02-27 07:15:00+00:00,232.1,232.7,230.6,230.6,6314
2024-02-27 07:20:00+00:00,230.6,231.15,230.0,230.85,3952
2024-02-27 07:25:00+00:00,230.85,230.85,230.1,230.5,383
2024-02-27 07:30:00+00:00,230.5,230.5,230.0,230.5,827
2024-02-27 07:35:00+00:00,230.5,232.9,230.5,231.55,5443
2024-02-27 07:40:00+00:00,231.55,231.9,231.15,231.25,2775
2024-02-27 07:45:00+00:00,231.25,231.95,231.2,231.4,1149
2024-02-27 07:50:00+00:00,231.4,232.75,231.1,232.65,2064
2024-02-27 07:55:00+00:00,232.65,232.9,231.65,232.05,2436
2024-02-27 08:00:00+00:00,231.75,232.0,231.0,231.05,6666
2024-02-27 08:05:00+00:00,231.05,231.55,231.0,231.05,1632
2024-02-27 08:10:00+00:00,231.05,231.6,231.05,231.05,3803
2024-02-27 08:15:00+00:00,231.05,231.05,230.0,230.0,10299
2024-02-27 08:20:00+00:00,230.0,230.0,228.1,228.7,6769
2024-02-27 08:25:00+00:00,228.7,228.8,228.25,228.75,1531
2024-02-27 08:30:00+00:00,228.75,228.85,228.05,228.55,2819
2024-02-27 08:35:00+00:00,228.55,228.55,227.95,228.3,4657
2024-02-27 08:40:00+00:00,228.3,228.3,227.0,228.1,27749
2024-02-27 08:45:00+00:00,228.1,228.85,227.9,228.45,5735
2024-02-27 08:50:00+00:00,228.45,228.8,227.3,228.8,5438
2024-02-27 08:55:00+00:00,228.8,228.85,227.05,227.05,3792
2024-02-27 09:00:00+00:00,227.05,228.45,227.0,228.2,4855
2024-02-27 09:05:00+00:00,228.2,228.35,227.0,228.0,10634
2024-02-27 09:10:00+00:00,228.0,229.0,228.0,228.95,1762
2024-02-27 09:15:00+00:00,229.0,229.0,228.25,228.35,1779
2024-02-27 09:20:00+00:00,228.35,228.9,228.35,228.55,4501
2024-02-27 09:25:00+00:00,228.55,228.85,228.25,228.3,2088
2024-02-27 09:30:00+00:00,228.35,229.0,228.3,229.0,1244
2024-02-27 09:35:00+00:00,229.0,231.6,229.0,231.2,12731
2024-02-27 09:40:00+00:00,231.15,232.45,231.0,231.75,18869
2024-02-27 09:45:00+00:00,231.8,231.8,230.5,230.5,16039
2024-02-27 09:50:00+00:00,230.2,231.0,230.2,231.0,16816
2024-02-27 09:55:00+00:00,231.0,231.0,230.0,230.85,10961
2024-02-28 03:45:00+00:00,231.95,231.95,228.2,229.8,12995
2024-02-28 03:50:00+00:00,229.8,230.0,228.6,229.0,7200
2024-02-28 03:55:00+00:00,229.0,229.5,228.35,228.35,5767
2024-02-28 04:00:00+00:00,228.9,228.9,226.65,228.9,13878
2024-02-28 04:05:00+00:00,228.05,229.45,227.6,227.6,20870
2024-02-28 04:10:00+00:00,227.55,227.85,225.9,227.5,27323
2024-02-28 04:15:00+00:00,227.45,227.45,225.2,225.95,7312
2024-02-28 04:20:00+00:00,225.95,226.9,225.4,226.0,7688
2024-02-28 04:25:00+00:00,225.95,226.05,224.2,224.75,21168
2024-02-28 04:30:00+00:00,224.75,225.5,224.5,225.0,10251
2024-02-28 04:35:00+00:00,225.0,226.7,225.0,226.7,2265
2024-02-28 04:40:00+00:00,226.7,226.7,225.1,225.1,3733
2024-02-28 04:45:00+00:00,225.1,225.6,224.8,224.85,4219
2024-02-28 04:50:00+00:00,224.85,225.2,224.5,225.0,6036
2024-02-28 04:55:00+00:00,225.0,225.5,224.75,224.95,6196
2024-02-28 05:00:00+00:00,224.95,225.35,223.15,223.75,10626
2024-02-28 05:05:00+00:00,223.75,224.35,223.2,223.4,6505
2024-02-28 05:10:00+00:00,223.4,224.0,223.15,223.15,8116
2024-02-28 05:15:00+00:00,223.15,223.65,220.4,221.5,37267
2024-02-28 05:20:00+00:00,221.5,222.55,220.05,221.5,20729
2024-02-28 05:25:00+00:00,221.5,222.0,220.3,221.25,16436
2024-02-28 05:30:00+00:00,221.15,221.25,220.0,221.0,24735
2024-02-28 05:35:00+00:00,221.0,221.65,220.3,221.5,16500
2024-02-28 05:40:00+00:00,221.5,222.0,219.4,219.4,184962
2024-02-28 05:45:00+00:00,219.4,221.75,219.4,221.5,76046
2024-02-28 05:50:00+00:00,221.5,221.8,221.05,221.7,1622
2024-02-28 05:55:00+00:00,221.7,221.75,220.4,221.0,3187
2024-02-28 06:00:00+00:00,220.6,221.0,219.5,220.9,12220
2024-02-28 06:05:00+00:00,221.0,221.0,219.75,219.8,14027
2024-02-28 06:10:00+00:00,219.8,220.6,219.5,219.55,15508
2024-02-28 06:15:00+00:00,219.55,220.45,219.5,219.5,10956
2024-02-28 06:20:00+00:00,219.5,220.9,219.5,220.15,5303
2024-02-28 06:25:00+00:00,220.15,221.8,220.15,221.15,2539
2024-02-28 06:30:00+00:00,221.15,221.8,220.6,221.6,2275
2024-02-28 06:35:00+00:00,221.6,221.6,219.55,220.45,8838
2024-02-28 06:40:00+00:00,220.45,220.8,219.65,220.8,6239
2024-02-28 06:45:00+00:00,220.8,222.0,220.0,221.55,5279
2024-02-28 06:50:00+00:00,221.95,222.0,221.2,221.9,10733
2024-02-28 06:55:00+00:00,221.9,222.1,221.2,221.65,7583
2024-02-28 07:00:00+00:00,222.05,222.35,222.0,222.05,4650
2024-02-28 07:05:00+00:00,222.0,222.3,221.6,221.65,405
2024-02-28 07:10:00+00:00,222.0,222.0,221.0,221.0,3874
2024-02-28 07:15:00+00:00,221.15,221.95,221.15,221.5,3022
2024-02-28 07:20:00+00:00,221.5,221.9,221.35,221.9,3698
2024-02-28 07:25:00+00:00,221.9,221.9,219.95,220.4,12973
2024-02-28 07:30:00+00:00,220.4,220.8,219.6,220.45,5711
2024-02-28 07:35:00+00:00,220.45,221.9,219.65,219.65,5544
2024-02-28 07:40:00+00:00,220.6,221.6,220.0,220.0,3826
2024-02-28 07:45:00+00:00,220.0,220.5,220.0,220.25,1898
2024-02-28 07:50:00+00:00,220.25,220.5,220.0,220.5,4784
2024-02-28 07:55:00+00:00,220.5,221.75,219.7,221.1,28148
2024-02-28 08:00:00+00:00,221.1,221.9,220.8,221.8,9370
2024-02-28 08:05:00+00:00,221.8,222.0,220.9,221.5,11113
2024-02-28 08:10:00+00:00,221.5,221.9,221.15,221.75,1739
2024-02-28 08:15:00+00:00,221.75,221.75,219.8,220.75,11663
2024-02-28 08:20:00+00:00,220.75,221.0,220.05,221.0,4159
2024-02-28 08:25:00+00:00,221.0,221.6,220.65,221.6,2503
2024-02-28 08:30:00+00:00,221.6,222.95,221.6,222.95,8967
2024-02-28 08:35:00+00:00,222.95,222.95,222.25,222.8,3439
2024-02-28 08:40:00+00:00,222.8,223.2,222.05,223.2,3577
2024-02-28 08:45:00+00:00,223.2,223.6,222.5,222.65,1554
2024-02-28 08:50:00+00:00,222.65,223.0,221.5,222.0,8410
2024-02-28 08:55:00+00:00,222.0,222.4,220.5,220.95,8259
2024-02-28 09:00:00+00:00,220.95,221.85,220.2,220.9,7275
2024-02-28 09:05:00+00:00,220.9,221.0,220.15,220.9,5769
2024-02-28 09:10:00+00:00,220.9,220.9,220.3,220.5,1454
2024-02-28 09:15:00+00:00,220.5,220.5,220.2,220.5,1257
2024-02-28 09:20:00+00:00,220.5,220.85,220.05,220.1,2048
2024-02-28 09:25:00+00:00,220.2,221.35,219.8,220.5,19640
2024-02-28 09:30:00+00:00,220.5,220.5,219.8,219.95,3941
2024-02-28 09:35:00+00:00,219.95,220.7,219.8,220.05,4401
2024-02-28 09:40:00+00:00,220.6,221.4,219.9,220.2,11280
2024-02-28 09:45:00+00:00,219.95,220.25,219.5,219.95,19993
2024-02-28 09:50:00+00:00,219.95,220.15,219.5,219.9,14883
2024-02-28 09:55:00+00:00,219.9,220.15,219.5,219.85,12520
2024-02-29 03:45:00+00:00,217.65,222.05,214.65,215.3,27096
2024-02-29 03:50:00+00:00,215.35,216.7,211.0,212.95,93981
2024-02-29 03:55:00+00:00,212.95,216.15,212.55,215.9,22510
2024-02-29 04:00:00+00:00,215.9,218.0,215.0,217.3,27168
2024-02-29 04:05:00+00:00,218.3,218.85,215.25,215.7,11527
2024-02-29 04:10:00+00:00,215.7,217.0,215.15,215.15,11808
2024-02-29 04:15:00+00:00,215.5,216.7,215.05,215.6,6211
2024-02-29 04:20:00+00:00,215.6,216.45,215.2,216.15,10938
2024-02-29 04:25:00+00:00,216.45,217.6,216.1,217.45,8322
2024-02-29 04:30:00+00:00,217.45,218.95,217.45,217.75,7067
2024-02-29 04:35:00+00:00,217.75,217.75,216.05,216.25,5504
2024-02-29 04:40:00+00:00,216.25,216.95,215.0,215.05,14985
2024-02-29 04:45:00+00:00,215.3,215.75,215.1,215.7,2529
2024-02-29 04:50:00+00:00,215.45,216.2,215.05,216.2,3835
2024-02-29 04:55:00+00:00,216.2,216.55,215.6,216.0,2947
2024-02-29 05:00:00+00:00,215.95,216.9,215.6,215.6,4864
2024-02-29 05:05:00+00:00,215.6,215.95,215.1,215.3,7099
2024-02-29 05:10:00+00:00,215.3,215.85,215.1,215.85,369
2024-02-29 05:15:00+00:00,215.85,216.0,215.0,215.55,5252
2024-02-29 05:20:00+00:00,215.55,215.6,215.0,215.5,3974
2024-02-29 05:25:00+00:00,215.5,215.6,215.0,215.0,10331
2024-02-29 05:30:00+00:00,215.0,215.85,215.0,215.75,7284
2024-02-29 05:35:00+00:00,215.75,215.9,215.3,215.7,1837
2024-02-29 05:40:00+00:00,215.7,218.2,215.4,218.0,8980
2024-02-29 05:45:00+00:00,218.0,218.0,215.0,215.0,21535
2024-02-29 05:50:00+00:00,215.0,216.3,215.0,216.3,5677
2024-02-29 05:55:00+00:00,216.3,217.2,216.05,216.15,3315
2024-02-29 06:00:00+00:00,216.15,216.9,216.05,216.55,6759
2024-02-29 06:05:00+00:00,216.55,216.8,216.1,216.6,1514
2024-02-29 06:10:00+00:00,216.6,217.5,216.25,217.3,1027
2024-02-29 06:15:00+00:00,217.3,217.3,215.95,215.95,5535
2024-02-29 06:20:00+00:00,215.95,218.4,215.8,218.4,4793
2024-02-29 06:25:00+00:00,218.0,218.5,216.75,217.5,6332
2024-02-29 06:30:00+00:00,217.5,219.0,217.25,217.95,5778
2024-02-29 06:35:00+00:00,217.95,220.3,217.9,219.35,38675
2024-02-29 06:40:00+00:00,219.35,220.8,219.15,220.4,5564
2024-02-29 06:45:00+00:00,220.4,221.0,219.8,220.05,5379
2024-02-29 06:50:00+00:00,220.05,220.5,219.5,219.5,1442
2024-02-29 06:55:00+00:00,219.5,219.9,219.5,219.9,3731
2024-02-29 07:00:00+00:00,219.9,219.9,219.0,219.0,11695
2024-02-29 07:05:00+00:00,219.0,220.4,219.0,220.4,2023
2024-02-29 07:10:00+00:00,220.4,221.5,220.4,221.05,3108
2024-02-29 07:15:00+00:00,221.05,222.05,220.65,222.05,5233
2024-02-29 07:20:00+00:00,222.05,222.2,220.7,221.0,3677
2024-02-29 07:25:00+00:00,221.0,221.25,220.65,221.0,434
2024-02-29 07:30:00+00:00,221.0,221.2,220.4,220.4,741
2024-02-29 07:35:00+00:00,220.4,220.65,220.3,220.5,423
2024-02-29 07:40:00+00:00,220.5,220.65,220.15,220.5,678
2024-02-29 07:45:00+00:00,220.5,220.9,220.15,220.3,1072
2024-02-29 07:50:00+00:00,220.3,220.9,220.15,220.7,896
2024-02-29 07:55:00+00:00,220.7,221.65,220.25,220.55,3745
2024-02-29 08:00:00+00:00,220.55,220.7,220.1,220.1,1011
2024-02-29 08:05:00+00:00,220.1,220.2,219.2,219.3,6077
2024-02-29 08:10:00+00:00,219.3,219.7,219.1,219.35,2055
2024-02-29 08:15:00+00:00,219.35,219.35,218.2,218.25,15214
2024-02-29 08:20:00+00:00,218.25,218.55,218.0,218.4,1645
2024-02-29 08:25:00+00:00,218.4,218.7,217.6,217.6,1023
2024-02-29 08:30:00+00:00,217.6,217.95,216.55,217.95,10145
2024-02-29 08:35:00+00:00,217.95,218.7,217.8,218.55,2731
2024-02-29 08:40:00+00:00,218.55,218.55,217.1,218.0,3488
2024-02-29 08:45:00+00:00,218.0,218.25,217.5,218.25,3063
2024-02-29 08:50:00+00:00,218.25,219.6,218.1,219.6,3133
2024-02-29 08:55:00+00:00,219.6,219.95,219.5,219.55,3386
2024-02-29 09:00:00+00:00,219.55,219.55,218.2,218.2,8606
2024-02-29 09:05:00+00:00,218.2,219.35,218.2,218.55,1545
2024-02-29 09:10:00+00:00,218.55,219.45,218.05,219.45,14698
2024-02-29 09:15:00+00:00,219.05,219.05,218.1,218.1,3667
2024-02-29 09:20:00+00:00,218.1,218.7,218.1,218.4,2691
2024-02-29 09:25:00+00:00,218.4,218.4,215.25,217.25,22107
2024-02-29 09:30:00+00:00,217.25,217.4,216.0,217.1,6309
2024-02-29 09:35:00+00:00,217.1,217.1,216.3,216.55,5993
2024-02-29 09:40:00+00:00,216.55,217.4,216.3,217.1,8030
2024-02-29 09:45:00+00:00,217.1,217.35,216.5,216.65,7877
2024-02-29 09:50:00+00:00,216.7,217.75,216.7,217.75,10766
2024-02-29 09:55:00+00:00,217.75,221.3,217.0,219.0,18751
2024-03-01 03:45:00+00:00,220.0,224.2,219.2,221.8,20955
2024-03-01 03:50:00+00:00,221.8,222.35,220.65,221.8,11325
2024-03-01 03:55:00+00:00,221.8,222.95,220.95,222.25,10960
2024-03-01 04:00:00+00:00,222.25,222.75,221.55,221.55,9028
2024-03-01 04:05:00+00:00,221.55,221.65,220.45,220.7,6305
2024-03-01 04:10:00+00:00,220.7,222.8,219.5,221.85,14211
2024-03-01 04:15:00+00:00,221.85,222.15,220.7,221.5,5557
2024-03-01 04:20:00+00:00,221.5,221.85,220.7,221.05,8855
2024-03-01 04:25:00+00:00,221.05,222.2,219.0,221.0,32953
2024-03-01 04:30:00+00:00,221.0,221.55,220.55,221.3,3740
2024-03-01 04:35:00+00:00,221.3,221.3,220.55,220.55,1735
2024-03-01 04:40:00+00:00,220.55,221.95,220.55,221.7,4816
2024-03-01 04:45:00+00:00,221.7,222.45,221.15,221.15,5070
2024-03-01 04:50:00+00:00,221.15,221.25,220.85,221.0,5944
2024-03-01 04:55:00+00:00,221.25,221.65,220.65,220.75,4478
2024-03-01 05:00:00+00:00,221.2,221.2,220.45,220.8,1978
2024-03-01 05:05:00+00:00,220.85,221.4,220.8,220.85,3536
2024-03-01 05:10:00+00:00,220.85,221.0,220.4,220.4,5974
2024-03-01 05:15:00+00:00,220.4,220.95,220.3,220.95,1838
2024-03-01 05:20:00+00:00,220.95,220.95,220.25,220.55,1171
2024-03-01 05:25:00+00:00,220.55,220.55,219.0,219.05,12132
2024-03-01 05:30:00+00:00,219.05,219.7,219.0,219.05,4835
2024-03-01 05:35:00+00:00,219.05,220.0,219.05,219.55,643
2024-03-01 05:40:00+00:00,219.55,220.05,219.3,219.3,821
2024-03-01 05:45:00+00:00,219.3,220.0,219.0,219.6,3047
2024-03-01 05:50:00+00:00,219.6,220.5,219.6,220.0,3789
2024-03-01 05:55:00+00:00,220.0,220.8,220.0,220.7,4056
2024-03-01 06:00:00+00:00,220.5,221.0,220.5,221.0,1659
2024-03-01 06:05:00+00:00,220.75,221.0,220.05,220.6,864
2024-03-01 06:10:00+00:00,220.05,221.0,220.05,220.05,3133
2024-03-01 06:15:00+00:00,220.0,220.55,220.0,220.0,6878
2024-03-01 06:20:00+00:00,220.0,220.55,219.7,219.95,1324
2024-03-01 06:25:00+00:00,219.95,220.45,219.95,220.4,1037
2024-03-01 06:30:00+00:00,220.75,220.85,220.1,220.5,1172
2024-03-01 06:35:00+00:00,220.5,220.5,219.45,220.1,3146
2024-03-01 06:40:00+00:00,220.1,220.4,220.1,220.4,1425
2024-03-01 06:45:00+00:00,220.5,220.85,220.25,220.4,711
2024-03-01 06:50:00+00:00,220.4,220.4,219.6,219.65,5503
2024-03-01 06:55:00+00:00,219.65,220.0,219.5,219.6,1473
2024-03-01 07:00:00+00:00,219.6,220.0,219.05,219.05,3081
2024-03-01 07:05:00+00:00,219.05,219.75,219.0,219.75,1127
2024-03-01 07:10:00+00:00,219.75,220.0,219.1,219.3,4101
2024-03-01 07:15:00+00:00,219.3,220.0,219.05,220.0,3564
2024-03-01 07:20:00+00:00,220.0,220.45,219.6,219.6,1802
2024-03-01 07:25:00+00:00,219.6,219.9,219.6,219.6,1151
2024-03-01 07:30:00+00:00,219.35,219.9,219.35,219.9,1052
2024-03-01 07:35:00+00:00,219.9,219.9,219.3,219.45,700
2024-03-01 07:40:00+00:00,219.85,220.0,219.0,219.15,6262
2024-03-01 07:45:00+00:00,218.85,219.25,218.8,219.25,806
2024-03-01 07:50:00+00:00,219.25,219.25,218.05,218.75,3613
2024-03-01 07:55:00+00:00,218.0,218.75,218.0,218.4,3633
2024-03-01 08:00:00+00:00,218.45,219.6,218.0,219.6,3188
2024-03-01 08:05:00+00:00,219.6,219.95,218.75,219.05,2176
2024-03-01 08:10:00+00:00,219.05,219.05,218.25,218.75,627
2024-03-01 08:15:00+00:00,218.45,218.85,218.35,218.85,1567
2024-03-01 08:20:00+00:00,218.85,219.0,218.35,219.0,3849
2024-03-01 08:25:00+00:00,219.0,219.4,218.3,218.95,4102
2024-03-01 08:30:00+00:00,218.9,218.95,218.05,218.65,1856
2024-03-01 08:35:00+00:00,218.65,218.9,218.2,218.4,4091
2024-03-01 08:40:00+00:00,218.5,219.05,218.5,219.05,3639
2024-03-01 08:45:00+00:00,219.05,219.15,218.5,218.75,1799
2024-03-01 08:50:00+00:00,218.75,219.0,218.4,219.0,2198
2024-03-01 08:55:00+00:00,219.0,219.0,218.4,218.4,1421
2024-03-01 09:00:00+00:00,218.4,219.0,218.4,219.0,1053
2024-03-01 09:05:00+00:00,219.0,219.7,219.0,219.15,3253
2024-03-01 09:10:00+00:00,219.15,219.7,219.15,219.25,787
2024-03-01 09:15:00+00:00,219.3,219.75,218.15,219.05,16414
2024-03-01 09:20:00+00:00,219.05,219.05,217.4,217.75,8019
2024-03-01 09:25:00+00:00,217.75,218.8,217.75,218.1,6860
2024-03-01 09:30:00+00:00,218.1,218.75,217.55,218.25,5507
2024-03-01 09:35:00+00:00,218.65,218.65,218.3,218.4,927
2024-03-01 09:40:00+00:00,218.4,218.65,218.0,218.0,5820
2024-03-01 09:45:00+00:00,218.0,218.4,217.85,218.0,6189
2024-03-01 09:50:00+00:00,217.9,219.85,217.3,217.5,22926
2024-03-01 09:55:00+00:00,217.5,218.35,217.3,218.0,8912
2024-03-02 03:45:00+00:00,219.5,220.7,219.4,220.7,8931
2024-03-02 03:50:00+00:00,220.7,220.9,219.0,220.9,4011
2024-03-02 03:55:00+00:00,220.9,220.9,219.05,220.5,3812
2024-03-02 04:00:00+00:00,220.5,221.5,219.6,221.5,4785
2024-03-02 04:05:00+00:00,221.5,222.9,221.5,221.95,6561
2024-03-02 04:10:00+00:00,220.5,221.9,220.05,221.55,5204
2024-03-02 04:15:00+00:00,221.55,221.65,221.0,221.0,1517
2024-03-02 04:20:00+00:00,221.0,221.0,220.65,220.9,2457
2024-03-02 04:25:00+00:00,220.75,221.0,220.7,220.9,2252
2024-03-02 06:00:00+00:00,220.15,223.9,220.15,221.9,4994
2024-03-02 06:05:00+00:00,221.9,224.0,219.5,224.0,14191
2024-03-02 06:10:00+00:00,224.0,224.7,224.0,224.7,12353
2024-03-02 06:15:00+00:00,224.7,227.4,224.4,226.9,26594
2024-03-02 06:20:00+00:00,226.9,226.9,225.05,226.6,6336
2024-03-02 06:25:00+00:00,226.6,227.0,225.0,225.05,8095
2024-03-02 06:30:00+00:00,225.6,225.6,225.05,225.1,2945
2024-03-02 06:35:00+00:00,225.1,229.05,225.05,229.05,108795
2024-03-02 06:40:00+00:00,229.05,229.05,229.05,229.05,9166
2024-03-02 06:45:00+00:00,229.05,229.05,229.05,229.05,5545
2024-03-02 06:50:00+00:00,229.05,229.05,229.05,229.05,5006
2024-03-02 06:55:00+00:00,229.05,229.05,229.05,229.05,2008
2024-03-04 03:45:00+00:00,232.45,234.0,226.2,226.5,44967
2024-03-04 03:50:00+00:00,226.5,228.45,225.85,226.95,23784
2024-03-04 03:55:00+00:00,226.95,227.35,225.55,225.55,6811
2024-03-04 04:00:00+00:00,225.55,225.95,224.2,225.75,19905
2024-03-04 04:05:00+00:00,225.75,226.0,224.2,224.35,10865
2024-03-04 04:10:00+00:00,224.1,225.0,223.75,224.95,7404
2024-03-04 04:15:00+00:00,224.95,224.95,223.0,223.0,12295
2024-03-04 04:20:00+00:00,223.0,224.4,223.0,223.8,3445
2024-03-04 04:25:00+00:00,223.8,224.1,223.5,223.9,3455
2024-03-04 04:30:00+00:00,223.9,224.2,223.55,224.05,2350
2024-03-04 04:35:00+00:00,224.05,224.45,223.4,223.5,7340
2024-03-04 04:40:00+00:00,223.5,224.45,223.5,224.4,6330
2024-03-04 04:45:00+00:00,224.4,224.45,223.75,223.75,9243
2024-03-04 04:50:00+00:00,223.75,224.0,222.45,223.45,12529
2024-03-04 04:55:00+00:00,223.5,224.25,223.05,224.25,6111
2024-03-04 05:00:00+00:00,224.0,224.0,223.05,223.9,3633
2024-03-04 05:05:00+00:00,223.9,224.0,223.15,223.7,1107
2024-03-04 05:10:00+00:00,223.7,223.7,223.05,223.4,3643
2024-03-04 05:15:00+00:00,223.4,223.7,223.2,223.2,1148
2024-03-04 05:20:00+00:00,223.05,223.65,223.05,223.05,3660
2024-03-04 05:25:00+00:00,223.05,223.7,222.5,222.5,5000
2024-03-04 05:30:00+00:00,222.8,222.85,222.1,222.25,1761
2024-03-04 05:35:00+00:00,222.1,222.85,222.1,222.4,1963
2024-03-04 05:40:00+00:00,222.4,222.8,222.15,222.8,2474
2024-03-04 05:45:00+00:00,222.8,223.0,222.6,222.6,1175
2024-03-04 05:50:00+00:00,222.6,223.4,222.6,223.0,1840
2024-03-04 05:55:00+00:00,223.0,223.7,222.9,223.05,2428
2024-03-04 06:00:00+00:00,223.05,223.95,222.9,222.95,3386
2024-03-04 06:05:00+00:00,222.95,222.95,222.4,222.65,2394
2024-03-04 06:10:00+00:00,222.65,222.65,222.3,222.4,2911
2024-03-04 06:15:00+00:00,222.4,222.7,222.3,222.7,1604
2024-03-04 06:20:00+00:00,222.8,222.8,222.55,222.55,3372
2024-03-04 06:25:00+00:00,222.55,222.85,222.2,222.2,5906
2024-03-04 06:30:00+00:00,222.2,222.6,222.2,222.5,1267
2024-03-04 06:35:00+00:00,222.95,222.95,222.05,222.05,2705
2024-03-04 06:40:00+00:00,222.05,222.2,221.25,221.25,5621
2024-03-04 06:45:00+00:00,221.6,222.2,221.2,221.2,2153
2024-03-04 06:50:00+00:00,221.2,221.45,220.7,221.45,3994
2024-03-04 06:55:00+00:00,221.45,222.0,220.75,221.0,7238
2024-03-04 07:00:00+00:00,221.0,223.5,221.0,222.2,7385
2024-03-04 07:05:00+00:00,222.2,222.7,222.2,222.7,836
2024-03-04 07:10:00+00:00,222.7,222.7,222.1,222.15,1067
2024-03-04 07:15:00+00:00,222.15,223.0,222.0,222.25,2595
2024-03-04 07:20:00+00:00,222.25,222.55,222.1,222.2,2693
2024-03-04 07:25:00+00:00,222.1,222.5,222.1,222.5,822
2024-03-04 07:30:00+00:00,222.5,222.8,222.5,222.75,1419
2024-03-04 07:35:00+00:00,222.75,222.95,222.5,222.5,275
2024-03-04 07:40:00+00:00,222.5,222.5,222.15,222.5,1246
2024-03-04 07:45:00+00:00,222.2,222.2,221.55,222.0,1168
2024-03-04 07:50:00+00:00,222.0,222.9,222.0,222.5,2669
2024-03-04 07:55:00+00:00,222.5,222.7,222.5,222.5,529
2024-03-04 08:00:00+00:00,222.5,222.5,221.95,221.95,2100
2024-03-04 08:05:00+00:00,221.95,222.1,221.5,222.1,1570
2024-03-04 08:10:00+00:00,221.85,222.2,221.85,222.1,509
2024-03-04 08:15:00+00:00,222.1,223.1,222.1,223.1,905
2024-03-04 08:20:00+00:00,223.45,223.5,221.5,221.95,8149
2024-03-04 08:25:00+00:00,221.95,222.0,221.75,221.75,4214
2024-03-04 08:30:00+00:00,221.75,221.75,221.5,221.7,2047
2024-03-04 08:35:00+00:00,221.7,222.3,221.7,221.8,745
2024-03-04 08:40:00+00:00,221.8,221.8,221.5,221.75,1027
2024-03-04 08:45:00+00:00,221.75,221.85,221.5,221.5,2063
2024-03-04 08:50:00+00:00,221.5,221.85,221.5,221.85,535
2024-03-04 08:55:00+00:00,221.85,222.6,221.7,221.75,4340
2024-03-04 09:00:00+00:00,221.75,222.05,221.7,222.0,410
2024-03-04 09:05:00+00:00,222.0,222.45,221.75,222.45,921
2024-03-04 09:10:00+00:00,222.0,222.2,221.7,222.2,2350
2024-03-04 09:15:00+00:00,221.9,222.2,221.75,222.0,2244
2024-03-04 09:20:00+00:00,222.0,222.1,221.8,221.8,1278
2024-03-04 09:25:00+00:00,221.8,221.8,221.5,221.8,1735
2024-03-04 09:30:00+00:00,221.8,221.9,221.35,221.7,3915
2024-03-04 09:35:00+00:00,221.2,222.0,221.0,222.0,5471
2024-03-04 09:40:00+00:00,221.5,222.2,221.0,222.0,22038
2024-03-04 09:45:00+00:00,222.0,222.0,221.05,221.4,4144
2024-03-04 09:50:00+00:00,221.4,221.75,221.1,221.1,5626
2024-03-04 09:55:00+00:00,221.2,222.5,220.75,221.5,17284
2024-03-05 03:45:00+00:00,221.65,221.65,220.05,221.65,4399
2024-03-05 03:50:00+00:00,221.65,222.95,220.3,221.65,17167
2024-03-05 03:55:00+00:00,221.65,221.65,218.35,219.05,6696
2024-03-05 04:00:00+00:00,219.2,220.6,219.2,219.8,4165
2024-03-05 04:05:00+00:00,219.8,220.2,218.3,218.3,10439
2024-03-05 04:10:00+00:00,218.45,220.15,218.45,220.15,4489
2024-03-05 04:15:00+00:00,220.0,221.9,219.5,219.95,10227
2024-03-05 04:20:00+00:00,219.5,220.35,219.5,219.75,1530
2024-03-05 04:25:00+00:00,220.15,220.35,218.5,219.05,7592
2024-03-05 04:30:00+00:00,219.05,219.4,219.0,219.4,2166
2024-03-05 04:35:00+00:00,219.4,219.4,218.5,219.05,3294
2024-03-05 04:40:00+00:00,219.0,219.0,218.05,218.7,6540
2024-03-05 04:45:00+00:00,218.7,219.35,218.2,218.3,5637
2024-03-05 04:50:00+00:00,218.3,218.6,216.35,216.75,14513
2024-03-05 04:55:00+00:00,216.75,217.75,216.75,217.4,3349
2024-03-05 05:00:00+00:00,217.4,217.5,216.85,217.3,3073
2024-03-05 05:05:00+00:00,217.3,217.45,216.6,216.9,4096
2024-03-05 05:10:00+00:00,216.9,218.1,216.9,217.15,8779
2024-03-05 05:15:00+00:00,217.15,218.1,217.15,218.1,2794
2024-03-05 05:20:00+00:00,218.0,218.05,217.05,217.45,2711
2024-03-05 05:25:00+00:00,217.45,217.5,215.8,215.8,15391
2024-03-05 05:30:00+00:00,215.8,216.2,215.15,215.6,14746
2024-03-05 05:35:00+00:00,215.6,216.0,215.6,215.7,3620
2024-03-05 05:40:00+00:00,215.7,215.75,213.6,214.75,21430
2024-03-05 05:45:00+00:00,214.7,215.0,213.6,214.75,6840
2024-03-05 05:50:00+00:00,214.75,215.0,212.7,214.2,14807
2024-03-05 05:55:00+00:00,214.2,214.85,213.3,214.0,10721
2024-03-05 06:00:00+00:00,213.8,214.5,212.5,212.9,37264
2024-03-05 06:05:00+00:00,212.9,213.0,212.9,213.0,9999
2024-03-05 06:10:00+00:00,212.95,213.2,211.75,212.5,47255
2024-03-05 06:15:00+00:00,212.0,212.5,211.6,212.0,18738
2024-03-05 06:20:00+00:00,212.0,212.0,210.55,211.9,72542
2024-03-05 06:25:00+00:00,211.9,213.4,211.9,212.5,10809
2024-03-05 06:30:00+00:00,212.5,212.95,212.05,212.2,8607
2024-03-05 06:35:00+00:00,212.2,212.5,212.2,212.5,1501
2024-03-05 06:40:00+00:00,212.5,213.4,212.45,213.0,4282
2024-03-05 06:45:00+00:00,213.05,213.4,212.5,213.1,7060
2024-03-05 06:50:00+00:00,213.1,213.25,212.55,212.8,1644
2024-03-05 06:55:00+00:00,212.8,212.95,212.8,212.95,1811
2024-03-05 07:00:00+00:00,212.95,213.35,212.5,212.5,4084
2024-03-05 07:05:00+00:00,212.5,213.35,212.4,212.55,4241
2024-03-05 07:10:00+00:00,212.55,212.9,211.0,211.05,20230
2024-03-05 07:15:00+00:00,211.05,212.0,211.05,211.9,4624
2024-03-05 07:20:00+00:00,212.0,212.95,211.6,212.95,3141
2024-03-05 07:25:00+00:00,212.95,212.95,212.05,212.55,3157
2024-03-05 07:30:00+00:00,212.55,213.4,212.5,213.3,2832
2024-03-05 07:35:00+00:00,213.3,213.8,212.65,213.5,3854
2024-03-05 07:40:00+00:00,213.5,214.0,213.2,213.9,2715
2024-03-05 07:45:00+00:00,213.9,213.9,213.0,213.5,4784
2024-03-05 07:50:00+00:00,213.5,213.85,211.35,212.65,13553
2024-03-05 07:55:00+00:00,212.65,212.65,210.65,211.45,27098
2024-03-05 08:00:00+00:00,211.45,211.75,210.55,211.25,10114
2024-03-05 08:05:00+00:00,211.25,212.25,211.1,212.25,10173
2024-03-05 08:10:00+00:00,212.0,212.0,211.1,211.65,2549
2024-03-05 08:15:00+00:00,211.65,212.3,211.2,212.3,4994
2024-03-05 08:20:00+00:00,212.3,212.45,211.55,212.2,5606
2024-03-05 08:25:00+00:00,212.2,212.25,211.55,211.65,5262
2024-03-05 08:30:00+00:00,211.65,212.05,210.7,211.45,21516
2024-03-05 08:35:00+00:00,211.45,211.6,211.15,211.6,2950
2024-03-05 08:40:00+00:00,211.2,211.55,211.0,211.0,7041
2024-03-05 08:45:00+00:00,211.0,211.8,210.85,210.85,3969
2024-03-05 08:50:00+00:00,210.85,211.35,210.65,211.3,3613
2024-03-05 08:55:00+00:00,211.3,211.3,210.55,210.55,21435
2024-03-05 09:00:00+00:00,210.55,210.95,210.55,210.9,21005
2024-03-05 09:05:00+00:00,210.9,211.2,210.8,210.8,867
2024-03-05 09:10:00+00:00,210.8,211.8,210.75,211.2,5363
2024-03-05 09:15:00+00:00,211.2,211.45,210.85,211.25,1852
2024-03-05 09:20:00+00:00,211.25,211.6,211.0,211.15,4212
2024-03-05 09:25:00+00:00,211.15,211.2,210.65,210.9,8697
2024-03-05 09:30:00+00:00,210.65,210.95,210.6,210.95,2624
2024-03-05 09:35:00+00:00,210.95,211.45,210.75,210.8,5390
2024-03-05 09:40:00+00:00,210.75,211.35,210.65,210.9,8757
2024-03-05 09:45:00+00:00,210.9,211.05,210.55,210.9,6891
2024-03-05 09:50:00+00:00,210.9,210.9,210.55,210.8,7464
2024-03-05 09:55:00+00:00,210.8,211.45,210.6,210.8,14673
2024-03-06 03:45:00+00:00,210.9,210.9,203.7,204.95,35546
2024-03-06 03:50:00+00:00,204.95,206.95,204.2,205.7,49411
2024-03-06 03:55:00+00:00,205.55,205.6,203.0,205.0,28453
2024-03-06 04:00:00+00:00,204.75,205.05,201.15,204.0,62876
2024-03-06 04:05:00+00:00,204.0,204.55,202.45,202.45,23833
2024-03-06 04:10:00+00:00,202.45,204.5,202.3,203.3,34592
2024-03-06 04:15:00+00:00,203.45,203.8,201.6,201.95,19092
2024-03-06 04:20:00+00:00,201.95,202.0,200.35,200.95,59818
2024-03-06 04:25:00+00:00,200.95,200.95,200.35,200.35,37389
2024-03-06 04:30:00+00:00,200.35,200.35,200.35,200.35,5610
2024-03-06 04:35:00+00:00,200.35,200.35,200.35,200.35,3662
2024-03-06 04:40:00+00:00,200.35,200.35,200.35,200.35,12261
2024-03-06 04:45:00+00:00,200.35,201.5,200.35,201.0,24953
2024-03-06 04:50:00+00:00,201.0,201.4,200.5,201.3,11769
2024-03-06 04:55:00+00:00,201.3,201.5,200.35,200.35,25298
2024-03-06 05:00:00+00:00,200.35,201.05,200.35,201.0,17970
2024-03-06 05:05:00+00:00,201.0,201.5,200.65,201.45,5359
2024-03-06 05:10:00+00:00,201.45,203.0,201.05,202.5,34656
2024-03-06 05:15:00+00:00,202.5,203.8,202.4,203.55,4218
2024-03-06 05:20:00+00:00,203.55,203.6,202.0,202.6,5684
2024-03-06 05:25:00+00:00,202.6,202.6,200.5,201.2,13494
2024-03-06 05:30:00+00:00,201.2,201.45,200.5,200.55,3968
2024-03-06 05:35:00+00:00,200.55,200.95,200.5,200.5,14061
2024-03-06 05:40:00+00:00,200.5,200.8,200.35,200.6,8432
2024-03-06 05:45:00+00:00,200.6,200.7,200.35,200.65,4957
2024-03-06 05:50:00+00:00,200.65,200.75,200.35,200.4,7803
2024-03-06 05:55:00+00:00,200.4,200.75,200.4,200.6,2592
2024-03-06 06:00:00+00:00,200.6,200.75,200.45,200.55,2986
2024-03-06 06:05:00+00:00,200.5,200.7,200.35,200.5,4368
2024-03-06 06:10:00+00:00,200.35,200.5,200.35,200.35,3711
2024-03-06 06:15:00+00:00,200.35,200.5,200.35,200.35,4678
2024-03-06 06:20:00+00:00,200.35,200.35,200.35,200.35,3811
2024-03-06 06:25:00+00:00,200.35,200.35,200.35,200.35,1107
2024-03-06 06:30:00+00:00,200.35,200.35,200.35,200.35,2459
2024-03-06 06:35:00+00:00,200.35,200.35,200.35,200.35,658
2024-03-06 06:40:00+00:00,200.35,200.35,200.35,200.35,246
2024-03-06 06:45:00+00:00,200.35,200.35,200.35,200.35,4513
2024-03-06 06:50:00+00:00,200.35,200.35,200.35,200.35,4416
2024-03-06 06:55:00+00:00,200.35,200.35,200.35,200.35,3219
2024-03-06 07:00:00+00:00,200.35,200.35,200.35,200.35,1875
2024-03-06 07:05:00+00:00,200.35,200.5,200.35,200.35,7528
2024-03-06 07:10:00+00:00,200.35,200.45,200.35,200.4,1888
2024-03-06 07:15:00+00:00,200.4,200.45,200.35,200.35,1017
2024-03-06 07:20:00+00:00,200.35,200.5,200.35,200.5,2283
2024-03-06 07:25:00+00:00,200.5,200.5,200.35,200.35,3152
2024-03-06 07:30:00+00:00,200.35,200.35,200.35,200.35,2036
2024-03-06 07:35:00+00:00,200.35,200.5,200.35,200.4,2335
2024-03-06 07:40:00+00:00,200.4,200.45,200.35,200.45,3524
2024-03-06 07:45:00+00:00,200.45,200.45,200.35,200.45,1585
2024-03-06 07:50:00+00:00,200.45,200.45,200.35,200.35,428
2024-03-06 07:55:00+00:00,200.35,200.75,200.35,200.55,6144
2024-03-06 08:00:00+00:00,200.55,200.75,200.35,200.35,1864
2024-03-06 08:05:00+00:00,200.6,200.6,200.35,200.35,2560
2024-03-06 08:10:00+00:00,200.35,200.7,200.35,200.7,3677
2024-03-06 08:15:00+00:00,200.7,201.45,200.35,200.65,16124
2024-03-06 08:20:00+00:00,200.85,203.0,200.4,203.0,14997
2024-03-06 08:25:00+00:00,203.0,203.25,202.0,202.1,10654
2024-03-06 08:30:00+00:00,202.1,203.4,202.1,203.0,4187
2024-03-06 08:35:00+00:00,203.35,203.6,201.5,201.9,8290
2024-03-06 08:40:00+00:00,201.9,202.3,200.75,201.5,8900
2024-03-06 08:45:00+00:00,201.5,201.9,201.0,201.5,5659
2024-03-06 08:50:00+00:00,201.5,201.5,200.75,201.0,5685
2024-03-06 08:55:00+00:00,201.0,201.7,200.8,201.45,4263
2024-03-06 09:00:00+00:00,201.45,202.45,201.45,202.1,2415
2024-03-06 09:05:00+00:00,202.15,202.15,201.45,201.65,4193
2024-03-06 09:10:00+00:00,201.65,202.0,201.0,201.0,11409
2024-03-06 09:15:00+00:00,201.0,201.4,201.0,201.35,9161
2024-03-06 09:20:00+00:00,201.35,201.9,200.35,201.85,43965
2024-03-06 09:25:00+00:00,201.85,201.85,200.35,201.3,25296
2024-03-06 09:30:00+00:00,201.3,201.5,200.8,201.0,4424
2024-03-06 09:35:00+00:00,201.0,201.4,200.8,200.9,8334
2024-03-06 09:40:00+00:00,200.9,201.55,200.9,201.55,4946
2024-03-06 09:45:00+00:00,201.55,201.75,200.7,201.25,12868
2024-03-06 09:50:00+00:00,200.75,201.3,200.35,200.35,18976
2024-03-06 09:55:00+00:00,200.35,200.35,200.35,200.35,6675
2024-03-07 03:45:00+00:00,200.9,203.0,196.3,197.05,48917
2024-03-07 03:50:00+00:00,196.9,200.0,195.9,199.8,44945
2024-03-07 03:55:00+00:00,199.8,199.95,198.05,198.35,21257
2024-03-07 04:00:00+00:00,198.35,200.95,197.05,200.6,28484
2024-03-07 04:05:00+00:00,200.4,202.5,199.7,199.9,22950
2024-03-07 04:10:00+00:00,199.85,199.9,198.55,198.95,11020
2024-03-07 04:15:00+00:00,198.95,199.4,198.0,198.45,16194
2024-03-07 04:20:00+00:00,198.45,198.45,197.2,197.4,7970
2024-03-07 04:25:00+00:00,197.4,198.3,197.25,197.5,10953
2024-03-07 04:30:00+00:00,197.95,198.05,197.5,197.85,5008
2024-03-07 04:35:00+00:00,197.85,198.25,195.9,196.15,50168
2024-03-07 04:40:00+00:00,196.15,196.8,194.55,196.2,32137
2024-03-07 04:45:00+00:00,196.2,196.4,195.55,195.6,5439
2024-03-07 04:50:00+00:00,195.6,195.8,194.0,195.75,15880
2024-03-07 04:55:00+00:00,195.75,195.75,194.5,195.3,10534
2024-03-07 05:00:00+00:00,195.3,195.5,195.0,195.25,6465
2024-03-07 05:05:00+00:00,195.25,195.95,195.15,195.75,5613
2024-03-07 05:10:00+00:00,195.75,195.95,195.1,195.15,6317
2024-03-07 05:15:00+00:00,195.15,195.75,194.15,195.6,20522
2024-03-07 05:20:00+00:00,195.6,196.0,195.35,195.75,7627
2024-03-07 05:25:00+00:00,195.75,196.9,195.45,196.55,7095
2024-03-07 05:30:00+00:00,196.55,196.7,196.1,196.7,5834
2024-03-07 05:35:00+00:00,196.7,196.7,196.05,196.15,5396
2024-03-07 05:40:00+00:00,196.05,196.6,196.0,196.2,8543
2024-03-07 05:45:00+00:00,196.2,196.7,195.8,195.95,13039
2024-03-07 05:50:00+00:00,195.95,196.3,195.5,196.3,21939
2024-03-07 05:55:00+00:00,196.3,197.5,195.05,197.5,8402
2024-03-07 06:00:00+00:00,197.5,199.5,197.05,199.5,21490
2024-03-07 06:05:00+00:00,199.5,203.6,199.25,201.4,44345
2024-03-07 06:10:00+00:00,201.4,202.95,201.4,202.95,9644
2024-03-07 06:15:00+00:00,202.95,205.1,202.5,204.6,23132
2024-03-07 06:20:00+00:00,204.6,205.0,202.9,203.05,17770
2024-03-07 06:25:00+00:00,203.2,203.5,202.85,202.9,5787
2024-03-07 06:30:00+00:00,202.9,203.15,202.55,202.55,3152
2024-03-07 06:35:00+00:00,202.55,203.1,202.05,202.2,6406
2024-03-07 06:40:00+00:00,202.2,202.3,201.9,202.2,1950
2024-03-07 06:45:00+00:00,202.2,202.2,201.95,202.0,7426
2024-03-07 06:50:00+00:00,202.0,202.25,201.9,202.25,2224
2024-03-07 06:55:00+00:00,202.25,202.25,201.05,201.2,4829
2024-03-07 07:00:00+00:00,201.2,201.25,200.45,200.9,7993
2024-03-07 07:05:00+00:00,200.9,202.6,200.55,202.1,8280
2024-03-07 07:10:00+00:00,202.1,202.5,201.5,201.8,1468
2024-03-07 07:15:00+00:00,201.8,202.05,201.0,202.05,3380
2024-03-07 07:20:00+00:00,202.05,202.9,201.65,202.75,7013
2024-03-07 07:25:00+00:00,202.75,204.0,202.5,204.0,5961
2024-03-07 07:30:00+00:00,204.0,204.0,202.0,202.9,2675
2024-03-07 07:35:00+00:00,202.9,203.2,202.1,202.65,3201
2024-03-07 07:40:00+00:00,202.65,202.65,202.2,202.6,3176
2024-03-07 07:45:00+00:00,202.6,203.45,202.6,203.2,3142
2024-03-07 07:50:00+00:00,203.2,203.2,202.65,202.65,2098
2024-03-07 07:55:00+00:00,202.65,203.65,202.6,203.45,7737
2024-03-07 08:00:00+00:00,203.45,203.45,202.9,203.15,1422
2024-03-07 08:05:00+00:00,203.15,204.25,202.85,203.7,6272
2024-03-07 08:10:00+00:00,203.7,203.7,202.2,202.25,4421
2024-03-07 08:15:00+00:00,202.25,203.55,202.2,203.15,3787
2024-03-07 08:20:00+00:00,203.05,203.05,202.55,202.6,6185
2024-03-07 08:25:00+00:00,202.6,202.6,202.25,202.25,3176
2024-03-07 08:30:00+00:00,202.4,202.75,200.35,201.45,23044
2024-03-07 08:35:00+00:00,201.45,201.9,200.25,201.25,15408
2024-03-07 08:40:00+00:00,201.25,201.8,200.8,201.35,4954
2024-03-07 08:45:00+00:00,201.35,202.0,200.9,201.95,6580
2024-03-07 08:50:00+00:00,201.95,202.4,201.5,201.65,2353
2024-03-07 08:55:00+00:00,201.65,202.35,201.5,201.55,5656
2024-03-07 09:00:00+00:00,201.55,201.9,201.5,201.8,1902
2024-03-07 09:05:00+00:00,201.8,202.35,201.65,202.25,2521
2024-03-07 09:10:00+00:00,202.25,202.25,200.8,200.9,8135
2024-03-07 09:15:00+00:00,200.9,201.0,200.3,200.35,3803
2024-03-07 09:20:00+00:00,200.35,200.9,199.6,200.9,21173
2024-03-07 09:25:00+00:00,200.5,201.0,199.6,200.0,6455
2024-03-07 09:30:00+00:00,200.0,200.85,200.0,200.85,3003
2024-03-07 09:35:00+00:00,200.85,200.95,200.0,200.9,6944
2024-03-07 09:40:00+00:00,200.9,201.5,200.5,201.25,7992
2024-03-07 09:45:00+00:00,201.25,201.8,200.8,200.85,6269
2024-03-07 09:50:00+00:00,201.0,201.15,200.5,200.95,23438
2024-03-07 09:55:00+00:00,200.95,201.0,200.0,200.75,19515
2024-03-11 03:45:00+00:00,202.15,205.25,202.15,203.45,21763
2024-03-11 03:50:00+00:00,203.45,203.95,200.4,201.4,29427
2024-03-11 03:55:00+00:00,202.0,203.25,201.9,202.25,44443
2024-03-11 04:00:00+00:00,202.25,203.4,200.8,200.95,9807
2024-03-11 04:05:00+00:00,200.95,201.65,200.3,201.15,4342
2024-03-11 04:10:00+00:00,201.15,201.4,200.1,200.95,3628
2024-03-11 04:15:00+00:00,200.95,201.2,200.3,200.5,5793
2024-03-11 04:20:00+00:00,200.5,201.2,200.0,201.05,9629
2024-03-11 04:25:00+00:00,200.85,201.15,199.85,199.85,10460
2024-03-11 04:30:00+00:00,199.85,200.35,199.1,199.65,3878
2024-03-11 04:35:00+00:00,199.4,200.2,198.85,199.5,12760
2024-03-11 04:40:00+00:00,199.5,199.5,197.9,198.0,18035
2024-03-11 04:45:00+00:00,198.0,199.15,197.25,198.75,6756
2024-03-11 04:50:00+00:00,198.85,199.3,198.4,199.0,2762
2024-03-11 04:55:00+00:00,199.0,199.5,198.7,199.0,5983
2024-03-11 05:00:00+00:00,199.0,199.45,198.6,199.1,3140
2024-03-11 05:05:00+00:00,199.1,199.45,198.75,198.95,7536
2024-03-11 05:10:00+00:00,198.95,201.7,198.95,201.0,11419
2024-03-11 05:15:00+00:00,201.0,201.2,200.1,200.1,12046
2024-03-11 05:20:00+00:00,200.1,201.15,200.1,200.7,694
2024-03-11 05:25:00+00:00,200.7,201.1,198.9,199.0,6890
2024-03-11 05:30:00+00:00,199.0,199.2,198.65,199.15,1654
2024-03-11 05:35:00+00:00,199.15,199.2,198.0,198.55,6447
2024-03-11 05:40:00+00:00,198.65,199.1,197.85,199.1,8919
2024-03-11 05:45:00+00:00,199.1,199.9,198.8,199.0,1193
2024-03-11 05:50:00+00:00,199.0,199.0,197.5,198.15,4111
2024-03-11 05:55:00+00:00,198.15,198.45,197.3,197.7,3792
2024-03-11 06:00:00+00:00,198.0,198.7,197.5,198.4,3364
2024-03-11 06:05:00+00:00,198.3,198.7,197.75,197.8,4128
2024-03-11 06:10:00+00:00,197.75,198.25,197.25,197.55,5324
2024-03-11 06:15:00+00:00,197.55,197.55,196.85,196.9,5015
2024-03-11 06:20:00+00:00,196.9,197.4,196.8,197.1,1062
2024-03-11 06:25:00+00:00,197.1,197.1,195.0,196.7,28015
2024-03-11 06:30:00+00:00,196.7,196.8,195.6,196.45,7387
2024-03-11 06:35:00+00:00,196.45,196.45,195.0,195.8,18449
2024-03-11 06:40:00+00:00,195.8,195.9,195.0,195.9,20939
2024-03-11 06:45:00+00:00,196.2,196.2,195.65,195.7,1548
2024-03-11 06:50:00+00:00,195.7,196.75,195.7,196.75,4371
2024-03-11 06:55:00+00:00,196.75,196.8,196.25,196.8,2815
2024-03-11 07:00:00+00:00,196.8,196.9,196.4,196.9,651
2024-03-11 07:05:00+00:00,196.9,197.95,196.55,197.95,2806
2024-03-11 07:10:00+00:00,197.95,197.95,197.6,197.7,554
2024-03-11 07:15:00+00:00,197.65,197.9,197.65,197.9,228
2024-03-11 07:20:00+00:00,197.9,197.95,197.55,197.95,1731
2024-03-11 07:25:00+00:00,198.2,198.85,198.2,198.4,3746
2024-03-11 07:30:00+00:00,198.1,198.5,197.65,197.65,2043
2024-03-11 07:35:00+00:00,197.65,197.9,197.2,197.4,1973
2024-03-11 07:40:00+00:00,197.4,197.45,196.55,197.0,910
2024-03-11 07:45:00+00:00,196.6,196.8,196.4,196.55,1753
2024-03-11 07:50:00+00:00,196.55,197.3,196.55,197.3,1719
2024-03-11 07:55:00+00:00,197.35,197.35,196.6,196.95,1079
2024-03-11 08:00:00+00:00,196.95,197.6,196.95,197.6,412
2024-03-11 08:05:00+00:00,197.6,197.95,197.45,197.95,2393
2024-03-11 08:10:00+00:00,197.95,198.0,197.5,197.75,460
2024-03-11 08:15:00+00:00,197.75,197.85,197.15,197.15,903
2024-03-11 08:20:00+00:00,197.15,197.7,197.0,197.0,2183
2024-03-11 08:25:00+00:00,197.0,197.35,196.55,196.9,5289
2024-03-11 08:30:00+00:00,196.9,197.25,196.9,196.95,698
2024-03-11 08:35:00+00:00,196.9,196.9,196.1,196.3,3664
2024-03-11 08:40:00+00:00,196.1,196.15,195.3,195.3,4390
2024-03-11 08:45:00+00:00,195.3,195.65,195.1,195.5,6305
2024-03-11 08:50:00+00:00,195.5,195.75,195.1,195.5,1907
2024-03-11 08:55:00+00:00,195.5,195.5,194.5,194.95,17949
2024-03-11 09:00:00+00:00,194.95,195.05,194.6,194.9,2323
2024-03-11 09:05:00+00:00,194.9,195.35,194.6,194.6,1969
2024-03-11 09:10:00+00:00,194.95,194.95,193.9,194.4,9450
2024-03-11 09:15:00+00:00,194.4,194.95,193.3,193.35,8268
2024-03-11 09:20:00+00:00,193.35,194.35,193.25,194.35,12109
2024-03-11 09:25:00+00:00,194.35,195.05,194.35,194.95,4182
2024-03-11 09:30:00+00:00,195.0,195.45,194.0,195.0,10896
2024-03-11 09:35:00+00:00,195.0,196.05,195.0,195.0,9001
2024-03-11 09:40:00+00:00,195.0,195.85,195.0,195.0,8007
2024-03-11 09:45:00+00:00,195.0,195.5,195.0,195.0,8608
2024-03-11 09:50:00+00:00,195.0,204.75,193.0,197.1,75145
2024-03-11 09:55:00+00:00,197.1,209.8,196.5,202.8,87139
2024-03-12 03:45:00+00:00,201.0,202.6,199.95,201.0,9637
2024-03-12 03:50:00+00:00,201.0,201.45,197.8,198.0,15173
2024-03-12 03:55:00+00:00,198.0,198.0,195.8,195.8,10229
2024-03-12 04:00:00+00:00,195.95,196.5,194.0,196.3,23195
2024-03-12 04:05:00+00:00,196.4,198.4,196.2,197.6,15586
2024-03-12 04:10:00+00:00,197.6,197.9,196.25,196.6,3532
2024-03-12 04:15:00+00:00,196.6,196.85,196.2,196.3,1813
2024-03-12 04:20:00+00:00,196.3,196.6,196.1,196.2,5291
2024-03-12 04:25:00+00:00,196.2,196.55,196.05,196.55,10973
2024-03-12 04:30:00+00:00,196.8,197.2,196.4,196.85,4274
2024-03-12 04:35:00+00:00,196.65,197.95,196.6,197.55,5503
2024-03-12 04:40:00+00:00,197.55,198.2,197.55,198.05,1269
2024-03-12 04:45:00+00:00,198.05,198.05,197.75,197.9,4148
2024-03-12 04:50:00+00:00,197.8,197.8,196.1,196.15,34994
2024-03-12 04:55:00+00:00,196.2,196.55,196.15,196.5,4400
2024-03-12 05:00:00+00:00,196.5,196.5,196.05,196.05,3671
2024-03-12 05:05:00+00:00,196.05,196.25,196.0,196.0,8110
2024-03-12 05:10:00+00:00,196.0,196.0,195.0,195.0,3552
2024-03-12 05:15:00+00:00,195.2,195.2,194.05,194.7,4480
2024-03-12 05:20:00+00:00,194.7,195.0,194.05,194.05,13624
2024-03-12 05:25:00+00:00,194.05,194.45,192.05,192.7,27592
2024-03-12 05:30:00+00:00,192.7,194.5,192.7,194.45,10555
2024-03-12 05:35:00+00:00,194.45,195.0,193.55,193.55,4022
2024-03-12 05:40:00+00:00,193.55,193.7,192.3,192.95,8266
2024-03-12 05:45:00+00:00,192.95,193.6,192.3,193.6,3097
2024-03-12 05:50:00+00:00,193.15,193.45,192.05,192.75,10949
2024-03-12 05:55:00+00:00,192.75,193.0,192.05,192.6,8702
2024-03-12 06:00:00+00:00,192.6,193.0,191.55,192.0,24065
2024-03-12 06:05:00+00:00,192.0,192.5,191.3,191.9,20150
2024-03-12 06:10:00+00:00,191.9,191.95,191.3,191.5,14708
2024-03-12 06:15:00+00:00,191.5,191.85,191.25,191.85,14870
2024-03-12 06:20:00+00:00,191.7,192.25,191.25,192.25,61111
2024-03-12 06:25:00+00:00,192.25,192.3,191.25,192.2,45573
2024-03-12 06:30:00+00:00,192.2,192.4,191.35,192.4,15903
2024-03-12 06:35:00+00:00,192.4,192.5,191.5,191.6,22420
2024-03-12 06:40:00+00:00,191.6,193.05,191.6,192.0,6615
2024-03-12 06:45:00+00:00,192.0,192.2,191.85,192.0,6315
2024-03-12 06:50:00+00:00,191.65,192.0,191.25,191.25,11754
2024-03-12 06:55:00+00:00,191.25,191.75,191.25,191.25,13465
2024-03-12 07:00:00+00:00,191.25,191.25,191.25,191.25,1190
2024-03-12 07:05:00+00:00,191.25,191.25,191.25,191.25,5036
2024-03-12 07:10:00+00:00,191.25,191.25,191.25,191.25,1035
2024-03-12 07:15:00+00:00,191.25,191.25,191.25,191.25,1633
2024-03-12 07:20:00+00:00,191.25,191.25,191.25,191.25,1468
2024-03-12 07:25:00+00:00,191.25,191.25,191.25,191.25,1147
2024-03-12 07:30:00+00:00,191.25,191.25,191.25,191.25,807
2024-03-12 07:35:00+00:00,191.25,191.25,191.25,191.25,2726
2024-03-12 07:40:00+00:00,191.25,191.25,191.25,191.25,402
2024-03-12 07:45:00+00:00,191.25,191.25,191.25,191.25,273
2024-03-12 07:50:00+00:00,191.25,191.25,191.25,191.25,947
2024-03-12 07:55:00+00:00,191.25,191.25,191.25,191.25,828
2024-03-12 08:00:00+00:00,191.25,191.25,191.25,191.25,1237
2024-03-12 08:05:00+00:00,191.25,191.25,191.25,191.25,796
2024-03-12 08:10:00+00:00,191.25,191.25,191.25,191.25,758
2024-03-12 08:15:00+00:00,191.25,191.25,191.25,191.25,910
2024-03-12 08:20:00+00:00,191.25,191.25,191.25,191.25,1509
2024-03-12 08:25:00+00:00,191.25,191.25,191.25,191.25,850
2024-03-12 08:30:00+00:00,191.25,191.25,191.25,191.25,5731
2024-03-12 08:35:00+00:00,191.25,191.25,191.25,191.25,526
2024-03-12 08:40:00+00:00,191.25,191.25,191.25,191.25,2618
2024-03-12 08:45:00+00:00,191.25,191.25,191.25,191.25,1221
2024-03-12 08:50:00+00:00,191.25,191.25,191.25,191.25,1676
2024-03-12 08:55:00+00:00,191.25,191.25,191.25,191.25,210
2024-03-12 09:00:00+00:00,191.25,191.25,191.25,191.25,535
2024-03-12 09:05:00+00:00,191.25,191.25,191.25,191.25,233
2024-03-12 09:10:00+00:00,191.25,191.25,191.25,191.25,5142
2024-03-12 09:15:00+00:00,191.25,191.25,191.25,191.25,5120
2024-03-12 09:20:00+00:00,191.25,191.25,191.25,191.25,378
2024-03-12 09:25:00+00:00,191.25,191.25,191.25,191.25,231
2024-03-12 09:30:00+00:00,191.25,191.25,191.25,191.25,236
2024-03-12 09:35:00+00:00,191.25,191.25,191.25,191.25,629
2024-03-12 09:40:00+00:00,191.25,191.25,191.25,191.25,673
2024-03-12 09:45:00+00:00,191.25,191.25,191.25,191.25,1609
2024-03-12 09:50:00+00:00,191.25,191.25,191.25,191.25,3734
2024-03-12 09:55:00+00:00,191.25,191.25,191.25,191.25,705
2024-03-13 03:45:00+00:00,187.9,191.2,183.2,187.5,102380
2024-03-13 03:50:00+00:00,187.5,187.65,184.0,184.4,49844
2024-03-13 03:55:00+00:00,184.4,186.3,181.7,183.0,124111
2024-03-13 04:00:00+00:00,183.0,183.3,181.75,182.75,43164
2024-03-13 04:05:00+00:00,182.75,183.0,181.7,181.7,22918
2024-03-13 04:10:00+00:00,181.7,181.7,181.7,181.7,6499
2024-03-13 04:15:00+00:00,181.7,183.3,181.7,182.9,82434
2024-03-13 04:20:00+00:00,182.9,183.0,182.05,182.05,31797
2024-03-13 04:25:00+00:00,182.05,182.4,181.7,181.7,15669
2024-03-13 04:30:00+00:00,181.7,181.7,181.7,181.7,13332
2024-03-13 04:35:00+00:00,181.7,181.7,181.7,181.7,2779
2024-03-13 04:40:00+00:00,181.7,183.0,181.7,182.3,70598
2024-03-13 04:45:00+00:00,182.3,183.3,182.25,182.25,20503
2024-03-13 04:50:00+00:00,182.5,183.3,182.25,182.5,12324
2024-03-13 04:55:00+00:00,182.5,182.9,182.2,182.2,5416
2024-03-13 05:00:00+00:00,182.2,183.0,182.1,182.4,5861
2024-03-13 05:05:00+00:00,182.4,183.85,182.4,183.6,9364
2024-03-13 05:10:00+00:00,183.6,184.0,183.0,183.75,11366
2024-03-13 05:15:00+00:00,183.9,184.0,183.0,183.0,12585
2024-03-13 05:20:00+00:00,183.0,185.0,183.0,183.95,10807
2024-03-13 05:25:00+00:00,183.95,184.45,183.45,183.65,5974
2024-03-13 05:30:00+00:00,183.65,184.2,183.2,183.25,21490
2024-03-13 05:35:00+00:00,183.3,183.9,183.2,183.25,38744
2024-03-13 05:40:00+00:00,183.2,183.7,183.2,183.35,14595
2024-03-13 05:45:00+00:00,183.7,185.3,183.2,185.3,11541
2024-03-13 05:50:00+00:00,185.3,186.15,185.15,185.2,28050
2024-03-13 05:55:00+00:00,185.2,185.2,183.3,184.1,31583
2024-03-13 06:00:00+00:00,183.9,184.0,183.3,183.4,3605
2024-03-13 06:05:00+00:00,183.4,184.0,183.2,184.0,12240
2024-03-13 06:10:00+00:00,184.0,184.45,183.2,183.3,4972
2024-03-13 06:15:00+00:00,183.3,183.5,183.2,183.5,19564
2024-03-13 06:20:00+00:00,183.5,184.15,183.0,184.15,31345
2024-03-13 06:25:00+00:00,183.15,183.6,183.0,183.05,1764
2024-03-13 06:30:00+00:00,183.05,184.0,183.0,183.9,9117
2024-03-13 06:35:00+00:00,183.25,183.5,183.0,183.0,5260
2024-03-13 06:40:00+00:00,183.3,183.7,183.0,183.0,26740
2024-03-13 06:45:00+00:00,183.0,183.0,181.7,181.7,32586
2024-03-13 06:50:00+00:00,181.7,181.7,181.7,181.7,2581
2024-03-13 06:55:00+00:00,181.7,181.7,181.7,181.7,484
2024-03-13 07:00:00+00:00,181.7,182.5,181.7,182.3,52837
2024-03-13 07:05:00+00:00,182.3,182.5,181.75,182.45,2337
2024-03-13 07:10:00+00:00,182.45,183.7,182.0,183.7,9686
2024-03-13 07:15:00+00:00,183.7,183.7,183.0,183.2,9269
2024-03-13 07:20:00+00:00,183.2,184.3,182.5,182.5,2661
2024-03-13 07:25:00+00:00,182.5,183.0,182.1,182.6,5035
2024-03-13 07:30:00+00:00,182.6,183.45,182.2,182.75,12939
2024-03-13 07:35:00+00:00,182.75,184.75,182.65,184.75,5673
2024-03-13 07:40:00+00:00,184.75,184.8,183.6,184.3,4603
2024-03-13 07:45:00+00:00,184.3,184.3,183.0,184.15,4758
2024-03-13 07:50:00+00:00,184.15,184.15,183.0,183.45,4883
2024-03-13 07:55:00+00:00,183.45,184.0,182.9,183.3,7556
2024-03-13 08:00:00+00:00,183.3,184.7,183.0,184.45,7358
2024-03-13 08:05:00+00:00,184.5,184.95,183.5,183.5,9210
2024-03-13 08:10:00+00:00,183.5,183.65,182.6,182.8,766
2024-03-13 08:15:00+00:00,182.8,183.95,182.8,183.95,517
2024-03-13 08:20:00+00:00,183.95,183.95,182.15,183.0,2506
2024-03-13 08:25:00+00:00,183.0,183.0,181.85,182.9,4635
2024-03-13 08:30:00+00:00,182.9,182.9,181.7,182.45,12920
2024-03-13 08:35:00+00:00,182.45,182.45,181.7,181.7,4867
2024-03-13 08:40:00+00:00,181.7,181.7,181.7,181.7,379
2024-03-13 08:45:00+00:00,181.7,181.7,181.7,181.7,3254
2024-03-13 08:50:00+00:00,181.7,181.7,181.7,181.7,2242
2024-03-13 08:55:00+00:00,181.7,181.7,181.7,181.7,691
2024-03-13 09:00:00+00:00,181.7,181.7,181.7,181.7,187
2024-03-13 09:05:00+00:00,181.7,181.7,181.7,181.7,1252
2024-03-13 09:10:00+00:00,181.7,181.7,181.7,181.7,200
2024-03-13 09:15:00+00:00,181.7,181.7,181.7,181.7,717
2024-03-13 09:20:00+00:00,181.7,181.7,181.7,181.7,742
2024-03-13 09:25:00+00:00,181.7,181.7,181.7,181.7,753
2024-03-13 09:30:00+00:00,181.7,181.7,181.7,181.7,693
2024-03-13 09:35:00+00:00,181.7,181.7,181.7,181.7,5206
2024-03-13 09:40:00+00:00,181.7,181.7,181.7,181.7,1691
2024-03-13 09:45:00+00:00,181.7,181.7,181.7,181.7,2232
2024-03-13 09:50:00+00:00,181.7,181.7,181.7,181.7,1078
2024-03-13 09:55:00+00:00,181.7,181.7,181.7,181.7,4052
2024-03-14 03:45:00+00:00,175.55,182.95,175.0,182.4,57482
2024-03-14 03:50:00+00:00,182.5,184.4,182.0,184.4,18402
2024-03-14 03:55:00+00:00,184.7,186.2,184.0,184.65,20934
2024-03-14 04:00:00+00:00,184.65,184.7,183.3,184.15,15990
2024-03-14 04:05:00+00:00,184.15,186.8,184.15,186.15,13996
2024-03-14 04:10:00+00:00,186.4,186.8,185.8,186.1,7016
2024-03-14 04:15:00+00:00,186.1,186.15,185.05,185.2,7549
2024-03-14 04:20:00+00:00,185.2,185.2,181.55,181.8,8524
2024-03-14 04:25:00+00:00,181.8,183.7,181.8,183.5,2996
2024-03-14 04:30:00+00:00,183.5,185.95,183.5,185.75,3923
2024-03-14 04:35:00+00:00,185.75,188.55,185.6,187.55,20998
2024-03-14 04:40:00+00:00,187.1,188.0,187.1,187.35,5764
2024-03-14 04:45:00+00:00,187.35,187.45,186.25,187.35,3386
2024-03-14 04:50:00+00:00,187.35,187.65,186.9,187.5,4990
2024-03-14 04:55:00+00:00,187.5,187.95,187.45,187.8,3248
2024-03-14 05:00:00+00:00,187.8,187.8,186.6,187.1,7612
2024-03-14 05:05:00+00:00,187.1,188.35,187.05,188.15,5453
2024-03-14 05:10:00+00:00,188.4,190.75,188.15,190.75,43057
2024-03-14 05:15:00+00:00,190.75,190.75,188.95,190.75,78362
2024-03-14 05:20:00+00:00,190.75,190.75,190.75,190.75,3148
2024-03-14 05:25:00+00:00,190.75,190.75,190.75,190.75,557
2024-03-14 05:30:00+00:00,190.75,190.75,190.75,190.75,1328
2024-03-14 05:35:00+00:00,190.75,190.75,190.75,190.75,357
2024-03-14 05:40:00+00:00,190.75,190.75,190.75,190.75,180
2024-03-14 05:45:00+00:00,190.75,190.75,190.75,190.75,7160
2024-03-14 05:50:00+00:00,190.75,190.75,190.75,190.75,1001
2024-03-14 05:55:00+00:00,190.75,190.75,190.75,190.75,839
2024-03-14 06:00:00+00:00,190.75,190.75,190.75,190.75,633
2024-03-14 06:05:00+00:00,190.75,190.75,190.75,190.75,50
2024-03-14 06:10:00+00:00,190.75,190.75,190.75,190.75,510
2024-03-14 06:15:00+00:00,190.75,190.75,190.75,190.75,1866
2024-03-14 06:20:00+00:00,190.75,190.75,190.75,190.75,2961
2024-03-14 06:25:00+00:00,190.75,190.75,190.75,190.75,20
2024-03-14 06:30:00+00:00,190.75,190.75,190.75,190.75,2005
2024-03-14 06:35:00+00:00,190.75,190.75,190.75,190.75,1162
2024-03-14 06:40:00+00:00,190.75,190.75,190.75,190.75,122
2024-03-14 06:45:00+00:00,190.75,190.75,190.75,190.75,93
2024-03-14 06:50:00+00:00,190.75,190.75,190.75,190.75,65
2024-03-14 06:55:00+00:00,190.75,190.75,190.75,190.75,3592
2024-03-14 07:00:00+00:00,190.75,190.75,190.75,190.75,1265
2024-03-14 07:05:00+00:00,190.75,190.75,190.75,190.75,895
2024-03-14 07:10:00+00:00,190.75,190.75,188.65,189.85,94588
2024-03-14 07:15:00+00:00,189.85,190.3,186.0,187.15,17742
2024-03-14 07:20:00+00:00,187.15,188.25,187.15,187.2,5690
2024-03-14 07:25:00+00:00,187.2,188.95,187.2,188.6,5300
2024-03-14 07:30:00+00:00,188.6,189.15,188.6,189.05,1466
2024-03-14 07:35:00+00:00,189.05,190.75,188.75,190.75,18600
2024-03-14 07:40:00+00:00,190.75,190.75,190.75,190.75,20670
2024-03-14 07:45:00+00:00,190.75,190.75,190.3,190.7,5307
2024-03-14 07:50:00+00:00,190.5,190.75,190.5,190.75,3872
2024-03-14 07:55:00+00:00,190.75,190.75,190.75,190.75,265
2024-03-14 08:00:00+00:00,190.75,190.75,190.75,190.75,21
2024-03-14 08:05:00+00:00,190.75,190.75,189.45,189.5,22228
2024-03-14 08:10:00+00:00,189.5,190.65,189.15,189.95,11812
2024-03-14 08:15:00+00:00,189.95,190.0,189.05,189.9,3761
2024-03-14 08:20:00+00:00,189.9,190.4,189.8,190.35,5906
2024-03-14 08:25:00+00:00,190.35,190.4,189.55,189.6,4046
2024-03-14 08:30:00+00:00,189.6,190.4,189.6,190.0,5874
2024-03-14 08:35:00+00:00,190.0,190.75,190.0,190.75,3121
2024-03-14 08:40:00+00:00,190.75,190.75,190.05,190.75,12416
2024-03-14 08:45:00+00:00,190.75,190.75,190.75,190.75,876
2024-03-14 08:50:00+00:00,190.75,190.75,190.75,190.75,0
2024-03-14 08:55:00+00:00,190.75,190.75,190.75,190.75,476
2024-03-14 09:00:00+00:00,190.75,190.75,190.75,190.75,560
2024-03-14 09:05:00+00:00,190.75,190.75,190.75,190.75,676
2024-03-14 09:10:00+00:00,190.75,190.75,190.75,190.75,1074
2024-03-14 09:15:00+00:00,190.75,190.75,190.75,190.75,170
2024-03-14 09:20:00+00:00,190.75,190.75,190.75,190.75,1022
2024-03-14 09:25:00+00:00,190.75,190.75,190.75,190.75,516
2024-03-14 09:30:00+00:00,190.75,190.75,190.75,190.75,1
2024-03-14 09:35:00+00:00,190.75,190.75,190.75,190.75,8200
2024-03-14 09:40:00+00:00,190.75,190.75,190.75,190.75,1622
2024-03-14 09:45:00+00:00,190.75,190.75,190.75,190.75,1
2024-03-14 09:50:00+00:00,190.75,190.75,190.75,190.75,884
2024-03-14 09:55:00+00:00,190.75,190.75,190.75,190.75,197
2024-03-15 03:45:00+00:00,191.1,194.7,191.0,191.45,60966
2024-03-15 03:50:00+00:00,191.45,194.0,191.45,193.95,21400
2024-03-15 03:55:00+00:00,193.95,194.95,193.55,193.55,16689
2024-03-15 04:00:00+00:00,193.55,194.15,191.5,191.5,19012
2024-03-15 04:05:00+00:00,191.5,191.5,184.8,188.65,49043
2024-03-15 04:10:00+00:00,188.65,188.65,187.3,188.6,4551
2024-03-15 04:15:00+00:00,188.6,189.95,188.0,188.0,7410
2024-03-15 04:20:00+00:00,188.0,188.1,186.4,186.85,9631
2024-03-15 04:25:00+00:00,186.85,187.0,185.05,186.45,20442
2024-03-15 04:30:00+00:00,186.45,187.65,186.45,187.65,1256
2024-03-15 04:35:00+00:00,187.65,187.65,186.45,186.65,3547
2024-03-15 04:40:00+00:00,186.65,187.55,186.45,187.5,2713
2024-03-15 04:45:00+00:00,187.5,188.75,186.75,187.3,10543
2024-03-15 04:50:00+00:00,187.3,187.5,186.65,187.15,1490
2024-03-15 04:55:00+00:00,187.15,187.75,186.85,187.5,5627
2024-03-15 05:00:00+00:00,187.5,188.0,186.95,187.75,8041
2024-03-15 05:05:00+00:00,187.75,187.75,186.7,187.0,5761
2024-03-15 05:10:00+00:00,187.0,187.2,186.5,187.0,5746
2024-03-15 05:15:00+00:00,187.0,187.2,186.45,187.2,2446
2024-03-15 05:20:00+00:00,187.2,187.6,186.55,187.5,807
2024-03-15 05:25:00+00:00,187.6,187.6,186.7,186.7,1592
2024-03-15 05:30:00+00:00,186.7,187.0,185.55,185.55,15087
2024-03-15 05:35:00+00:00,185.55,186.25,185.05,185.1,5961
2024-03-15 05:40:00+00:00,185.1,186.25,185.1,185.85,1571
2024-03-15 05:45:00+00:00,185.85,186.7,185.35,186.45,4780
2024-03-15 05:50:00+00:00,186.45,186.8,185.15,185.2,3084
2024-03-15 05:55:00+00:00,185.2,186.2,185.15,186.15,2577
2024-03-15 06:00:00+00:00,186.15,186.35,185.65,186.3,829
2024-03-15 06:05:00+00:00,186.3,186.7,186.0,186.05,1411
2024-03-15 06:10:00+00:00,186.05,186.65,186.0,186.05,2357
2024-03-15 06:15:00+00:00,186.05,187.85,186.05,187.85,7133
2024-03-15 06:20:00+00:00,187.85,188.65,187.35,187.55,5107
2024-03-15 06:25:00+00:00,187.55,187.6,187.05,187.1,1898
2024-03-15 06:30:00+00:00,187.1,187.1,186.7,186.7,946
2024-03-15 06:35:00+00:00,186.7,187.85,186.7,187.4,1221
2024-03-15 06:40:00+00:00,187.4,187.4,186.1,186.25,2931
2024-03-15 06:45:00+00:00,186.25,186.55,186.05,186.25,1688
2024-03-15 06:50:00+00:00,186.25,186.5,185.5,186.5,1840
2024-03-15 06:55:00+00:00,186.5,186.5,185.85,185.85,420
2024-03-15 07:00:00+00:00,185.85,186.5,185.85,186.45,1931
2024-03-15 07:05:00+00:00,186.45,186.85,186.45,186.85,624
2024-03-15 07:10:00+00:00,186.5,187.2,186.5,186.9,732
2024-03-15 07:15:00+00:00,186.9,187.1,186.65,187.0,764
2024-03-15 07:20:00+00:00,187.0,187.65,187.0,187.65,659
2024-03-15 07:25:00+00:00,187.65,187.95,187.25,187.4,1405
2024-03-15 07:30:00+00:00,187.4,189.05,187.4,188.65,2991
2024-03-15 07:35:00+00:00,188.65,190.1,188.65,190.05,4559
2024-03-15 07:40:00+00:00,190.05,191.5,190.05,191.0,4006
2024-03-15 07:45:00+00:00,191.0,191.0,189.55,189.75,2076
2024-03-15 07:50:00+00:00,189.75,189.75,188.5,188.55,5102
2024-03-15 07:55:00+00:00,188.55,188.85,187.5,188.8,3563
2024-03-15 08:00:00+00:00,188.8,189.0,188.7,189.0,2275
2024-03-15 08:05:00+00:00,189.0,190.25,189.0,189.85,13378
2024-03-15 08:10:00+00:00,189.85,190.55,189.05,190.55,5426
2024-03-15 08:15:00+00:00,190.55,190.9,190.5,190.9,6722
2024-03-15 08:20:00+00:00,190.9,191.0,190.6,190.6,7046
2024-03-15 08:25:00+00:00,190.6,190.7,189.8,189.8,6663
2024-03-15 08:30:00+00:00,189.8,190.2,189.2,190.0,3025
2024-03-15 08:35:00+00:00,190.0,190.25,189.8,190.25,4874
2024-03-15 08:40:00+00:00,190.25,190.65,190.0,190.0,1607
2024-03-15 08:45:00+00:00,190.0,190.1,189.55,189.55,1856
2024-03-15 08:50:00+00:00,189.55,190.3,189.1,190.2,3111
2024-03-15 08:55:00+00:00,189.8,190.7,189.8,190.35,1678
2024-03-15 09:00:00+00:00,190.35,192.0,190.25,191.4,9615
2024-03-15 09:05:00+00:00,191.35,192.25,191.0,192.25,11821
2024-03-15 09:10:00+00:00,192.0,193.75,191.95,192.9,6573
2024-03-15 09:15:00+00:00,192.9,193.8,192.35,192.8,11380
2024-03-15 09:20:00+00:00,192.8,193.75,192.8,193.6,1247
2024-03-15 09:25:00+00:00,193.6,194.0,193.5,193.5,4126
2024-03-15 09:30:00+00:00,193.5,193.8,192.45,193.25,5479
2024-03-15 09:35:00+00:00,193.25,193.85,192.0,193.5,5163
2024-03-15 09:40:00+00:00,193.5,195.0,193.5,194.75,13441
2024-03-15 09:45:00+00:00,194.6,194.9,192.1,192.35,5119
2024-03-15 09:50:00+00:00,192.35,193.05,192.1,192.5,7533
2024-03-15 09:55:00+00:00,192.5,192.85,190.0,191.0,15392
2024-03-18 03:45:00+00:00,194.0,195.5,190.3,193.85,17299
2024-03-18 03:50:00+00:00,193.55,195.0,192.5,194.15,10538
2024-03-18 03:55:00+00:00,194.15,196.0,193.95,195.7,14066
2024-03-18 04:00:00+00:00,195.3,195.65,192.25,192.3,15510
2024-03-18 04:05:00+00:00,192.3,192.95,190.65,191.5,4369
2024-03-18 04:10:00+00:00,191.5,192.0,190.55,191.35,6298
2024-03-18 04:15:00+00:00,191.35,191.75,188.15,189.05,18658
2024-03-18 04:20:00+00:00,189.0,190.5,188.7,190.35,13736
2024-03-18 04:25:00+00:00,190.35,191.9,190.35,191.85,3899
2024-03-18 04:30:00+00:00,191.55,191.9,191.2,191.25,2027
2024-03-18 04:35:00+00:00,191.25,191.4,189.0,189.2,4266
2024-03-18 04:40:00+00:00,189.2,189.9,189.2,189.55,2807
2024-03-18 04:45:00+00:00,189.55,191.0,189.55,190.8,6377
2024-03-18 04:50:00+00:00,190.8,190.9,190.0,190.65,3820
2024-03-18 04:55:00+00:00,190.65,192.0,190.65,191.5,3485
2024-03-18 05:00:00+00:00,191.5,192.0,191.5,191.65,613
2024-03-18 05:05:00+00:00,191.65,192.0,190.4,190.95,2474
2024-03-18 05:10:00+00:00,190.95,190.95,189.15,189.15,4545
2024-03-18 05:15:00+00:00,189.15,190.55,189.15,190.2,3401
2024-03-18 05:20:00+00:00,189.85,190.35,189.05,190.1,23653
2024-03-18 05:25:00+00:00,190.1,190.15,188.7,189.25,8795
2024-03-18 05:30:00+00:00,189.25,189.25,188.85,189.25,660
2024-03-18 05:35:00+00:00,189.25,189.25,188.85,188.85,430
2024-03-18 05:40:00+00:00,188.85,189.3,187.6,188.3,6204
2024-03-18 05:45:00+00:00,188.3,188.45,187.55,187.8,1282
2024-03-18 05:50:00+00:00,187.8,188.2,186.95,187.65,5231
2024-03-18 05:55:00+00:00,187.65,187.75,187.4,187.75,164
2024-03-18 06:00:00+00:00,187.75,188.05,187.4,187.55,1637
2024-03-18 06:05:00+00:00,187.9,188.95,186.85,188.3,4453
2024-03-18 06:10:00+00:00,188.3,189.05,188.3,189.05,843
2024-03-18 06:15:00+00:00,189.05,189.6,188.6,189.05,2813
2024-03-18 06:20:00+00:00,189.05,189.35,188.6,188.65,2082
2024-03-18 06:25:00+00:00,188.65,189.2,187.45,188.15,2749
2024-03-18 06:30:00+00:00,188.1,189.05,187.8,188.95,1968
2024-03-18 06:35:00+00:00,188.95,188.95,188.0,188.5,2226
2024-03-18 06:40:00+00:00,188.5,188.85,188.15,188.5,2313
2024-03-18 06:45:00+00:00,188.5,189.45,188.2,189.45,593
2024-03-18 06:50:00+00:00,189.45,190.05,189.15,190.05,4208
2024-03-18 06:55:00+00:00,190.05,190.95,190.05,190.5,1699
2024-03-18 07:00:00+00:00,190.5,190.7,190.2,190.55,755
2024-03-18 07:05:00+00:00,190.3,190.6,190.15,190.3,639
2024-03-18 07:10:00+00:00,190.3,190.6,190.0,190.25,3969
2024-03-18 07:15:00+00:00,190.25,190.55,190.25,190.4,892
2024-03-18 07:20:00+00:00,190.4,190.4,190.25,190.4,79
2024-03-18 07:25:00+00:00,190.4,190.4,190.0,190.0,91
2024-03-18 07:30:00+00:00,190.0,190.5,190.0,190.5,485
2024-03-18 07:35:00+00:00,190.5,190.55,190.05,190.1,684
2024-03-18 07:40:00+00:00,190.1,190.55,190.05,190.05,610
2024-03-18 07:45:00+00:00,190.05,190.35,190.05,190.1,281
2024-03-18 07:50:00+00:00,190.1,190.6,190.0,190.6,1747
2024-03-18 07:55:00+00:00,190.6,190.6,190.2,190.2,794
2024-03-18 08:00:00+00:00,190.2,191.2,190.2,191.1,4157
2024-03-18 08:05:00+00:00,191.1,192.5,190.8,191.8,7651
2024-03-18 08:10:00+00:00,191.8,192.5,191.8,192.5,2523
2024-03-18 08:15:00+00:00,192.5,192.5,191.35,191.35,5442
2024-03-18 08:20:00+00:00,191.3,191.75,191.3,191.3,1143
2024-03-18 08:25:00+00:00,191.3,192.15,191.3,191.6,1605
2024-03-18 08:30:00+00:00,191.6,192.2,191.6,191.7,619
2024-03-18 08:35:00+00:00,191.7,191.7,191.3,191.3,3424
2024-03-18 08:40:00+00:00,191.3,191.3,190.3,190.35,1739
2024-03-18 08:45:00+00:00,190.35,191.15,190.35,191.15,366
2024-03-18 08:50:00+00:00,191.15,191.5,190.8,191.5,1010
2024-03-18 08:55:00+00:00,191.5,191.5,191.15,191.3,2153
2024-03-18 09:00:00+00:00,191.3,191.5,190.9,191.0,1871
2024-03-18 09:05:00+00:00,191.0,191.3,190.75,190.9,489
2024-03-18 09:10:00+00:00,190.9,191.5,190.6,190.6,1423
2024-03-18 09:15:00+00:00,190.6,191.2,190.45,191.05,4039
2024-03-18 09:20:00+00:00,191.05,192.1,190.9,191.1,3994
2024-03-18 09:25:00+00:00,191.1,191.1,190.35,190.65,1118
2024-03-18 09:30:00+00:00,190.65,190.9,190.0,190.5,6127
2024-03-18 09:35:00+00:00,190.45,190.45,189.0,189.25,7380
2024-03-18 09:40:00+00:00,189.25,189.65,188.05,188.9,5812
2024-03-18 09:45:00+00:00,188.9,189.75,188.9,189.1,2992
2024-03-18 09:50:00+00:00,189.1,189.8,189.1,189.4,3355
2024-03-18 09:55:00+00:00,189.4,189.75,189.05,189.25,5714
2024-03-19 03:45:00+00:00,189.0,190.6,188.55,190.5,10313
2024-03-19 03:50:00+00:00,190.5,190.5,188.75,189.0,12528
2024-03-19 03:55:00+00:00,189.0,190.6,189.0,190.25,2869
2024-03-19 04:00:00+00:00,190.25,190.3,189.0,189.6,3558
2024-03-19 04:05:00+00:00,189.6,190.0,189.0,189.05,6067
2024-03-19 04:10:00+00:00,189.05,189.45,189.05,189.4,1523
2024-03-19 04:15:00+00:00,189.4,189.8,189.25,189.5,3991
2024-03-19 04:20:00+00:00,189.25,189.65,189.1,189.5,3947
2024-03-19 04:25:00+00:00,188.5,188.7,187.1,188.7,8193
2024-03-19 04:30:00+00:00,188.7,188.7,187.1,187.1,11213
2024-03-19 04:35:00+00:00,187.05,187.05,186.0,186.45,8717
2024-03-19 04:40:00+00:00,186.45,187.0,186.45,186.9,3932
2024-03-19 04:45:00+00:00,186.9,187.0,186.1,186.1,1678
2024-03-19 04:50:00+00:00,186.4,186.75,185.5,185.95,11111
2024-03-19 04:55:00+00:00,185.95,186.45,185.5,186.3,827
2024-03-19 05:00:00+00:00,186.3,186.4,185.2,185.8,3029
2024-03-19 05:05:00+00:00,185.8,186.9,185.8,186.4,1360
2024-03-19 05:10:00+00:00,186.4,186.5,186.2,186.2,409
2024-03-19 05:15:00+00:00,186.2,186.3,185.5,185.95,6103
2024-03-19 05:20:00+00:00,185.95,185.95,185.5,185.85,1128
2024-03-19 05:25:00+00:00,185.85,185.9,185.6,185.6,582
2024-03-19 05:30:00+00:00,185.6,185.65,185.4,185.4,374
2024-03-19 05:35:00+00:00,185.65,185.85,185.4,185.6,541
2024-03-19 05:40:00+00:00,185.55,185.9,185.55,185.85,903
2024-03-19 05:45:00+00:00,185.85,187.0,185.85,187.0,642
2024-03-19 05:50:00+00:00,187.0,187.0,186.6,186.75,521
2024-03-19 05:55:00+00:00,186.5,186.7,186.2,186.35,2310
2024-03-19 06:00:00+00:00,186.35,186.7,186.3,186.3,173
2024-03-19 06:05:00+00:00,186.3,186.3,185.6,186.0,788
2024-03-19 06:10:00+00:00,185.85,186.0,185.6,185.95,1068
2024-03-19 06:15:00+00:00,185.95,186.2,185.75,185.75,524
2024-03-19 06:20:00+00:00,185.75,186.55,185.75,186.55,874
2024-03-19 06:25:00+00:00,186.55,186.8,185.65,185.65,6156
2024-03-19 06:30:00+00:00,185.65,186.1,185.65,186.05,74
2024-03-19 06:35:00+00:00,186.05,186.9,186.05,186.8,367
2024-03-19 06:40:00+00:00,186.8,186.8,186.05,186.05,742
2024-03-19 06:45:00+00:00,186.05,186.1,186.0,186.1,1079
2024-03-19 06:50:00+00:00,186.1,186.75,186.1,186.4,192
2024-03-19 06:55:00+00:00,186.4,186.85,186.4,186.85,512
2024-03-19 07:00:00+00:00,186.85,187.5,186.85,187.5,1889
2024-03-19 07:05:00+00:00,187.5,187.5,187.05,187.1,744
2024-03-19 07:10:00+00:00,187.1,187.5,187.05,187.45,1778
2024-03-19 07:15:00+00:00,187.45,187.9,187.4,187.9,1418
2024-03-19 07:20:00+00:00,187.9,187.95,187.65,187.65,950
2024-03-19 07:25:00+00:00,187.55,187.9,187.55,187.55,497
2024-03-19 07:30:00+00:00,187.5,187.8,187.5,187.75,268
2024-03-19 07:35:00+00:00,187.75,188.0,187.0,187.0,11435
2024-03-19 07:40:00+00:00,187.0,187.05,186.55,186.85,987
2024-03-19 07:45:00+00:00,187.2,187.2,187.0,187.0,736
2024-03-19 07:50:00+00:00,186.85,187.2,186.85,187.2,100
2024-03-19 07:55:00+00:00,187.2,187.2,186.8,186.8,5540
2024-03-19 08:00:00+00:00,186.8,186.8,186.35,186.5,2307
2024-03-19 08:05:00+00:00,186.5,187.1,186.5,187.1,95
2024-03-19 08:10:00+00:00,187.1,187.1,186.55,187.0,571
2024-03-19 08:15:00+00:00,186.75,187.1,186.75,187.1,518
2024-03-19 08:20:00+00:00,187.1,187.1,187.0,187.05,501
2024-03-19 08:25:00+00:00,187.15,187.15,186.7,186.85,4596
2024-03-19 08:30:00+00:00,186.85,186.85,185.9,186.15,2179
2024-03-19 08:35:00+00:00,186.15,186.55,185.8,185.8,534
2024-03-19 08:40:00+00:00,185.8,186.0,185.8,185.95,512
2024-03-19 08:45:00+00:00,185.95,185.95,184.25,184.55,12272
2024-03-19 08:50:00+00:00,185.0,185.6,184.55,185.6,420
2024-03-19 08:55:00+00:00,185.6,185.6,185.05,185.1,451
2024-03-19 09:00:00+00:00,185.1,185.1,184.85,184.9,975
2024-03-19 09:05:00+00:00,184.9,185.35,184.5,184.8,3431
2024-03-19 09:10:00+00:00,184.8,184.85,184.3,184.35,1131
2024-03-19 09:15:00+00:00,184.7,184.9,184.7,184.7,75
2024-03-19 09:20:00+00:00,184.7,184.7,184.3,184.65,1742
2024-03-19 09:25:00+00:00,184.65,185.0,184.5,184.75,1910
2024-03-19 09:30:00+00:00,184.8,184.9,184.05,184.3,6312
2024-03-19 09:35:00+00:00,184.3,184.55,184.0,184.45,2423
2024-03-19 09:40:00+00:00,184.45,184.6,183.8,183.85,2468
2024-03-19 09:45:00+00:00,183.8,184.0,183.05,183.6,7710
2024-03-19 09:50:00+00:00,183.2,184.4,183.2,184.0,8482
2024-03-19 09:55:00+00:00,184.0,184.5,183.0,184.15,5955
2024-03-20 03:45:00+00:00,184.85,188.95,184.85,186.9,17183
2024-03-20 03:50:00+00:00,186.9,188.0,186.8,187.4,8023
2024-03-20 03:55:00+00:00,187.4,187.55,186.7,187.45,3002
2024-03-20 04:00:00+00:00,187.45,187.5,185.55,185.8,3383
2024-03-20 04:05:00+00:00,185.95,186.4,185.5,185.5,3702
2024-03-20 04:10:00+00:00,185.05,185.25,184.8,184.8,4941
2024-03-20 04:15:00+00:00,184.8,185.15,183.9,184.65,6205
2024-03-20 04:20:00+00:00,184.65,184.75,184.05,184.25,3015
2024-03-20 04:25:00+00:00,184.25,184.25,183.3,183.3,1345
2024-03-20 04:30:00+00:00,183.3,183.65,183.05,183.25,4061
2024-03-20 04:35:00+00:00,183.25,183.95,182.95,183.2,1558
2024-03-20 04:40:00+00:00,183.2,183.2,180.3,180.95,9612
2024-03-20 04:45:00+00:00,180.95,182.45,180.95,182.25,5507
2024-03-20 04:50:00+00:00,182.25,182.3,181.5,181.5,1854
2024-03-20 04:55:00+00:00,181.5,181.75,181.0,181.75,2736
2024-03-20 05:00:00+00:00,181.75,182.35,181.75,182.0,681
2024-03-20 05:05:00+00:00,182.0,182.0,180.55,180.8,5272
2024-03-20 05:10:00+00:00,180.8,181.4,180.75,180.8,5952
2024-03-20 05:15:00+00:00,180.8,180.85,178.6,179.15,11940
2024-03-20 05:20:00+00:00,179.45,179.5,178.65,179.5,3487
2024-03-20 05:25:00+00:00,179.5,184.95,178.9,184.95,12296
2024-03-20 05:30:00+00:00,184.95,184.95,182.25,182.25,7462
2024-03-20 05:35:00+00:00,182.25,182.9,181.85,182.65,1691
2024-03-20 05:40:00+00:00,182.65,183.85,182.35,183.75,2218
2024-03-20 05:45:00+00:00,183.75,183.75,183.0,183.65,2935
2024-03-20 05:50:00+00:00,183.65,183.65,182.7,182.7,817
2024-03-20 05:55:00+00:00,182.7,183.0,182.55,182.6,681
2024-03-20 06:00:00+00:00,182.95,183.5,182.95,183.45,1299
2024-03-20 06:05:00+00:00,183.4,183.4,182.8,182.8,1093
2024-03-20 06:10:00+00:00,182.8,185.0,182.8,184.75,8906
2024-03-20 06:15:00+00:00,184.75,185.05,184.75,185.0,2388
2024-03-20 06:20:00+00:00,185.0,186.0,185.0,185.75,7992
2024-03-20 06:25:00+00:00,185.75,185.75,185.2,185.5,2806
2024-03-20 06:30:00+00:00,185.55,185.55,184.5,184.5,6506
2024-03-20 06:35:00+00:00,184.5,184.6,184.35,184.6,128
2024-03-20 06:40:00+00:00,184.6,184.75,184.1,184.75,2036
2024-03-20 06:45:00+00:00,184.75,185.05,184.4,184.55,1620
2024-03-20 06:50:00+00:00,184.85,185.05,184.55,185.05,1280
2024-03-20 06:55:00+00:00,185.05,185.05,184.45,185.0,1445
2024-03-20 07:00:00+00:00,185.0,185.0,184.05,184.8,2467
2024-03-20 07:05:00+00:00,184.8,184.85,183.5,183.75,5681
2024-03-20 07:10:00+00:00,183.75,184.15,183.75,183.85,1653
2024-03-20 07:15:00+00:00,182.1,184.4,182.1,184.4,15533
2024-03-20 07:20:00+00:00,184.4,185.25,184.3,184.75,2558
2024-03-20 07:25:00+00:00,184.95,185.25,184.0,184.0,3413
2024-03-20 07:30:00+00:00,184.0,185.1,184.0,185.0,5852
2024-03-20 07:35:00+00:00,185.0,185.25,184.4,184.4,14660
2024-03-20 07:40:00+00:00,184.4,184.4,184.0,184.05,5248
2024-03-20 07:45:00+00:00,184.05,184.85,184.05,184.55,221
2024-03-20 07:50:00+00:00,184.55,185.3,184.55,185.0,5316
2024-03-20 07:55:00+00:00,185.0,185.1,185.0,185.0,2592
2024-03-20 08:00:00+00:00,185.0,185.4,185.0,185.1,12668
2024-03-20 08:05:00+00:00,185.1,185.1,184.5,184.55,1828
2024-03-20 08:10:00+00:00,185.0,185.2,184.6,184.9,1891
2024-03-20 08:15:00+00:00,184.9,185.45,184.9,185.0,1011
2024-03-20 08:20:00+00:00,185.0,185.4,185.0,185.0,5441
2024-03-20 08:25:00+00:00,185.45,186.1,185.15,185.95,19292
2024-03-20 08:30:00+00:00,185.85,186.2,185.55,186.2,1575
2024-03-20 08:35:00+00:00,186.0,186.35,185.75,186.1,1422
2024-03-20 08:40:00+00:00,186.15,186.15,185.15,185.25,818
2024-03-20 08:45:00+00:00,185.55,185.55,184.85,185.4,1706
2024-03-20 08:50:00+00:00,185.4,185.45,185.05,185.3,1407
2024-03-20 08:55:00+00:00,185.3,185.3,185.25,185.25,263
2024-03-20 09:00:00+00:00,185.25,185.25,184.6,184.75,1100
2024-03-20 09:05:00+00:00,184.6,184.75,184.45,184.5,750
2024-03-20 09:10:00+00:00,184.45,185.2,184.45,185.1,2577
2024-03-20 09:15:00+00:00,185.1,185.4,185.1,185.15,223
2024-03-20 09:20:00+00:00,185.1,185.65,185.0,185.65,5523
2024-03-20 09:25:00+00:00,185.65,185.7,185.0,185.0,1480
2024-03-20 09:30:00+00:00,185.0,185.6,185.0,185.6,1521
2024-03-20 09:35:00+00:00,185.6,186.0,185.5,185.85,5528
2024-03-20 09:40:00+00:00,185.9,186.25,185.7,186.25,5879
2024-03-20 09:45:00+00:00,186.25,186.3,186.05,186.15,3036
2024-03-20 09:50:00+00:00,186.15,186.2,185.3,186.05,9438
2024-03-20 09:55:00+00:00,186.05,186.2,185.05,186.0,8423
2024-03-21 03:45:00+00:00,188.0,191.5,188.0,190.9,16159
2024-03-21 03:50:00+00:00,190.9,191.0,190.2,191.0,5557
2024-03-21 03:55:00+00:00,191.0,192.7,190.75,192.55,15725
2024-03-21 04:00:00+00:00,192.55,195.2,192.55,195.2,143860
2024-03-21 04:05:00+00:00,195.2,195.2,195.2,195.2,7832
2024-03-21 04:10:00+00:00,195.2,195.2,195.2,195.2,3923
2024-03-21 04:15:00+00:00,195.2,195.2,195.2,195.2,2149
2024-03-21 04:20:00+00:00,195.2,195.2,195.2,195.2,5875
2024-03-21 04:25:00+00:00,195.2,195.2,195.2,195.2,1598
2024-03-21 04:30:00+00:00,195.2,195.2,195.2,195.2,1042
2024-03-21 04:35:00+00:00,195.2,195.2,195.2,195.2,1930
2024-03-21 04:40:00+00:00,195.2,195.2,195.2,195.2,948
2024-03-21 04:45:00+00:00,195.2,195.2,195.2,195.2,693
2024-03-21 04:50:00+00:00,195.2,195.2,195.2,195.2,1370
2024-03-21 04:55:00+00:00,195.2,195.2,195.2,195.2,3930
2024-03-21 05:00:00+00:00,195.2,195.2,195.2,195.2,1333
2024-03-21 05:05:00+00:00,195.2,195.2,195.2,195.2,2935
2024-03-21 05:10:00+00:00,195.2,195.2,195.2,195.2,64
2024-03-21 05:15:00+00:00,195.2,195.2,195.2,195.2,638
2024-03-21 05:20:00+00:00,195.2,195.2,195.2,195.2,22
2024-03-21 05:25:00+00:00,195.2,195.2,195.2,195.2,2
2024-03-21 05:30:00+00:00,195.2,195.2,195.2,195.2,240
2024-03-21 05:35:00+00:00,195.2,195.2,195.2,195.2,1251
2024-03-21 05:40:00+00:00,195.2,195.2,195.2,195.2,521
2024-03-21 05:45:00+00:00,195.2,195.2,195.2,195.2,257
2024-03-21 05:50:00+00:00,195.2,195.2,195.2,195.2,99
2024-03-21 05:55:00+00:00,195.2,195.2,195.2,195.2,150
2024-03-21 06:00:00+00:00,195.2,195.2,195.2,195.2,125
2024-03-21 06:05:00+00:00,195.2,195.2,195.2,195.2,1679
2024-03-21 06:10:00+00:00,195.2,195.2,195.2,195.2,1408
2024-03-21 06:15:00+00:00,195.2,195.2,195.2,195.2,609
2024-03-21 06:20:00+00:00,195.2,195.2,195.2,195.2,6
2024-03-21 06:25:00+00:00,195.2,195.2,195.2,195.2,0
2024-03-21 06:30:00+00:00,195.2,195.2,195.2,195.2,508
2024-03-21 06:35:00+00:00,195.2,195.2,195.2,195.2,55070
2024-03-21 06:40:00+00:00,195.2,195.2,193.05,194.05,107773
2024-03-21 06:45:00+00:00,193.65,195.2,193.3,195.2,22632
2024-03-21 06:50:00+00:00,195.2,195.2,195.2,195.2,1448
2024-03-21 06:55:00+00:00,195.2,195.2,193.5,194.0,16428
2024-03-21 07:00:00+00:00,194.0,195.2,194.0,195.2,5042
2024-03-21 07:05:00+00:00,195.2,195.2,195.2,195.2,358
2024-03-21 07:10:00+00:00,195.2,195.2,195.2,195.2,143
2024-03-21 07:15:00+00:00,195.2,195.2,195.2,195.2,55
2024-03-21 07:20:00+00:00,195.2,195.2,195.2,195.2,40
2024-03-21 07:25:00+00:00,195.2,195.2,195.2,195.2,643
2024-03-21 07:30:00+00:00,195.2,195.2,195.2,195.2,2591
2024-03-21 07:35:00+00:00,195.2,195.2,195.2,195.2,6532
2024-03-21 07:40:00+00:00,195.2,195.2,195.2,195.2,2750
2024-03-21 07:45:00+00:00,195.2,195.2,195.2,195.2,144
2024-03-21 07:50:00+00:00,195.2,195.2,195.2,195.2,1665
2024-03-21 07:55:00+00:00,195.2,195.2,195.2,195.2,18
2024-03-21 08:00:00+00:00,195.2,195.2,195.2,195.2,0
2024-03-21 08:05:00+00:00,195.2,195.2,195.2,195.2,0
2024-03-21 08:10:00+00:00,195.2,195.2,195.2,195.2,0
2024-03-21 08:15:00+00:00,195.2,195.2,195.2,195.2,587
2024-03-21 08:20:00+00:00,195.2,195.2,195.2,195.2,115
2024-03-21 08:25:00+00:00,195.2,195.2,195.2,195.2,961
2024-03-21 08:30:00+00:00,195.2,195.2,195.2,195.2,162
2024-03-21 08:35:00+00:00,195.2,195.2,194.95,195.2,31643
2024-03-21 08:40:00+00:00,195.2,195.2,195.05,195.2,8472
2024-03-21 08:45:00+00:00,195.2,195.2,195.2,195.2,228
2024-03-21 08:50:00+00:00,195.2,195.2,195.2,195.2,6074
2024-03-21 08:55:00+00:00,195.2,195.2,195.2,195.2,123
2024-03-21 09:00:00+00:00,195.2,195.2,195.2,195.2,90
2024-03-21 09:05:00+00:00,195.2,195.2,195.2,195.2,91
2024-03-21 09:10:00+00:00,195.2,195.2,195.2,195.2,434
2024-03-21 09:15:00+00:00,195.2,195.2,195.2,195.2,1328
2024-03-21 09:20:00+00:00,195.2,195.2,195.2,195.2,765
2024-03-21 09:25:00+00:00,195.2,195.2,195.2,195.2,996
2024-03-21 09:30:00+00:00,195.2,195.2,195.2,195.2,515
2024-03-21 09:35:00+00:00,195.2,195.2,194.25,194.8,20985
2024-03-21 09:40:00+00:00,194.8,195.2,194.35,195.2,7597
2024-03-21 09:45:00+00:00,195.2,195.2,195.2,195.2,5340
2024-03-21 09:50:00+00:00,195.2,195.2,195.2,195.2,1062
2024-03-21 09:55:00+00:00,195.15,195.2,194.5,195.2,11126
2024-03-22 03:45:00+00:00,194.0,197.4,191.4,197.35,30102
2024-03-22 03:50:00+00:00,197.35,197.4,193.0,194.0,24312
2024-03-22 03:55:00+00:00,193.95,195.15,191.65,193.0,14176
2024-03-22 04:00:00+00:00,193.1,193.45,191.85,192.85,9640
2024-03-22 04:05:00+00:00,192.85,194.8,192.85,194.2,5925
2024-03-22 04:10:00+00:00,194.2,195.0,193.5,194.85,2752
2024-03-22 04:15:00+00:00,194.85,195.35,194.35,195.05,1682
2024-03-22 04:20:00+00:00,195.05,197.8,195.0,197.75,10400
2024-03-22 04:25:00+00:00,197.35,198.65,196.65,197.1,13163
2024-03-22 04:30:00+00:00,197.1,198.6,196.65,198.5,11749
2024-03-22 04:35:00+00:00,198.5,200.2,198.2,200.2,18140
2024-03-22 04:40:00+00:00,200.2,200.3,196.95,198.0,29687
2024-03-22 04:45:00+00:00,197.9,204.8,197.9,204.8,161273
2024-03-22 04:50:00+00:00,204.8,204.8,204.8,204.8,16803
2024-03-22 04:55:00+00:00,204.8,204.8,204.8,204.8,3278
2024-03-22 05:00:00+00:00,204.8,204.8,204.8,204.8,54091
2024-03-22 05:05:00+00:00,204.8,204.8,204.8,204.8,12260
2024-03-22 05:10:00+00:00,204.8,204.8,204.8,204.8,4444
2024-03-22 05:15:00+00:00,204.8,204.8,204.8,204.8,7125
2024-03-22 05:20:00+00:00,204.8,204.8,204.8,204.8,1137
2024-03-22 05:25:00+00:00,204.8,204.8,204.8,204.8,3361
2024-03-22 05:30:00+00:00,204.8,204.8,204.8,204.8,5097
2024-03-22 05:35:00+00:00,204.8,204.8,204.8,204.8,1255
2024-03-22 05:40:00+00:00,204.8,204.8,204.8,204.8,1310
2024-03-22 05:45:00+00:00,204.8,204.8,204.8,204.8,313
2024-03-22 05:50:00+00:00,204.8,204.8,204.8,204.8,1310
2024-03-22 05:55:00+00:00,204.8,204.8,204.8,204.8,105
2024-03-22 06:00:00+00:00,204.8,204.8,204.8,204.8,1920
2024-03-22 06:05:00+00:00,204.8,204.8,204.8,204.8,535
2024-03-22 06:10:00+00:00,204.8,204.8,204.8,204.8,308
2024-03-22 06:15:00+00:00,204.8,204.8,204.8,204.8,508
2024-03-22 06:20:00+00:00,204.8,204.8,204.8,204.8,65
2024-03-22 06:25:00+00:00,204.8,204.8,204.8,204.8,1420
2024-03-22 06:30:00+00:00,204.8,204.8,204.8,204.8,591
2024-03-22 06:35:00+00:00,204.8,204.8,204.8,204.8,298
2024-03-22 06:40:00+00:00,204.8,204.8,204.8,204.8,1038
2024-03-22 06:45:00+00:00,204.8,204.8,204.8,204.8,936
2024-03-22 06:50:00+00:00,204.8,204.8,204.8,204.8,55
2024-03-22 06:55:00+00:00,204.8,204.8,204.8,204.8,130
2024-03-22 07:00:00+00:00,204.8,204.8,204.8,204.8,89
2024-03-22 07:05:00+00:00,204.8,204.8,204.8,204.8,596
2024-03-22 07:10:00+00:00,204.8,204.8,204.8,204.8,11
2024-03-22 07:15:00+00:00,204.8,204.8,204.8,204.8,1030
2024-03-22 07:20:00+00:00,204.8,204.8,204.8,204.8,200
2024-03-22 07:25:00+00:00,204.8,204.8,204.8,204.8,63
2024-03-22 07:30:00+00:00,204.8,204.8,204.8,204.8,45
2024-03-22 07:35:00+00:00,204.8,204.8,204.8,204.8,163
2024-03-22 07:40:00+00:00,204.8,204.8,204.8,204.8,977
2024-03-22 07:45:00+00:00,204.8,204.8,204.8,204.8,183
2024-03-22 07:50:00+00:00,204.8,204.8,204.8,204.8,48
2024-03-22 07:55:00+00:00,204.8,204.8,204.8,204.8,303
2024-03-22 08:00:00+00:00,204.8,204.8,204.8,204.8,50
2024-03-22 08:05:00+00:00,204.8,204.8,204.8,204.8,3638
2024-03-22 08:10:00+00:00,204.8,204.8,204.8,204.8,21
2024-03-22 08:15:00+00:00,204.8,204.8,204.8,204.8,8
2024-03-22 08:20:00+00:00,204.8,204.8,204.8,204.8,209
2024-03-22 08:25:00+00:00,204.8,204.8,204.8,204.8,604
2024-03-22 08:30:00+00:00,204.8,204.8,204.8,204.8,68
2024-03-22 08:35:00+00:00,204.8,204.8,204.8,204.8,165
2024-03-22 08:40:00+00:00,204.8,204.8,204.8,204.8,25
2024-03-22 08:45:00+00:00,204.8,204.8,204.8,204.8,317
2024-03-22 08:50:00+00:00,204.8,204.8,204.8,204.8,200
2024-03-22 08:55:00+00:00,204.8,204.8,204.8,204.8,29944
2024-03-22 09:00:00+00:00,204.8,204.8,204.8,204.8,178
2024-03-22 09:05:00+00:00,204.8,204.8,204.8,204.8,0
2024-03-22 09:10:00+00:00,204.8,204.8,204.8,204.8,205
2024-03-22 09:15:00+00:00,204.8,204.8,204.8,204.8,133
2024-03-22 09:20:00+00:00,204.8,204.8,204.8,204.8,573
2024-03-22 09:25:00+00:00,204.8,204.8,204.8,204.8,375
2024-03-22 09:30:00+00:00,204.8,204.8,204.8,204.8,28
2024-03-22 09:35:00+00:00,204.8,204.8,204.8,204.8,632
2024-03-22 09:40:00+00:00,204.8,204.8,204.8,204.8,142
2024-03-22 09:45:00+00:00,204.8,204.8,204.8,204.8,351
2024-03-22 09:50:00+00:00,204.8,204.8,204.8,204.8,706
2024-03-22 09:55:00+00:00,204.8,204.8,204.8,204.8,1758
2024-03-26 03:45:00+00:00,208.0,215.0,208.0,215.0,84473
2024-03-26 03:50:00+00:00,215.0,215.0,215.0,215.0,15655
2024-03-26 03:55:00+00:00,215.0,215.0,215.0,215.0,3688
2024-03-26 04:00:00+00:00,215.0,215.0,215.0,215.0,10829
2024-03-26 04:05:00+00:00,215.0,215.0,215.0,215.0,3767
2024-03-26 04:10:00+00:00,215.0,215.0,215.0,215.0,5422
2024-03-26 04:15:00+00:00,215.0,215.0,215.0,215.0,3639
2024-03-26 04:20:00+00:00,215.0,215.0,215.0,215.0,1803
2024-03-26 04:25:00+00:00,215.0,215.0,215.0,215.0,3875
2024-03-26 04:30:00+00:00,215.0,215.0,215.0,215.0,1899
2024-03-26 04:35:00+00:00,215.0,215.0,215.0,215.0,557
2024-03-26 04:40:00+00:00,215.0,215.0,215.0,215.0,2071
2024-03-26 04:45:00+00:00,215.0,215.0,215.0,215.0,2952
2024-03-26 04:50:00+00:00,215.0,215.0,215.0,215.0,424
2024-03-26 04:55:00+00:00,215.0,215.0,215.0,215.0,401
2024-03-26 05:00:00+00:00,215.0,215.0,215.0,215.0,75
2024-03-26 05:05:00+00:00,215.0,215.0,215.0,215.0,429
2024-03-26 05:10:00+00:00,215.0,215.0,215.0,215.0,1256
2024-03-26 05:15:00+00:00,215.0,215.0,215.0,215.0,1430
2024-03-26 05:20:00+00:00,215.0,215.0,215.0,215.0,1130
2024-03-26 05:25:00+00:00,215.0,215.0,215.0,215.0,1417
2024-03-26 05:30:00+00:00,215.0,215.0,215.0,215.0,577
2024-03-26 05:35:00+00:00,215.0,215.0,215.0,215.0,650
2024-03-26 05:40:00+00:00,215.0,215.0,215.0,215.0,451
2024-03-26 05:45:00+00:00,215.0,215.0,215.0,215.0,69
2024-03-26 05:50:00+00:00,215.0,215.0,215.0,215.0,20839
2024-03-26 05:55:00+00:00,215.0,215.0,215.0,215.0,211
2024-03-26 06:00:00+00:00,215.0,215.0,215.0,215.0,426
2024-03-26 06:05:00+00:00,215.0,215.0,215.0,215.0,24
2024-03-26 06:10:00+00:00,215.0,215.0,215.0,215.0,273
2024-03-26 06:15:00+00:00,215.0,215.0,215.0,215.0,284
2024-03-26 06:20:00+00:00,215.0,215.0,215.0,215.0,684
2024-03-26 06:25:00+00:00,215.0,215.0,215.0,215.0,536
2024-03-26 06:30:00+00:00,215.0,215.0,215.0,215.0,320
2024-03-26 06:35:00+00:00,215.0,215.0,215.0,215.0,406
2024-03-26 06:40:00+00:00,215.0,215.0,215.0,215.0,64
2024-03-26 06:45:00+00:00,215.0,215.0,215.0,215.0,302
2024-03-26 06:50:00+00:00,215.0,215.0,215.0,215.0,185
2024-03-26 06:55:00+00:00,215.0,215.0,215.0,215.0,400
2024-03-26 07:00:00+00:00,215.0,215.0,215.0,215.0,135
2024-03-26 07:05:00+00:00,215.0,215.0,215.0,215.0,4
2024-03-26 07:10:00+00:00,215.0,215.0,215.0,215.0,143
2024-03-26 07:15:00+00:00,215.0,215.0,215.0,215.0,250
2024-03-26 07:20:00+00:00,215.0,215.0,215.0,215.0,1506
2024-03-26 07:25:00+00:00,215.0,215.0,215.0,215.0,58
2024-03-26 07:30:00+00:00,215.0,215.0,215.0,215.0,30
2024-03-26 07:35:00+00:00,215.0,215.0,215.0,215.0,10
2024-03-26 07:40:00+00:00,215.0,215.0,215.0,215.0,609
2024-03-26 07:45:00+00:00,215.0,215.0,215.0,215.0,63
2024-03-26 07:50:00+00:00,215.0,215.0,215.0,215.0,44
2024-03-26 07:55:00+00:00,215.0,215.0,215.0,215.0,232
2024-03-26 08:00:00+00:00,215.0,215.0,215.0,215.0,55
2024-03-26 08:05:00+00:00,215.0,215.0,215.0,215.0,1240
2024-03-26 08:10:00+00:00,215.0,215.0,215.0,215.0,249
2024-03-26 08:15:00+00:00,215.0,215.0,215.0,215.0,19
2024-03-26 08:20:00+00:00,215.0,215.0,215.0,215.0,549
2024-03-26 08:25:00+00:00,215.0,215.0,215.0,215.0,0
2024-03-26 08:30:00+00:00,215.0,215.0,215.0,215.0,38
2024-03-26 08:35:00+00:00,215.0,215.0,215.0,215.0,2289
2024-03-26 08:40:00+00:00,215.0,215.0,215.0,215.0,86
2024-03-26 08:45:00+00:00,215.0,215.0,215.0,215.0,407
2024-03-26 08:50:00+00:00,215.0,215.0,215.0,215.0,62
2024-03-26 08:55:00+00:00,215.0,215.0,215.0,215.0,241
2024-03-26 09:00:00+00:00,215.0,215.0,215.0,215.0,684
2024-03-26 09:05:00+00:00,215.0,215.0,215.0,215.0,463
2024-03-26 09:10:00+00:00,215.0,215.0,215.0,215.0,556
2024-03-26 09:15:00+00:00,215.0,215.0,215.0,215.0,427
2024-03-26 09:20:00+00:00,215.0,215.0,215.0,215.0,839
2024-03-26 09:25:00+00:00,215.0,215.0,215.0,215.0,1195
2024-03-26 09:30:00+00:00,215.0,215.0,215.0,215.0,169
2024-03-26 09:35:00+00:00,215.0,215.0,215.0,215.0,25
2024-03-26 09:40:00+00:00,215.0,215.0,215.0,215.0,168
2024-03-26 09:45:00+00:00,215.0,215.0,215.0,215.0,460
2024-03-26 09:50:00+00:00,215.0,215.0,215.0,215.0,1032
2024-03-26 09:55:00+00:00,215.0,215.0,215.0,215.0,350
2024-03-27 03:45:00+00:00,220.85,225.45,219.0,221.55,220219
2024-03-27 03:50:00+00:00,221.0,224.0,218.0,218.45,149289
2024-03-27 03:55:00+00:00,218.05,219.0,215.45,216.5,45200
2024-03-27 04:00:00+00:00,216.15,216.25,212.95,215.85,41873
2024-03-27 04:05:00+00:00,215.85,221.05,215.85,220.0,41685
2024-03-27 04:10:00+00:00,220.0,220.0,216.8,217.5,6866
2024-03-27 04:15:00+00:00,217.85,218.0,215.5,216.65,7173
2024-03-27 04:20:00+00:00,216.65,218.0,215.6,216.15,8384
2024-03-27 04:25:00+00:00,216.15,217.0,215.4,216.35,5792
2024-03-27 04:30:00+00:00,216.35,216.35,215.45,215.6,2893
2024-03-27 04:35:00+00:00,215.5,215.95,215.45,215.9,1818
2024-03-27 04:40:00+00:00,215.9,217.0,215.7,217.0,3623
2024-03-27 04:45:00+00:00,217.05,217.05,216.0,216.8,2273
2024-03-27 04:50:00+00:00,216.85,216.85,215.7,215.75,6094
2024-03-27 04:55:00+00:00,215.75,217.4,215.75,216.5,7527
2024-03-27 05:00:00+00:00,216.5,216.5,215.5,216.0,1524
2024-03-27 05:05:00+00:00,216.0,216.5,215.75,216.35,1974
2024-03-27 05:10:00+00:00,216.0,216.55,215.75,216.55,3592
2024-03-27 05:15:00+00:00,216.55,218.0,216.55,216.6,10955
2024-03-27 05:20:00+00:00,216.6,217.6,216.25,216.9,4734
2024-03-27 05:25:00+00:00,216.9,217.3,216.8,217.3,4322
2024-03-27 05:30:00+00:00,217.0,217.1,216.3,216.6,2024
2024-03-27 05:35:00+00:00,216.3,216.7,215.5,215.5,4514
2024-03-27 05:40:00+00:00,215.5,215.75,214.5,215.75,8138
2024-03-27 05:45:00+00:00,215.35,215.75,215.25,215.3,577
2024-03-27 05:50:00+00:00,215.3,216.0,215.2,215.95,2017
2024-03-27 05:55:00+00:00,215.95,216.05,215.2,215.95,3540
2024-03-27 06:00:00+00:00,215.95,216.1,215.55,215.55,2799
2024-03-27 06:05:00+00:00,215.55,216.0,215.55,215.55,333
2024-03-27 06:10:00+00:00,215.55,216.0,215.45,216.0,2606
2024-03-27 06:15:00+00:00,216.0,216.0,215.4,215.4,1076
2024-03-27 06:20:00+00:00,215.4,215.5,215.0,215.0,4191
2024-03-27 06:25:00+00:00,215.0,215.8,215.0,215.8,2521
2024-03-27 06:30:00+00:00,215.75,215.75,215.4,215.75,1325
2024-03-27 06:35:00+00:00,215.75,217.0,215.45,217.0,8210
2024-03-27 06:40:00+00:00,217.0,217.0,216.1,216.15,2663
2024-03-27 06:45:00+00:00,216.15,216.8,216.0,216.15,1584
2024-03-27 06:50:00+00:00,216.15,216.6,214.9,216.0,14499
2024-03-27 06:55:00+00:00,216.0,216.05,214.95,215.0,4767
2024-03-27 07:00:00+00:00,215.0,215.0,213.4,214.0,5569
2024-03-27 07:05:00+00:00,214.0,215.35,214.0,214.85,1466
2024-03-27 07:10:00+00:00,214.85,214.95,213.5,213.65,1853
2024-03-27 07:15:00+00:00,213.65,214.65,213.65,214.65,1818
2024-03-27 07:20:00+00:00,214.65,214.9,214.3,214.5,2991
2024-03-27 07:25:00+00:00,214.5,214.95,214.05,214.05,2549
2024-03-27 07:30:00+00:00,214.05,214.2,213.6,213.6,3033
2024-03-27 07:35:00+00:00,213.6,215.0,213.6,214.15,5181
2024-03-27 07:40:00+00:00,214.15,214.15,212.0,212.0,10733
2024-03-27 07:45:00+00:00,212.0,214.2,211.95,213.95,5593
2024-03-27 07:50:00+00:00,213.45,213.45,212.8,213.1,616
2024-03-27 07:55:00+00:00,213.05,213.3,211.7,212.7,2364
2024-03-27 08:00:00+00:00,212.7,213.3,212.55,212.7,490
2024-03-27 08:05:00+00:00,212.7,213.35,212.7,213.0,1873
2024-03-27 08:10:00+00:00,213.0,213.0,212.6,213.0,386
2024-03-27 08:15:00+00:00,213.0,213.65,212.65,213.35,5531
2024-03-27 08:20:00+00:00,213.75,213.75,213.1,213.25,657
2024-03-27 08:25:00+00:00,213.25,213.7,213.05,213.15,626
2024-03-27 08:30:00+00:00,213.25,213.95,213.25,213.75,813
2024-03-27 08:35:00+00:00,213.75,214.35,213.7,214.25,1471
2024-03-27 08:40:00+00:00,214.25,214.45,214.0,214.1,937
2024-03-27 08:45:00+00:00,214.1,218.6,214.1,217.25,30963
2024-03-27 08:50:00+00:00,217.25,217.5,216.5,216.9,12481
2024-03-27 08:55:00+00:00,216.9,218.45,216.6,217.2,13550
2024-03-27 09:00:00+00:00,217.2,218.5,217.0,217.0,8608
2024-03-27 09:05:00+00:00,217.0,217.5,215.6,216.9,9759
2024-03-27 09:10:00+00:00,216.9,216.9,215.0,215.35,4073
2024-03-27 09:15:00+00:00,215.35,215.95,215.35,215.8,1203
2024-03-27 09:20:00+00:00,215.5,215.65,214.0,214.5,4675
2024-03-27 09:25:00+00:00,214.5,215.0,214.1,214.5,3846
2024-03-27 09:30:00+00:00,214.5,214.5,214.0,214.0,4078
2024-03-27 09:35:00+00:00,214.0,214.4,213.35,213.35,4008
2024-03-27 09:40:00+00:00,213.35,214.0,212.55,212.7,9376
2024-03-27 09:45:00+00:00,212.7,212.75,211.0,211.5,5701
2024-03-27 09:50:00+00:00,211.5,215.0,211.3,212.5,10498
2024-03-27 09:55:00+00:00,212.5,214.0,212.5,213.75,7744
2024-03-28 03:45:00+00:00,217.9,219.5,216.9,217.2,18430
2024-03-28 03:50:00+00:00,217.2,217.2,215.4,216.4,6216
2024-03-28 03:55:00+00:00,216.4,217.1,216.4,216.85,4020
2024-03-28 04:00:00+00:00,216.85,217.0,216.2,216.55,3216
2024-03-28 04:05:00+00:00,216.55,220.4,216.5,220.05,12665
2024-03-28 04:10:00+00:00,220.0,223.2,219.0,220.0,78245
2024-03-28 04:15:00+00:00,220.6,220.6,220.0,220.4,7714
2024-03-28 04:20:00+00:00,220.4,220.8,220.0,220.05,3652
2024-03-28 04:25:00+00:00,220.05,220.35,218.65,219.05,7174
2024-03-28 04:30:00+00:00,219.05,220.0,218.6,218.8,8286
2024-03-28 04:35:00+00:00,218.8,219.5,218.05,219.0,2999
2024-03-28 04:40:00+00:00,219.0,219.3,219.0,219.25,470
2024-03-28 04:45:00+00:00,219.25,219.25,219.0,219.0,555
2024-03-28 04:50:00+00:00,219.0,219.25,218.0,218.25,2747
2024-03-28 04:55:00+00:00,218.1,218.3,217.0,217.5,2496
2024-03-28 05:00:00+00:00,217.1,217.75,217.0,217.75,989
2024-03-28 05:05:00+00:00,217.75,217.75,217.0,217.0,2929
2024-03-28 05:10:00+00:00,217.0,217.4,216.55,217.4,4121
2024-03-28 05:15:00+00:00,217.4,217.75,217.15,217.7,1287
2024-03-28 05:20:00+00:00,217.7,218.85,217.7,218.75,2456
2024-03-28 05:25:00+00:00,218.3,218.9,218.1,218.1,889
2024-03-28 05:30:00+00:00,218.1,218.65,217.75,217.85,759
2024-03-28 05:35:00+00:00,217.85,217.85,217.25,217.25,951
2024-03-28 05:40:00+00:00,217.8,218.6,217.8,218.5,605
2024-03-28 05:45:00+00:00,218.3,219.2,218.0,219.0,8512
2024-03-28 05:50:00+00:00,219.2,219.6,219.0,219.55,1881
2024-03-28 05:55:00+00:00,219.55,219.8,219.0,219.8,7913
2024-03-28 06:00:00+00:00,219.8,220.4,219.5,220.0,2928
2024-03-28 06:05:00+00:00,220.0,220.4,220.0,220.0,1944
2024-03-28 06:10:00+00:00,220.0,221.45,220.0,221.45,5700
2024-03-28 06:15:00+00:00,221.45,221.95,220.85,221.65,23718
2024-03-28 06:20:00+00:00,221.65,221.65,218.65,218.65,8850
2024-03-28 06:25:00+00:00,219.15,219.15,218.6,218.6,127
2024-03-28 06:30:00+00:00,218.6,218.6,217.25,217.35,12353
2024-03-28 06:35:00+00:00,217.35,218.2,217.2,217.3,1952
2024-03-28 06:40:00+00:00,217.3,218.15,217.3,218.15,845
2024-03-28 06:45:00+00:00,218.15,218.6,218.05,218.6,171
2024-03-28 06:50:00+00:00,218.6,218.6,217.8,218.25,2053
2024-03-28 06:55:00+00:00,218.25,218.4,217.85,218.4,948
2024-03-28 07:00:00+00:00,218.4,218.55,218.05,218.55,256
2024-03-28 07:05:00+00:00,218.7,218.75,217.0,217.0,2964
2024-03-28 07:10:00+00:00,217.0,217.55,217.0,217.3,1711
2024-03-28 07:15:00+00:00,217.3,218.55,217.3,218.55,1074
2024-03-28 07:20:00+00:00,218.55,218.55,218.0,218.45,2536
2024-03-28 07:25:00+00:00,218.45,218.5,217.8,218.1,525
2024-03-28 07:30:00+00:00,218.35,218.4,218.1,218.15,337
2024-03-28 07:35:00+00:00,218.15,218.15,217.85,217.85,257
2024-03-28 07:40:00+00:00,217.85,218.2,217.65,217.95,157
2024-03-28 07:45:00+00:00,217.95,218.35,217.9,218.0,1531
2024-03-28 07:50:00+00:00,218.0,218.7,218.0,218.0,1395
2024-03-28 07:55:00+00:00,218.0,218.0,217.7,218.0,13113
2024-03-28 08:00:00+00:00,218.0,218.0,218.0,218.0,2957
2024-03-28 08:05:00+00:00,218.0,218.0,218.0,218.0,0
2024-03-28 08:10:00+00:00,218.0,218.0,217.75,217.85,1403
2024-03-28 08:15:00+00:00,217.85,218.25,217.7,218.2,748
2024-03-28 08:20:00+00:00,217.8,218.7,217.8,218.65,962
2024-03-28 08:25:00+00:00,218.65,218.7,218.05,218.5,553
2024-03-28 08:30:00+00:00,218.5,218.6,218.05,218.5,1425
2024-03-28 08:35:00+00:00,218.5,218.6,218.5,218.55,834
2024-03-28 08:40:00+00:00,218.55,218.6,216.55,216.8,4399
2024-03-28 08:45:00+00:00,216.8,217.5,216.8,217.3,537
2024-03-28 08:50:00+00:00,217.3,217.4,216.05,216.05,3830
2024-03-28 08:55:00+00:00,216.05,216.5,216.0,216.4,754
2024-03-28 09:00:00+00:00,216.4,216.7,216.2,216.65,622
2024-03-28 09:05:00+00:00,216.65,217.2,216.65,216.65,507
2024-03-28 09:10:00+00:00,216.65,217.1,216.65,216.7,4536
2024-03-28 09:15:00+00:00,216.7,216.75,216.15,216.2,1469
2024-03-28 09:20:00+00:00,216.2,216.2,215.55,215.55,2276
2024-03-28 09:25:00+00:00,215.55,215.6,215.05,215.45,1679
2024-03-28 09:30:00+00:00,215.45,215.5,215.0,215.45,2382
2024-03-28 09:35:00+00:00,215.05,215.45,215.0,215.0,2412
2024-03-28 09:40:00+00:00,215.0,215.4,214.75,214.75,9572
2024-03-28 09:45:00+00:00,214.75,214.8,214.0,214.1,4084
2024-03-28 09:50:00+00:00,214.1,216.45,214.1,215.45,7369
2024-03-28 09:55:00+00:00,215.95,217.0,215.15,216.1,10301
2024-04-01 03:45:00+00:00,220.0,224.5,217.55,220.65,29704
2024-04-01 03:50:00+00:00,220.65,221.4,217.05,217.45,11105
2024-04-01 03:55:00+00:00,217.45,218.8,215.5,218.8,16311
2024-04-01 04:00:00+00:00,218.8,218.8,218.0,218.75,6744
2024-04-01 04:05:00+00:00,218.6,218.8,218.05,218.75,4871
2024-04-01 04:10:00+00:00,219.0,219.9,218.7,218.7,7817
2024-04-01 04:15:00+00:00,218.7,219.15,218.05,218.5,3675
2024-04-01 04:20:00+00:00,218.5,219.0,218.0,219.0,2815
2024-04-01 04:25:00+00:00,219.0,219.8,219.0,219.0,6861
2024-04-01 04:30:00+00:00,219.45,220.0,219.1,219.5,3881
2024-04-01 04:35:00+00:00,219.5,219.6,218.6,218.6,2815
2024-04-01 04:40:00+00:00,219.05,219.2,218.0,218.7,6172
2024-04-01 04:45:00+00:00,218.7,218.7,218.0,218.0,4329
2024-04-01 04:50:00+00:00,218.0,218.0,216.7,217.65,2853
2024-04-01 04:55:00+00:00,217.65,218.0,217.05,217.05,6940
2024-04-01 05:00:00+00:00,217.05,217.85,217.05,217.85,32
2024-04-01 05:05:00+00:00,217.85,218.4,217.5,218.2,13754
2024-04-01 05:10:00+00:00,217.65,218.15,216.65,216.65,6240
2024-04-01 05:15:00+00:00,216.65,217.95,216.65,217.95,8334
2024-04-01 05:20:00+00:00,217.95,218.25,217.05,217.6,2499
2024-04-01 05:25:00+00:00,217.6,217.6,217.15,217.5,2140
2024-04-01 05:30:00+00:00,217.5,218.2,217.5,217.5,1570
2024-04-01 05:35:00+00:00,217.5,218.45,217.5,218.45,2123
2024-04-01 05:40:00+00:00,218.5,218.65,217.7,217.7,3147
2024-04-01 05:45:00+00:00,217.7,218.25,217.7,218.25,557
2024-04-01 05:50:00+00:00,218.25,218.25,218.15,218.15,436
2024-04-01 05:55:00+00:00,218.15,218.15,217.9,218.1,412
2024-04-01 06:00:00+00:00,218.1,218.1,217.8,218.0,444
2024-04-01 06:05:00+00:00,218.0,218.0,217.75,217.9,970
2024-04-01 06:10:00+00:00,217.9,218.4,217.85,217.95,3635
2024-04-01 06:15:00+00:00,217.95,218.35,217.5,217.85,3542
2024-04-01 06:20:00+00:00,217.3,217.9,217.0,217.7,3970
2024-04-01 06:25:00+00:00,217.7,217.75,217.0,217.0,2659
2024-04-01 06:30:00+00:00,217.0,217.45,216.95,217.3,7735
2024-04-01 06:35:00+00:00,217.3,217.7,217.2,217.7,1228
2024-04-01 06:40:00+00:00,217.2,217.65,217.2,217.4,340
2024-04-01 06:45:00+00:00,217.4,217.75,217.0,217.75,1733
2024-04-01 06:50:00+00:00,217.75,217.8,217.2,217.7,1564
2024-04-01 06:55:00+00:00,217.7,217.7,217.1,217.5,434
2024-04-01 07:00:00+00:00,217.5,217.6,217.15,217.55,763
2024-04-01 07:05:00+00:00,217.1,218.0,216.9,216.9,13527
2024-04-01 07:10:00+00:00,216.9,218.45,216.65,216.95,6202
2024-04-01 07:15:00+00:00,216.95,217.25,216.0,216.5,6903
2024-04-01 07:20:00+00:00,216.75,216.75,216.35,216.7,2070
2024-04-01 07:25:00+00:00,216.7,217.2,216.5,217.2,2125
2024-04-01 07:30:00+00:00,217.2,217.8,216.9,217.75,13026
2024-04-01 07:35:00+00:00,217.75,217.8,217.2,217.65,4527
2024-04-01 07:40:00+00:00,217.65,218.45,217.25,218.45,3730
2024-04-01 07:45:00+00:00,218.25,218.35,217.2,217.2,6181
2024-04-01 07:50:00+00:00,217.2,218.4,217.2,218.35,3916
2024-04-01 07:55:00+00:00,218.35,218.35,217.5,217.75,3815
2024-04-01 08:00:00+00:00,217.95,218.9,217.65,218.65,10123
2024-04-01 08:05:00+00:00,218.65,222.75,218.65,220.5,56058
2024-04-01 08:10:00+00:00,220.5,220.6,218.4,219.2,9653
2024-04-01 08:15:00+00:00,219.2,219.4,219.0,219.1,579
2024-04-01 08:20:00+00:00,218.75,219.45,218.5,219.45,4320
2024-04-01 08:25:00+00:00,219.45,219.45,219.45,219.45,857
2024-04-01 08:30:00+00:00,219.45,219.45,218.95,218.95,573
2024-04-01 08:35:00+00:00,218.95,219.15,218.35,218.8,1005
2024-04-01 08:40:00+00:00,218.8,218.8,218.35,218.35,208
2024-04-01 08:45:00+00:00,218.35,218.6,217.2,217.65,1868
2024-04-01 08:50:00+00:00,217.65,217.9,217.6,217.6,619
2024-04-01 08:55:00+00:00,217.75,218.25,217.75,218.25,3668
2024-04-01 09:00:00+00:00,218.25,218.4,218.0,218.0,671
2024-04-01 09:05:00+00:00,218.0,218.0,217.65,217.9,1782
2024-04-01 09:10:00+00:00,217.9,217.9,217.3,217.3,1014
2024-04-01 09:15:00+00:00,217.4,218.2,217.4,218.2,1865
2024-04-01 09:20:00+00:00,218.2,218.2,217.8,217.8,488
2024-04-01 09:25:00+00:00,217.8,218.95,217.65,218.4,4260
2024-04-01 09:30:00+00:00,218.4,218.4,217.9,217.9,2444
2024-04-01 09:35:00+00:00,217.9,218.3,217.9,218.3,2210
2024-04-01 09:40:00+00:00,218.3,218.9,218.3,218.65,2260
2024-04-01 09:45:00+00:00,218.65,218.8,217.4,217.65,7008
2024-04-01 09:50:00+00:00,217.65,218.3,217.55,218.0,4521
2024-04-01 09:55:00+00:00,218.0,218.2,217.1,217.25,11185
2024-04-02 03:45:00+00:00,217.05,218.0,215.1,215.6,10721
2024-04-02 03:50:00+00:00,215.6,217.55,215.55,217.55,15672
2024-04-02 03:55:00+00:00,217.55,219.8,217.1,217.2,15726
2024-04-02 04:00:00+00:00,217.45,217.9,215.8,216.15,22510
2024-04-02 04:05:00+00:00,216.15,217.2,216.0,216.25,10794
2024-04-02 04:10:00+00:00,216.25,217.5,216.05,216.25,9715
2024-04-02 04:15:00+00:00,216.25,216.75,215.2,215.5,11168
2024-04-02 04:20:00+00:00,215.5,216.05,213.5,214.1,17877
2024-04-02 04:25:00+00:00,214.1,214.8,213.6,213.85,21498
2024-04-02 04:30:00+00:00,213.85,214.7,213.0,214.1,7560
2024-04-02 04:35:00+00:00,214.1,214.1,213.0,213.75,8018
2024-04-02 04:40:00+00:00,213.75,214.1,213.3,214.0,5088
2024-04-02 04:45:00+00:00,214.0,214.45,213.9,214.05,2224
2024-04-02 04:50:00+00:00,214.05,214.5,213.9,214.0,2387
2024-04-02 04:55:00+00:00,214.0,214.35,213.8,214.0,2318
2024-04-02 05:00:00+00:00,214.0,214.15,213.5,214.0,2847
2024-04-02 05:05:00+00:00,214.0,214.35,213.55,214.0,2862
2024-04-02 05:10:00+00:00,214.0,214.0,213.25,213.3,3192
2024-04-02 05:15:00+00:00,213.3,214.0,213.15,213.6,2645
2024-04-02 05:20:00+00:00,213.6,214.0,213.0,214.0,1980
2024-04-02 05:25:00+00:00,214.0,214.1,213.65,214.0,1266
2024-04-02 05:30:00+00:00,214.0,214.0,213.0,213.65,4073
2024-04-02 05:35:00+00:00,213.65,214.1,213.6,214.0,1905
2024-04-02 05:40:00+00:00,214.0,214.35,213.65,214.0,682
2024-04-02 05:45:00+00:00,214.0,214.4,214.0,214.0,529
2024-04-02 05:50:00+00:00,214.0,214.15,213.5,214.0,291
2024-04-02 05:55:00+00:00,214.0,214.3,213.8,214.1,1473
2024-04-02 06:00:00+00:00,214.1,214.1,213.5,213.5,673
2024-04-02 06:05:00+00:00,213.5,214.05,213.5,214.0,1328
2024-04-02 06:10:00+00:00,214.0,214.65,213.2,213.2,5103
2024-04-02 06:15:00+00:00,213.6,214.0,213.3,213.95,1061
2024-04-02 06:20:00+00:00,213.95,214.25,213.75,213.95,874
2024-04-02 06:25:00+00:00,213.95,214.0,213.5,214.0,861
2024-04-02 06:30:00+00:00,214.0,214.2,213.4,213.9,1856
2024-04-02 06:35:00+00:00,213.9,214.8,213.9,214.55,503
2024-04-02 06:40:00+00:00,214.55,214.8,214.5,214.6,725
2024-04-02 06:45:00+00:00,214.6,214.9,214.5,214.55,580
2024-04-02 06:50:00+00:00,214.55,214.8,213.4,214.0,8664
2024-04-02 06:55:00+00:00,214.0,214.45,213.9,214.0,930
2024-04-02 07:00:00+00:00,214.0,214.65,214.0,214.3,467
2024-04-02 07:05:00+00:00,214.1,214.65,213.8,214.0,1682
2024-04-02 07:10:00+00:00,214.0,214.8,213.8,214.55,1933
2024-04-02 07:15:00+00:00,214.55,214.9,214.5,214.55,286
2024-04-02 07:20:00+00:00,214.55,214.9,214.5,214.8,875
2024-04-02 07:25:00+00:00,214.8,215.0,214.5,214.55,4856
2024-04-02 07:30:00+00:00,214.55,215.0,214.55,214.6,380
2024-04-02 07:35:00+00:00,214.6,214.95,214.55,214.6,565
2024-04-02 07:40:00+00:00,214.6,214.6,214.2,214.2,1466
2024-04-02 07:45:00+00:00,214.2,214.2,213.5,213.75,5771
2024-04-02 07:50:00+00:00,213.75,214.0,213.55,214.0,2593
2024-04-02 07:55:00+00:00,214.15,214.4,213.9,214.0,647
2024-04-02 08:00:00+00:00,214.0,214.0,213.7,214.0,1466
2024-04-02 08:05:00+00:00,214.0,214.0,213.8,214.0,1064
2024-04-02 08:10:00+00:00,213.7,214.35,213.55,213.55,2406
2024-04-02 08:15:00+00:00,214.1,214.4,213.65,213.65,482
2024-04-02 08:20:00+00:00,213.65,214.2,213.65,214.0,567
2024-04-02 08:25:00+00:00,214.0,214.4,213.8,214.0,1126
2024-04-02 08:30:00+00:00,214.0,214.0,213.55,213.8,2225
2024-04-02 08:35:00+00:00,213.8,213.8,213.55,213.8,2266
2024-04-02 08:40:00+00:00,213.8,213.8,213.6,213.6,1110
2024-04-02 08:45:00+00:00,213.6,214.0,213.6,213.7,1401
2024-04-02 08:50:00+00:00,213.7,214.0,213.7,213.8,1374
2024-04-02 08:55:00+00:00,213.8,214.0,213.8,213.8,830
2024-04-02 09:00:00+00:00,213.8,214.0,213.6,213.95,2446
2024-04-02 09:05:00+00:00,214.0,214.0,213.6,213.7,1049
2024-04-02 09:10:00+00:00,213.7,213.95,213.5,213.65,3523
2024-04-02 09:15:00+00:00,213.65,214.0,213.55,213.55,2051
2024-04-02 09:20:00+00:00,213.85,214.0,213.8,214.0,2193
2024-04-02 09:25:00+00:00,214.0,214.0,213.5,213.5,2297
2024-04-02 09:30:00+00:00,213.5,213.8,213.25,213.4,5582
2024-04-02 09:35:00+00:00,213.4,213.7,212.0,213.0,11879
2024-04-02 09:40:00+00:00,213.1,213.95,212.8,213.75,4444
2024-04-02 09:45:00+00:00,213.75,213.8,212.8,213.0,2303
2024-04-02 09:50:00+00:00,213.0,213.65,213.0,213.2,4561
2024-04-02 09:55:00+00:00,213.0,214.0,212.85,213.1,8659
2024-04-03 03:45:00+00:00,213.5,214.0,209.25,212.5,8448
2024-04-03 03:50:00+00:00,212.5,213.0,212.0,212.3,12135
2024-04-03 03:55:00+00:00,212.3,215.2,212.3,214.25,9129
2024-04-03 04:00:00+00:00,214.25,214.6,212.35,214.0,7921
2024-04-03 04:05:00+00:00,214.0,219.2,213.65,219.0,35045
2024-04-03 04:10:00+00:00,218.9,219.9,216.05,216.05,25970
2024-04-03 04:15:00+00:00,216.05,218.0,215.85,216.7,9534
2024-04-03 04:20:00+00:00,216.7,217.0,216.1,216.95,3327
2024-04-03 04:25:00+00:00,216.95,219.3,216.5,219.05,11226
2024-04-03 04:30:00+00:00,219.05,221.0,217.65,221.0,65194
2024-04-03 04:35:00+00:00,221.0,222.0,220.05,221.5,87198
2024-04-03 04:40:00+00:00,221.5,222.0,220.05,220.5,16431
2024-04-03 04:45:00+00:00,220.5,220.95,217.0,218.0,32433
2024-04-03 04:50:00+00:00,218.0,218.65,217.55,218.0,5728
2024-04-03 04:55:00+00:00,218.0,218.25,217.5,217.65,869
2024-04-03 05:00:00+00:00,217.95,218.0,217.0,217.0,4406
2024-04-03 05:05:00+00:00,217.0,217.45,216.05,217.05,3885
2024-04-03 05:10:00+00:00,217.05,217.45,216.45,217.4,3394
2024-04-03 05:15:00+00:00,217.4,217.9,216.35,217.35,6709
2024-04-03 05:20:00+00:00,217.1,218.45,217.1,217.5,9218
2024-04-03 05:25:00+00:00,217.5,217.9,216.05,217.15,6420
2024-04-03 05:30:00+00:00,217.15,217.8,217.15,217.4,1578
2024-04-03 05:35:00+00:00,217.4,217.95,217.0,217.5,3139
2024-04-03 05:40:00+00:00,217.5,217.9,216.8,217.6,7212
2024-04-03 05:45:00+00:00,217.55,217.95,217.3,217.7,719
2024-04-03 05:50:00+00:00,217.7,217.95,216.6,217.9,6118
2024-04-03 05:55:00+00:00,217.9,218.0,217.35,217.7,2082
2024-04-03 06:00:00+00:00,217.7,217.8,216.8,217.0,2002
2024-04-03 06:05:00+00:00,217.0,217.9,217.0,217.9,1678
2024-04-03 06:10:00+00:00,218.0,218.0,216.4,216.5,2885
2024-04-03 06:15:00+00:00,216.5,217.45,216.3,217.45,1796
2024-04-03 06:20:00+00:00,217.45,217.55,216.65,216.95,2941
2024-04-03 06:25:00+00:00,216.95,217.0,216.7,217.0,839
2024-04-03 06:30:00+00:00,217.0,217.2,216.55,216.55,1948
2024-04-03 06:35:00+00:00,216.65,216.7,216.1,216.1,6360
2024-04-03 06:40:00+00:00,216.1,216.9,216.1,216.85,2118
2024-04-03 06:45:00+00:00,216.4,217.4,216.1,216.35,11021
2024-04-03 06:50:00+00:00,216.35,216.6,216.1,216.1,2143
2024-04-03 06:55:00+00:00,216.1,216.7,216.1,216.5,1789
2024-04-03 07:00:00+00:00,216.5,216.7,216.1,216.3,1682
2024-04-03 07:05:00+00:00,216.3,216.65,216.05,216.65,1965
2024-04-03 07:10:00+00:00,216.2,216.7,216.05,216.1,2182
2024-04-03 07:15:00+00:00,216.1,216.7,216.05,216.1,2296
2024-04-03 07:20:00+00:00,216.1,216.8,216.05,216.55,1232
2024-04-03 07:25:00+00:00,216.1,216.35,216.1,216.15,2274
2024-04-03 07:30:00+00:00,216.1,216.8,216.1,216.15,1422
2024-04-03 07:35:00+00:00,216.15,217.0,216.0,216.05,8294
2024-04-03 07:40:00+00:00,216.05,216.9,216.0,216.2,1830
2024-04-03 07:45:00+00:00,216.2,216.75,216.0,216.35,3498
2024-04-03 07:50:00+00:00,216.35,216.45,216.0,216.1,2921
2024-04-03 07:55:00+00:00,216.1,216.55,216.0,216.1,1969
2024-04-03 08:00:00+00:00,216.05,216.2,215.5,215.6,7958
2024-04-03 08:05:00+00:00,215.6,215.7,215.05,215.05,4861
2024-04-03 08:10:00+00:00,215.05,216.0,215.05,216.0,3352
2024-04-03 08:15:00+00:00,216.0,216.2,215.05,215.05,4277
2024-04-03 08:20:00+00:00,215.05,215.5,215.0,215.0,4944
2024-04-03 08:25:00+00:00,215.0,215.2,214.9,214.9,2853
2024-04-03 08:30:00+00:00,214.9,215.6,214.9,214.9,1702
2024-04-03 08:35:00+00:00,214.9,215.45,214.8,215.0,3137
2024-04-03 08:40:00+00:00,215.0,215.7,214.9,214.9,2415
2024-04-03 08:45:00+00:00,214.9,215.5,214.9,214.95,2912
2024-04-03 08:50:00+00:00,214.95,215.45,214.9,214.9,2033
2024-04-03 08:55:00+00:00,214.9,215.0,214.9,214.95,857
2024-04-03 09:00:00+00:00,214.95,215.65,214.95,214.95,5937
2024-04-03 09:05:00+00:00,215.0,215.85,214.5,215.2,3338
2024-04-03 09:10:00+00:00,215.2,216.95,215.05,216.75,9753
2024-04-03 09:15:00+00:00,216.75,217.4,216.7,217.0,15904
2024-04-03 09:20:00+00:00,217.0,217.0,216.0,216.0,4453
2024-04-03 09:25:00+00:00,216.0,216.45,215.0,215.2,5356
2024-04-03 09:30:00+00:00,215.2,215.65,215.1,215.5,941
2024-04-03 09:35:00+00:00,215.5,215.5,214.5,214.9,14826
2024-04-03 09:40:00+00:00,214.9,215.25,214.8,214.85,6595
2024-04-03 09:45:00+00:00,214.85,215.25,214.75,214.75,8043
2024-04-03 09:50:00+00:00,214.75,215.2,214.7,214.9,5307
2024-04-03 09:55:00+00:00,214.9,215.9,214.9,215.4,11885
2024-04-04 03:45:00+00:00,216.5,217.45,215.5,216.9,12081
2024-04-04 03:50:00+00:00,216.9,218.15,215.1,215.8,24018
2024-04-04 03:55:00+00:00,215.8,216.85,215.7,216.25,2317
2024-04-04 04:00:00+00:00,216.25,216.6,215.5,215.85,12253
2024-04-04 04:05:00+00:00,215.85,216.55,215.6,216.55,2279
2024-04-04 04:10:00+00:00,216.55,216.85,216.05,216.4,5484
2024-04-04 04:15:00+00:00,216.8,216.8,215.65,215.65,4183
2024-04-04 04:20:00+00:00,215.65,215.75,212.95,213.6,15645
2024-04-04 04:25:00+00:00,213.6,214.4,213.3,214.15,2294
2024-04-04 04:30:00+00:00,214.15,214.85,214.15,214.6,1004
2024-04-04 04:35:00+00:00,214.6,215.35,214.6,215.35,1535
2024-04-04 04:40:00+00:00,215.35,215.35,213.55,214.9,6829
2024-04-04 04:45:00+00:00,214.9,214.9,213.65,214.4,3035
2024-04-04 04:50:00+00:00,214.4,214.9,214.1,214.7,878
2024-04-04 04:55:00+00:00,214.7,215.5,214.7,215.3,1820
2024-04-04 05:00:00+00:00,215.2,215.25,214.8,214.8,613
2024-04-04 05:05:00+00:00,214.8,215.05,214.5,214.5,1239
2024-04-04 05:10:00+00:00,214.5,214.95,214.2,214.4,1809
2024-04-04 05:15:00+00:00,214.4,214.8,214.4,214.8,150
2024-04-04 05:20:00+00:00,214.8,215.0,214.3,214.3,2201
2024-04-04 05:25:00+00:00,214.3,214.3,212.9,213.5,7369
2024-04-04 05:30:00+00:00,213.5,214.2,213.5,214.15,1271
2024-04-04 05:35:00+00:00,214.15,214.45,213.3,213.5,3256
2024-04-04 05:40:00+00:00,213.5,214.05,213.3,214.05,5786
2024-04-04 05:45:00+00:00,214.05,214.05,213.45,213.55,1028
2024-04-04 05:50:00+00:00,213.55,213.9,213.5,213.9,851
2024-04-04 05:55:00+00:00,213.9,214.0,213.75,213.85,3950
2024-04-04 06:00:00+00:00,213.85,214.35,213.85,214.2,1927
2024-04-04 06:05:00+00:00,214.2,214.25,213.95,214.05,653
2024-04-04 06:10:00+00:00,214.05,214.4,214.05,214.05,106
2024-04-04 06:15:00+00:00,214.05,214.05,213.25,213.45,5664
2024-04-04 06:20:00+00:00,213.45,213.7,213.05,213.7,391
2024-04-04 06:25:00+00:00,213.35,213.85,213.0,213.0,816
2024-04-04 06:30:00+00:00,213.0,213.4,213.0,213.4,581
2024-04-04 06:35:00+00:00,213.4,213.7,213.15,213.6,432
2024-04-04 06:40:00+00:00,213.6,213.7,213.3,213.55,417
2024-04-04 06:45:00+00:00,213.8,213.8,213.15,213.15,688
2024-04-04 06:50:00+00:00,213.15,213.55,213.1,213.55,435
2024-04-04 06:55:00+00:00,213.5,213.6,213.25,213.4,84
2024-04-04 07:00:00+00:00,213.4,213.65,213.3,213.35,916
2024-04-04 07:05:00+00:00,213.35,213.6,213.2,213.6,355
2024-04-04 07:10:00+00:00,213.6,213.95,213.6,213.85,1094
2024-04-04 07:15:00+00:00,213.85,213.85,213.05,213.25,2053
2024-04-04 07:20:00+00:00,213.4,213.45,212.9,213.1,3095
2024-04-04 07:25:00+00:00,213.1,213.6,212.9,213.15,1260
2024-04-04 07:30:00+00:00,213.15,213.75,213.15,213.55,149
2024-04-04 07:35:00+00:00,213.55,213.7,213.3,213.4,500
2024-04-04 07:40:00+00:00,213.3,213.3,212.9,213.0,1776
2024-04-04 07:45:00+00:00,213.5,213.65,213.25,213.6,239
2024-04-04 07:50:00+00:00,213.6,213.6,213.2,213.2,69
2024-04-04 07:55:00+00:00,213.6,214.0,213.25,213.65,3022
2024-04-04 08:00:00+00:00,214.0,214.2,213.65,213.85,1054
2024-04-04 08:05:00+00:00,213.85,214.15,213.7,213.75,1023
2024-04-04 08:10:00+00:00,213.75,214.45,213.7,214.05,2377
2024-04-04 08:15:00+00:00,214.05,214.8,213.7,214.15,5460
2024-04-04 08:20:00+00:00,214.15,214.75,214.0,214.2,3494
2024-04-04 08:25:00+00:00,214.2,214.6,214.15,214.55,328
2024-04-04 08:30:00+00:00,214.55,214.75,214.15,214.3,2876
2024-04-04 08:35:00+00:00,214.6,214.6,214.2,214.2,164
2024-04-04 08:40:00+00:00,214.2,214.5,214.2,214.3,644
2024-04-04 08:45:00+00:00,214.3,214.75,214.3,214.3,1219
2024-04-04 08:50:00+00:00,214.55,215.5,214.35,215.0,5634
2024-04-04 08:55:00+00:00,215.0,215.15,214.65,214.85,678
2024-04-04 09:00:00+00:00,214.85,215.0,214.35,214.7,2296
2024-04-04 09:05:00+00:00,214.7,214.85,214.5,214.5,1114
2024-04-04 09:10:00+00:00,214.5,214.9,214.1,214.1,2605
2024-04-04 09:15:00+00:00,214.1,215.05,214.0,214.2,15106
2024-04-04 09:20:00+00:00,214.2,214.2,214.05,214.2,2787
2024-04-04 09:25:00+00:00,214.2,214.2,213.5,213.5,10233
2024-04-04 09:30:00+00:00,213.5,214.2,213.0,213.45,4353
2024-04-04 09:35:00+00:00,213.45,214.1,212.5,212.6,6933
2024-04-04 09:40:00+00:00,212.6,213.4,212.5,213.15,4261
2024-04-04 09:45:00+00:00,213.0,213.85,213.0,213.8,2717
2024-04-04 09:50:00+00:00,213.95,214.5,213.7,213.9,6369
2024-04-04 09:55:00+00:00,213.9,214.3,213.15,213.15,13110
2024-04-05 03:45:00+00:00,214.55,215.95,213.05,213.55,22669
2024-04-05 03:50:00+00:00,214.0,214.05,213.0,213.6,3691
2024-04-05 03:55:00+00:00,213.7,214.7,213.3,213.4,6068
2024-04-05 04:00:00+00:00,213.4,213.6,213.05,213.05,2372
2024-04-05 04:05:00+00:00,213.05,213.3,211.1,211.3,16292
2024-04-05 04:10:00+00:00,211.55,212.5,211.3,212.15,4907
2024-04-05 04:15:00+00:00,212.15,212.8,212.05,212.25,11595
2024-04-05 04:20:00+00:00,212.25,212.8,212.15,212.25,2888
2024-04-05 04:25:00+00:00,212.25,212.5,211.5,211.7,5095
2024-04-05 04:30:00+00:00,211.7,212.5,211.7,212.15,4238
2024-04-05 04:35:00+00:00,212.3,212.6,212.15,212.25,963
2024-04-05 04:40:00+00:00,212.25,213.25,212.0,213.05,11979
2024-04-05 04:45:00+00:00,213.05,213.8,212.15,212.5,4088
2024-04-05 04:50:00+00:00,212.5,213.4,212.1,212.95,5290
2024-04-05 04:55:00+00:00,212.9,213.5,212.9,213.0,1066
2024-04-05 05:00:00+00:00,213.0,213.5,212.8,212.95,1644
2024-04-05 05:05:00+00:00,213.3,213.45,212.8,213.0,1563
2024-04-05 05:10:00+00:00,213.05,213.5,213.05,213.05,3815
2024-04-05 05:15:00+00:00,213.05,213.5,211.7,212.05,9737
2024-04-05 05:20:00+00:00,212.0,212.7,211.8,212.1,4808
2024-04-05 05:25:00+00:00,212.1,213.1,212.1,212.65,8530
2024-04-05 05:30:00+00:00,212.65,213.3,212.65,212.9,662
2024-04-05 05:35:00+00:00,212.9,213.65,212.9,213.05,2795
2024-04-05 05:40:00+00:00,213.05,213.8,212.8,212.85,6672
2024-04-05 05:45:00+00:00,212.85,213.2,212.55,212.55,2124
2024-04-05 05:50:00+00:00,212.55,213.1,211.8,211.85,2815
2024-04-05 05:55:00+00:00,211.85,213.0,211.85,212.55,870
2024-04-05 06:00:00+00:00,212.55,213.2,212.55,212.65,2136
2024-04-05 06:05:00+00:00,212.65,213.0,212.6,212.75,455
2024-04-05 06:10:00+00:00,212.75,213.6,212.75,213.1,1674
2024-04-05 06:15:00+00:00,213.1,213.3,212.6,213.1,4076
2024-04-05 06:20:00+00:00,212.85,213.45,212.8,213.0,1231
2024-04-05 06:25:00+00:00,213.0,213.5,212.8,213.45,1521
2024-04-05 06:30:00+00:00,213.45,213.45,212.8,213.0,678
2024-04-05 06:35:00+00:00,213.0,213.15,212.55,212.6,1106
2024-04-05 06:40:00+00:00,212.6,213.0,212.55,212.7,540
2024-04-05 06:45:00+00:00,212.65,213.0,212.6,212.6,1226
2024-04-05 06:50:00+00:00,212.6,213.4,212.6,213.0,3502
2024-04-05 06:55:00+00:00,213.0,213.2,212.3,212.45,5502
2024-04-05 07:00:00+00:00,212.45,213.0,212.45,213.0,542
2024-04-05 07:05:00+00:00,213.0,213.25,212.8,212.8,679
2024-04-05 07:10:00+00:00,212.8,213.8,212.7,213.0,9811
2024-04-05 07:15:00+00:00,213.35,213.35,213.0,213.0,510
2024-04-05 07:20:00+00:00,213.25,213.3,212.5,212.65,8576
2024-04-05 07:25:00+00:00,212.65,212.8,212.4,212.5,1538
2024-04-05 07:30:00+00:00,212.5,212.8,211.65,211.7,11766
2024-04-05 07:35:00+00:00,211.7,211.75,211.2,211.2,5136
2024-04-05 07:40:00+00:00,211.2,212.0,211.2,211.35,4670
2024-04-05 07:45:00+00:00,211.25,211.6,211.0,211.2,5775
2024-04-05 07:50:00+00:00,211.2,212.05,211.2,211.75,2537
2024-04-05 07:55:00+00:00,211.75,212.4,211.5,211.6,3436
2024-04-05 08:00:00+00:00,211.65,212.0,211.05,211.5,5419
2024-04-05 08:05:00+00:00,211.5,212.0,211.0,211.05,1813
2024-04-05 08:10:00+00:00,211.05,211.45,211.05,211.35,698
2024-04-05 08:15:00+00:00,211.35,211.45,210.7,211.0,8745
2024-04-05 08:20:00+00:00,211.0,211.0,210.65,210.8,1904
2024-04-05 08:25:00+00:00,210.8,211.9,210.75,211.55,16039
2024-04-05 08:30:00+00:00,211.9,213.05,211.55,213.0,7128
2024-04-05 08:35:00+00:00,213.0,213.4,212.8,213.0,5825
2024-04-05 08:40:00+00:00,213.45,213.45,212.55,212.6,2893
2024-04-05 08:45:00+00:00,212.6,214.4,212.6,213.85,13091
2024-04-05 08:50:00+00:00,213.85,224.0,213.8,223.0,149507
2024-04-05 08:55:00+00:00,222.7,222.7,219.15,220.0,89815
2024-04-05 09:00:00+00:00,219.9,220.0,219.55,220.0,19850
2024-04-05 09:05:00+00:00,220.0,220.0,219.1,219.35,23350
2024-04-05 09:10:00+00:00,219.35,224.0,219.1,223.95,79615
2024-04-05 09:15:00+00:00,223.3,228.65,222.1,226.0,218750
2024-04-05 09:20:00+00:00,226.0,227.5,225.3,225.95,82502
2024-04-05 09:25:00+00:00,226.0,228.5,225.55,227.75,100677
2024-04-05 09:30:00+00:00,227.75,227.75,225.0,226.0,72522
2024-04-05 09:35:00+00:00,226.0,226.75,225.0,226.15,59027
2024-04-05 09:40:00+00:00,226.25,228.0,225.55,226.1,68587
2024-04-05 09:45:00+00:00,226.25,226.75,225.25,225.8,44203
2024-04-05 09:50:00+00:00,225.75,226.3,225.25,225.35,45699
2024-04-05 09:55:00+00:00,225.4,229.0,225.3,229.0,131387
2024-04-08 03:45:00+00:00,229.0,234.7,227.0,227.95,199729
2024-04-08 03:50:00+00:00,227.75,230.6,226.0,227.8,47089
2024-04-08 03:55:00+00:00,227.8,231.0,227.75,227.75,70628
2024-04-08 04:00:00+00:00,227.7,229.35,227.05,227.45,43239
2024-04-08 04:05:00+00:00,227.45,227.45,225.55,226.9,34063
2024-04-08 04:10:00+00:00,226.7,227.85,225.4,225.4,32521
2024-04-08 04:15:00+00:00,225.3,226.4,224.3,225.95,42184
2024-04-08 04:20:00+00:00,225.95,226.0,224.85,225.5,9964
2024-04-08 04:25:00+00:00,225.5,225.95,224.3,224.3,8926
2024-04-08 04:30:00+00:00,224.3,224.3,222.4,223.1,38353
2024-04-08 04:35:00+00:00,223.1,223.55,222.5,222.95,15468
2024-04-08 04:40:00+00:00,222.95,223.7,222.8,223.0,8160
2024-04-08 04:45:00+00:00,223.0,223.2,222.8,222.85,12296
2024-04-08 04:50:00+00:00,222.85,223.45,222.85,223.0,10211
2024-04-08 04:55:00+00:00,223.2,223.2,222.9,222.9,9993
2024-04-08 05:00:00+00:00,222.9,223.2,222.8,222.95,5798
2024-04-08 05:05:00+00:00,222.95,223.2,222.95,223.0,6944
2024-04-08 05:10:00+00:00,223.0,223.2,222.5,222.55,9252
2024-04-08 05:15:00+00:00,222.55,222.95,222.5,222.55,10884
2024-04-08 05:20:00+00:00,222.55,222.8,222.05,222.05,14188
2024-04-08 05:25:00+00:00,222.05,222.85,222.05,222.85,3524
2024-04-08 05:30:00+00:00,223.0,223.0,220.3,220.8,34397
2024-04-08 05:35:00+00:00,220.8,221.8,220.5,221.8,6629
2024-04-08 05:40:00+00:00,221.8,222.4,221.7,222.05,2182
2024-04-08 05:45:00+00:00,222.05,223.15,222.05,222.85,9002
2024-04-08 05:50:00+00:00,222.85,222.85,222.5,222.5,1604
2024-04-08 05:55:00+00:00,222.5,222.9,222.25,222.5,1644
2024-04-08 06:00:00+00:00,222.5,223.05,222.35,223.0,2142
2024-04-08 06:05:00+00:00,223.0,224.2,222.85,223.75,5224
2024-04-08 06:10:00+00:00,223.8,224.55,223.55,223.55,8395
2024-04-08 06:15:00+00:00,223.55,223.6,223.35,223.6,1030
2024-04-08 06:20:00+00:00,223.6,223.6,222.5,222.8,5677
2024-04-08 06:25:00+00:00,222.8,224.05,222.8,223.85,1029
2024-04-08 06:30:00+00:00,223.85,224.55,223.55,223.55,2486
2024-04-08 06:35:00+00:00,223.55,223.55,223.0,223.4,2341
2024-04-08 06:40:00+00:00,223.4,223.6,223.4,223.5,1173
2024-04-08 06:45:00+00:00,223.5,224.05,223.5,224.0,1308
2024-04-08 06:50:00+00:00,223.85,223.85,223.25,223.25,3799
2024-04-08 06:55:00+00:00,223.25,224.5,223.2,224.5,3119
2024-04-08 07:00:00+00:00,223.9,223.9,223.2,223.7,1405
2024-04-08 07:05:00+00:00,223.5,223.8,223.5,223.8,1707
2024-04-08 07:10:00+00:00,223.95,223.95,223.5,223.55,1579
2024-04-08 07:15:00+00:00,223.55,223.7,223.5,223.7,1115
2024-04-08 07:20:00+00:00,223.7,223.95,223.3,223.5,1737
2024-04-08 07:25:00+00:00,223.5,223.8,223.4,223.5,768
2024-04-08 07:30:00+00:00,223.5,223.5,223.25,223.3,1222
2024-04-08 07:35:00+00:00,223.3,223.65,223.3,223.35,1605
2024-04-08 07:40:00+00:00,223.35,223.55,223.35,223.5,1697
2024-04-08 07:45:00+00:00,223.5,223.6,223.25,223.6,2268
2024-04-08 07:50:00+00:00,223.6,223.6,223.1,223.15,1968
2024-04-08 07:55:00+00:00,223.15,223.45,222.2,222.3,4983
2024-04-08 08:00:00+00:00,222.3,222.65,221.85,221.9,5699
2024-04-08 08:05:00+00:00,221.9,222.3,221.45,222.3,1614
2024-04-08 08:10:00+00:00,222.3,222.6,222.05,222.55,974
2024-04-08 08:15:00+00:00,222.55,222.85,222.05,222.6,851
2024-04-08 08:20:00+00:00,222.6,222.95,222.4,222.8,498
2024-04-08 08:25:00+00:00,222.8,223.0,222.6,222.95,8971
2024-04-08 08:30:00+00:00,222.95,223.0,222.8,223.0,564
2024-04-08 08:35:00+00:00,221.95,223.3,221.95,222.85,11518
2024-04-08 08:40:00+00:00,222.8,223.0,222.6,223.0,1781
2024-04-08 08:45:00+00:00,223.0,223.5,222.8,223.35,5597
2024-04-08 08:50:00+00:00,223.15,223.35,223.0,223.1,5849
2024-04-08 08:55:00+00:00,223.1,223.4,222.95,222.95,1642
2024-04-08 09:00:00+00:00,222.95,223.05,222.6,223.05,3417
2024-04-08 09:05:00+00:00,223.05,223.35,223.0,223.1,292
2024-04-08 09:10:00+00:00,223.1,223.5,223.0,223.45,6012
2024-04-08 09:15:00+00:00,223.45,223.45,223.3,223.4,1540
2024-04-08 09:20:00+00:00,223.4,223.4,223.15,223.4,1387
2024-04-08 09:25:00+00:00,223.4,223.5,223.0,223.0,2390
2024-04-08 09:30:00+00:00,223.05,223.5,223.05,223.5,20614
2024-04-08 09:35:00+00:00,223.5,223.5,223.0,223.5,12886
2024-04-08 09:40:00+00:00,223.5,223.5,222.5,222.8,5290
2024-04-08 09:45:00+00:00,222.8,222.8,222.6,222.6,3068
2024-04-08 09:50:00+00:00,223.5,223.7,222.0,222.3,13613
2024-04-08 09:55:00+00:00,222.5,223.35,221.15,222.45,11414
2024-04-09 03:45:00+00:00,224.95,225.0,222.0,222.15,15507
2024-04-09 03:50:00+00:00,222.2,223.0,221.0,221.45,12795
2024-04-09 03:55:00+00:00,221.45,222.45,220.3,222.25,12142
2024-04-09 04:00:00+00:00,222.25,222.3,221.05,221.05,7486
2024-04-09 04:05:00+00:00,221.05,221.8,220.55,221.05,6671
2024-04-09 04:10:00+00:00,221.05,221.9,220.1,220.9,16211
2024-04-09 04:15:00+00:00,220.7,221.7,220.1,220.75,11779
2024-04-09 04:20:00+00:00,220.75,221.65,220.65,221.65,3916
2024-04-09 04:25:00+00:00,221.65,221.65,220.85,221.45,1302
2024-04-09 04:30:00+00:00,221.65,221.95,221.2,221.5,2768
2024-04-09 04:35:00+00:00,221.5,221.9,220.95,221.7,3178
2024-04-09 04:40:00+00:00,221.7,221.75,219.65,220.0,9640
2024-04-09 04:45:00+00:00,220.0,220.7,219.1,220.7,6398
2024-04-09 04:50:00+00:00,220.7,221.5,220.5,220.5,6567
2024-04-09 04:55:00+00:00,220.5,220.7,220.05,220.55,3784
2024-04-09 05:00:00+00:00,220.55,222.0,220.5,222.0,3379
2024-04-09 05:05:00+00:00,221.85,221.95,221.1,221.35,869
2024-04-09 05:10:00+00:00,221.35,221.95,221.1,221.1,3411
2024-04-09 05:15:00+00:00,221.1,221.8,221.1,221.75,739
2024-04-09 05:20:00+00:00,221.75,221.75,221.1,221.45,2723
2024-04-09 05:25:00+00:00,221.0,221.4,220.9,221.1,3391
2024-04-09 05:30:00+00:00,221.35,221.4,221.0,221.35,2948
2024-04-09 05:35:00+00:00,221.0,221.6,221.0,221.45,2464
2024-04-09 05:40:00+00:00,221.45,221.5,220.75,221.1,4451
2024-04-09 05:45:00+00:00,221.1,221.55,221.0,221.55,287
2024-04-09 05:50:00+00:00,221.2,221.6,220.6,220.8,2348
2024-04-09 05:55:00+00:00,220.8,221.7,220.8,221.5,2654
2024-04-09 06:00:00+00:00,221.5,221.5,220.0,220.6,6650
2024-04-09 06:05:00+00:00,220.6,220.8,220.1,220.4,2206
2024-04-09 06:10:00+00:00,220.4,220.4,220.0,220.3,2231
2024-04-09 06:15:00+00:00,220.3,220.4,220.0,220.4,532
2024-04-09 06:20:00+00:00,220.4,220.4,220.0,220.1,912
2024-04-09 06:25:00+00:00,220.05,221.6,220.05,221.55,5782
2024-04-09 06:30:00+00:00,221.55,221.55,220.15,221.0,1934
2024-04-09 06:35:00+00:00,221.0,221.0,220.15,220.35,587
2024-04-09 06:40:00+00:00,220.35,220.35,220.0,220.1,1340
2024-04-09 06:45:00+00:00,220.1,220.9,220.0,220.9,1623
2024-04-09 06:50:00+00:00,220.9,220.95,220.3,220.3,259
2024-04-09 06:55:00+00:00,220.3,220.75,220.2,220.7,565
2024-04-09 07:00:00+00:00,220.7,220.95,220.0,220.0,6486
2024-04-09 07:05:00+00:00,220.0,220.2,215.75,216.25,42270
2024-04-09 07:10:00+00:00,216.3,217.95,216.3,217.8,27701
2024-04-09 07:15:00+00:00,217.8,218.4,217.45,218.0,1611
2024-04-09 07:20:00+00:00,218.0,218.5,217.65,218.2,1667
2024-04-09 07:25:00+00:00,218.2,218.25,217.7,217.9,644
2024-04-09 07:30:00+00:00,217.9,217.95,217.05,217.9,4970
2024-04-09 07:35:00+00:00,217.9,219.0,217.75,218.4,14273
2024-04-09 07:40:00+00:00,218.4,218.4,217.1,217.25,2945
2024-04-09 07:45:00+00:00,217.05,217.7,216.5,216.85,6945
2024-04-09 07:50:00+00:00,216.85,217.7,216.55,217.55,10486
2024-04-09 07:55:00+00:00,217.55,217.8,217.05,217.3,2393
2024-04-09 08:00:00+00:00,217.3,217.95,217.25,217.65,8382
2024-04-09 08:05:00+00:00,217.65,218.0,216.55,217.8,9880
2024-04-09 08:10:00+00:00,217.8,218.5,217.55,218.5,6064
2024-04-09 08:15:00+00:00,218.5,219.0,218.1,219.0,5904
2024-04-09 08:20:00+00:00,219.0,219.6,218.15,219.0,6268
2024-04-09 08:25:00+00:00,219.0,219.7,218.1,218.7,10127
2024-04-09 08:30:00+00:00,218.7,219.4,218.6,219.0,2250
2024-04-09 08:35:00+00:00,219.0,219.1,218.4,218.6,6566
2024-04-09 08:40:00+00:00,218.6,219.0,217.4,217.7,5351
2024-04-09 08:45:00+00:00,217.7,217.9,217.3,217.85,1707
2024-04-09 08:50:00+00:00,217.9,218.6,217.8,218.05,9095
2024-04-09 08:55:00+00:00,218.05,218.05,217.1,217.45,2697
2024-04-09 09:00:00+00:00,217.45,218.0,216.9,217.95,1704
2024-04-09 09:05:00+00:00,217.95,218.0,217.45,217.65,453
2024-04-09 09:10:00+00:00,217.65,217.7,216.75,217.0,3746
2024-04-09 09:15:00+00:00,217.15,217.15,216.05,216.5,10610
2024-04-09 09:20:00+00:00,216.85,217.0,216.4,216.75,7850
2024-04-09 09:25:00+00:00,216.75,216.95,216.45,216.5,2559
2024-04-09 09:30:00+00:00,216.5,217.0,216.0,217.0,5315
2024-04-09 09:35:00+00:00,217.0,217.0,216.1,216.5,4106
2024-04-09 09:40:00+00:00,216.5,217.0,216.4,216.5,10352
2024-04-09 09:45:00+00:00,216.5,217.3,215.6,216.3,28325
2024-04-09 09:50:00+00:00,216.3,216.95,216.0,216.5,7056
2024-04-09 09:55:00+00:00,216.5,216.5,215.75,216.4,12781
2024-04-10 03:45:00+00:00,217.1,221.45,215.05,217.0,42261
2024-04-10 03:50:00+00:00,217.0,217.95,215.95,217.25,15520
2024-04-10 03:55:00+00:00,217.25,217.95,217.25,217.8,4214
2024-04-10 04:00:00+00:00,217.8,218.45,217.5,217.6,2872
2024-04-10 04:05:00+00:00,217.6,218.15,217.55,218.1,4955
2024-04-10 04:10:00+00:00,218.1,218.15,217.5,218.0,4129
2024-04-10 04:15:00+00:00,218.0,218.0,217.5,217.9,3541
2024-04-10 04:20:00+00:00,217.9,218.35,217.65,217.65,2024
2024-04-10 04:25:00+00:00,217.65,218.4,217.55,218.0,4632
2024-04-10 04:30:00+00:00,218.0,218.5,217.8,218.0,1469
2024-04-10 04:35:00+00:00,218.3,219.0,218.15,218.5,6335
2024-04-10 04:40:00+00:00,218.2,221.0,218.2,221.0,7332
2024-04-10 04:45:00+00:00,220.95,221.7,220.2,220.8,10532
2024-04-10 04:50:00+00:00,220.8,220.8,219.65,220.05,5791
2024-04-10 04:55:00+00:00,220.05,220.8,219.8,219.8,9547
2024-04-10 05:00:00+00:00,219.8,223.5,219.8,223.1,24712
2024-04-10 05:05:00+00:00,223.5,225.0,223.2,223.75,50020
2024-04-10 05:10:00+00:00,223.75,226.2,223.15,225.0,54562
2024-04-10 05:15:00+00:00,224.6,225.7,220.85,221.5,41630
2024-04-10 05:20:00+00:00,221.5,222.5,221.5,222.2,7814
2024-04-10 05:25:00+00:00,222.2,223.0,222.2,222.75,9550
2024-04-10 05:30:00+00:00,222.75,223.0,222.2,222.95,4648
2024-04-10 05:35:00+00:00,222.95,222.95,222.3,222.7,7483
2024-04-10 05:40:00+00:00,222.75,222.75,222.2,222.2,1239
2024-04-10 05:45:00+00:00,222.2,222.7,222.2,222.7,1911
2024-04-10 05:50:00+00:00,222.7,222.7,220.05,220.35,12398
2024-04-10 05:55:00+00:00,220.45,221.9,220.45,220.45,6997
2024-04-10 06:00:00+00:00,220.45,221.95,220.45,221.85,3389
2024-04-10 06:05:00+00:00,221.85,222.8,221.4,222.45,3851
2024-04-10 06:10:00+00:00,222.45,222.45,221.45,221.8,1132
2024-04-10 06:15:00+00:00,221.8,222.0,221.3,221.95,2221
2024-04-10 06:20:00+00:00,221.95,222.0,221.4,221.75,896
2024-04-10 06:25:00+00:00,221.55,222.45,221.3,221.7,4452
2024-04-10 06:30:00+00:00,221.7,222.0,221.7,222.0,2040
2024-04-10 06:35:00+00:00,221.75,222.0,220.3,220.95,13227
2024-04-10 06:40:00+00:00,220.95,221.1,220.6,220.6,2638
2024-04-10 06:45:00+00:00,220.6,221.0,220.6,221.0,2207
2024-04-10 06:50:00+00:00,221.1,221.2,220.9,221.2,2453
2024-04-10 06:55:00+00:00,221.2,221.2,220.1,220.5,2711
2024-04-10 07:00:00+00:00,220.5,221.0,220.5,220.75,2188
2024-04-10 07:05:00+00:00,220.75,220.75,220.65,220.65,1010
2024-04-10 07:10:00+00:00,220.65,220.9,220.05,220.35,4251
2024-04-10 07:15:00+00:00,220.35,220.6,219.4,220.55,4968
2024-04-10 07:20:00+00:00,220.55,220.9,220.55,220.9,1186
2024-04-10 07:25:00+00:00,220.9,220.9,220.4,220.85,1370
2024-04-10 07:30:00+00:00,220.85,221.0,220.3,220.45,3337
2024-04-10 07:35:00+00:00,220.45,220.45,220.0,220.0,964
2024-04-10 07:40:00+00:00,220.3,220.5,219.95,220.5,1570
2024-04-10 07:45:00+00:00,220.5,220.85,220.05,220.3,895
2024-04-10 07:50:00+00:00,220.3,221.0,220.3,221.0,1693
2024-04-10 07:55:00+00:00,220.8,221.0,220.75,220.75,724
2024-04-10 08:00:00+00:00,220.75,221.0,220.75,221.0,126
2024-04-10 08:05:00+00:00,221.0,221.5,220.45,220.45,5396
2024-04-10 08:10:00+00:00,220.25,220.45,220.0,220.3,1399
2024-04-10 08:15:00+00:00,220.8,222.45,220.45,220.8,39637
2024-04-10 08:20:00+00:00,220.8,221.45,220.8,221.0,7594
2024-04-10 08:25:00+00:00,221.0,221.1,220.85,221.0,2437
2024-04-10 08:30:00+00:00,221.0,221.0,220.05,220.7,5597
2024-04-10 08:35:00+00:00,220.7,221.35,220.45,221.0,5783
2024-04-10 08:40:00+00:00,221.0,221.3,220.45,220.5,5586
2024-04-10 08:45:00+00:00,220.5,221.2,220.15,221.2,8233
2024-04-10 08:50:00+00:00,221.2,221.2,220.45,220.95,2646
2024-04-10 08:55:00+00:00,220.95,220.95,220.4,220.4,1344
2024-04-10 09:00:00+00:00,220.4,220.95,220.15,220.25,3167
2024-04-10 09:05:00+00:00,220.2,220.9,220.15,220.2,7002
2024-04-10 09:10:00+00:00,220.2,220.5,220.05,220.1,2739
2024-04-10 09:15:00+00:00,220.1,221.0,220.0,221.0,7902
2024-04-10 09:20:00+00:00,220.5,221.0,219.95,220.1,14317
2024-04-10 09:25:00+00:00,220.1,220.6,219.7,219.75,4613
2024-04-10 09:30:00+00:00,219.75,219.95,219.65,219.65,1691
2024-04-10 09:35:00+00:00,219.65,219.95,219.6,219.65,2276
2024-04-10 09:40:00+00:00,219.95,220.75,219.75,220.0,4850
2024-04-10 09:45:00+00:00,220.0,220.65,219.7,220.65,11716
2024-04-10 09:50:00+00:00,220.75,221.0,219.5,219.55,8549
2024-04-10 09:55:00+00:00,220.35,220.4,219.5,220.2,11544
2024-04-12 03:45:00+00:00,219.95,223.65,216.45,223.4,26871
2024-04-12 03:50:00+00:00,223.0,223.9,221.0,221.95,17909
2024-04-12 03:55:00+00:00,221.4,222.0,220.0,220.9,10369
2024-04-12 04:00:00+00:00,221.0,223.0,219.95,222.0,20268
2024-04-12 04:05:00+00:00,222.0,223.0,221.6,222.6,3991
2024-04-12 04:10:00+00:00,222.6,222.6,219.55,219.55,6073
2024-04-12 04:15:00+00:00,219.55,220.95,218.95,219.6,7751
2024-04-12 04:20:00+00:00,219.6,220.95,219.6,220.9,5286
2024-04-12 04:25:00+00:00,220.9,222.0,220.55,222.0,3443
2024-04-12 04:30:00+00:00,221.4,222.0,221.3,221.6,4779
2024-04-12 04:35:00+00:00,221.6,221.85,220.8,221.0,3918
2024-04-12 04:40:00+00:00,221.0,221.35,220.95,221.0,3400
2024-04-12 04:45:00+00:00,221.0,221.0,220.25,220.95,2159
2024-04-12 04:50:00+00:00,220.95,221.45,220.6,221.4,3251
2024-04-12 04:55:00+00:00,221.45,222.25,221.1,221.8,6938
2024-04-12 05:00:00+00:00,221.8,222.6,221.15,222.5,3656
2024-04-12 05:05:00+00:00,222.5,222.8,222.2,222.2,2058
2024-04-12 05:10:00+00:00,222.2,222.75,222.15,222.5,4054
2024-04-12 05:15:00+00:00,222.5,223.4,222.5,222.65,5375
2024-04-12 05:20:00+00:00,222.65,223.75,222.65,223.2,9278
2024-04-12 05:25:00+00:00,223.2,231.2,222.55,231.2,155006
2024-04-12 05:30:00+00:00,230.6,231.4,227.05,228.2,44643
2024-04-12 05:35:00+00:00,228.2,228.6,226.05,227.25,40858
2024-04-12 05:40:00+00:00,227.25,228.45,226.6,226.65,28703
2024-04-12 05:45:00+00:00,226.65,227.45,226.0,227.4,9642
2024-04-12 05:50:00+00:00,227.4,227.7,226.3,226.95,8706
2024-04-12 05:55:00+00:00,226.95,227.0,225.3,225.8,7653
2024-04-12 06:00:00+00:00,225.8,226.4,225.75,226.15,7138
2024-04-12 06:05:00+00:00,226.15,226.5,225.6,226.0,1368
2024-04-12 06:10:00+00:00,225.8,225.8,225.05,225.1,5910
2024-04-12 06:15:00+00:00,225.1,226.4,225.05,225.05,4488
2024-04-12 06:20:00+00:00,225.05,225.8,224.3,224.85,14555
2024-04-12 06:25:00+00:00,224.95,224.95,223.55,223.8,4791
2024-04-12 06:30:00+00:00,223.8,224.45,222.55,223.35,9328
2024-04-12 06:35:00+00:00,223.35,224.45,223.35,224.1,2375
2024-04-12 06:40:00+00:00,224.5,224.5,224.0,224.0,3695
2024-04-12 06:45:00+00:00,224.0,225.0,222.8,223.0,15713
2024-04-12 06:50:00+00:00,223.0,224.4,223.0,224.0,8675
2024-04-12 06:55:00+00:00,224.0,224.7,223.75,224.25,7209
2024-04-12 07:00:00+00:00,224.25,224.55,223.65,224.0,5831
2024-04-12 07:05:00+00:00,224.0,224.0,222.05,222.5,8102
2024-04-12 07:10:00+00:00,222.5,223.25,222.5,222.5,6400
2024-04-12 07:15:00+00:00,222.75,222.9,222.05,222.25,1982
2024-04-12 07:20:00+00:00,222.25,223.35,221.5,223.35,14182
2024-04-12 07:25:00+00:00,223.7,223.7,222.95,223.4,1547
2024-04-12 07:30:00+00:00,223.4,223.8,223.0,223.1,1904
2024-04-12 07:35:00+00:00,223.55,223.55,222.05,222.15,2334
2024-04-12 07:40:00+00:00,222.15,222.95,222.15,222.75,2218
2024-04-12 07:45:00+00:00,222.75,224.65,222.75,223.9,6938
2024-04-12 07:50:00+00:00,224.0,224.0,223.65,223.9,1200
2024-04-12 07:55:00+00:00,223.9,224.4,223.9,224.25,2441
2024-04-12 08:00:00+00:00,224.25,224.4,224.0,224.15,705
2024-04-12 08:05:00+00:00,224.0,224.1,223.9,223.9,2706
2024-04-12 08:10:00+00:00,223.9,224.4,223.85,224.4,955
2024-04-12 08:15:00+00:00,224.4,224.4,223.35,224.2,1210
2024-04-12 08:20:00+00:00,224.0,224.5,222.6,223.0,7677
2024-04-12 08:25:00+00:00,223.0,223.35,222.9,222.95,2686
2024-04-12 08:30:00+00:00,223.0,223.1,222.8,222.8,6062
2024-04-12 08:35:00+00:00,223.05,223.05,222.5,222.5,1844
2024-04-12 08:40:00+00:00,222.5,222.5,221.4,221.5,4946
2024-04-12 08:45:00+00:00,221.4,222.5,221.0,221.7,7481
2024-04-12 08:50:00+00:00,221.7,221.95,221.0,221.2,8046
2024-04-12 08:55:00+00:00,221.05,221.85,221.0,221.6,1599
2024-04-12 09:00:00+00:00,221.6,222.0,221.6,222.0,1347
2024-04-12 09:05:00+00:00,222.0,222.1,221.75,222.0,1372
2024-04-12 09:10:00+00:00,222.0,222.4,221.7,221.7,6830
2024-04-12 09:15:00+00:00,221.7,222.0,221.7,221.7,3722
2024-04-12 09:20:00+00:00,221.7,221.75,221.0,221.1,3182
2024-04-12 09:25:00+00:00,221.1,221.95,221.1,221.95,3673
2024-04-12 09:30:00+00:00,221.95,221.95,221.65,221.65,3112
2024-04-12 09:35:00+00:00,221.65,223.5,221.65,223.5,9215
2024-04-12 09:40:00+00:00,223.5,223.5,220.2,221.35,15308
2024-04-12 09:45:00+00:00,221.35,221.7,220.05,221.45,10427
2024-04-12 09:50:00+00:00,221.45,221.45,220.6,221.0,6980
2024-04-12 09:55:00+00:00,221.0,222.0,221.0,221.9,11716
2024-04-15 03:45:00+00:00,215.25,216.6,210.1,210.3,81646
2024-04-15 03:50:00+00:00,210.35,213.85,209.0,213.15,48910
2024-04-15 03:55:00+00:00,213.6,213.95,212.0,212.0,23174
2024-04-15 04:00:00+00:00,212.0,213.0,210.05,210.5,22314
2024-04-15 04:05:00+00:00,210.5,211.35,209.15,211.35,32370
2024-04-15 04:10:00+00:00,210.75,212.45,209.7,212.35,29143
2024-04-15 04:15:00+00:00,212.35,213.95,211.5,213.95,21028
2024-04-15 04:20:00+00:00,213.35,214.75,213.0,214.35,9980
2024-04-15 04:25:00+00:00,214.35,215.3,213.6,215.1,10249
2024-04-15 04:30:00+00:00,215.3,215.3,213.5,215.2,9176
2024-04-15 04:35:00+00:00,215.2,215.45,214.8,215.1,8946
2024-04-15 04:40:00+00:00,215.1,215.45,214.85,215.45,5177
2024-04-15 04:45:00+00:00,215.45,215.85,215.05,215.5,16730
2024-04-15 04:50:00+00:00,215.5,217.55,215.3,216.75,17357
2024-04-15 04:55:00+00:00,216.7,217.35,216.5,217.0,6350
2024-04-15 05:00:00+00:00,217.0,217.0,215.3,215.95,4171
2024-04-15 05:05:00+00:00,215.95,218.5,215.95,218.5,12663
2024-04-15 05:10:00+00:00,218.5,218.5,217.45,217.95,5025
2024-04-15 05:15:00+00:00,217.95,218.5,217.95,218.5,6747
2024-04-15 05:20:00+00:00,218.5,218.7,217.45,217.9,10371
2024-04-15 05:25:00+00:00,217.9,218.0,217.6,217.6,2901
2024-04-15 05:30:00+00:00,217.6,217.95,217.15,217.15,13093
2024-04-15 05:35:00+00:00,217.15,217.5,216.65,216.65,3711
2024-04-15 05:40:00+00:00,216.65,216.65,215.55,215.65,7395
2024-04-15 05:45:00+00:00,215.65,215.65,215.3,215.6,2931
2024-04-15 05:50:00+00:00,215.6,216.2,215.0,216.0,13226
2024-04-15 05:55:00+00:00,215.65,216.0,215.4,215.65,4074
2024-04-15 06:00:00+00:00,215.65,215.75,215.15,215.35,362
2024-04-15 06:05:00+00:00,215.35,216.0,215.35,215.95,1250
2024-04-15 06:10:00+00:00,215.95,216.45,215.95,216.45,1488
2024-04-15 06:15:00+00:00,216.45,216.45,215.55,215.55,1261
2024-04-15 06:20:00+00:00,215.55,216.0,215.45,215.6,1597
2024-04-15 06:25:00+00:00,215.6,215.8,215.05,215.5,882
2024-04-15 06:30:00+00:00,215.5,216.5,215.25,215.8,20926
2024-04-15 06:35:00+00:00,215.8,216.0,215.2,216.0,5768
2024-04-15 06:40:00+00:00,216.0,216.4,215.9,216.05,1761
2024-04-15 06:45:00+00:00,216.05,216.05,215.65,215.65,1826
2024-04-15 06:50:00+00:00,215.65,215.9,215.35,215.9,1122
2024-04-15 06:55:00+00:00,215.9,215.95,215.55,215.55,1250
2024-04-15 07:00:00+00:00,215.55,215.85,215.25,215.8,2025
2024-04-15 07:05:00+00:00,215.8,216.35,215.7,216.0,1934
2024-04-15 07:10:00+00:00,216.0,216.15,214.8,215.0,11419
2024-04-15 07:15:00+00:00,215.0,216.5,215.0,215.9,3932
2024-04-15 07:20:00+00:00,215.9,216.4,215.9,216.0,408
2024-04-15 07:25:00+00:00,216.0,216.0,214.8,215.15,4061
2024-04-15 07:30:00+00:00,215.15,215.65,215.15,215.65,65
2024-04-15 07:35:00+00:00,215.65,215.65,215.15,215.15,469
2024-04-15 07:40:00+00:00,215.15,215.95,215.15,215.7,2087
2024-04-15 07:45:00+00:00,215.35,215.35,215.15,215.35,325
2024-04-15 07:50:00+00:00,215.35,215.7,215.2,215.2,1258
2024-04-15 07:55:00+00:00,215.2,215.85,215.0,215.35,6628
2024-04-15 08:00:00+00:00,215.45,215.45,214.0,214.35,2563
2024-04-15 08:05:00+00:00,214.35,214.6,214.05,214.1,1293
2024-04-15 08:10:00+00:00,214.1,214.7,214.1,214.7,889
2024-04-15 08:15:00+00:00,214.7,214.75,214.3,214.35,361
2024-04-15 08:20:00+00:00,214.35,214.9,214.35,214.6,1964
2024-04-15 08:25:00+00:00,214.6,215.3,214.6,215.3,930
2024-04-15 08:30:00+00:00,215.35,215.35,214.85,214.95,1432
2024-04-15 08:35:00+00:00,214.65,214.95,214.6,214.6,696
2024-04-15 08:40:00+00:00,214.6,214.6,213.1,213.55,4182
2024-04-15 08:45:00+00:00,213.65,214.0,213.35,213.65,2792
2024-04-15 08:50:00+00:00,213.65,213.65,212.5,212.5,2980
2024-04-15 08:55:00+00:00,212.5,212.95,212.5,212.55,1043
2024-04-15 09:00:00+00:00,212.55,213.1,212.0,212.2,6362
2024-04-15 09:05:00+00:00,212.2,213.25,212.2,213.25,714
2024-04-15 09:10:00+00:00,213.25,213.4,212.9,212.95,2796
2024-04-15 09:15:00+00:00,212.95,213.1,212.0,212.0,8195
2024-04-15 09:20:00+00:00,212.4,212.5,212.0,212.5,3427
2024-04-15 09:25:00+00:00,212.5,213.2,212.5,213.1,3617
2024-04-15 09:30:00+00:00,213.1,213.1,212.5,212.55,6616
2024-04-15 09:35:00+00:00,212.55,212.8,212.0,212.0,6354
2024-04-15 09:40:00+00:00,212.0,212.65,210.0,210.9,37883
2024-04-15 09:45:00+00:00,210.9,211.9,210.9,211.75,4706
2024-04-15 09:50:00+00:00,211.75,212.75,211.3,212.1,6875
2024-04-15 09:55:00+00:00,212.1,213.2,212.0,212.2,12006
2024-04-16 03:45:00+00:00,209.05,214.95,209.0,213.45,29427
2024-04-16 03:50:00+00:00,213.45,215.85,212.7,214.5,21213
2024-04-16 03:55:00+00:00,214.5,215.95,214.5,215.1,8680
2024-04-16 04:00:00+00:00,215.1,215.45,214.75,215.15,11724
2024-04-16 04:05:00+00:00,215.15,215.95,215.0,215.15,3466
2024-04-16 04:10:00+00:00,215.15,215.9,215.1,215.85,5100
2024-04-16 04:15:00+00:00,215.55,217.9,215.5,216.5,12770
2024-04-16 04:20:00+00:00,216.5,219.0,216.1,218.75,20234
2024-04-16 04:25:00+00:00,218.5,221.65,218.4,220.45,84381
2024-04-16 04:30:00+00:00,220.45,222.65,220.1,221.85,62470
2024-04-16 04:35:00+00:00,221.85,221.85,220.5,220.65,18087
2024-04-16 04:40:00+00:00,220.65,220.9,219.2,219.95,8472
2024-04-16 04:45:00+00:00,219.5,219.85,218.15,218.8,9146
2024-04-16 04:50:00+00:00,219.2,220.85,219.0,219.6,21071
2024-04-16 04:55:00+00:00,219.45,223.65,219.45,222.75,58305
2024-04-16 05:00:00+00:00,222.95,223.75,221.25,222.95,43124
2024-04-16 05:05:00+00:00,222.8,222.95,219.95,220.55,10997
2024-04-16 05:10:00+00:00,220.55,221.4,219.45,219.45,10514
2024-04-16 05:15:00+00:00,219.0,220.9,219.0,219.6,12242
2024-04-16 05:20:00+00:00,219.35,220.35,219.2,219.6,3253
2024-04-16 05:25:00+00:00,219.6,220.95,219.4,220.8,2837
2024-04-16 05:30:00+00:00,220.8,221.8,220.4,221.0,8452
2024-04-16 05:35:00+00:00,221.0,221.7,220.8,221.1,2992
2024-04-16 05:40:00+00:00,221.1,221.4,220.0,220.5,11375
2024-04-16 05:45:00+00:00,220.5,220.95,219.35,220.95,7054
2024-04-16 05:50:00+00:00,220.95,220.95,220.15,220.4,596
2024-04-16 05:55:00+00:00,220.4,220.45,219.0,219.9,11325
2024-04-16 06:00:00+00:00,219.9,220.45,219.9,220.1,1182
2024-04-16 06:05:00+00:00,220.1,220.7,219.55,219.8,2136
2024-04-16 06:10:00+00:00,219.8,220.4,219.8,220.0,1488
2024-04-16 06:15:00+00:00,219.7,219.7,219.0,219.7,1622
2024-04-16 06:20:00+00:00,219.7,220.0,219.2,219.3,7439
2024-04-16 06:25:00+00:00,219.3,219.35,218.9,219.0,2697
2024-04-16 06:30:00+00:00,219.0,219.45,218.0,218.85,25406
2024-04-16 06:35:00+00:00,218.95,219.65,218.1,218.9,10561
2024-04-16 06:40:00+00:00,218.9,219.45,218.6,219.2,1073
2024-04-16 06:45:00+00:00,219.2,219.2,218.2,219.2,7258
2024-04-16 06:50:00+00:00,219.2,219.2,218.1,218.55,1248
2024-04-16 06:55:00+00:00,218.55,218.55,217.7,217.7,3150
2024-04-16 07:00:00+00:00,217.3,217.95,217.25,217.4,5519
2024-04-16 07:05:00+00:00,217.4,218.0,217.2,217.2,2334
2024-04-16 07:10:00+00:00,217.2,218.05,217.2,217.6,411
2024-04-16 07:15:00+00:00,217.45,219.45,216.05,218.95,73490
2024-04-16 07:20:00+00:00,218.95,219.95,216.1,217.45,74852
2024-04-16 07:25:00+00:00,217.45,217.45,216.15,217.45,14493
2024-04-16 07:30:00+00:00,217.45,218.0,216.8,216.8,3530
2024-04-16 07:35:00+00:00,216.8,217.1,216.8,217.1,268
2024-04-16 07:40:00+00:00,217.1,217.6,216.95,216.95,1294
2024-04-16 07:45:00+00:00,216.8,216.9,216.65,216.8,1900
2024-04-16 07:50:00+00:00,216.8,217.45,216.8,217.4,1131
2024-04-16 07:55:00+00:00,217.4,217.8,217.0,217.8,2154
2024-04-16 08:00:00+00:00,217.8,218.35,217.35,218.35,2895
2024-04-16 08:05:00+00:00,218.35,218.65,217.85,218.25,4447
2024-04-16 08:10:00+00:00,218.25,218.25,217.9,218.0,638
2024-04-16 08:15:00+00:00,218.0,218.85,218.0,218.45,3103
2024-04-16 08:20:00+00:00,218.45,218.45,217.85,218.0,3419
2024-04-16 08:25:00+00:00,218.0,218.0,217.15,217.5,3825
2024-04-16 08:30:00+00:00,217.5,217.5,217.1,217.2,679
2024-04-16 08:35:00+00:00,217.2,217.9,216.8,217.1,2401
2024-04-16 08:40:00+00:00,217.0,217.8,216.4,217.5,6651
2024-04-16 08:45:00+00:00,217.5,217.8,217.2,217.2,2505
2024-04-16 08:50:00+00:00,217.2,217.45,216.4,216.4,1980
2024-04-16 08:55:00+00:00,216.4,216.5,216.2,216.4,2371
2024-04-16 09:00:00+00:00,216.4,216.5,216.0,216.2,1210
2024-04-16 09:05:00+00:00,216.2,216.4,216.1,216.3,1317
2024-04-16 09:10:00+00:00,216.4,216.4,216.0,216.35,1836
2024-04-16 09:15:00+00:00,216.35,216.35,215.6,215.65,1915
2024-04-16 09:20:00+00:00,215.6,215.7,214.1,214.85,23038
2024-04-16 09:25:00+00:00,214.85,215.2,214.7,215.05,1399
2024-04-16 09:30:00+00:00,215.0,215.55,214.85,215.55,1935
2024-04-16 09:35:00+00:00,215.55,215.85,215.15,215.85,5766
2024-04-16 09:40:00+00:00,215.6,215.95,215.5,215.65,4368
2024-04-16 09:45:00+00:00,215.65,215.65,214.85,215.3,6226
2024-04-16 09:50:00+00:00,215.3,215.35,214.55,214.8,10919
2024-04-16 09:55:00+00:00,214.8,216.9,214.75,216.9,8428
2024-04-18 03:45:00+00:00,219.1,224.0,219.1,222.95,68714
2024-04-18 03:50:00+00:00,222.95,227.0,222.05,226.0,74028
2024-04-18 03:55:00+00:00,226.45,228.35,225.0,226.9,84017
2024-04-18 04:00:00+00:00,226.9,232.5,225.95,232.0,211151
2024-04-18 04:05:00+00:00,232.45,232.85,230.0,230.6,146190
2024-04-18 04:10:00+00:00,230.75,230.95,228.0,228.0,64473
2024-04-18 04:15:00+00:00,227.95,228.15,226.35,227.0,23977
2024-04-18 04:20:00+00:00,227.15,228.7,226.35,226.9,18824
2024-04-18 04:25:00+00:00,227.0,227.45,225.5,226.4,15470
2024-04-18 04:30:00+00:00,225.85,227.0,225.4,225.4,14223
2024-04-18 04:35:00+00:00,225.7,226.5,225.0,226.5,37038
2024-04-18 04:40:00+00:00,226.5,228.0,226.0,227.3,15900
2024-04-18 04:45:00+00:00,227.3,228.2,227.05,228.0,9601
2024-04-18 04:50:00+00:00,228.0,228.2,226.6,227.5,10776
2024-04-18 04:55:00+00:00,227.5,227.85,226.6,227.6,9007
2024-04-18 05:00:00+00:00,227.6,230.0,227.6,229.5,32105
2024-04-18 05:05:00+00:00,229.5,230.8,229.1,229.5,35992
2024-04-18 05:10:00+00:00,229.5,230.95,228.35,230.0,18637
2024-04-18 05:15:00+00:00,230.0,230.5,229.0,229.3,9106
2024-04-18 05:20:00+00:00,229.3,229.45,228.0,228.8,4552
2024-04-18 05:25:00+00:00,228.65,229.35,228.05,229.1,10896
2024-04-18 05:30:00+00:00,229.1,236.8,228.8,236.8,344750
2024-04-18 05:35:00+00:00,236.8,236.8,236.8,236.8,56482
2024-04-18 05:40:00+00:00,236.8,236.8,236.8,236.8,10657
2024-04-18 05:45:00+00:00,236.8,236.8,236.8,236.8,10954
2024-04-18 05:50:00+00:00,236.8,236.8,236.8,236.8,9161
2024-04-18 05:55:00+00:00,236.8,236.8,236.8,236.8,15527
2024-04-18 06:00:00+00:00,236.8,236.8,236.8,236.8,8602
2024-04-18 06:05:00+00:00,236.8,236.8,236.8,236.8,5144
2024-04-18 06:10:00+00:00,236.8,236.8,236.8,236.8,2966
2024-04-18 06:15:00+00:00,236.8,236.8,236.8,236.8,1012
2024-04-18 06:20:00+00:00,236.8,236.8,236.8,236.8,1654
2024-04-18 06:25:00+00:00,236.8,236.8,236.8,236.8,2742
2024-04-18 06:30:00+00:00,236.8,236.8,236.8,236.8,3077
2024-04-18 06:35:00+00:00,236.8,236.8,236.8,236.8,4435
2024-04-18 06:40:00+00:00,236.8,236.8,236.8,236.8,3199
2024-04-18 06:45:00+00:00,236.8,236.8,236.8,236.8,1671
2024-04-18 06:50:00+00:00,236.8,236.8,236.8,236.8,882
2024-04-18 06:55:00+00:00,236.8,236.8,236.8,236.8,1109
2024-04-18 07:00:00+00:00,236.8,236.8,236.8,236.8,2055
2024-04-18 07:05:00+00:00,236.8,236.8,236.8,236.8,3475
2024-04-18 07:10:00+00:00,236.8,236.8,236.8,236.8,554
2024-04-18 07:15:00+00:00,236.8,236.8,236.8,236.8,474
2024-04-18 07:20:00+00:00,236.8,236.8,236.8,236.8,371
2024-04-18 07:25:00+00:00,236.8,236.8,236.8,236.8,386
2024-04-18 07:30:00+00:00,236.8,236.8,236.8,236.8,280
2024-04-18 07:35:00+00:00,236.8,236.8,236.8,236.8,155
2024-04-18 07:40:00+00:00,236.8,236.8,236.8,236.8,51640
2024-04-18 07:45:00+00:00,236.8,236.8,236.8,236.8,50674
2024-04-18 07:50:00+00:00,236.8,236.8,236.8,236.8,115
2024-04-18 07:55:00+00:00,236.8,236.8,232.5,234.6,332514
2024-04-18 08:00:00+00:00,234.6,236.8,234.05,236.8,76054
2024-04-18 08:05:00+00:00,236.8,236.8,236.8,236.8,4489
2024-04-18 08:10:00+00:00,236.8,236.8,236.8,236.8,4048
2024-04-18 08:15:00+00:00,236.8,236.8,236.8,236.8,21159
2024-04-18 08:20:00+00:00,236.8,236.8,236.8,236.8,240
2024-04-18 08:25:00+00:00,236.8,236.8,236.8,236.8,364
2024-04-18 08:30:00+00:00,236.8,236.8,236.8,236.8,2115
2024-04-18 08:35:00+00:00,236.8,236.8,236.8,236.8,2057
2024-04-18 08:40:00+00:00,236.8,236.8,236.8,236.8,5885
2024-04-18 08:45:00+00:00,236.8,236.8,236.8,236.8,450
2024-04-18 08:50:00+00:00,236.8,236.8,236.8,236.8,1040
2024-04-18 08:55:00+00:00,236.8,236.8,236.8,236.8,864
2024-04-18 09:00:00+00:00,236.8,236.8,236.8,236.8,759
2024-04-18 09:05:00+00:00,236.8,236.8,236.8,236.8,5781
2024-04-18 09:10:00+00:00,236.8,236.8,233.15,233.15,280208
2024-04-18 09:15:00+00:00,233.3,236.8,232.0,236.8,178262
2024-04-18 09:20:00+00:00,236.8,236.8,236.8,236.8,4885
2024-04-18 09:25:00+00:00,236.8,236.8,233.5,235.75,186357
2024-04-18 09:30:00+00:00,235.75,236.45,234.5,235.5,63556
2024-04-18 09:35:00+00:00,235.5,235.5,230.1,234.0,60983
2024-04-18 09:40:00+00:00,234.0,235.35,232.4,232.9,31986
2024-04-18 09:45:00+00:00,233.0,235.7,232.9,234.4,54590
2024-04-18 09:50:00+00:00,234.4,235.8,232.1,235.3,68701
2024-04-18 09:55:00+00:00,235.45,236.8,235.1,236.8,215733
2024-04-19 03:45:00+00:00,230.05,237.35,230.0,234.1,202317
2024-04-19 03:50:00+00:00,234.05,237.0,230.65,237.0,176111
2024-04-19 03:55:00+00:00,236.95,244.5,235.4,244.2,415313
2024-04-19 04:00:00+00:00,244.55,247.35,241.2,241.85,257919
2024-04-19 04:05:00+00:00,241.85,247.4,239.95,246.45,220373
2024-04-19 04:10:00+00:00,246.5,248.9,243.75,248.3,151602
2024-04-19 04:15:00+00:00,248.45,251.75,245.55,249.85,313929
2024-04-19 04:20:00+00:00,249.85,253.75,245.8,246.4,256144
2024-04-19 04:25:00+00:00,246.6,247.25,242.05,243.95,194849
2024-04-19 04:30:00+00:00,244.0,251.8,244.0,248.5,125541
2024-04-19 04:35:00+00:00,248.2,255.2,247.8,254.75,225456
2024-04-19 04:40:00+00:00,254.6,255.3,252.3,254.3,134689
2024-04-19 04:45:00+00:00,254.3,256.7,254.3,255.7,167290
2024-04-19 04:50:00+00:00,255.7,256.7,253.65,256.25,91222
2024-04-19 04:55:00+00:00,256.0,258.0,255.55,256.15,243988
2024-04-19 05:00:00+00:00,256.15,256.9,254.0,256.9,60227
2024-04-19 05:05:00+00:00,256.9,258.8,256.9,258.8,1387422
2024-04-19 05:10:00+00:00,258.8,258.8,258.8,258.8,40046
2024-04-19 05:15:00+00:00,258.8,258.8,256.85,258.8,629408
2024-04-19 05:20:00+00:00,258.8,258.8,258.8,258.8,16040
2024-04-19 05:25:00+00:00,258.8,258.8,258.8,258.8,5812
2024-04-19 05:30:00+00:00,258.8,258.8,258.8,258.8,16907
2024-04-19 05:35:00+00:00,258.8,258.8,258.8,258.8,11274
2024-04-19 05:40:00+00:00,258.8,258.8,258.8,258.8,8195
2024-04-19 05:45:00+00:00,258.8,258.8,258.8,258.8,10010
2024-04-19 05:50:00+00:00,258.8,258.8,258.8,258.8,2933
2024-04-19 05:55:00+00:00,258.8,258.8,258.8,258.8,654
2024-04-19 06:00:00+00:00,258.8,258.8,258.8,258.8,1863
2024-04-19 06:05:00+00:00,258.8,258.8,258.8,258.8,2584
2024-04-19 06:10:00+00:00,258.8,258.8,258.8,258.8,1050
2024-04-19 06:15:00+00:00,258.8,258.8,258.8,258.8,2602
2024-04-19 06:20:00+00:00,258.8,258.8,258.8,258.8,1184
2024-04-19 06:25:00+00:00,258.8,258.8,258.8,258.8,1597
2024-04-19 06:30:00+00:00,258.8,258.8,258.8,258.8,907
2024-04-19 06:35:00+00:00,258.8,258.8,258.8,258.8,630
2024-04-19 06:40:00+00:00,258.8,258.8,258.8,258.8,5582
2024-04-19 06:45:00+00:00,258.8,258.8,258.8,258.8,280
2024-04-19 06:50:00+00:00,258.8,258.8,258.8,258.8,1706
2024-04-19 06:55:00+00:00,258.8,258.8,258.8,258.8,1308
2024-04-19 07:00:00+00:00,258.8,258.8,258.8,258.8,1194
2024-04-19 07:05:00+00:00,258.8,258.8,258.8,258.8,42
2024-04-19 07:10:00+00:00,258.8,258.8,258.8,258.8,1221
2024-04-19 07:15:00+00:00,258.8,258.8,258.8,258.8,1055
2024-04-19 07:20:00+00:00,258.8,258.8,258.8,258.8,8860
2024-04-19 07:25:00+00:00,258.8,258.8,258.8,258.8,762
2024-04-19 07:30:00+00:00,258.8,258.8,258.8,258.8,354
2024-04-19 07:35:00+00:00,258.8,258.8,258.8,258.8,759
2024-04-19 07:40:00+00:00,258.8,258.8,258.8,258.8,1412
2024-04-19 07:45:00+00:00,258.8,258.8,258.8,258.8,424
2024-04-19 07:50:00+00:00,258.8,258.8,258.8,258.8,807
2024-04-19 07:55:00+00:00,258.8,258.8,258.8,258.8,253
2024-04-19 08:00:00+00:00,258.8,258.8,258.8,258.8,166
2024-04-19 08:05:00+00:00,258.8,258.8,258.8,258.8,1231
2024-04-19 08:10:00+00:00,258.8,258.8,258.8,258.8,355
2024-04-19 08:15:00+00:00,258.8,258.8,258.8,258.8,705
2024-04-19 08:20:00+00:00,258.8,258.8,258.8,258.8,1578
2024-04-19 08:25:00+00:00,258.8,258.8,258.8,258.8,816
2024-04-19 08:30:00+00:00,258.8,258.8,258.8,258.8,691
2024-04-19 08:35:00+00:00,258.8,258.8,258.8,258.8,596
2024-04-19 08:40:00+00:00,258.8,258.8,258.8,258.8,1346
2024-04-19 08:45:00+00:00,258.8,258.8,258.8,258.8,1972
2024-04-19 08:50:00+00:00,258.8,258.8,258.8,258.8,228
2024-04-19 08:55:00+00:00,258.8,258.8,258.8,258.8,191
2024-04-19 09:00:00+00:00,258.8,258.8,258.8,258.8,1310
2024-04-19 09:05:00+00:00,258.8,258.8,258.8,258.8,261
2024-04-19 09:10:00+00:00,258.8,258.8,258.8,258.8,783
2024-04-19 09:15:00+00:00,258.8,258.8,258.8,258.8,1169
2024-04-19 09:20:00+00:00,258.8,258.8,258.8,258.8,1254
2024-04-19 09:25:00+00:00,258.8,258.8,258.8,258.8,524
2024-04-19 09:30:00+00:00,258.8,258.8,258.8,258.8,6695
2024-04-19 09:35:00+00:00,258.8,258.8,258.8,258.8,3705
2024-04-19 09:40:00+00:00,258.8,258.8,258.8,258.8,3085
2024-04-19 09:45:00+00:00,258.8,258.8,258.8,258.8,1141
2024-04-19 09:50:00+00:00,258.8,258.8,258.8,258.8,1035
2024-04-19 09:55:00+00:00,258.8,258.8,258.8,258.8,6149
2024-04-22 03:45:00+00:00,276.9,279.45,269.4,271.7,534429
2024-04-22 03:50:00+00:00,271.7,277.0,267.15,276.95,289903
2024-04-22 03:55:00+00:00,277.0,281.0,271.1,271.2,247260
2024-04-22 04:00:00+00:00,271.7,274.8,270.1,272.55,135090
2024-04-22 04:05:00+00:00,272.6,273.5,268.5,270.8,109262
2024-04-22 04:10:00+00:00,270.8,271.8,265.55,270.45,114823
2024-04-22 04:15:00+00:00,270.7,270.95,269.0,269.0,33203
2024-04-22 04:20:00+00:00,269.0,272.25,269.0,272.25,36306
2024-04-22 04:25:00+00:00,272.25,280.05,271.0,277.5,188165
2024-04-22 04:30:00+00:00,277.85,278.65,274.6,275.0,45874
2024-04-22 04:35:00+00:00,275.0,276.0,274.55,274.95,35738
2024-04-22 04:40:00+00:00,274.95,276.0,272.55,274.9,41326
2024-04-22 04:45:00+00:00,274.9,275.2,273.0,273.6,16440
2024-04-22 04:50:00+00:00,273.6,274.8,273.5,274.2,12744
2024-04-22 04:55:00+00:00,274.2,278.0,274.05,276.85,32995
2024-04-22 05:00:00+00:00,276.85,277.5,276.45,276.9,31943
2024-04-22 05:05:00+00:00,276.9,279.0,276.5,278.1,38320
2024-04-22 05:10:00+00:00,278.1,278.1,275.85,276.3,18798
2024-04-22 05:15:00+00:00,276.3,277.5,276.15,277.25,15573
2024-04-22 05:20:00+00:00,277.25,278.9,277.0,278.45,23936
2024-04-22 05:25:00+00:00,278.9,279.0,277.25,277.3,41665
2024-04-22 05:30:00+00:00,277.3,277.3,275.4,276.55,22576
2024-04-22 05:35:00+00:00,276.55,278.95,276.0,278.95,15276
2024-04-22 05:40:00+00:00,278.95,279.35,277.3,277.85,14068
2024-04-22 05:45:00+00:00,277.85,278.0,276.65,277.25,8831
2024-04-22 05:50:00+00:00,277.25,277.95,277.0,277.0,5099
2024-04-22 05:55:00+00:00,277.0,277.6,276.65,277.05,6712
2024-04-22 06:00:00+00:00,277.05,278.85,276.05,276.8,24633
2024-04-22 06:05:00+00:00,276.8,277.6,276.8,277.0,7373
2024-04-22 06:10:00+00:00,277.0,278.15,276.9,278.0,5497
2024-04-22 06:15:00+00:00,277.7,278.85,277.6,278.4,8901
2024-04-22 06:20:00+00:00,278.45,279.75,278.45,279.0,18077
2024-04-22 06:25:00+00:00,279.0,279.0,278.0,278.7,4858
2024-04-22 06:30:00+00:00,278.75,279.2,276.55,276.9,23613
2024-04-22 06:35:00+00:00,276.65,277.0,276.05,276.4,6941
2024-04-22 06:40:00+00:00,276.4,276.45,275.5,275.7,13282
2024-04-22 06:45:00+00:00,275.7,276.0,275.0,275.65,10246
2024-04-22 06:50:00+00:00,275.65,276.0,275.05,275.55,16320
2024-04-22 06:55:00+00:00,275.55,275.95,274.6,275.0,14142
2024-04-22 07:00:00+00:00,275.0,275.95,274.8,275.55,8682
2024-04-22 07:05:00+00:00,275.55,276.0,275.2,275.8,6404
2024-04-22 07:10:00+00:00,275.8,275.8,275.05,275.3,4242
2024-04-22 07:15:00+00:00,275.3,275.5,274.6,275.15,17377
2024-04-22 07:20:00+00:00,275.15,275.3,274.7,274.9,3034
2024-04-22 07:25:00+00:00,274.9,275.2,274.55,274.9,19771
2024-04-22 07:30:00+00:00,274.9,275.4,274.55,275.0,9600
2024-04-22 07:35:00+00:00,275.35,275.5,275.0,275.4,4306
2024-04-22 07:40:00+00:00,275.4,275.45,275.0,275.3,4373
2024-04-22 07:45:00+00:00,275.25,275.45,275.15,275.4,3823
2024-04-22 07:50:00+00:00,275.45,280.8,275.1,279.4,89958
2024-04-22 07:55:00+00:00,279.4,279.75,277.45,278.5,29909
2024-04-22 08:00:00+00:00,278.15,278.55,276.5,276.65,8788
2024-04-22 08:05:00+00:00,276.65,277.0,276.1,277.0,7681
2024-04-22 08:10:00+00:00,277.0,277.95,276.6,277.85,3434
2024-04-22 08:15:00+00:00,277.85,278.4,275.95,278.15,22222
2024-04-22 08:20:00+00:00,278.0,283.0,277.3,282.8,91751
2024-04-22 08:25:00+00:00,282.7,284.65,282.15,284.65,210753
2024-04-22 08:30:00+00:00,284.65,284.65,284.65,284.65,13724
2024-04-22 08:35:00+00:00,284.65,284.65,284.65,284.65,8138
2024-04-22 08:40:00+00:00,284.65,284.65,284.65,284.65,1684
2024-04-22 08:45:00+00:00,284.65,284.65,284.65,284.65,1863
2024-04-22 08:50:00+00:00,284.65,284.65,284.65,284.65,2729
2024-04-22 08:55:00+00:00,284.65,284.65,284.65,284.65,3472
2024-04-22 09:00:00+00:00,284.65,284.65,284.65,284.65,1296
2024-04-22 09:05:00+00:00,284.65,284.65,284.65,284.65,60404
2024-04-22 09:10:00+00:00,284.65,284.65,284.65,284.65,7077
2024-04-22 09:15:00+00:00,284.65,284.65,284.65,284.65,292
2024-04-22 09:20:00+00:00,284.65,284.65,284.65,284.65,749
2024-04-22 09:25:00+00:00,284.65,284.65,284.65,284.65,2134
2024-04-22 09:30:00+00:00,284.65,284.65,284.65,284.65,502
2024-04-22 09:35:00+00:00,284.65,284.65,284.65,284.65,13833
2024-04-22 09:40:00+00:00,284.65,284.65,284.65,284.65,1587
2024-04-22 09:45:00+00:00,284.65,284.65,284.65,284.65,11343
2024-04-22 09:50:00+00:00,284.65,284.65,284.65,284.65,4111
2024-04-22 09:55:00+00:00,284.65,284.65,284.65,284.65,769
2024-04-23 03:45:00+00:00,296.0,296.0,285.05,292.1,430694
2024-04-23 03:50:00+00:00,292.4,292.8,291.0,291.8,152842
2024-04-23 03:55:00+00:00,291.8,293.2,283.45,283.45,205658
2024-04-23 04:00:00+00:00,283.35,283.9,277.45,280.75,183058
2024-04-23 04:05:00+00:00,280.7,283.7,280.65,283.7,49649
2024-04-23 04:10:00+00:00,283.75,286.5,283.0,285.2,101091
2024-04-23 04:15:00+00:00,285.2,287.0,284.5,287.0,25438
2024-04-23 04:20:00+00:00,287.0,288.5,286.05,288.1,28279
2024-04-23 04:25:00+00:00,288.0,288.45,285.0,285.5,29437
2024-04-23 04:30:00+00:00,285.5,285.95,281.8,283.35,22827
2024-04-23 04:35:00+00:00,283.35,283.5,280.5,282.8,31777
2024-04-23 04:40:00+00:00,282.8,283.45,282.25,283.15,8475
2024-04-23 04:45:00+00:00,283.15,283.2,280.0,280.05,20063
2024-04-23 04:50:00+00:00,280.05,280.35,275.65,277.2,72355
2024-04-23 04:55:00+00:00,277.2,279.7,276.75,278.0,28166
2024-04-23 05:00:00+00:00,278.0,278.75,277.0,278.0,19281
2024-04-23 05:05:00+00:00,278.05,278.2,277.05,277.5,7887
2024-04-23 05:10:00+00:00,277.65,278.05,275.95,277.1,37126
2024-04-23 05:15:00+00:00,277.1,278.1,275.55,278.1,22764
2024-04-23 05:20:00+00:00,278.35,279.4,278.2,279.4,18866
2024-04-23 05:25:00+00:00,278.05,278.25,277.4,277.5,2313
2024-04-23 05:30:00+00:00,277.5,277.8,276.05,277.05,32139
2024-04-23 05:35:00+00:00,277.05,278.4,276.65,278.0,14768
2024-04-23 05:40:00+00:00,278.0,278.4,277.35,278.15,7617
2024-04-23 05:45:00+00:00,278.15,279.7,277.9,279.6,12160
2024-04-23 05:50:00+00:00,279.6,279.9,279.1,279.55,10886
2024-04-23 05:55:00+00:00,279.55,282.4,279.55,282.0,20599
2024-04-23 06:00:00+00:00,282.0,282.45,281.0,281.0,10285
2024-04-23 06:05:00+00:00,281.35,281.9,280.1,280.1,10891
2024-04-23 06:10:00+00:00,280.05,280.65,279.65,279.8,4819
2024-04-23 06:15:00+00:00,279.8,280.85,279.8,280.4,1880
2024-04-23 06:20:00+00:00,280.4,280.4,279.15,279.95,3666
2024-04-23 06:25:00+00:00,279.95,280.3,279.5,279.6,1571
2024-04-23 06:30:00+00:00,279.6,279.6,279.0,279.2,1815
2024-04-23 06:35:00+00:00,279.2,279.55,278.6,278.6,3676
2024-04-23 06:40:00+00:00,278.6,279.5,278.3,278.5,4605
2024-04-23 06:45:00+00:00,278.0,278.95,276.6,277.55,20177
2024-04-23 06:50:00+00:00,277.55,277.75,276.55,277.3,5490
2024-04-23 06:55:00+00:00,277.3,277.85,277.1,277.15,3372
2024-04-23 07:00:00+00:00,277.15,277.7,276.55,277.5,5603
2024-04-23 07:05:00+00:00,277.5,277.5,275.6,275.75,9922
2024-04-23 07:10:00+00:00,275.95,276.45,275.25,275.6,5691
2024-04-23 07:15:00+00:00,275.6,276.2,275.1,275.5,9528
2024-04-23 07:20:00+00:00,275.5,276.25,275.4,276.2,5546
2024-04-23 07:25:00+00:00,276.2,276.25,275.0,275.5,15820
2024-04-23 07:30:00+00:00,275.5,276.0,274.55,275.7,17608
2024-04-23 07:35:00+00:00,275.75,276.15,275.05,275.3,5552
2024-04-23 07:40:00+00:00,275.3,275.7,274.4,274.4,11084
2024-04-23 07:45:00+00:00,274.4,274.5,273.1,273.95,23243
2024-04-23 07:50:00+00:00,273.95,274.3,273.15,273.95,10451
2024-04-23 07:55:00+00:00,273.95,274.65,273.1,273.95,6091
2024-04-23 08:00:00+00:00,274.0,274.0,273.05,273.95,8231
2024-04-23 08:05:00+00:00,273.95,276.15,273.55,275.95,11781
2024-04-23 08:10:00+00:00,275.95,276.7,275.35,276.4,10177
2024-04-23 08:15:00+00:00,276.4,276.4,274.3,274.3,5713
2024-04-23 08:20:00+00:00,274.3,274.6,272.65,273.6,28068
2024-04-23 08:25:00+00:00,273.6,274.1,273.5,273.55,6876
2024-04-23 08:30:00+00:00,273.75,274.4,273.55,274.1,5758
2024-04-23 08:35:00+00:00,274.1,274.1,272.0,272.0,14789
2024-04-23 08:40:00+00:00,272.2,273.2,270.45,270.45,100753
2024-04-23 08:45:00+00:00,270.45,270.45,270.45,270.45,8717
2024-04-23 08:50:00+00:00,270.45,270.45,270.45,270.45,6279
2024-04-23 08:55:00+00:00,270.45,270.45,270.45,270.45,4070
2024-04-23 09:00:00+00:00,270.45,270.45,270.45,270.45,1560
2024-04-23 09:05:00+00:00,270.45,270.45,270.45,270.45,3254
2024-04-23 09:10:00+00:00,270.45,270.45,270.45,270.45,2360
2024-04-23 09:15:00+00:00,270.45,270.45,270.45,270.45,6688
2024-04-23 09:20:00+00:00,270.45,270.45,270.45,270.45,2061
2024-04-23 09:25:00+00:00,270.45,270.45,270.45,270.45,3076
2024-04-23 09:30:00+00:00,270.45,270.45,270.45,270.45,2769
2024-04-23 09:35:00+00:00,270.45,270.45,270.45,270.45,1756
2024-04-23 09:40:00+00:00,270.45,270.45,270.45,270.45,994
2024-04-23 09:45:00+00:00,270.45,270.45,270.45,270.45,5570
2024-04-23 09:50:00+00:00,270.45,270.45,270.45,270.45,5459
2024-04-23 09:55:00+00:00,270.45,270.45,270.45,270.45,7726
2024-04-24 03:45:00+00:00,260.0,275.75,260.0,275.0,174628
2024-04-24 03:50:00+00:00,275.0,276.55,267.95,276.5,93582
2024-04-24 03:55:00+00:00,276.8,277.7,269.7,269.7,68340
2024-04-24 04:00:00+00:00,269.95,270.0,264.35,268.0,53136
2024-04-24 04:05:00+00:00,268.2,272.7,268.0,272.25,23040
2024-04-24 04:10:00+00:00,272.25,272.6,268.0,268.65,29501
2024-04-24 04:15:00+00:00,268.15,268.95,265.75,266.8,17797
2024-04-24 04:20:00+00:00,266.8,269.4,266.5,269.2,25261
2024-04-24 04:25:00+00:00,269.2,269.45,268.05,268.05,8136
2024-04-24 04:30:00+00:00,268.05,268.9,268.05,268.4,4866
2024-04-24 04:35:00+00:00,268.4,268.4,265.3,265.45,14449
2024-04-24 04:40:00+00:00,265.45,267.8,265.0,267.8,11313
2024-04-24 04:45:00+00:00,267.8,268.4,267.5,267.7,4013
2024-04-24 04:50:00+00:00,267.7,268.5,267.7,267.9,6882
2024-04-24 04:55:00+00:00,267.9,268.7,267.8,268.6,8039
2024-04-24 05:00:00+00:00,268.6,269.0,268.35,268.75,7835
2024-04-24 05:05:00+00:00,268.75,272.25,268.5,272.25,19796
2024-04-24 05:10:00+00:00,271.85,273.0,271.0,272.55,9375
2024-04-24 05:15:00+00:00,272.55,272.55,270.5,271.95,5368
2024-04-24 05:20:00+00:00,271.55,273.85,271.55,272.7,9401
2024-04-24 05:25:00+00:00,272.7,273.95,272.05,273.7,11861
2024-04-24 05:30:00+00:00,273.7,276.8,273.7,276.45,32368
2024-04-24 05:35:00+00:00,276.45,276.45,273.4,274.7,14749
2024-04-24 05:40:00+00:00,274.35,274.75,273.55,273.8,4067
2024-04-24 05:45:00+00:00,273.8,273.8,273.3,273.3,5144
2024-04-24 05:50:00+00:00,273.45,273.9,273.3,273.9,2818
2024-04-24 05:55:00+00:00,273.9,274.7,273.35,273.95,5085
2024-04-24 06:00:00+00:00,273.6,274.1,273.25,273.4,2356
2024-04-24 06:05:00+00:00,273.25,273.4,271.5,271.5,3419
2024-04-24 06:10:00+00:00,272.05,272.5,271.1,271.85,3924
2024-04-24 06:15:00+00:00,271.85,272.0,271.35,271.8,938
2024-04-24 06:20:00+00:00,271.8,272.0,271.5,271.55,1667
2024-04-24 06:25:00+00:00,271.55,271.55,270.0,270.7,12092
2024-04-24 06:30:00+00:00,270.3,272.9,270.2,272.9,5784
2024-04-24 06:35:00+00:00,272.5,272.95,272.5,272.9,3223
2024-04-24 06:40:00+00:00,272.9,272.95,272.15,272.15,1307
2024-04-24 06:45:00+00:00,272.15,273.3,271.95,273.0,4622
2024-04-24 06:50:00+00:00,273.0,273.95,272.95,273.3,2831
2024-04-24 06:55:00+00:00,273.3,273.3,272.7,272.7,1390
2024-04-24 07:00:00+00:00,272.7,272.95,272.5,272.5,774
2024-04-24 07:05:00+00:00,272.5,272.6,272.1,272.3,1300
2024-04-24 07:10:00+00:00,272.2,273.15,272.2,272.45,4336
2024-04-24 07:15:00+00:00,272.45,272.85,272.2,272.65,3923
2024-04-24 07:20:00+00:00,272.65,272.75,271.05,272.0,5949
2024-04-24 07:25:00+00:00,272.0,273.0,272.0,272.5,5189
2024-04-24 07:30:00+00:00,272.5,273.15,272.3,273.15,2553
2024-04-24 07:35:00+00:00,273.1,273.25,272.85,273.0,4763
2024-04-24 07:40:00+00:00,273.0,273.95,272.85,273.95,3618
2024-04-24 07:45:00+00:00,273.95,276.75,273.5,276.45,26188
2024-04-24 07:50:00+00:00,276.45,276.6,273.85,275.45,4641
2024-04-24 07:55:00+00:00,276.0,276.0,274.95,275.0,3804
2024-04-24 08:00:00+00:00,275.0,276.0,274.9,276.0,8314
2024-04-24 08:05:00+00:00,276.0,276.0,274.45,274.45,6387
2024-04-24 08:10:00+00:00,274.45,275.0,274.25,274.8,2526
2024-04-24 08:15:00+00:00,274.8,275.0,274.45,275.0,2643
2024-04-24 08:20:00+00:00,275.0,275.0,274.25,274.25,1599
2024-04-24 08:25:00+00:00,274.4,274.45,271.35,271.4,7991
2024-04-24 08:30:00+00:00,271.75,273.95,271.75,273.95,4909
2024-04-24 08:35:00+00:00,272.95,273.9,272.85,273.15,2324
2024-04-24 08:40:00+00:00,272.85,273.2,272.5,272.5,1096
2024-04-24 08:45:00+00:00,272.5,273.45,272.0,273.45,3668
2024-04-24 08:50:00+00:00,273.45,273.5,272.95,273.0,1718
2024-04-24 08:55:00+00:00,273.0,273.0,271.45,271.85,4205
2024-04-24 09:00:00+00:00,271.85,273.4,271.85,272.95,2573
2024-04-24 09:05:00+00:00,272.95,273.35,272.0,272.05,5554
2024-04-24 09:10:00+00:00,272.05,272.45,272.0,272.0,10446
2024-04-24 09:15:00+00:00,272.0,272.9,272.0,272.5,2224
2024-04-24 09:20:00+00:00,272.5,272.5,272.0,272.05,2664
2024-04-24 09:25:00+00:00,272.05,272.5,272.05,272.05,1256
2024-04-24 09:30:00+00:00,272.05,272.5,268.4,268.95,22826
2024-04-24 09:35:00+00:00,268.95,269.85,268.95,269.5,10972
2024-04-24 09:40:00+00:00,269.5,269.5,268.5,268.5,4633
2024-04-24 09:45:00+00:00,268.5,269.15,268.0,268.75,5630
2024-04-24 09:50:00+00:00,268.95,269.5,267.05,267.5,13765
2024-04-24 09:55:00+00:00,267.55,268.4,266.0,267.05,25150
2024-04-25 03:45:00+00:00,271.2,273.8,263.8,272.6,24270
2024-04-25 03:50:00+00:00,272.6,272.6,268.8,269.15,12429
2024-04-25 03:55:00+00:00,269.15,271.0,267.55,268.1,8955
2024-04-25 04:00:00+00:00,268.9,273.1,268.2,272.45,19393
2024-04-25 04:05:00+00:00,272.45,272.45,269.2,269.25,7955
2024-04-25 04:10:00+00:00,269.25,272.75,269.25,272.75,10410
2024-04-25 04:15:00+00:00,272.75,272.75,270.1,270.1,1911
2024-04-25 04:20:00+00:00,270.1,271.75,270.1,271.2,3699
2024-04-25 04:25:00+00:00,271.2,272.1,270.5,271.45,5401
2024-04-25 04:30:00+00:00,271.45,272.65,271.0,272.6,2238
2024-04-25 04:35:00+00:00,272.0,272.8,272.0,272.2,3482
2024-04-25 04:40:00+00:00,272.2,272.5,272.2,272.5,1012
2024-04-25 04:45:00+00:00,272.5,273.35,272.3,273.05,6582
2024-04-25 04:50:00+00:00,273.05,282.15,273.05,282.15,132534
2024-04-25 04:55:00+00:00,282.15,282.15,282.15,282.15,12442
2024-04-25 05:00:00+00:00,282.15,282.15,282.15,282.15,4987
2024-04-25 05:05:00+00:00,282.15,282.15,282.15,282.15,6076
2024-04-25 05:10:00+00:00,282.15,282.15,282.15,282.15,1633
2024-04-25 05:15:00+00:00,282.15,282.15,282.15,282.15,2776
2024-04-25 05:20:00+00:00,282.15,282.15,282.15,282.15,11735
2024-04-25 05:25:00+00:00,282.15,282.15,282.15,282.15,24634
2024-04-25 05:30:00+00:00,282.15,282.15,282.15,282.15,1006
2024-04-25 05:35:00+00:00,282.15,282.15,282.15,282.15,1647
2024-04-25 05:40:00+00:00,282.15,282.15,282.15,282.15,3355
2024-04-25 05:45:00+00:00,282.15,282.15,282.15,282.15,3224
2024-04-25 05:50:00+00:00,282.15,282.15,282.15,282.15,2425
2024-04-25 05:55:00+00:00,282.15,282.15,282.15,282.15,727
2024-04-25 06:00:00+00:00,282.15,282.15,282.15,282.15,1198
2024-04-25 06:05:00+00:00,282.15,282.15,282.15,282.15,2365
2024-04-25 06:10:00+00:00,282.15,282.15,282.15,282.15,388
2024-04-25 06:15:00+00:00,282.15,282.15,282.15,282.15,28
2024-04-25 06:20:00+00:00,282.15,282.15,282.15,282.15,6193
2024-04-25 06:25:00+00:00,282.15,282.15,282.15,282.15,1539
2024-04-25 06:30:00+00:00,282.15,282.15,282.15,282.15,297
2024-04-25 06:35:00+00:00,282.15,282.15,282.15,282.15,617
2024-04-25 06:40:00+00:00,282.15,282.15,282.15,282.15,25
2024-04-25 06:45:00+00:00,282.15,282.15,282.15,282.15,147
2024-04-25 06:50:00+00:00,282.15,282.15,282.15,282.15,100
2024-04-25 06:55:00+00:00,282.15,282.15,282.15,282.15,75
2024-04-25 07:00:00+00:00,282.15,282.15,282.15,282.15,566
2024-04-25 07:05:00+00:00,282.15,282.15,282.15,282.15,1061
2024-04-25 07:10:00+00:00,282.15,282.15,282.15,282.15,361
2024-04-25 07:15:00+00:00,282.15,282.15,282.15,282.15,2500
2024-04-25 07:20:00+00:00,282.15,282.15,282.15,282.15,562
2024-04-25 07:25:00+00:00,282.15,282.15,282.15,282.15,259
2024-04-25 07:30:00+00:00,282.15,282.15,282.15,282.15,97
2024-04-25 07:35:00+00:00,282.15,282.15,282.15,282.15,101
2024-04-25 07:40:00+00:00,282.15,282.15,282.15,282.15,454
2024-04-25 07:45:00+00:00,282.15,282.15,282.15,282.15,710
2024-04-25 07:50:00+00:00,282.15,282.15,282.15,282.15,305
2024-04-25 07:55:00+00:00,282.15,282.15,282.15,282.15,274
2024-04-25 08:00:00+00:00,282.15,282.15,282.15,282.15,480
2024-04-25 08:05:00+00:00,282.15,282.15,282.15,282.15,658
2024-04-25 08:10:00+00:00,282.15,282.15,282.15,282.15,212
2024-04-25 08:15:00+00:00,282.15,282.15,282.15,282.15,31
2024-04-25 08:20:00+00:00,282.15,282.15,282.15,282.15,264
2024-04-25 08:25:00+00:00,282.15,282.15,282.15,282.15,224
2024-04-25 08:30:00+00:00,282.15,282.15,282.15,282.15,236
2024-04-25 08:35:00+00:00,282.15,282.15,282.15,282.15,659
2024-04-25 08:40:00+00:00,282.15,282.15,282.15,282.15,10335
2024-04-25 08:45:00+00:00,282.15,282.15,282.15,282.15,99
2024-04-25 08:50:00+00:00,282.15,282.15,282.15,282.15,2580
2024-04-25 08:55:00+00:00,282.15,282.15,282.15,282.15,4770
2024-04-25 09:00:00+00:00,282.15,282.15,282.15,282.15,186
2024-04-25 09:05:00+00:00,282.15,282.15,282.15,282.15,154
2024-04-25 09:10:00+00:00,282.15,282.15,282.15,282.15,155
2024-04-25 09:15:00+00:00,282.15,282.15,282.15,282.15,322
2024-04-25 09:20:00+00:00,282.15,282.15,282.15,282.15,450
2024-04-25 09:25:00+00:00,282.15,282.15,282.15,282.15,2535
2024-04-25 09:30:00+00:00,282.15,282.15,282.15,282.15,579
2024-04-25 09:35:00+00:00,282.15,282.15,282.15,282.15,739
2024-04-25 09:40:00+00:00,282.15,282.15,282.15,282.15,638
2024-04-25 09:45:00+00:00,282.15,282.15,282.15,282.15,92
2024-04-25 09:50:00+00:00,282.15,282.15,282.15,282.15,907
2024-04-25 09:55:00+00:00,282.15,282.15,282.15,282.15,5544
2024-04-26 03:45:00+00:00,281.9,281.9,278.55,280.45,96250
2024-04-26 03:50:00+00:00,280.45,280.45,276.9,278.8,43666
2024-04-26 03:55:00+00:00,278.8,279.5,277.25,279.45,23978
2024-04-26 04:00:00+00:00,279.15,289.15,279.0,286.25,119780
2024-04-26 04:05:00+00:00,286.25,288.95,282.55,286.5,86326
2024-04-26 04:10:00+00:00,286.5,287.1,283.6,285.6,28793
2024-04-26 04:15:00+00:00,285.6,285.6,282.55,284.7,20421
2024-04-26 04:20:00+00:00,284.9,285.15,282.55,283.4,16579
2024-04-26 04:25:00+00:00,283.4,284.85,282.55,284.1,15167
2024-04-26 04:30:00+00:00,284.1,284.1,282.0,282.0,10673
2024-04-26 04:35:00+00:00,281.25,283.0,278.95,279.65,38378
2024-04-26 04:40:00+00:00,279.65,281.9,279.5,279.9,18031
2024-04-26 04:45:00+00:00,279.9,282.35,279.9,280.9,9966
2024-04-26 04:50:00+00:00,280.9,282.6,280.5,282.45,5476
2024-04-26 04:55:00+00:00,282.45,282.45,280.25,281.45,3536
2024-04-26 05:00:00+00:00,281.45,282.8,280.3,282.5,5734
2024-04-26 05:05:00+00:00,282.5,282.7,280.95,281.45,11277
2024-04-26 05:10:00+00:00,281.45,282.45,280.9,281.95,3300
2024-04-26 05:15:00+00:00,281.95,282.25,281.55,281.85,2493
2024-04-26 05:20:00+00:00,281.85,281.85,280.5,280.7,2394
2024-04-26 05:25:00+00:00,280.7,281.35,280.5,281.25,3141
2024-04-26 05:30:00+00:00,281.25,281.25,280.0,280.65,4172
2024-04-26 05:35:00+00:00,281.0,281.0,280.25,280.7,5393
2024-04-26 05:40:00+00:00,280.7,281.95,280.5,281.55,2981
2024-04-26 05:45:00+00:00,281.15,281.55,280.8,280.8,1399
2024-04-26 05:50:00+00:00,280.8,281.25,280.8,281.25,602
2024-04-26 05:55:00+00:00,281.25,281.25,280.8,280.8,2256
2024-04-26 06:00:00+00:00,280.8,280.8,279.55,279.6,8549
2024-04-26 06:05:00+00:00,279.6,279.75,278.6,279.75,4351
2024-04-26 06:10:00+00:00,279.75,279.9,278.55,279.15,2677
2024-04-26 06:15:00+00:00,279.15,279.25,277.55,278.0,9948
2024-04-26 06:20:00+00:00,278.0,278.5,277.0,277.1,8366
2024-04-26 06:25:00+00:00,277.1,279.45,277.1,279.35,4161
2024-04-26 06:30:00+00:00,279.35,279.45,278.0,278.0,6501
2024-04-26 06:35:00+00:00,277.55,278.5,275.2,275.2,16497
2024-04-26 06:40:00+00:00,275.2,276.55,275.05,276.1,9706
2024-04-26 06:45:00+00:00,276.1,277.45,276.1,276.65,4096
2024-04-26 06:50:00+00:00,276.1,278.1,276.0,277.95,4532
2024-04-26 06:55:00+00:00,277.95,278.7,276.0,276.5,13635
2024-04-26 07:00:00+00:00,276.5,276.5,275.9,275.9,8640
2024-04-26 07:05:00+00:00,276.45,276.5,275.0,276.3,7695
2024-04-26 07:10:00+00:00,276.3,276.45,275.85,276.15,1816
2024-04-26 07:15:00+00:00,276.2,276.5,276.2,276.2,5614
2024-04-26 07:20:00+00:00,276.2,276.25,276.0,276.0,3365
2024-04-26 07:25:00+00:00,276.0,276.5,276.0,276.35,3251
2024-04-26 07:30:00+00:00,276.35,277.0,275.7,276.3,4581
2024-04-26 07:35:00+00:00,276.3,276.3,275.6,275.6,1786
2024-04-26 07:40:00+00:00,276.25,276.8,275.55,275.7,5778
2024-04-26 07:45:00+00:00,275.7,276.65,275.3,276.0,4124
2024-04-26 07:50:00+00:00,275.5,275.9,272.0,274.0,24992
2024-04-26 07:55:00+00:00,273.95,274.0,272.3,272.8,4809
2024-04-26 08:00:00+00:00,272.8,274.0,272.0,274.0,16298
2024-04-26 08:05:00+00:00,274.0,274.0,272.2,272.2,7441
2024-04-26 08:10:00+00:00,272.2,274.0,272.2,273.75,4304
2024-04-26 08:15:00+00:00,273.75,275.6,273.15,275.3,7189
2024-04-26 08:20:00+00:00,275.3,279.15,275.3,279.0,12046
2024-04-26 08:25:00+00:00,279.0,282.3,278.65,279.35,30487
2024-04-26 08:30:00+00:00,279.35,280.2,278.35,280.2,2767
2024-04-26 08:35:00+00:00,280.15,280.8,276.65,277.4,8551
2024-04-26 08:40:00+00:00,277.6,278.75,277.3,278.5,1859
2024-04-26 08:45:00+00:00,278.5,279.95,278.1,279.0,2725
2024-04-26 08:50:00+00:00,279.0,279.65,277.25,278.0,2179
2024-04-26 08:55:00+00:00,278.0,278.0,277.0,277.05,1340
2024-04-26 09:00:00+00:00,277.05,278.0,277.05,277.6,1010
2024-04-26 09:05:00+00:00,277.6,277.95,277.3,277.95,3624
2024-04-26 09:10:00+00:00,277.95,278.8,277.95,278.75,3760
2024-04-26 09:15:00+00:00,278.75,278.75,278.1,278.1,2495
2024-04-26 09:20:00+00:00,278.1,278.5,278.1,278.1,2919
2024-04-26 09:25:00+00:00,278.1,278.3,278.1,278.15,4356
2024-04-26 09:30:00+00:00,278.1,278.3,277.15,277.15,4801
2024-04-26 09:35:00+00:00,277.15,278.25,277.15,277.6,4862
2024-04-26 09:40:00+00:00,277.6,278.0,277.6,277.9,2272
2024-04-26 09:45:00+00:00,277.9,277.9,277.3,277.3,4566
2024-04-26 09:50:00+00:00,277.6,278.5,277.3,277.8,9930
2024-04-26 09:55:00+00:00,277.35,277.9,277.1,277.1,13049
2024-04-29 03:45:00+00:00,279.9,281.4,278.3,278.85,26242
2024-04-29 03:50:00+00:00,278.85,278.85,275.05,275.4,17680
2024-04-29 03:55:00+00:00,275.4,278.55,275.4,278.4,9622
2024-04-29 04:00:00+00:00,278.0,279.25,278.0,279.0,6349
2024-04-29 04:05:00+00:00,279.0,279.0,276.5,277.75,9815
2024-04-29 04:10:00+00:00,278.15,278.15,274.5,274.7,17599
2024-04-29 04:15:00+00:00,274.7,275.4,273.5,273.8,17916
2024-04-29 04:20:00+00:00,273.8,274.6,273.5,274.0,5336
2024-04-29 04:25:00+00:00,274.5,275.0,273.55,273.7,7592
2024-04-29 04:30:00+00:00,273.7,275.0,273.55,274.45,5066
2024-04-29 04:35:00+00:00,274.5,275.0,274.05,274.2,4309
2024-04-29 04:40:00+00:00,274.2,274.85,274.1,274.15,1360
2024-04-29 04:45:00+00:00,274.15,274.25,272.55,272.55,12166
2024-04-29 04:50:00+00:00,272.55,274.0,272.0,273.3,9323
2024-04-29 04:55:00+00:00,273.3,273.3,272.0,272.8,5445
2024-04-29 05:00:00+00:00,272.8,273.1,272.4,273.05,2886
2024-04-29 05:05:00+00:00,273.05,273.9,272.8,273.75,2227
2024-04-29 05:10:00+00:00,273.4,273.95,272.0,273.15,7257
2024-04-29 05:15:00+00:00,273.15,273.5,272.5,273.2,1962
2024-04-29 05:20:00+00:00,273.2,274.95,273.2,274.2,2358
2024-04-29 05:25:00+00:00,274.95,274.95,273.2,273.25,2477
2024-04-29 05:30:00+00:00,273.25,273.8,272.0,273.45,4293
2024-04-29 05:35:00+00:00,273.45,273.85,273.0,273.4,1453
2024-04-29 05:40:00+00:00,273.4,273.85,272.95,273.4,3243
2024-04-29 05:45:00+00:00,273.4,273.4,272.3,272.95,4483
2024-04-29 05:50:00+00:00,272.95,273.1,272.05,272.65,2233
2024-04-29 05:55:00+00:00,272.65,272.7,272.45,272.65,598
2024-04-29 06:00:00+00:00,272.65,273.05,272.4,272.95,1966
2024-04-29 06:05:00+00:00,272.95,275.95,272.6,275.25,9548
2024-04-29 06:10:00+00:00,275.25,276.0,275.25,275.85,4539
2024-04-29 06:15:00+00:00,275.85,275.95,275.05,275.05,1951
2024-04-29 06:20:00+00:00,275.05,275.85,275.0,275.0,2192
2024-04-29 06:25:00+00:00,275.05,275.05,274.7,275.05,1422
2024-04-29 06:30:00+00:00,275.05,276.0,275.0,275.0,2873
2024-04-29 06:35:00+00:00,275.0,276.0,274.85,275.3,1614
2024-04-29 06:40:00+00:00,275.3,275.8,275.05,275.05,1733
2024-04-29 06:45:00+00:00,275.05,276.0,275.05,275.6,2160
2024-04-29 06:50:00+00:00,275.6,275.7,275.0,275.0,1898
2024-04-29 06:55:00+00:00,275.0,275.7,275.0,275.3,777
2024-04-29 07:00:00+00:00,275.3,275.3,275.0,275.3,1232
2024-04-29 07:05:00+00:00,275.3,275.65,274.75,274.75,1126
2024-04-29 07:10:00+00:00,274.75,274.95,274.0,274.0,2018
2024-04-29 07:15:00+00:00,274.0,274.0,272.8,273.0,7934
2024-04-29 07:20:00+00:00,272.9,273.0,272.4,272.9,4009
2024-04-29 07:25:00+00:00,272.9,272.9,272.0,272.6,3362
2024-04-29 07:30:00+00:00,272.85,272.9,272.7,272.85,2584
2024-04-29 07:35:00+00:00,272.85,273.65,272.0,273.35,8331
2024-04-29 07:40:00+00:00,273.4,274.0,273.35,273.85,1382
2024-04-29 07:45:00+00:00,273.85,273.85,272.75,273.0,3378
2024-04-29 07:50:00+00:00,273.0,273.65,272.1,272.85,3827
2024-04-29 07:55:00+00:00,272.85,273.0,272.05,272.3,4733
2024-04-29 08:00:00+00:00,272.3,272.9,272.0,272.6,3279
2024-04-29 08:05:00+00:00,272.6,272.6,272.2,272.4,2454
2024-04-29 08:10:00+00:00,272.4,273.0,272.4,273.0,2328
2024-04-29 08:15:00+00:00,273.0,273.0,272.5,272.5,751
2024-04-29 08:20:00+00:00,272.5,272.95,272.5,272.5,999
2024-04-29 08:25:00+00:00,272.5,273.0,272.5,272.6,2258
2024-04-29 08:30:00+00:00,273.0,273.0,272.5,272.5,2198
2024-04-29 08:35:00+00:00,272.5,273.0,272.0,272.75,4272
2024-04-29 08:40:00+00:00,272.75,273.0,272.2,272.7,3301
2024-04-29 08:45:00+00:00,272.7,273.0,272.5,273.0,695
2024-04-29 08:50:00+00:00,272.45,273.0,272.0,272.7,1989
2024-04-29 08:55:00+00:00,272.7,272.7,272.0,272.0,1372
2024-04-29 09:00:00+00:00,272.0,273.0,272.0,273.0,5296
2024-04-29 09:05:00+00:00,272.9,273.0,272.7,272.9,1292
2024-04-29 09:10:00+00:00,272.9,272.9,272.05,272.05,1161
2024-04-29 09:15:00+00:00,272.05,272.75,271.0,271.2,7417
2024-04-29 09:20:00+00:00,271.2,271.25,267.4,267.8,30774
2024-04-29 09:25:00+00:00,267.8,268.4,267.05,267.9,13370
2024-04-29 09:30:00+00:00,267.9,267.95,266.4,266.6,22905
2024-04-29 09:35:00+00:00,266.65,267.2,265.2,266.5,25718
2024-04-29 09:40:00+00:00,266.7,267.8,265.7,267.8,15117
2024-04-29 09:45:00+00:00,267.8,269.4,267.35,269.4,7961
2024-04-29 09:50:00+00:00,269.4,269.4,268.8,268.8,5708
2024-04-29 09:55:00+00:00,268.8,269.0,266.95,268.8,29537
2024-04-30 03:45:00+00:00,268.8,272.0,268.2,272.0,21409
2024-04-30 03:50:00+00:00,272.0,274.95,271.75,274.95,26878
2024-04-30 03:55:00+00:00,275.0,275.5,274.1,275.0,24431
2024-04-30 04:00:00+00:00,274.7,274.7,272.25,273.9,19989
2024-04-30 04:05:00+00:00,273.9,274.35,272.3,272.65,3822
2024-04-30 04:10:00+00:00,273.35,273.9,272.4,272.85,6406
2024-04-30 04:15:00+00:00,272.85,273.0,270.8,271.95,6903
2024-04-30 04:20:00+00:00,272.1,273.0,271.85,272.15,5028
2024-04-30 04:25:00+00:00,272.15,272.95,271.55,271.7,4444
2024-04-30 04:30:00+00:00,271.7,273.75,271.7,273.75,4698
2024-04-30 04:35:00+00:00,273.75,273.75,270.0,271.4,12175
2024-04-30 04:40:00+00:00,271.4,272.35,270.4,272.3,5641
2024-04-30 04:45:00+00:00,272.3,272.3,270.35,270.5,5230
2024-04-30 04:50:00+00:00,270.5,271.1,270.05,271.1,4477
2024-04-30 04:55:00+00:00,271.35,272.0,271.05,272.0,2586
2024-04-30 05:00:00+00:00,271.65,272.2,270.3,270.3,2467
2024-04-30 05:05:00+00:00,270.4,270.8,270.0,270.05,3060
2024-04-30 05:10:00+00:00,270.05,270.9,270.0,270.9,2441
2024-04-30 05:15:00+00:00,270.75,270.95,269.0,270.85,6862
2024-04-30 05:20:00+00:00,270.85,272.3,270.7,272.3,6683
2024-04-30 05:25:00+00:00,272.3,280.5,272.0,280.0,88737
2024-04-30 05:30:00+00:00,280.0,280.5,276.6,278.45,378320
2024-04-30 05:35:00+00:00,278.2,278.5,273.15,273.65,34635
2024-04-30 05:40:00+00:00,273.65,274.9,273.0,273.35,21256
2024-04-30 05:45:00+00:00,273.4,274.7,273.4,274.0,7750
2024-04-30 05:50:00+00:00,274.0,274.0,273.2,274.0,4055
2024-04-30 05:55:00+00:00,274.0,274.0,273.55,273.95,1127
2024-04-30 06:00:00+00:00,273.95,273.95,272.1,272.7,7544
2024-04-30 06:05:00+00:00,272.7,272.95,270.5,272.45,13204
2024-04-30 06:10:00+00:00,272.45,273.0,272.45,273.0,4122
2024-04-30 06:15:00+00:00,273.0,273.25,272.8,273.05,1529
2024-04-30 06:20:00+00:00,273.05,273.4,271.0,272.4,5834
2024-04-30 06:25:00+00:00,272.4,275.45,272.4,275.45,4200
2024-04-30 06:30:00+00:00,275.45,275.6,273.5,274.0,7402
2024-04-30 06:35:00+00:00,274.0,274.0,273.4,273.95,1016
2024-04-30 06:40:00+00:00,273.45,274.3,273.45,274.3,2882
2024-04-30 06:45:00+00:00,274.3,274.95,273.85,274.0,1809
2024-04-30 06:50:00+00:00,274.0,274.7,273.4,273.45,3648
2024-04-30 06:55:00+00:00,273.4,274.6,273.4,274.3,1308
2024-04-30 07:00:00+00:00,274.3,274.3,273.55,273.55,1009
2024-04-30 07:05:00+00:00,274.2,274.35,273.2,273.6,1975
2024-04-30 07:10:00+00:00,273.6,274.4,273.6,274.0,2300
2024-04-30 07:15:00+00:00,274.0,274.15,273.6,273.6,858
2024-04-30 07:20:00+00:00,273.6,274.0,273.6,273.75,1172
2024-04-30 07:25:00+00:00,274.1,274.3,273.7,273.7,2705
2024-04-30 07:30:00+00:00,274.1,274.1,273.0,273.0,815
2024-04-30 07:35:00+00:00,273.0,274.9,273.0,273.5,1827
2024-04-30 07:40:00+00:00,273.4,274.0,273.35,273.35,1958
2024-04-30 07:45:00+00:00,273.4,273.4,272.1,272.1,2349
2024-04-30 07:50:00+00:00,272.1,273.6,272.0,273.45,3631
2024-04-30 07:55:00+00:00,273.45,273.95,273.45,273.65,1506
2024-04-30 08:00:00+00:00,273.65,273.65,273.0,273.1,912
2024-04-30 08:05:00+00:00,273.1,273.1,272.25,272.95,1412
2024-04-30 08:10:00+00:00,272.95,273.0,272.5,272.5,1100
2024-04-30 08:15:00+00:00,272.5,272.95,272.15,272.95,1251
2024-04-30 08:20:00+00:00,272.95,273.0,272.3,273.0,470
2024-04-30 08:25:00+00:00,273.0,274.05,272.65,272.9,2749
2024-04-30 08:30:00+00:00,272.9,272.9,271.8,272.2,3342
2024-04-30 08:35:00+00:00,272.2,272.3,271.0,271.6,2269
2024-04-30 08:40:00+00:00,271.1,271.9,271.0,271.3,3368
2024-04-30 08:45:00+00:00,271.3,272.0,271.25,271.5,1574
2024-04-30 08:50:00+00:00,271.95,272.4,271.4,271.85,3361
2024-04-30 08:55:00+00:00,271.85,271.9,271.3,271.5,1857
2024-04-30 09:00:00+00:00,271.5,272.0,271.5,271.95,1684
2024-04-30 09:05:00+00:00,271.95,272.05,271.15,272.05,3952
2024-04-30 09:10:00+00:00,272.05,272.9,271.6,272.4,1952
2024-04-30 09:15:00+00:00,272.4,272.7,271.8,271.8,1729
2024-04-30 09:20:00+00:00,271.8,271.8,270.05,271.1,10697
2024-04-30 09:25:00+00:00,271.1,271.2,270.0,271.1,10699
2024-04-30 09:30:00+00:00,271.1,271.1,269.25,269.25,5570
2024-04-30 09:35:00+00:00,269.25,269.75,268.5,269.75,9571
2024-04-30 09:40:00+00:00,269.75,270.0,269.2,269.5,4682
2024-04-30 09:45:00+00:00,269.5,270.4,269.5,270.3,2854
2024-04-30 09:50:00+00:00,270.3,270.3,269.25,270.0,7015
2024-04-30 09:55:00+00:00,270.0,271.8,269.7,271.75,16177
2024-05-02 03:45:00+00:00,271.75,274.0,270.1,271.65,16156
2024-05-02 03:50:00+00:00,271.0,271.55,268.0,270.0,17528
2024-05-02 03:55:00+00:00,270.0,271.7,269.5,271.4,9183
2024-05-02 04:00:00+00:00,271.4,272.4,270.75,271.65,9165
2024-05-02 04:05:00+00:00,271.65,274.7,270.8,274.65,19848
2024-05-02 04:10:00+00:00,274.65,276.65,273.7,276.0,51684
2024-05-02 04:15:00+00:00,276.0,277.1,275.25,277.1,21595
2024-05-02 04:20:00+00:00,277.1,278.5,276.35,276.7,39006
2024-05-02 04:25:00+00:00,276.7,278.0,276.2,277.35,10237
2024-05-02 04:30:00+00:00,277.35,283.45,277.35,282.75,131197
2024-05-02 04:35:00+00:00,282.5,283.0,280.7,280.7,26722
2024-05-02 04:40:00+00:00,280.6,280.8,277.65,279.0,16614
2024-05-02 04:45:00+00:00,279.0,280.0,279.0,279.5,14632
2024-05-02 04:50:00+00:00,279.5,280.0,279.4,279.8,12381
2024-05-02 04:55:00+00:00,279.8,280.0,278.4,278.4,8609
2024-05-02 05:00:00+00:00,278.4,278.85,277.0,277.85,7275
2024-05-02 05:05:00+00:00,277.9,279.5,277.9,279.45,2714
2024-05-02 05:10:00+00:00,279.5,279.8,279.0,279.25,2440
2024-05-02 05:15:00+00:00,279.25,279.8,279.0,279.75,3327
2024-05-02 05:20:00+00:00,279.75,279.8,278.65,279.0,6052
2024-05-02 05:25:00+00:00,279.0,279.2,278.6,278.7,2438
2024-05-02 05:30:00+00:00,278.7,280.0,278.5,279.95,9250
2024-05-02 05:35:00+00:00,279.05,280.0,279.0,279.25,2908
2024-05-02 05:40:00+00:00,279.95,279.95,279.0,279.5,4867
2024-05-02 05:45:00+00:00,279.5,279.7,278.5,278.95,3637
2024-05-02 05:50:00+00:00,278.95,279.0,278.5,278.65,2142
2024-05-02 05:55:00+00:00,278.65,279.0,278.0,278.0,1476
2024-05-02 06:00:00+00:00,278.0,278.1,277.25,278.05,5228
2024-05-02 06:05:00+00:00,278.0,278.5,278.0,278.5,1306
2024-05-02 06:10:00+00:00,278.5,278.95,278.5,278.5,630
2024-05-02 06:15:00+00:00,278.5,279.0,278.5,278.65,1115
2024-05-02 06:20:00+00:00,278.65,279.5,278.65,279.5,3254
2024-05-02 06:25:00+00:00,279.5,279.5,278.3,279.45,3073
2024-05-02 06:30:00+00:00,279.45,279.8,278.5,279.45,2780
2024-05-02 06:35:00+00:00,279.0,279.8,278.65,279.65,3443
2024-05-02 06:40:00+00:00,279.65,279.65,278.3,279.35,1639
2024-05-02 06:45:00+00:00,279.35,279.35,278.65,278.65,328
2024-05-02 06:50:00+00:00,278.65,278.8,278.15,278.15,1193
2024-05-02 06:55:00+00:00,278.15,278.5,277.5,277.5,6331
2024-05-02 07:00:00+00:00,277.5,277.5,277.2,277.5,3112
2024-05-02 07:05:00+00:00,277.5,277.5,277.2,277.5,1951
2024-05-02 07:10:00+00:00,277.5,277.5,277.25,277.5,1536
2024-05-02 07:15:00+00:00,277.5,277.5,277.05,277.05,2903
2024-05-02 07:20:00+00:00,277.2,277.25,276.9,276.9,5333
2024-05-02 07:25:00+00:00,276.9,277.0,276.15,276.75,1440
2024-05-02 07:30:00+00:00,276.75,277.0,275.0,276.9,11869
2024-05-02 07:35:00+00:00,276.9,277.0,276.35,277.0,8997
2024-05-02 07:40:00+00:00,276.35,276.95,275.05,276.8,3252
2024-05-02 07:45:00+00:00,276.8,277.0,275.2,277.0,1945
2024-05-02 07:50:00+00:00,277.0,277.0,275.6,276.8,6374
2024-05-02 07:55:00+00:00,276.8,276.8,275.25,276.35,3510
2024-05-02 08:00:00+00:00,277.0,277.0,276.2,277.0,1517
2024-05-02 08:05:00+00:00,277.0,277.0,275.95,276.0,5523
2024-05-02 08:10:00+00:00,276.0,276.0,275.3,276.0,2264
2024-05-02 08:15:00+00:00,276.0,276.0,275.3,275.35,3199
2024-05-02 08:20:00+00:00,275.35,276.0,275.25,275.9,7394
2024-05-02 08:25:00+00:00,275.9,275.95,275.1,275.2,844
2024-05-02 08:30:00+00:00,275.2,275.8,275.2,275.8,391
2024-05-02 08:35:00+00:00,275.8,276.0,275.55,275.55,3309
2024-05-02 08:40:00+00:00,275.55,276.45,275.5,276.45,4300
2024-05-02 08:45:00+00:00,276.45,276.45,275.0,275.3,3834
2024-05-02 08:50:00+00:00,275.3,276.1,275.05,276.1,1179
2024-05-02 08:55:00+00:00,276.1,276.2,275.75,275.75,1055
2024-05-02 09:00:00+00:00,276.2,276.25,275.65,276.1,2856
2024-05-02 09:05:00+00:00,276.1,276.1,275.65,275.9,1672
2024-05-02 09:10:00+00:00,276.0,278.45,275.7,277.95,16517
2024-05-02 09:15:00+00:00,277.95,279.45,277.5,279.45,11067
2024-05-02 09:20:00+00:00,279.45,279.45,278.7,279.0,7012
2024-05-02 09:25:00+00:00,279.0,279.9,279.0,279.75,10522
2024-05-02 09:30:00+00:00,279.75,279.75,276.1,277.4,6838
2024-05-02 09:35:00+00:00,277.4,277.4,276.5,276.5,3417
2024-05-02 09:40:00+00:00,276.5,276.95,276.25,276.5,4555
2024-05-02 09:45:00+00:00,276.4,277.6,275.8,275.8,9796
2024-05-02 09:50:00+00:00,276.0,277.1,275.15,277.1,16410
2024-05-02 09:55:00+00:00,277.1,277.45,276.05,276.95,18948
2024-05-03 03:45:00+00:00,281.9,283.4,278.05,283.2,52120
2024-05-03 03:50:00+00:00,282.0,283.1,281.05,281.95,26755
2024-05-03 03:55:00+00:00,281.95,289.6,280.5,285.6,137739
2024-05-03 04:00:00+00:00,285.6,288.0,285.0,285.6,76320
2024-05-03 04:05:00+00:00,285.6,287.0,284.6,284.6,37649
2024-05-03 04:10:00+00:00,284.5,285.45,281.3,282.8,46458
2024-05-03 04:15:00+00:00,282.8,283.1,282.0,282.1,17745
2024-05-03 04:20:00+00:00,282.1,283.3,281.1,281.65,14333
2024-05-03 04:25:00+00:00,282.0,282.0,281.2,281.4,6022
2024-05-03 04:30:00+00:00,281.4,282.2,281.25,281.9,5521
2024-05-03 04:35:00+00:00,281.9,281.9,279.0,280.3,16429
2024-05-03 04:40:00+00:00,280.3,281.0,279.3,280.85,10500
2024-05-03 04:45:00+00:00,280.85,280.9,280.0,280.35,6327
2024-05-03 04:50:00+00:00,280.35,280.35,278.65,279.0,17124
2024-05-03 04:55:00+00:00,278.95,280.0,278.75,279.4,12652
2024-05-03 05:00:00+00:00,279.4,279.7,278.65,279.1,8244
2024-05-03 05:05:00+00:00,279.1,280.15,276.55,276.55,23358
2024-05-03 05:10:00+00:00,276.95,278.0,276.0,278.0,18501
2024-05-03 05:15:00+00:00,278.0,278.85,277.2,277.95,1928
2024-05-03 05:20:00+00:00,277.95,278.5,277.95,278.1,2875
2024-05-03 05:25:00+00:00,278.1,278.5,277.45,278.0,2888
2024-05-03 05:30:00+00:00,278.2,278.5,277.5,278.0,3215
2024-05-03 05:35:00+00:00,278.4,278.45,277.2,277.35,7271
2024-05-03 05:40:00+00:00,277.35,281.9,277.35,280.4,26526
2024-05-03 05:45:00+00:00,280.4,280.5,279.2,279.8,4914
2024-05-03 05:50:00+00:00,279.8,279.9,278.0,278.2,5671
2024-05-03 05:55:00+00:00,278.2,279.0,278.0,278.0,3641
2024-05-03 06:00:00+00:00,277.65,278.5,276.75,277.0,5768
2024-05-03 06:05:00+00:00,277.0,277.85,276.6,276.7,3600
2024-05-03 06:10:00+00:00,276.7,278.55,276.05,278.55,9583
2024-05-03 06:15:00+00:00,278.55,278.55,276.9,276.9,5724
2024-05-03 06:20:00+00:00,276.9,276.9,275.1,275.65,10072
2024-05-03 06:25:00+00:00,275.55,276.45,275.55,276.0,8962
2024-05-03 06:30:00+00:00,276.0,276.9,274.15,275.0,19730
2024-05-03 06:35:00+00:00,275.0,276.7,274.95,275.7,5393
2024-05-03 06:40:00+00:00,275.7,276.0,274.3,275.95,3565
2024-05-03 06:45:00+00:00,275.95,275.95,275.05,275.6,1331
2024-05-03 06:50:00+00:00,275.6,276.5,274.85,276.5,9890
2024-05-03 06:55:00+00:00,276.45,276.5,275.8,276.5,1975
2024-05-03 07:00:00+00:00,276.5,276.5,276.05,276.5,2356
2024-05-03 07:05:00+00:00,276.5,278.0,276.05,277.9,5944
2024-05-03 07:10:00+00:00,277.9,278.4,277.0,278.25,4807
2024-05-03 07:15:00+00:00,278.0,278.4,277.45,277.65,3762
2024-05-03 07:20:00+00:00,277.65,278.0,275.85,275.85,7375
2024-05-03 07:25:00+00:00,275.85,276.0,274.8,275.6,7964
2024-05-03 07:30:00+00:00,275.6,275.6,272.5,274.0,26452
2024-05-03 07:35:00+00:00,274.0,274.45,273.55,274.0,6199
2024-05-03 07:40:00+00:00,274.0,274.4,273.5,274.4,3151
2024-05-03 07:45:00+00:00,273.8,274.5,273.0,273.8,3317
2024-05-03 07:50:00+00:00,273.9,274.0,273.35,274.0,3162
2024-05-03 07:55:00+00:00,274.0,275.0,273.75,274.55,6702
2024-05-03 08:00:00+00:00,274.55,275.4,274.05,274.05,7050
2024-05-03 08:05:00+00:00,274.05,274.55,273.05,273.05,4133
2024-05-03 08:10:00+00:00,273.05,273.8,272.0,272.45,14129
2024-05-03 08:15:00+00:00,272.45,273.6,272.0,273.2,5196
2024-05-03 08:20:00+00:00,273.2,273.4,271.0,271.45,9445
2024-05-03 08:25:00+00:00,271.75,273.35,271.75,273.35,3303
2024-05-03 08:30:00+00:00,273.35,274.15,273.0,273.1,4117
2024-05-03 08:35:00+00:00,273.1,274.2,272.15,274.2,4598
2024-05-03 08:40:00+00:00,274.2,274.4,273.55,274.0,5993
2024-05-03 08:45:00+00:00,274.0,275.0,274.0,274.3,3068
2024-05-03 08:50:00+00:00,274.3,274.5,273.6,274.0,1924
2024-05-03 08:55:00+00:00,274.0,274.9,273.8,274.7,2991
2024-05-03 09:00:00+00:00,274.65,274.9,274.3,274.9,2423
2024-05-03 09:05:00+00:00,274.9,274.9,274.45,274.8,2399
2024-05-03 09:10:00+00:00,274.8,275.0,274.45,274.8,2456
2024-05-03 09:15:00+00:00,274.8,275.4,274.65,274.65,2034
2024-05-03 09:20:00+00:00,274.65,276.05,274.65,275.0,8070
2024-05-03 09:25:00+00:00,275.0,275.8,274.55,274.55,5317
2024-05-03 09:30:00+00:00,274.55,276.05,274.5,275.8,5657
2024-05-03 09:35:00+00:00,275.8,284.7,275.55,280.5,92338
2024-05-03 09:40:00+00:00,280.5,281.0,278.6,279.7,19556
2024-05-03 09:45:00+00:00,279.7,280.0,278.2,279.5,10308
2024-05-03 09:50:00+00:00,279.5,280.0,278.7,279.0,14750
2024-05-03 09:55:00+00:00,279.0,279.15,276.5,279.0,32049
2024-05-06 03:45:00+00:00,284.5,284.5,277.3,278.05,40456
2024-05-06 03:50:00+00:00,278.3,278.85,274.75,275.05,26694
2024-05-06 03:55:00+00:00,275.05,276.85,274.75,276.0,15127
2024-05-06 04:00:00+00:00,275.95,276.0,275.0,275.3,7968
2024-05-06 04:05:00+00:00,275.3,275.85,272.15,273.9,26092
2024-05-06 04:10:00+00:00,273.9,273.9,267.0,270.45,52392
2024-05-06 04:15:00+00:00,270.45,273.75,268.85,271.5,35097
2024-05-06 04:20:00+00:00,271.5,271.95,268.7,270.8,18697
2024-05-06 04:25:00+00:00,270.75,271.5,269.0,270.45,18351
2024-05-06 04:30:00+00:00,270.45,271.0,268.45,268.45,14930
2024-05-06 04:35:00+00:00,268.45,270.0,267.3,268.0,19462
2024-05-06 04:40:00+00:00,268.0,269.95,267.05,269.75,10077
2024-05-06 04:45:00+00:00,269.75,270.5,268.05,270.15,16083
2024-05-06 04:50:00+00:00,270.15,270.6,269.15,270.0,15599
2024-05-06 04:55:00+00:00,270.0,273.1,269.0,271.95,21626
2024-05-06 05:00:00+00:00,272.25,272.45,271.3,271.75,2734
2024-05-06 05:05:00+00:00,271.75,272.0,270.4,271.55,3850
2024-05-06 05:10:00+00:00,271.1,272.0,268.3,268.85,16599
2024-05-06 05:15:00+00:00,268.8,271.0,268.8,270.95,8654
2024-05-06 05:20:00+00:00,270.95,272.3,270.95,271.05,7830
2024-05-06 05:25:00+00:00,271.05,272.3,271.05,271.3,6274
2024-05-06 05:30:00+00:00,271.3,271.5,269.5,269.55,4906
2024-05-06 05:35:00+00:00,269.55,270.75,269.15,269.7,6384
2024-05-06 05:40:00+00:00,269.7,270.0,269.05,269.05,2022
2024-05-06 05:45:00+00:00,269.05,269.95,269.05,269.6,2011
2024-05-06 05:50:00+00:00,270.0,270.0,269.1,269.9,2730
2024-05-06 05:55:00+00:00,269.9,270.0,268.35,269.95,6096
2024-05-06 06:00:00+00:00,269.95,269.95,269.05,269.5,1370
2024-05-06 06:05:00+00:00,269.5,269.5,268.0,268.0,6246
2024-05-06 06:10:00+00:00,268.0,269.6,268.0,269.4,2183
2024-05-06 06:15:00+00:00,269.4,269.9,269.05,269.85,1629
2024-05-06 06:20:00+00:00,269.85,269.95,269.2,269.8,1996
2024-05-06 06:25:00+00:00,269.8,270.0,269.3,269.35,1361
2024-05-06 06:30:00+00:00,269.35,269.8,269.25,269.7,1709
2024-05-06 06:35:00+00:00,269.7,269.75,269.3,269.6,1585
2024-05-06 06:40:00+00:00,269.6,270.0,269.6,269.95,2271
2024-05-06 06:45:00+00:00,269.95,270.0,269.5,269.95,3167
2024-05-06 06:50:00+00:00,269.95,270.0,269.5,269.5,1523
2024-05-06 06:55:00+00:00,269.5,269.9,269.5,269.9,696
2024-05-06 07:00:00+00:00,269.9,270.25,269.7,270.05,2265
2024-05-06 07:05:00+00:00,270.05,270.05,269.5,269.75,1157
2024-05-06 07:10:00+00:00,269.75,270.0,269.4,270.0,2425
2024-05-06 07:15:00+00:00,270.0,270.0,269.0,269.05,5007
2024-05-06 07:20:00+00:00,269.05,269.1,268.45,268.85,1120
2024-05-06 07:25:00+00:00,268.85,269.2,268.8,269.0,761
2024-05-06 07:30:00+00:00,269.0,269.2,268.5,269.2,1880
2024-05-06 07:35:00+00:00,269.2,269.2,268.9,269.0,280
2024-05-06 07:40:00+00:00,268.9,268.9,268.2,268.65,2542
2024-05-06 07:45:00+00:00,268.65,268.75,268.2,268.75,388
2024-05-06 07:50:00+00:00,268.75,268.85,267.85,268.15,5429
2024-05-06 07:55:00+00:00,268.15,268.45,267.95,268.45,1781
2024-05-06 08:00:00+00:00,268.45,268.45,267.2,267.55,4792
2024-05-06 08:05:00+00:00,267.55,267.85,267.15,267.75,4369
2024-05-06 08:10:00+00:00,267.75,268.6,267.4,268.55,2312
2024-05-06 08:15:00+00:00,268.55,268.55,268.0,268.0,2648
2024-05-06 08:20:00+00:00,268.0,270.35,268.0,269.5,10726
2024-05-06 08:25:00+00:00,269.5,269.5,269.0,269.15,883
2024-05-06 08:30:00+00:00,269.15,269.15,268.6,268.8,1355
2024-05-06 08:35:00+00:00,268.8,269.0,268.45,268.7,1555
2024-05-06 08:40:00+00:00,268.7,268.95,268.15,268.6,1424
2024-05-06 08:45:00+00:00,268.6,268.7,268.0,268.45,2549
2024-05-06 08:50:00+00:00,268.45,269.9,267.55,269.1,4221
2024-05-06 08:55:00+00:00,269.1,269.35,268.95,269.25,6369
2024-05-06 09:00:00+00:00,269.25,269.45,268.1,268.5,3077
2024-05-06 09:05:00+00:00,268.5,268.5,268.0,268.0,1257
2024-05-06 09:10:00+00:00,268.0,268.9,268.0,268.55,647
2024-05-06 09:15:00+00:00,268.85,268.9,268.55,268.6,1577
2024-05-06 09:20:00+00:00,268.6,269.15,268.6,269.15,1798
2024-05-06 09:25:00+00:00,269.15,269.8,268.9,269.8,4172
2024-05-06 09:30:00+00:00,269.8,270.25,268.95,269.0,14094
2024-05-06 09:35:00+00:00,269.0,269.0,268.05,268.45,2882
2024-05-06 09:40:00+00:00,268.4,268.8,267.5,267.7,5832
2024-05-06 09:45:00+00:00,267.7,268.0,267.5,268.0,6892
2024-05-06 09:50:00+00:00,268.0,268.0,266.1,266.1,56960
2024-05-06 09:55:00+00:00,266.1,266.9,266.1,266.9,33386
2024-05-07 03:45:00+00:00,268.0,271.35,262.6,265.5,45675
2024-05-07 03:50:00+00:00,265.5,265.5,258.6,262.8,48014
2024-05-07 03:55:00+00:00,262.8,263.85,261.0,263.75,12092
2024-05-07 04:00:00+00:00,263.75,263.8,262.5,262.95,3941
2024-05-07 04:05:00+00:00,263.0,263.25,261.0,263.0,8348
2024-05-07 04:10:00+00:00,262.55,263.75,262.55,263.3,8559
2024-05-07 04:15:00+00:00,263.25,264.4,262.75,264.4,2116
2024-05-07 04:20:00+00:00,264.0,264.0,262.2,263.25,7367
2024-05-07 04:25:00+00:00,263.25,263.9,262.6,263.85,2771
2024-05-07 04:30:00+00:00,263.85,263.9,261.75,262.0,3774
2024-05-07 04:35:00+00:00,262.35,262.4,261.1,262.4,4651
2024-05-07 04:40:00+00:00,262.4,262.45,261.0,261.55,3838
2024-05-07 04:45:00+00:00,261.5,261.7,260.2,260.2,7744
2024-05-07 04:50:00+00:00,260.5,260.5,259.0,259.65,9299
2024-05-07 04:55:00+00:00,259.65,259.65,254.3,256.95,59697
2024-05-07 05:00:00+00:00,257.35,260.4,256.3,257.4,18322
2024-05-07 05:05:00+00:00,257.4,257.85,254.25,256.4,21608
2024-05-07 05:10:00+00:00,256.5,257.7,255.1,257.4,12347
2024-05-07 05:15:00+00:00,257.4,257.4,256.5,256.5,5098
2024-05-07 05:20:00+00:00,256.5,256.65,254.5,255.65,10208
2024-05-07 05:25:00+00:00,255.65,258.9,255.05,258.9,9262
2024-05-07 05:30:00+00:00,259.0,259.15,256.1,256.15,7226
2024-05-07 05:35:00+00:00,256.75,257.5,256.05,257.45,3323
2024-05-07 05:40:00+00:00,257.5,257.5,255.9,256.65,4018
2024-05-07 05:45:00+00:00,256.65,256.7,254.5,254.7,9914
2024-05-07 05:50:00+00:00,254.75,255.2,253.5,253.5,37648
2024-05-07 05:55:00+00:00,253.5,254.95,253.5,254.4,25768
2024-05-07 06:00:00+00:00,254.4,255.2,253.5,253.5,7952
2024-05-07 06:05:00+00:00,253.5,253.65,253.5,253.5,5771
2024-05-07 06:10:00+00:00,253.5,254.15,253.5,253.5,10057
2024-05-07 06:15:00+00:00,253.5,254.5,253.5,254.35,13753
2024-05-07 06:20:00+00:00,254.35,254.35,253.5,253.5,2938
2024-05-07 06:25:00+00:00,253.5,255.85,253.5,253.5,36750
2024-05-07 06:30:00+00:00,253.5,253.5,253.5,253.5,2297
2024-05-07 06:35:00+00:00,253.5,253.5,253.5,253.5,2251
2024-05-07 06:40:00+00:00,253.5,253.5,253.5,253.5,799
2024-05-07 06:45:00+00:00,253.5,253.5,253.5,253.5,2387
2024-05-07 06:50:00+00:00,253.5,253.5,253.5,253.5,3055
2024-05-07 06:55:00+00:00,253.5,253.5,253.5,253.5,7674
2024-05-07 07:00:00+00:00,253.5,254.75,253.5,254.5,14142
2024-05-07 07:05:00+00:00,254.5,255.5,253.5,253.65,7252
2024-05-07 07:10:00+00:00,253.6,255.5,253.6,254.9,6315
2024-05-07 07:15:00+00:00,254.9,255.05,254.0,254.5,3141
2024-05-07 07:20:00+00:00,254.5,254.5,253.5,253.5,4084
2024-05-07 07:25:00+00:00,253.5,253.5,253.5,253.5,1073
2024-05-07 07:30:00+00:00,253.5,253.5,253.5,253.5,402
2024-05-07 07:35:00+00:00,253.5,253.5,253.5,253.5,2094
2024-05-07 07:40:00+00:00,253.5,253.5,253.5,253.5,218
2024-05-07 07:45:00+00:00,253.5,253.5,253.5,253.5,3511
2024-05-07 07:50:00+00:00,253.5,253.5,253.5,253.5,3161
2024-05-07 07:55:00+00:00,253.5,253.6,253.5,253.5,13630
2024-05-07 08:00:00+00:00,253.5,254.0,253.5,253.9,9506
2024-05-07 08:05:00+00:00,253.95,254.95,253.6,254.95,5513
2024-05-07 08:10:00+00:00,254.8,257.7,253.8,257.7,10284
2024-05-07 08:15:00+00:00,257.7,257.7,255.4,256.0,4681
2024-05-07 08:20:00+00:00,256.0,256.5,255.1,256.5,2369
2024-05-07 08:25:00+00:00,256.5,256.95,256.4,256.4,3692
2024-05-07 08:30:00+00:00,256.4,258.45,256.4,258.45,11383
2024-05-07 08:35:00+00:00,258.45,258.85,256.45,257.85,14952
2024-05-07 08:40:00+00:00,257.85,257.85,256.05,257.0,977
2024-05-07 08:45:00+00:00,257.0,258.25,256.5,256.5,8388
2024-05-07 08:50:00+00:00,256.5,256.7,255.2,255.2,2035
2024-05-07 08:55:00+00:00,255.15,255.8,254.5,255.5,3883
2024-05-07 09:00:00+00:00,255.5,255.7,255.1,255.7,1480
2024-05-07 09:05:00+00:00,255.7,256.8,254.65,256.2,2734
2024-05-07 09:10:00+00:00,257.1,257.25,254.85,254.9,4930
2024-05-07 09:15:00+00:00,254.9,255.85,254.55,255.1,3038
2024-05-07 09:20:00+00:00,255.8,255.85,255.1,255.85,2306
2024-05-07 09:25:00+00:00,255.2,255.8,255.0,255.75,1756
2024-05-07 09:30:00+00:00,255.75,256.7,255.15,255.15,4028
2024-05-07 09:35:00+00:00,255.15,255.45,254.85,254.85,15539
2024-05-07 09:40:00+00:00,254.85,256.5,254.7,256.5,14443
2024-05-07 09:45:00+00:00,256.4,256.7,254.9,255.65,11627
2024-05-07 09:50:00+00:00,255.65,256.0,255.35,255.9,3681
2024-05-07 09:55:00+00:00,255.9,256.4,255.3,256.0,11088
2024-05-08 03:45:00+00:00,250.85,257.95,250.85,257.25,38853
2024-05-08 03:50:00+00:00,257.25,259.0,255.95,259.0,14294
2024-05-08 03:55:00+00:00,259.0,260.35,257.95,258.4,16463
2024-05-08 04:00:00+00:00,258.4,259.8,258.15,259.8,8629
2024-05-08 04:05:00+00:00,259.8,264.0,259.0,264.0,31417
2024-05-08 04:10:00+00:00,264.0,264.5,260.35,262.15,21692
2024-05-08 04:15:00+00:00,262.35,268.15,262.35,268.0,72706
2024-05-08 04:20:00+00:00,266.75,268.2,266.25,266.25,39220
2024-05-08 04:25:00+00:00,266.25,268.1,264.05,267.6,27277
2024-05-08 04:30:00+00:00,267.6,267.95,265.05,266.75,11906
2024-05-08 04:35:00+00:00,266.75,267.0,266.45,267.0,6595
2024-05-08 04:40:00+00:00,267.0,268.2,267.0,268.2,24253
2024-05-08 04:45:00+00:00,268.2,268.2,268.2,268.2,3274
2024-05-08 04:50:00+00:00,268.2,268.2,264.55,266.0,91340
2024-05-08 04:55:00+00:00,266.0,266.55,264.05,264.4,11424
2024-05-08 05:00:00+00:00,264.05,265.8,263.4,264.5,11328
2024-05-08 05:05:00+00:00,264.5,265.3,264.1,264.95,2006
2024-05-08 05:10:00+00:00,264.95,265.75,264.05,264.15,4681
2024-05-08 05:15:00+00:00,264.15,264.95,263.8,264.95,2240
2024-05-08 05:20:00+00:00,264.95,265.0,264.05,264.4,3929
2024-05-08 05:25:00+00:00,264.4,265.6,264.4,265.0,2444
2024-05-08 05:30:00+00:00,265.0,265.4,264.5,265.15,713
2024-05-08 05:35:00+00:00,265.15,265.4,265.0,265.2,600
2024-05-08 05:40:00+00:00,265.2,265.7,265.2,265.4,1193
2024-05-08 05:45:00+00:00,265.4,266.45,265.4,266.0,3331
2024-05-08 05:50:00+00:00,266.0,266.4,265.3,265.6,1940
2024-05-08 05:55:00+00:00,265.6,266.8,264.2,266.25,4557
2024-05-08 06:00:00+00:00,266.25,266.85,264.4,264.4,10289
2024-05-08 06:05:00+00:00,264.4,265.5,262.1,264.8,5990
2024-05-08 06:10:00+00:00,264.8,265.8,264.75,265.15,955
2024-05-08 06:15:00+00:00,265.15,265.55,264.45,265.0,4204
2024-05-08 06:20:00+00:00,265.0,265.7,264.45,265.45,2563
2024-05-08 06:25:00+00:00,265.45,265.55,265.0,265.0,49
2024-05-08 06:30:00+00:00,265.0,265.0,263.95,263.95,1549
2024-05-08 06:35:00+00:00,264.8,266.2,264.65,265.5,7064
2024-05-08 06:40:00+00:00,265.5,266.5,265.5,266.45,1405
2024-05-08 06:45:00+00:00,266.45,267.0,266.45,266.55,9600
2024-05-08 06:50:00+00:00,266.55,267.5,266.55,267.45,2318
2024-05-08 06:55:00+00:00,267.45,267.45,266.05,266.45,1468
2024-05-08 07:00:00+00:00,266.75,266.75,266.45,266.75,1111
2024-05-08 07:05:00+00:00,266.75,266.75,266.05,266.05,776
2024-05-08 07:10:00+00:00,266.05,266.7,266.0,266.45,1399
2024-05-08 07:15:00+00:00,266.45,266.45,266.0,266.45,2106
2024-05-08 07:20:00+00:00,266.45,266.45,266.0,266.4,2067
2024-05-08 07:25:00+00:00,266.4,266.4,265.3,265.8,1311
2024-05-08 07:30:00+00:00,265.8,266.15,265.5,265.55,3522
2024-05-08 07:35:00+00:00,265.55,266.35,265.55,266.25,1409
2024-05-08 07:40:00+00:00,266.25,266.25,265.2,265.2,1756
2024-05-08 07:45:00+00:00,266.0,266.8,265.25,266.7,10162
2024-05-08 07:50:00+00:00,265.85,267.95,265.85,266.7,28018
2024-05-08 07:55:00+00:00,266.7,266.7,265.1,265.25,5077
2024-05-08 08:00:00+00:00,265.25,266.2,265.25,265.9,870
2024-05-08 08:05:00+00:00,265.9,265.95,264.15,264.15,5534
2024-05-08 08:10:00+00:00,264.15,266.0,264.15,264.95,2675
2024-05-08 08:15:00+00:00,265.0,265.1,264.6,264.6,990
2024-05-08 08:20:00+00:00,264.5,265.3,264.1,265.3,2053
2024-05-08 08:25:00+00:00,265.3,265.3,264.55,264.9,862
2024-05-08 08:30:00+00:00,264.9,264.9,264.55,264.55,382
2024-05-08 08:35:00+00:00,264.55,264.8,264.3,264.3,732
2024-05-08 08:40:00+00:00,264.3,264.85,264.3,264.85,712
2024-05-08 08:45:00+00:00,264.85,264.85,264.1,264.3,1999
2024-05-08 08:50:00+00:00,264.3,264.3,262.55,262.95,11936
2024-05-08 08:55:00+00:00,262.95,263.7,262.4,263.3,7856
2024-05-08 09:00:00+00:00,263.3,264.1,263.3,263.35,2151
2024-05-08 09:05:00+00:00,263.45,263.45,260.8,260.8,10735
2024-05-08 09:10:00+00:00,261.0,263.15,260.8,263.15,6966
2024-05-08 09:15:00+00:00,263.15,263.65,261.35,262.2,2615
2024-05-08 09:20:00+00:00,262.6,263.1,262.1,263.1,1347
2024-05-08 09:25:00+00:00,263.1,263.15,262.5,263.0,1389
2024-05-08 09:30:00+00:00,262.45,263.1,262.05,262.95,2975
2024-05-08 09:35:00+00:00,262.95,263.5,262.0,262.9,3278
2024-05-08 09:40:00+00:00,262.9,262.9,262.0,262.2,5294
2024-05-08 09:45:00+00:00,262.2,262.5,261.1,261.9,7696
2024-05-08 09:50:00+00:00,261.9,263.0,261.85,262.55,5441
2024-05-08 09:55:00+00:00,262.55,263.75,262.2,263.75,10203
2024-05-09 03:45:00+00:00,260.25,264.95,260.25,263.2,30263
2024-05-09 03:50:00+00:00,263.2,263.9,262.1,262.85,9081
2024-05-09 03:55:00+00:00,262.85,262.95,261.25,261.25,6052
2024-05-09 04:00:00+00:00,261.25,261.5,260.2,260.2,3926
2024-05-09 04:05:00+00:00,260.5,261.75,260.2,261.25,4381
2024-05-09 04:10:00+00:00,261.25,262.75,261.0,262.3,7934
2024-05-09 04:15:00+00:00,262.45,262.45,260.45,260.45,8638
2024-05-09 04:20:00+00:00,260.45,260.45,258.05,259.65,10351
2024-05-09 04:25:00+00:00,259.65,260.0,258.2,258.55,6989
2024-05-09 04:30:00+00:00,258.55,259.0,258.35,258.8,5383
2024-05-09 04:35:00+00:00,258.8,259.5,258.8,259.0,2024
2024-05-09 04:40:00+00:00,259.0,259.25,258.5,258.5,2731
2024-05-09 04:45:00+00:00,258.5,258.65,257.65,257.95,6275
2024-05-09 04:50:00+00:00,258.0,259.4,257.55,258.45,16508
2024-05-09 04:55:00+00:00,258.0,258.5,257.3,257.45,2643
2024-05-09 05:00:00+00:00,257.45,258.45,257.45,258.1,4082
2024-05-09 05:05:00+00:00,258.1,258.35,258.1,258.35,1480
2024-05-09 05:10:00+00:00,258.35,258.35,256.5,256.8,3375
2024-05-09 05:15:00+00:00,256.8,257.45,255.0,255.95,15636
2024-05-09 05:20:00+00:00,255.95,256.15,254.0,255.15,9498
2024-05-09 05:25:00+00:00,255.15,256.35,254.2,256.0,5641
2024-05-09 05:30:00+00:00,256.35,257.05,255.1,255.45,12931
2024-05-09 05:35:00+00:00,255.45,255.85,255.0,255.3,3526
2024-05-09 05:40:00+00:00,255.3,257.0,254.9,256.9,3330
2024-05-09 05:45:00+00:00,257.0,257.0,256.0,256.65,2831
2024-05-09 05:50:00+00:00,256.65,256.65,256.0,256.35,1132
2024-05-09 05:55:00+00:00,256.35,256.35,255.85,256.0,684
2024-05-09 06:00:00+00:00,256.0,256.5,255.7,256.0,2563
2024-05-09 06:05:00+00:00,256.0,256.9,255.2,256.5,4739
2024-05-09 06:10:00+00:00,256.5,257.0,256.4,256.4,1717
2024-05-09 06:15:00+00:00,256.4,257.85,256.4,257.5,3402
2024-05-09 06:20:00+00:00,257.5,257.5,256.75,257.0,4291
2024-05-09 06:25:00+00:00,257.0,257.05,255.4,255.85,4546
2024-05-09 06:30:00+00:00,255.85,255.95,255.5,255.95,326
2024-05-09 06:35:00+00:00,255.95,256.15,255.95,256.15,368
2024-05-09 06:40:00+00:00,256.15,256.65,255.5,255.5,750
2024-05-09 06:45:00+00:00,255.5,256.45,255.35,256.15,1559
2024-05-09 06:50:00+00:00,256.15,256.2,255.55,255.55,653
2024-05-09 06:55:00+00:00,255.55,255.9,255.55,255.55,289
2024-05-09 07:00:00+00:00,255.55,256.0,255.55,255.7,221
2024-05-09 07:05:00+00:00,255.7,255.9,255.25,255.35,1960
2024-05-09 07:10:00+00:00,255.35,255.7,254.65,254.65,2334
2024-05-09 07:15:00+00:00,254.65,254.65,253.65,254.0,5900
2024-05-09 07:20:00+00:00,254.0,254.6,250.3,251.65,55213
2024-05-09 07:25:00+00:00,251.65,252.0,251.25,251.6,5471
2024-05-09 07:30:00+00:00,251.6,252.95,251.6,252.95,4411
2024-05-09 07:35:00+00:00,252.95,253.4,252.45,252.55,1959
2024-05-09 07:40:00+00:00,252.55,253.2,251.65,251.65,4651
2024-05-09 07:45:00+00:00,251.65,253.2,251.65,252.55,1770
2024-05-09 07:50:00+00:00,252.85,253.45,251.75,252.85,3088
2024-05-09 07:55:00+00:00,252.85,253.55,252.25,253.45,966
2024-05-09 08:00:00+00:00,253.45,253.45,252.8,252.8,2412
2024-05-09 08:05:00+00:00,252.8,253.45,251.95,253.25,3823
2024-05-09 08:10:00+00:00,253.25,254.0,252.75,253.3,1347
2024-05-09 08:15:00+00:00,253.3,254.4,252.4,253.7,1998
2024-05-09 08:20:00+00:00,253.7,254.1,253.45,253.5,2842
2024-05-09 08:25:00+00:00,253.5,253.85,253.0,253.5,5257
2024-05-09 08:30:00+00:00,253.5,253.75,253.0,253.15,4229
2024-05-09 08:35:00+00:00,253.15,253.8,253.0,253.75,1867
2024-05-09 08:40:00+00:00,253.75,254.4,253.75,254.4,653
2024-05-09 08:45:00+00:00,254.4,254.5,254.1,254.3,2530
2024-05-09 08:50:00+00:00,254.3,254.8,254.0,254.0,3941
2024-05-09 08:55:00+00:00,254.0,254.7,253.8,254.55,3412
2024-05-09 09:00:00+00:00,254.55,254.55,253.75,253.75,194
2024-05-09 09:05:00+00:00,253.75,253.95,252.55,252.9,3676
2024-05-09 09:10:00+00:00,252.9,252.95,252.35,252.5,5261
2024-05-09 09:15:00+00:00,252.5,252.65,252.0,252.0,4129
2024-05-09 09:20:00+00:00,252.1,252.85,252.1,252.85,1056
2024-05-09 09:25:00+00:00,252.85,253.0,252.6,253.0,3038
2024-05-09 09:30:00+00:00,253.0,253.0,252.0,252.0,4753
2024-05-09 09:35:00+00:00,252.0,252.35,250.7,251.75,18405
2024-05-09 09:40:00+00:00,251.75,253.0,251.35,252.05,8095
2024-05-09 09:45:00+00:00,252.05,252.65,251.0,251.2,10352
2024-05-09 09:50:00+00:00,251.0,252.7,251.0,251.65,10016
2024-05-09 09:55:00+00:00,251.65,252.7,251.2,252.0,11481
2024-05-10 03:45:00+00:00,253.95,256.7,253.95,255.7,18571
2024-05-10 03:50:00+00:00,255.7,255.7,250.45,253.7,14540
2024-05-10 03:55:00+00:00,254.25,255.6,253.1,253.85,15420
2024-05-10 04:00:00+00:00,253.85,254.7,252.05,252.25,16783
2024-05-10 04:05:00+00:00,252.0,252.8,246.0,246.0,24885
2024-05-10 04:10:00+00:00,246.0,249.85,245.05,249.7,19232
2024-05-10 04:15:00+00:00,249.45,251.9,249.45,250.8,13358
2024-05-10 04:20:00+00:00,250.8,254.6,250.8,254.6,15577
2024-05-10 04:25:00+00:00,254.6,254.8,252.1,254.5,13767
2024-05-10 04:30:00+00:00,254.5,255.4,253.8,254.9,11115
2024-05-10 04:35:00+00:00,254.9,255.8,254.85,255.35,10364
2024-05-10 04:40:00+00:00,255.35,255.7,255.05,255.7,4655
2024-05-10 04:45:00+00:00,255.7,256.35,255.1,256.0,4353
2024-05-10 04:50:00+00:00,256.0,257.75,255.1,255.1,9480
2024-05-10 04:55:00+00:00,255.05,255.55,254.05,255.45,3623
2024-05-10 05:00:00+00:00,255.45,255.45,254.1,254.15,493
2024-05-10 05:05:00+00:00,254.15,255.55,254.15,255.55,1888
2024-05-10 05:10:00+00:00,255.55,257.15,255.15,256.15,7883
2024-05-10 05:15:00+00:00,256.15,256.55,255.0,255.75,2929
2024-05-10 05:20:00+00:00,255.75,255.75,253.05,253.2,2217
2024-05-10 05:25:00+00:00,253.2,253.95,253.1,253.75,667
2024-05-10 05:30:00+00:00,253.75,253.85,252.35,253.3,3682
2024-05-10 05:35:00+00:00,253.3,253.5,252.4,253.0,5062
2024-05-10 05:40:00+00:00,253.0,253.0,252.95,253.0,16487
2024-05-10 05:45:00+00:00,253.0,254.95,253.0,254.0,1354
2024-05-10 05:50:00+00:00,254.0,254.95,254.0,254.0,2211
2024-05-10 05:55:00+00:00,254.0,255.75,253.95,255.75,4800
2024-05-10 06:00:00+00:00,255.75,255.9,255.05,255.2,3117
2024-05-10 06:05:00+00:00,255.2,255.35,254.45,255.35,1751
2024-05-10 06:10:00+00:00,255.35,255.7,255.35,255.45,197
2024-05-10 06:15:00+00:00,255.45,255.9,254.85,254.85,4937
2024-05-10 06:20:00+00:00,254.85,255.3,254.2,254.55,1484
2024-05-10 06:25:00+00:00,254.55,254.55,253.7,253.85,1124
2024-05-10 06:30:00+00:00,253.85,254.2,253.6,254.1,719
2024-05-10 06:35:00+00:00,254.1,254.1,253.8,253.8,193
2024-05-10 06:40:00+00:00,253.8,254.45,253.8,253.95,1284
2024-05-10 06:45:00+00:00,253.95,254.15,253.05,253.4,1039
2024-05-10 06:50:00+00:00,253.4,254.15,253.4,253.55,1023
2024-05-10 06:55:00+00:00,253.55,253.55,253.0,253.3,3099
2024-05-10 07:00:00+00:00,253.3,254.35,253.3,254.0,230
2024-05-10 07:05:00+00:00,254.0,254.5,254.0,254.1,571
2024-05-10 07:10:00+00:00,254.1,254.1,253.45,254.0,633
2024-05-10 07:15:00+00:00,254.0,254.0,252.0,252.4,10268
2024-05-10 07:20:00+00:00,252.6,252.95,252.2,252.8,523
2024-05-10 07:25:00+00:00,252.8,254.7,252.75,253.75,3320
2024-05-10 07:30:00+00:00,253.75,253.75,253.4,253.4,1718
2024-05-10 07:35:00+00:00,253.4,253.4,253.0,253.05,1101
2024-05-10 07:40:00+00:00,253.05,253.4,252.85,252.85,1265
2024-05-10 07:45:00+00:00,252.85,253.0,252.55,253.0,254
2024-05-10 07:50:00+00:00,253.0,253.4,252.55,253.35,874
2024-05-10 07:55:00+00:00,253.35,254.25,253.05,254.25,1760
2024-05-10 08:00:00+00:00,254.25,254.65,253.9,254.55,2109
2024-05-10 08:05:00+00:00,254.55,254.75,253.9,253.95,2280
2024-05-10 08:10:00+00:00,253.95,254.25,253.95,254.0,342
2024-05-10 08:15:00+00:00,254.0,254.35,253.8,254.35,621
2024-05-10 08:20:00+00:00,254.35,255.5,254.1,254.55,3313
2024-05-10 08:25:00+00:00,254.55,254.95,254.2,254.2,936
2024-05-10 08:30:00+00:00,254.2,256.8,254.2,256.75,8170
2024-05-10 08:35:00+00:00,256.8,260.8,256.05,260.0,31192
2024-05-10 08:40:00+00:00,260.0,260.0,257.4,257.6,9669
2024-05-10 08:45:00+00:00,257.6,258.0,257.0,257.5,5019
2024-05-10 08:50:00+00:00,257.5,258.0,257.0,257.2,3927
2024-05-10 08:55:00+00:00,257.05,257.7,257.0,257.65,1955
2024-05-10 09:00:00+00:00,257.65,258.0,257.35,257.7,2358
2024-05-10 09:05:00+00:00,257.7,257.75,257.1,257.1,1104
2024-05-10 09:10:00+00:00,257.1,257.5,257.1,257.2,2211
2024-05-10 09:15:00+00:00,257.2,258.0,257.2,257.85,2272
2024-05-10 09:20:00+00:00,257.85,258.8,257.3,258.35,6361
2024-05-10 09:25:00+00:00,258.35,258.35,257.1,257.4,2642
2024-05-10 09:30:00+00:00,257.4,258.0,257.3,258.0,3029
2024-05-10 09:35:00+00:00,257.9,257.9,256.95,256.95,3434
2024-05-10 09:40:00+00:00,256.8,258.0,256.15,256.8,6538
2024-05-10 09:45:00+00:00,256.8,256.8,255.2,256.0,6984
2024-05-10 09:50:00+00:00,256.0,256.0,255.3,255.6,6083
2024-05-10 09:55:00+00:00,255.95,256.4,255.05,255.05,10875
2024-05-13 03:45:00+00:00,257.0,257.0,251.2,254.55,11893
2024-05-13 03:50:00+00:00,254.25,254.95,251.6,251.6,12794
2024-05-13 03:55:00+00:00,251.6,253.9,251.55,253.45,8814
2024-05-13 04:00:00+00:00,253.45,253.6,250.1,250.1,14610
2024-05-13 04:05:00+00:00,249.6,251.0,249.3,249.3,5343
2024-05-13 04:10:00+00:00,249.7,249.95,248.0,248.0,12466
2024-05-13 04:15:00+00:00,248.0,250.4,248.0,250.05,6559
2024-05-13 04:20:00+00:00,250.1,250.55,249.0,249.4,5524
2024-05-13 04:25:00+00:00,249.4,250.0,249.0,249.5,3162
2024-05-13 04:30:00+00:00,249.5,249.5,247.3,248.95,7358
2024-05-13 04:35:00+00:00,248.95,249.35,248.05,249.2,3637
2024-05-13 04:40:00+00:00,249.2,251.0,248.8,250.95,5636
2024-05-13 04:45:00+00:00,250.95,251.65,250.0,250.2,5477
2024-05-13 04:50:00+00:00,250.2,250.2,247.5,248.95,13188
2024-05-13 04:55:00+00:00,248.95,249.8,248.0,248.45,14256
2024-05-13 05:00:00+00:00,248.45,248.85,247.95,248.25,4397
2024-05-13 05:05:00+00:00,248.25,248.25,247.0,247.35,5801
2024-05-13 05:10:00+00:00,247.35,247.35,246.6,247.15,2388
2024-05-13 05:15:00+00:00,247.0,247.2,245.1,246.9,10897
2024-05-13 05:20:00+00:00,247.0,248.8,246.3,248.45,3336
2024-05-13 05:25:00+00:00,248.45,248.45,246.9,248.15,6167
2024-05-13 05:30:00+00:00,248.15,248.45,247.65,248.4,1459
2024-05-13 05:35:00+00:00,248.4,249.45,248.2,249.0,4347
2024-05-13 05:40:00+00:00,248.5,249.95,248.5,249.95,4023
2024-05-13 05:45:00+00:00,249.95,251.0,249.6,250.7,6120
2024-05-13 05:50:00+00:00,250.7,251.9,250.6,251.35,2137
2024-05-13 05:55:00+00:00,251.35,251.95,251.0,251.65,2431
2024-05-13 06:00:00+00:00,251.65,251.65,250.65,251.45,2314
2024-05-13 06:05:00+00:00,251.45,251.55,251.1,251.1,2648
2024-05-13 06:10:00+00:00,251.1,251.9,250.0,251.8,2893
2024-05-13 06:15:00+00:00,251.8,251.9,250.8,251.85,1409
2024-05-13 06:20:00+00:00,251.85,253.0,251.85,252.55,4394
2024-05-13 06:25:00+00:00,252.55,253.4,251.9,252.4,3733
2024-05-13 06:30:00+00:00,252.4,253.25,252.4,252.95,2842
2024-05-13 06:35:00+00:00,252.95,253.1,251.25,252.7,2496
2024-05-13 06:40:00+00:00,252.7,253.35,251.65,253.15,3840
2024-05-13 06:45:00+00:00,253.15,253.15,251.5,251.8,3808
2024-05-13 06:50:00+00:00,251.8,252.05,251.1,251.1,637
2024-05-13 06:55:00+00:00,251.1,252.7,250.6,251.65,11721
2024-05-13 07:00:00+00:00,251.65,253.25,251.45,253.25,2304
2024-05-13 07:05:00+00:00,253.25,253.4,253.0,253.0,1576
2024-05-13 07:10:00+00:00,253.0,253.5,252.65,253.0,3397
2024-05-13 07:15:00+00:00,253.0,253.25,252.3,252.5,1756
2024-05-13 07:20:00+00:00,252.5,252.85,252.2,252.8,1260
2024-05-13 07:25:00+00:00,252.8,252.8,252.3,252.65,989
2024-05-13 07:30:00+00:00,252.65,253.4,252.5,252.5,1108
2024-05-13 07:35:00+00:00,252.5,253.4,252.3,253.4,963
2024-05-13 07:40:00+00:00,253.4,253.4,252.55,252.55,1541
2024-05-13 07:45:00+00:00,252.55,253.2,252.25,252.25,918
2024-05-13 07:50:00+00:00,252.45,252.45,251.55,251.55,3181
2024-05-13 07:55:00+00:00,251.55,252.3,251.55,252.3,446
2024-05-13 08:00:00+00:00,252.3,252.3,251.55,251.55,2265
2024-05-13 08:05:00+00:00,251.55,251.95,251.4,251.85,1598
2024-05-13 08:10:00+00:00,251.85,252.4,251.55,252.4,464
2024-05-13 08:15:00+00:00,252.4,252.5,252.25,252.25,1655
2024-05-13 08:20:00+00:00,252.25,253.5,252.25,253.5,4533
2024-05-13 08:25:00+00:00,253.5,253.8,253.5,253.7,515
2024-05-13 08:30:00+00:00,253.7,254.65,253.7,254.65,3607
2024-05-13 08:35:00+00:00,254.4,254.8,254.4,254.4,1947
2024-05-13 08:40:00+00:00,254.4,255.0,253.7,254.95,3758
2024-05-13 08:45:00+00:00,254.6,255.4,254.3,254.9,1589
2024-05-13 08:50:00+00:00,254.9,254.9,253.7,253.7,4786
2024-05-13 08:55:00+00:00,253.7,253.7,252.05,252.95,7403
2024-05-13 09:00:00+00:00,252.95,253.9,252.95,253.3,3051
2024-05-13 09:05:00+00:00,253.3,254.0,253.3,253.9,682
2024-05-13 09:10:00+00:00,253.9,253.9,253.3,253.6,1527
2024-05-13 09:15:00+00:00,253.6,253.7,252.8,253.2,6260
2024-05-13 09:20:00+00:00,253.2,253.2,252.6,252.65,2708
2024-05-13 09:25:00+00:00,252.65,253.0,252.55,252.8,1086
2024-05-13 09:30:00+00:00,252.8,252.8,251.0,251.0,7364
2024-05-13 09:35:00+00:00,251.0,251.35,249.45,249.8,16632
2024-05-13 09:40:00+00:00,249.8,250.8,249.8,250.55,2761
2024-05-13 09:45:00+00:00,250.55,251.4,250.5,251.3,4751
2024-05-13 09:50:00+00:00,251.3,252.2,251.0,251.1,9437
2024-05-13 09:55:00+00:00,251.1,251.75,250.25,251.0,14628
2024-05-14 03:45:00+00:00,252.95,258.4,252.95,257.5,32161
2024-05-14 03:50:00+00:00,257.45,257.5,255.3,256.05,10813
2024-05-14 03:55:00+00:00,256.05,257.6,255.5,257.55,5287
2024-05-14 04:00:00+00:00,257.8,259.0,256.8,257.9,12998
2024-05-14 04:05:00+00:00,257.85,258.0,256.1,256.25,8295
2024-05-14 04:10:00+00:00,256.25,256.65,255.4,256.25,1720
2024-05-14 04:15:00+00:00,256.25,256.4,254.5,255.15,16617
2024-05-14 04:20:00+00:00,255.15,257.65,255.1,255.2,13933
2024-05-14 04:25:00+00:00,255.2,256.5,255.2,256.15,3516
2024-05-14 04:30:00+00:00,256.15,256.4,255.0,255.0,5696
2024-05-14 04:35:00+00:00,254.9,255.0,253.0,254.0,8251
2024-05-14 04:40:00+00:00,254.0,254.95,254.0,254.0,1726
2024-05-14 04:45:00+00:00,254.0,255.35,254.0,255.35,2617
2024-05-14 04:50:00+00:00,255.35,255.6,254.35,254.7,1166
2024-05-14 04:55:00+00:00,254.7,254.8,254.4,254.8,1191
2024-05-14 05:00:00+00:00,255.0,255.65,255.0,255.3,4226
2024-05-14 05:05:00+00:00,255.3,256.0,255.3,256.0,1656
2024-05-14 05:10:00+00:00,256.0,256.45,255.9,256.25,1375
2024-05-14 05:15:00+00:00,256.25,257.4,256.15,257.4,5050
2024-05-14 05:20:00+00:00,257.4,258.2,257.0,257.25,5363
2024-05-14 05:25:00+00:00,257.25,258.0,257.2,257.45,2913
2024-05-14 05:30:00+00:00,257.45,258.75,257.3,257.9,10926
2024-05-14 05:35:00+00:00,258.0,258.75,257.75,257.95,3194
2024-05-14 05:40:00+00:00,257.95,260.9,257.95,260.3,26063
2024-05-14 05:45:00+00:00,260.3,263.55,260.3,263.05,129752
2024-05-14 05:50:00+00:00,263.05,263.55,261.15,261.8,14768
2024-05-14 05:55:00+00:00,261.8,262.2,261.8,262.1,5478
2024-05-14 06:00:00+00:00,262.1,262.5,262.0,262.4,7643
2024-05-14 06:05:00+00:00,262.4,262.4,261.8,261.8,2303
2024-05-14 06:10:00+00:00,261.8,261.95,261.0,261.0,3065
2024-05-14 06:15:00+00:00,260.95,261.7,260.0,260.95,5775
2024-05-14 06:20:00+00:00,260.95,261.85,260.75,261.85,1411
2024-05-14 06:25:00+00:00,261.85,261.85,260.05,261.0,4760
2024-05-14 06:30:00+00:00,261.1,261.9,260.75,261.45,3118
2024-05-14 06:35:00+00:00,261.45,262.45,260.1,262.45,6848
2024-05-14 06:40:00+00:00,262.95,263.55,260.65,263.05,61500
2024-05-14 06:45:00+00:00,262.9,263.0,262.1,262.9,7820
2024-05-14 06:50:00+00:00,262.9,263.5,262.1,262.6,7362
2024-05-14 06:55:00+00:00,262.6,263.55,262.5,263.55,12094
2024-05-14 07:00:00+00:00,263.55,263.55,263.55,263.55,2363
2024-05-14 07:05:00+00:00,263.55,263.55,263.55,263.55,60
2024-05-14 07:10:00+00:00,263.55,263.55,263.55,263.55,273
2024-05-14 07:15:00+00:00,263.55,263.55,263.55,263.55,394
2024-05-14 07:20:00+00:00,263.55,263.55,263.55,263.55,227
2024-05-14 07:25:00+00:00,263.55,263.55,263.55,263.55,305
2024-05-14 07:30:00+00:00,263.55,263.55,263.55,263.55,3869
2024-05-14 07:35:00+00:00,263.55,263.55,263.55,263.55,550
2024-05-14 07:40:00+00:00,263.55,263.55,263.55,263.55,602
2024-05-14 07:45:00+00:00,263.55,263.55,263.55,263.55,205
2024-05-14 07:50:00+00:00,263.55,263.55,263.55,263.55,905
2024-05-14 07:55:00+00:00,263.55,263.55,263.55,263.55,8
2024-05-14 08:00:00+00:00,263.55,263.55,263.55,263.55,30
2024-05-14 08:05:00+00:00,263.55,263.55,263.55,263.55,9
2024-05-14 08:10:00+00:00,263.55,263.55,263.55,263.55,323
2024-05-14 08:15:00+00:00,263.55,263.55,263.55,263.55,509
2024-05-14 08:20:00+00:00,263.55,263.55,263.55,263.55,813
2024-05-14 08:25:00+00:00,263.55,263.55,261.15,263.55,203835
2024-05-14 08:30:00+00:00,263.55,263.55,263.55,263.55,259
2024-05-14 08:35:00+00:00,263.55,263.55,263.55,263.55,11493
2024-05-14 08:40:00+00:00,263.55,263.55,263.55,263.55,1422
2024-05-14 08:45:00+00:00,263.55,263.55,263.55,263.55,91
2024-05-14 08:50:00+00:00,263.55,263.55,263.55,263.55,1057
2024-05-14 08:55:00+00:00,263.55,263.55,263.55,263.55,6796
2024-05-14 09:00:00+00:00,263.55,263.55,263.55,263.55,735
2024-05-14 09:05:00+00:00,263.55,263.55,263.55,263.55,1025
2024-05-14 09:10:00+00:00,263.55,263.55,263.55,263.55,231
2024-05-14 09:15:00+00:00,263.55,263.55,263.55,263.55,85
2024-05-14 09:20:00+00:00,263.55,263.55,263.55,263.55,1981
2024-05-14 09:25:00+00:00,263.55,263.55,263.55,263.55,230
2024-05-14 09:30:00+00:00,263.55,263.55,263.55,263.55,1105
2024-05-14 09:35:00+00:00,263.55,263.55,263.55,263.55,3655
2024-05-14 09:40:00+00:00,263.55,263.55,263.55,263.55,3342
2024-05-14 09:45:00+00:00,263.55,263.55,263.55,263.55,4600
2024-05-14 09:50:00+00:00,263.55,263.55,263.55,263.55,1273
2024-05-14 09:55:00+00:00,263.55,263.55,263.55,263.55,1110
2024-05-15 03:45:00+00:00,263.45,269.7,262.5,269.5,67766
2024-05-15 03:50:00+00:00,269.9,273.5,268.4,271.8,69146
2024-05-15 03:55:00+00:00,271.8,273.0,270.95,272.1,38365
2024-05-15 04:00:00+00:00,272.1,272.55,269.0,269.0,30037
2024-05-15 04:05:00+00:00,269.7,269.9,267.0,269.5,27557
2024-05-15 04:10:00+00:00,269.5,270.5,268.25,268.8,11907
2024-05-15 04:15:00+00:00,268.25,269.0,268.1,268.45,3571
2024-05-15 04:20:00+00:00,268.45,269.0,267.85,268.0,15809
2024-05-15 04:25:00+00:00,268.0,268.55,268.0,268.25,6222
2024-05-15 04:30:00+00:00,268.25,268.45,266.0,266.55,9186
2024-05-15 04:35:00+00:00,266.55,266.55,261.35,263.95,46016
2024-05-15 04:40:00+00:00,263.9,266.0,263.9,265.35,6383
2024-05-15 04:45:00+00:00,265.4,265.75,264.05,264.65,4179
2024-05-15 04:50:00+00:00,264.25,265.45,264.25,264.9,3390
2024-05-15 04:55:00+00:00,264.9,264.95,264.5,264.8,435
2024-05-15 05:00:00+00:00,264.8,265.0,261.6,262.6,7714
2024-05-15 05:05:00+00:00,262.6,263.8,262.6,263.5,8490
2024-05-15 05:10:00+00:00,263.5,264.15,263.0,263.0,3208
2024-05-15 05:15:00+00:00,263.15,264.5,263.15,264.1,2786
2024-05-15 05:20:00+00:00,264.1,264.65,263.4,263.75,4734
2024-05-15 05:25:00+00:00,263.75,264.4,263.75,264.15,2686
2024-05-15 05:30:00+00:00,264.2,264.65,264.2,264.55,2971
2024-05-15 05:35:00+00:00,264.55,264.65,263.75,264.15,6085
2024-05-15 05:40:00+00:00,264.15,264.5,263.1,263.1,8092
2024-05-15 05:45:00+00:00,263.1,265.55,262.6,265.5,4638
2024-05-15 05:50:00+00:00,265.5,265.5,264.45,264.45,533
2024-05-15 05:55:00+00:00,264.45,264.45,262.05,262.7,9670
2024-05-15 06:00:00+00:00,262.7,263.2,262.35,262.8,2735
2024-05-15 06:05:00+00:00,262.8,263.15,262.8,263.1,650
2024-05-15 06:10:00+00:00,263.1,263.9,262.8,262.8,7857
2024-05-15 06:15:00+00:00,262.8,263.1,262.6,262.9,2794
2024-05-15 06:20:00+00:00,262.9,263.1,262.9,263.0,1618
2024-05-15 06:25:00+00:00,262.8,263.1,262.8,263.1,1797
2024-05-15 06:30:00+00:00,263.1,263.65,262.8,262.8,3203
2024-05-15 06:35:00+00:00,262.8,263.0,262.6,262.9,2102
2024-05-15 06:40:00+00:00,262.9,262.9,262.2,262.2,1431
2024-05-15 06:45:00+00:00,262.2,262.5,261.9,261.9,5732
2024-05-15 06:50:00+00:00,261.9,262.0,261.5,261.85,3069
2024-05-15 06:55:00+00:00,262.05,262.2,261.65,262.2,868
2024-05-15 07:00:00+00:00,262.2,263.5,262.05,263.5,2403
2024-05-15 07:05:00+00:00,263.5,263.5,262.05,262.05,2282
2024-05-15 07:10:00+00:00,262.05,262.5,262.05,262.5,2006
2024-05-15 07:15:00+00:00,262.4,262.4,259.65,260.3,22162
2024-05-15 07:20:00+00:00,260.3,260.85,260.3,260.55,933
2024-05-15 07:25:00+00:00,260.55,261.5,260.5,261.05,2628
2024-05-15 07:30:00+00:00,261.05,261.5,260.95,261.0,1886
2024-05-15 07:35:00+00:00,261.0,261.85,261.0,261.4,5503
2024-05-15 07:40:00+00:00,261.4,261.85,261.4,261.45,1638
2024-05-15 07:45:00+00:00,261.45,261.7,261.4,261.7,556
2024-05-15 07:50:00+00:00,261.7,261.9,261.7,261.9,353
2024-05-15 07:55:00+00:00,261.9,262.15,261.7,261.95,1162
2024-05-15 08:00:00+00:00,261.95,262.1,261.7,261.7,2955
2024-05-15 08:05:00+00:00,261.7,261.7,261.3,261.3,1351
2024-05-15 08:10:00+00:00,261.3,261.3,260.0,260.9,9721
2024-05-15 08:15:00+00:00,260.9,261.0,260.9,260.9,1360
2024-05-15 08:20:00+00:00,260.9,261.3,260.6,260.8,685
2024-05-15 08:25:00+00:00,260.8,261.5,260.8,261.25,3956
2024-05-15 08:30:00+00:00,261.25,261.5,260.5,261.0,2087
2024-05-15 08:35:00+00:00,261.0,261.5,260.85,260.95,2615
2024-05-15 08:40:00+00:00,260.95,261.0,260.5,260.8,1551
2024-05-15 08:45:00+00:00,260.8,261.0,260.7,260.7,857
2024-05-15 08:50:00+00:00,260.7,261.0,260.45,261.0,2586
2024-05-15 08:55:00+00:00,261.0,261.5,260.9,261.15,5435
2024-05-15 09:00:00+00:00,261.15,261.2,260.65,261.0,3981
2024-05-15 09:05:00+00:00,261.0,261.0,260.95,260.95,238
2024-05-15 09:10:00+00:00,260.95,261.05,260.9,261.0,1231
2024-05-15 09:15:00+00:00,261.0,261.8,261.0,261.8,2345
2024-05-15 09:20:00+00:00,261.8,262.3,261.8,262.3,2914
2024-05-15 09:25:00+00:00,262.3,262.5,262.0,262.3,5176
2024-05-15 09:30:00+00:00,262.3,263.85,262.3,263.05,9886
2024-05-15 09:35:00+00:00,263.05,263.25,262.0,262.0,8265
2024-05-15 09:40:00+00:00,262.0,262.2,261.0,262.0,10626
2024-05-15 09:45:00+00:00,262.0,262.1,261.55,261.85,2544
2024-05-15 09:50:00+00:00,261.6,261.95,260.0,260.25,20359
2024-05-15 09:55:00+00:00,260.25,262.0,260.0,261.5,19920
2024-05-16 03:45:00+00:00,262.6,264.75,262.6,262.95,10362
2024-05-16 03:50:00+00:00,261.95,264.0,261.8,263.0,12728
2024-05-16 03:55:00+00:00,263.0,263.2,262.4,263.0,3694
2024-05-16 04:00:00+00:00,263.0,263.05,262.25,262.25,3297
2024-05-16 04:05:00+00:00,262.25,262.95,262.25,262.6,2061
2024-05-16 04:10:00+00:00,262.6,263.5,262.3,262.6,3157
2024-05-16 04:15:00+00:00,262.6,262.6,261.7,262.15,3139
2024-05-16 04:20:00+00:00,262.15,262.15,261.5,262.0,2698
2024-05-16 04:25:00+00:00,262.0,263.0,262.0,262.85,2002
2024-05-16 04:30:00+00:00,262.85,262.85,262.0,262.7,2669
2024-05-16 04:35:00+00:00,262.7,263.05,262.35,262.95,2251
2024-05-16 04:40:00+00:00,262.95,263.0,261.65,262.05,4656
2024-05-16 04:45:00+00:00,262.05,263.0,262.05,262.05,4212
2024-05-16 04:50:00+00:00,262.05,262.5,261.5,261.5,6849
2024-05-16 04:55:00+00:00,261.5,262.9,261.5,262.15,2818
2024-05-16 05:00:00+00:00,262.15,262.7,262.05,262.05,1217
2024-05-16 05:05:00+00:00,262.05,262.45,262.05,262.45,777
2024-05-16 05:10:00+00:00,262.4,262.45,261.8,262.3,2042
2024-05-16 05:15:00+00:00,262.3,262.3,261.55,261.6,1156
2024-05-16 05:20:00+00:00,261.6,262.25,261.6,262.2,669
2024-05-16 05:25:00+00:00,262.2,262.3,261.8,262.05,2155
2024-05-16 05:30:00+00:00,262.05,262.45,262.05,262.35,639
2024-05-16 05:35:00+00:00,262.35,262.35,261.9,261.9,493
2024-05-16 05:40:00+00:00,261.9,262.35,261.9,262.3,470
2024-05-16 05:45:00+00:00,262.3,262.3,261.7,261.9,1618
2024-05-16 05:50:00+00:00,261.9,262.0,261.5,262.0,4550
2024-05-16 05:55:00+00:00,262.0,262.25,261.85,262.25,4326
2024-05-16 06:00:00+00:00,262.25,262.25,261.55,261.55,629
2024-05-16 06:05:00+00:00,261.55,261.95,261.5,261.95,4450
2024-05-16 06:10:00+00:00,261.6,261.8,261.5,261.55,820
2024-05-16 06:15:00+00:00,261.55,261.9,261.55,261.55,524
2024-05-16 06:20:00+00:00,261.55,261.95,261.55,261.55,529
2024-05-16 06:25:00+00:00,261.55,262.15,261.55,262.15,1322
2024-05-16 06:30:00+00:00,262.15,262.2,261.55,261.6,697
2024-05-16 06:35:00+00:00,261.6,262.25,261.6,262.25,508
2024-05-16 06:40:00+00:00,262.0,262.3,262.0,262.3,3819
2024-05-16 06:45:00+00:00,262.3,263.15,262.3,263.0,5650
2024-05-16 06:50:00+00:00,263.0,263.65,262.8,262.8,4724
2024-05-16 06:55:00+00:00,262.8,263.4,262.3,262.85,3381
2024-05-16 07:00:00+00:00,262.85,263.4,262.85,263.4,2396
2024-05-16 07:05:00+00:00,263.4,264.5,263.1,264.1,5388
2024-05-16 07:10:00+00:00,264.1,264.65,263.9,264.0,4179
2024-05-16 07:15:00+00:00,264.0,264.0,263.35,263.4,633
2024-05-16 07:20:00+00:00,263.3,263.7,262.9,263.3,2540
2024-05-16 07:25:00+00:00,263.3,263.45,262.6,262.65,2899
2024-05-16 07:30:00+00:00,262.65,263.25,262.65,262.8,1260
2024-05-16 07:35:00+00:00,262.8,263.05,262.45,262.9,2184
2024-05-16 07:40:00+00:00,262.8,263.0,262.45,263.0,4520
2024-05-16 07:45:00+00:00,263.0,263.15,262.75,262.75,962
2024-05-16 07:50:00+00:00,262.75,262.75,262.05,262.1,2059
2024-05-16 07:55:00+00:00,262.1,262.25,262.1,262.25,384
2024-05-16 08:00:00+00:00,262.25,262.25,261.0,261.2,4203
2024-05-16 08:05:00+00:00,261.2,261.2,260.5,261.0,4650
2024-05-16 08:10:00+00:00,260.85,262.0,260.85,262.0,1098
2024-05-16 08:15:00+00:00,262.0,262.0,260.5,261.35,2880
2024-05-16 08:20:00+00:00,261.35,261.5,261.0,261.5,1785
2024-05-16 08:25:00+00:00,261.5,261.5,261.5,261.5,550
2024-05-16 08:30:00+00:00,261.5,261.7,260.9,261.7,3509
2024-05-16 08:35:00+00:00,261.7,261.7,261.0,261.0,1708
2024-05-16 08:40:00+00:00,261.0,261.75,260.5,261.75,1463
2024-05-16 08:45:00+00:00,261.75,262.3,261.05,262.3,3007
2024-05-16 08:50:00+00:00,262.3,262.35,262.0,262.3,778
2024-05-16 08:55:00+00:00,262.3,262.3,261.0,261.75,5218
2024-05-16 09:00:00+00:00,261.75,261.85,261.05,261.05,1668
2024-05-16 09:05:00+00:00,261.05,261.5,261.05,261.5,846
2024-05-16 09:10:00+00:00,261.5,261.7,261.2,261.65,1681
2024-05-16 09:15:00+00:00,261.65,261.95,261.4,261.75,1595
2024-05-16 09:20:00+00:00,261.75,262.35,261.75,262.1,2535
2024-05-16 09:25:00+00:00,262.1,262.3,261.55,262.0,1505
2024-05-16 09:30:00+00:00,262.0,262.0,261.1,261.25,4028
2024-05-16 09:35:00+00:00,261.25,262.0,261.25,261.8,324
2024-05-16 09:40:00+00:00,261.8,261.8,260.25,260.9,10769
2024-05-16 09:45:00+00:00,260.9,260.9,260.0,260.2,11889
2024-05-16 09:50:00+00:00,260.5,260.5,260.15,260.15,5589
2024-05-16 09:55:00+00:00,260.4,261.4,260.05,261.4,9780
2024-05-17 03:45:00+00:00,261.95,268.15,261.95,264.2,28961
2024-05-17 03:50:00+00:00,264.2,264.65,263.0,264.65,7448
2024-05-17 03:55:00+00:00,264.65,264.65,263.55,263.9,4222
2024-05-17 04:00:00+00:00,263.9,264.0,262.45,262.45,4041
2024-05-17 04:05:00+00:00,262.45,264.0,260.35,263.0,19597
2024-05-17 04:10:00+00:00,263.0,263.15,262.1,262.5,1218
2024-05-17 04:15:00+00:00,262.5,263.15,261.75,262.45,2899
2024-05-17 04:20:00+00:00,262.45,263.7,262.45,263.7,829
2024-05-17 04:25:00+00:00,263.7,264.3,263.55,263.8,2299
2024-05-17 04:30:00+00:00,263.8,264.0,263.3,263.8,3523
2024-05-17 04:35:00+00:00,263.8,263.8,262.25,262.9,2099
2024-05-17 04:40:00+00:00,262.9,263.45,262.45,262.85,1656
2024-05-17 04:45:00+00:00,262.85,262.85,261.35,261.55,2177
2024-05-17 04:50:00+00:00,261.55,262.0,261.15,261.2,2585
2024-05-17 04:55:00+00:00,261.2,262.0,261.2,261.7,1423
2024-05-17 05:00:00+00:00,261.5,262.85,261.25,262.85,8060
2024-05-17 05:05:00+00:00,262.85,262.9,262.25,262.25,1268
2024-05-17 05:10:00+00:00,262.25,262.75,262.05,262.4,645
2024-05-17 05:15:00+00:00,262.4,262.65,261.95,262.65,1456
2024-05-17 05:20:00+00:00,262.7,262.95,262.3,262.5,878
2024-05-17 05:25:00+00:00,262.5,264.45,262.4,263.75,12012
2024-05-17 05:30:00+00:00,264.0,264.4,263.3,263.45,2383
2024-05-17 05:35:00+00:00,263.65,263.9,263.55,263.55,856
2024-05-17 05:40:00+00:00,263.55,263.95,263.55,263.75,288
2024-05-17 05:45:00+00:00,263.75,264.9,263.75,264.7,7573
2024-05-17 05:50:00+00:00,264.7,264.7,263.3,264.0,4493
2024-05-17 05:55:00+00:00,264.0,264.45,264.0,264.0,5239
2024-05-17 06:00:00+00:00,264.0,264.5,264.0,264.05,975
2024-05-17 06:05:00+00:00,264.05,264.5,264.0,264.5,750
2024-05-17 06:10:00+00:00,264.5,264.5,264.05,264.2,1176
2024-05-17 06:15:00+00:00,264.2,264.4,264.0,264.4,1115
2024-05-17 06:20:00+00:00,264.4,264.4,263.8,263.8,615
2024-05-17 06:25:00+00:00,263.8,264.15,263.5,263.5,661
2024-05-17 06:30:00+00:00,263.85,264.1,263.35,263.75,879
2024-05-17 06:35:00+00:00,263.5,264.0,263.5,263.95,1685
2024-05-17 06:40:00+00:00,264.0,264.0,263.5,263.8,409
2024-05-17 06:45:00+00:00,263.8,264.15,263.7,263.7,661
2024-05-17 06:50:00+00:00,263.7,263.7,262.8,263.2,3482
2024-05-17 06:55:00+00:00,263.2,263.55,263.05,263.4,939
2024-05-17 07:00:00+00:00,263.15,263.4,262.8,263.4,2048
2024-05-17 07:05:00+00:00,263.4,263.65,263.15,263.15,2906
2024-05-17 07:10:00+00:00,263.1,263.6,263.1,263.5,1176
2024-05-17 07:15:00+00:00,263.5,263.5,262.7,262.7,1114
2024-05-17 07:20:00+00:00,262.7,263.5,262.6,262.6,481
2024-05-17 07:25:00+00:00,262.6,262.95,262.6,262.95,49
2024-05-17 07:30:00+00:00,263.0,263.0,262.55,263.0,281
2024-05-17 07:35:00+00:00,263.0,263.0,262.5,262.5,761
2024-05-17 07:40:00+00:00,262.5,263.0,262.3,262.3,942
2024-05-17 07:45:00+00:00,262.3,263.5,262.3,262.6,5796
2024-05-17 07:50:00+00:00,262.9,263.0,262.9,263.0,232
2024-05-17 07:55:00+00:00,263.0,263.25,262.85,262.95,316
2024-05-17 08:00:00+00:00,262.95,263.35,262.85,263.05,457
2024-05-17 08:05:00+00:00,263.25,263.3,263.0,263.0,645
2024-05-17 08:10:00+00:00,263.0,263.5,262.9,263.0,631
2024-05-17 08:15:00+00:00,263.0,263.4,263.0,263.4,185
2024-05-17 08:20:00+00:00,262.9,263.15,262.7,262.85,278
2024-05-17 08:25:00+00:00,262.85,263.4,262.8,263.1,1411
2024-05-17 08:30:00+00:00,263.1,263.1,262.55,262.9,5924
2024-05-17 08:35:00+00:00,263.1,263.1,261.5,262.5,10745
2024-05-17 08:40:00+00:00,262.9,262.9,262.4,262.6,686
2024-05-17 08:45:00+00:00,262.6,262.65,261.55,261.55,2270
2024-05-17 08:50:00+00:00,261.55,262.4,261.55,262.4,473
2024-05-17 08:55:00+00:00,262.15,262.55,261.6,261.95,1612
2024-05-17 09:00:00+00:00,261.95,262.0,261.3,262.0,1662
2024-05-17 09:05:00+00:00,262.0,262.0,261.0,261.8,5676
2024-05-17 09:10:00+00:00,261.8,262.0,261.5,261.9,1160
2024-05-17 09:15:00+00:00,261.9,262.3,261.35,261.55,1803
2024-05-17 09:20:00+00:00,261.55,262.0,261.3,262.0,1653
2024-05-17 09:25:00+00:00,262.0,262.0,261.0,261.15,3525
2024-05-17 09:30:00+00:00,261.15,261.9,261.15,261.45,1332
2024-05-17 09:35:00+00:00,261.45,261.45,260.0,261.35,16009
2024-05-17 09:40:00+00:00,261.35,261.95,261.0,261.95,3748
2024-05-17 09:45:00+00:00,261.95,262.05,261.05,261.6,3588
2024-05-17 09:50:00+00:00,261.6,261.75,261.0,261.1,5516
2024-05-17 09:55:00+00:00,261.65,261.75,258.0,258.0,14110
2024-05-18 03:45:00+00:00,260.5,265.0,259.95,262.5,10533
2024-05-18 03:50:00+00:00,262.5,263.9,262.5,263.2,6411
2024-05-18 03:55:00+00:00,263.2,263.2,262.5,262.9,3461
2024-05-18 04:00:00+00:00,262.9,263.0,262.1,263.0,3340
2024-05-18 04:05:00+00:00,263.0,263.0,262.2,262.8,5613
2024-05-18 04:10:00+00:00,262.8,263.0,262.2,262.85,2431
2024-05-18 04:15:00+00:00,262.85,262.85,262.0,262.0,1302
2024-05-18 04:20:00+00:00,262.0,262.35,260.5,261.8,6040
2024-05-18 04:25:00+00:00,261.8,262.4,260.5,261.0,2899
2024-05-18 06:00:00+00:00,262.9,263.0,259.05,259.95,16763
2024-05-18 06:05:00+00:00,259.85,260.0,259.5,259.75,7765
2024-05-18 06:10:00+00:00,258.75,259.0,258.5,259.0,26006
2024-05-18 06:15:00+00:00,258.75,259.0,258.5,258.95,4218
2024-05-18 06:20:00+00:00,258.95,259.0,258.75,258.75,1868
2024-05-18 06:25:00+00:00,258.75,259.0,257.15,257.4,17454
2024-05-18 06:30:00+00:00,257.4,258.0,256.95,257.85,9281
2024-05-18 06:35:00+00:00,257.85,258.0,257.1,258.0,3918
2024-05-18 06:40:00+00:00,258.0,258.0,256.25,256.95,17812
2024-05-18 06:45:00+00:00,256.95,259.5,256.0,258.75,141261
2024-05-18 06:50:00+00:00,258.75,259.0,257.4,258.0,6825
2024-05-18 06:55:00+00:00,258.25,258.25,257.5,257.8,6732
2024-05-21 03:45:00+00:00,259.9,259.9,253.6,257.85,17995
2024-05-21 03:50:00+00:00,257.85,259.35,256.45,258.8,13146
2024-05-21 03:55:00+00:00,258.8,258.8,257.05,258.5,8524
2024-05-21 04:00:00+00:00,258.45,258.85,258.0,258.6,3976
2024-05-21 04:05:00+00:00,258.6,261.7,258.15,259.5,26327
2024-05-21 04:10:00+00:00,259.6,262.9,259.6,260.9,19361
2024-05-21 04:15:00+00:00,260.9,261.6,260.45,260.45,3805
2024-05-21 04:20:00+00:00,260.45,260.45,259.0,259.45,5783
2024-05-21 04:25:00+00:00,259.45,260.4,258.35,260.4,6626
2024-05-21 04:30:00+00:00,260.4,260.4,260.15,260.4,738
2024-05-21 04:35:00+00:00,260.4,260.9,259.0,260.6,4825
2024-05-21 04:40:00+00:00,260.6,260.95,260.0,260.35,1580
2024-05-21 04:45:00+00:00,260.35,260.35,259.3,259.6,5855
2024-05-21 04:50:00+00:00,259.6,260.85,259.6,260.85,3950
2024-05-21 04:55:00+00:00,260.85,260.85,259.05,259.8,5799
2024-05-21 05:00:00+00:00,259.85,260.0,259.2,259.7,4444
2024-05-21 05:05:00+00:00,259.7,259.95,259.45,259.6,1616
2024-05-21 05:10:00+00:00,259.6,260.0,259.0,259.5,5125
2024-05-21 05:15:00+00:00,259.5,259.5,258.45,258.75,1676
2024-05-21 05:20:00+00:00,258.75,258.75,257.75,258.2,6889
2024-05-21 05:25:00+00:00,258.2,258.3,257.3,258.05,4743
2024-05-21 05:30:00+00:00,258.05,258.45,258.05,258.3,920
2024-05-21 05:35:00+00:00,258.3,259.2,258.05,258.9,2655
2024-05-21 05:40:00+00:00,258.9,258.9,258.5,258.55,1618
2024-05-21 05:45:00+00:00,258.55,259.35,258.55,259.0,1683
2024-05-21 05:50:00+00:00,259.0,259.15,258.3,258.3,1282
2024-05-21 05:55:00+00:00,258.3,258.7,258.2,258.5,661
2024-05-21 06:00:00+00:00,258.5,258.95,258.25,258.4,1727
2024-05-21 06:05:00+00:00,258.4,258.45,257.7,258.0,3365
2024-05-21 06:10:00+00:00,258.0,258.0,257.65,258.0,2410
2024-05-21 06:15:00+00:00,258.0,258.0,257.5,257.9,1104
2024-05-21 06:20:00+00:00,257.9,258.45,257.9,258.45,2874
2024-05-21 06:25:00+00:00,258.45,259.35,258.15,259.1,4669
2024-05-21 06:30:00+00:00,259.1,259.1,258.7,258.7,187
2024-05-21 06:35:00+00:00,258.7,259.0,258.1,259.0,2092
2024-05-21 06:40:00+00:00,259.0,259.0,258.55,258.65,152
2024-05-21 06:45:00+00:00,258.65,259.0,258.65,259.0,302
2024-05-21 06:50:00+00:00,259.0,259.3,258.05,258.45,1333
2024-05-21 06:55:00+00:00,258.45,258.45,257.5,257.8,2081
2024-05-21 07:00:00+00:00,257.8,258.15,257.8,258.15,256
2024-05-21 07:05:00+00:00,258.15,258.45,257.85,258.45,1031
2024-05-21 07:10:00+00:00,257.75,258.25,257.3,257.3,2966
2024-05-21 07:15:00+00:00,257.3,257.7,257.3,257.3,954
2024-05-21 07:20:00+00:00,257.05,257.85,257.0,257.15,2851
2024-05-21 07:25:00+00:00,257.15,257.8,257.15,257.6,655
2024-05-21 07:30:00+00:00,257.6,258.0,257.6,257.9,998
2024-05-21 07:35:00+00:00,257.9,257.9,257.0,257.25,1635
2024-05-21 07:40:00+00:00,257.25,257.9,257.0,257.9,3555
2024-05-21 07:45:00+00:00,257.9,258.0,257.05,258.0,1647
2024-05-21 07:50:00+00:00,258.0,258.0,257.15,257.15,1139
2024-05-21 07:55:00+00:00,257.15,257.7,257.15,257.7,58
2024-05-21 08:00:00+00:00,257.75,257.75,257.4,257.45,629
2024-05-21 08:05:00+00:00,257.45,257.75,257.45,257.75,333
2024-05-21 08:10:00+00:00,257.75,257.95,257.65,257.65,512
2024-05-21 08:15:00+00:00,257.65,258.55,257.65,257.65,2529
2024-05-21 08:20:00+00:00,257.65,257.95,257.55,257.7,406
2024-05-21 08:25:00+00:00,257.7,257.95,257.65,257.65,1718
2024-05-21 08:30:00+00:00,257.65,257.95,257.5,257.55,771
2024-05-21 08:35:00+00:00,257.55,259.95,257.5,259.5,2581
2024-05-21 08:40:00+00:00,259.5,259.5,258.2,258.25,1189
2024-05-21 08:45:00+00:00,258.25,259.2,258.25,259.05,417
2024-05-21 08:50:00+00:00,259.05,259.15,258.6,259.1,1926
2024-05-21 08:55:00+00:00,259.1,259.85,259.1,259.7,1538
2024-05-21 09:00:00+00:00,259.7,259.95,259.3,259.4,3896
2024-05-21 09:05:00+00:00,259.4,259.8,258.7,258.7,3756
2024-05-21 09:10:00+00:00,258.7,259.35,258.65,259.35,539
2024-05-21 09:15:00+00:00,259.35,259.7,259.15,259.45,730
2024-05-21 09:20:00+00:00,259.45,259.5,259.0,259.0,2596
2024-05-21 09:25:00+00:00,259.0,260.0,258.75,259.1,4443
2024-05-21 09:30:00+00:00,259.1,259.9,258.95,259.5,2926
2024-05-21 09:35:00+00:00,259.5,260.0,259.5,259.6,3702
2024-05-21 09:40:00+00:00,259.5,259.9,259.1,259.8,2341
2024-05-21 09:45:00+00:00,259.8,259.8,256.9,257.6,7686
2024-05-21 09:50:00+00:00,257.6,258.0,257.15,257.8,4714
2024-05-21 09:55:00+00:00,257.8,259.8,257.5,259.0,8046
2024-05-22 03:45:00+00:00,259.8,261.3,259.3,261.3,15010
2024-05-22 03:50:00+00:00,260.55,260.85,260.1,260.45,4314
2024-05-22 03:55:00+00:00,260.8,264.4,260.3,264.0,29750
2024-05-22 04:00:00+00:00,263.85,264.5,262.0,264.05,52891
2024-05-22 04:05:00+00:00,264.05,264.5,262.05,262.6,22256
2024-05-22 04:10:00+00:00,262.6,263.2,262.0,262.2,12984
2024-05-22 04:15:00+00:00,262.2,262.35,262.0,262.0,53115
2024-05-22 04:20:00+00:00,262.1,262.1,260.5,261.0,14506
2024-05-22 04:25:00+00:00,261.6,263.6,261.6,262.2,5455
2024-05-22 04:30:00+00:00,262.6,263.4,262.5,263.15,3007
2024-05-22 04:35:00+00:00,263.15,265.9,263.15,265.5,19677
2024-05-22 04:40:00+00:00,265.5,266.0,264.8,266.0,8686
2024-05-22 04:45:00+00:00,266.0,266.0,263.15,264.45,24169
2024-05-22 04:50:00+00:00,264.45,266.0,264.45,265.0,9832
2024-05-22 04:55:00+00:00,265.0,265.9,264.6,265.35,9104
2024-05-22 05:00:00+00:00,265.35,265.85,265.0,265.35,2312
2024-05-22 05:05:00+00:00,265.35,265.55,264.9,265.55,4214
2024-05-22 05:10:00+00:00,265.55,265.55,265.0,265.0,6129
2024-05-22 05:15:00+00:00,264.9,265.0,264.65,265.0,1394
2024-05-22 05:20:00+00:00,264.65,265.0,264.65,264.7,762
2024-05-22 05:25:00+00:00,264.7,264.7,264.15,264.55,1299
2024-05-22 05:30:00+00:00,264.55,264.7,264.2,264.7,1042
2024-05-22 05:35:00+00:00,264.7,265.0,263.7,263.95,6083
2024-05-22 05:40:00+00:00,263.95,265.25,263.7,264.5,3648
2024-05-22 05:45:00+00:00,264.5,265.2,264.5,265.2,1434
2024-05-22 05:50:00+00:00,265.2,265.95,264.75,264.95,3802
2024-05-22 05:55:00+00:00,264.95,265.65,264.5,264.5,2370
2024-05-22 06:00:00+00:00,264.5,266.0,264.5,265.5,3829
2024-05-22 06:05:00+00:00,265.45,267.0,265.3,266.4,20757
2024-05-22 06:10:00+00:00,266.4,268.0,266.4,267.75,13269
2024-05-22 06:15:00+00:00,267.75,270.85,267.75,270.0,113546
2024-05-22 06:20:00+00:00,270.0,270.95,268.3,269.5,39895
2024-05-22 06:25:00+00:00,269.9,271.0,269.5,270.1,29860
2024-05-22 06:30:00+00:00,270.15,270.45,269.0,269.5,9738
2024-05-22 06:35:00+00:00,269.5,269.95,268.05,269.2,5693
2024-05-22 06:40:00+00:00,269.2,269.65,268.7,269.15,3552
2024-05-22 06:45:00+00:00,269.15,271.15,269.15,270.85,65264
2024-05-22 06:50:00+00:00,270.85,270.85,269.35,269.5,9152
2024-05-22 06:55:00+00:00,269.5,270.15,269.0,270.15,6431
2024-05-22 07:00:00+00:00,270.15,271.0,269.05,269.9,5359
2024-05-22 07:05:00+00:00,269.9,269.9,268.85,269.3,6062
2024-05-22 07:10:00+00:00,269.3,269.9,268.25,269.9,7010
2024-05-22 07:15:00+00:00,269.9,270.85,268.75,270.85,24000
2024-05-22 07:20:00+00:00,270.9,271.2,270.1,270.9,50852
2024-05-22 07:25:00+00:00,270.9,270.95,268.9,269.5,3581
2024-05-22 07:30:00+00:00,269.5,269.85,269.1,269.85,2451
2024-05-22 07:35:00+00:00,269.85,269.9,269.25,269.75,3136
2024-05-22 07:40:00+00:00,269.75,269.95,269.0,269.9,4303
2024-05-22 07:45:00+00:00,269.9,270.0,269.3,269.5,7148
2024-05-22 07:50:00+00:00,269.5,270.15,269.25,270.0,2148
2024-05-22 07:55:00+00:00,270.0,270.05,269.25,269.7,4914
2024-05-22 08:00:00+00:00,269.7,271.0,269.7,269.95,5759
2024-05-22 08:05:00+00:00,269.95,269.95,269.3,269.55,1943
2024-05-22 08:10:00+00:00,269.55,271.2,269.55,271.0,12907
2024-05-22 08:15:00+00:00,271.0,271.2,269.0,270.0,42521
2024-05-22 08:20:00+00:00,270.0,270.0,269.1,269.1,2244
2024-05-22 08:25:00+00:00,269.5,271.2,269.1,271.2,25730
2024-05-22 08:30:00+00:00,271.2,271.2,269.75,270.9,9946
2024-05-22 08:35:00+00:00,270.9,271.0,270.35,270.85,2009
2024-05-22 08:40:00+00:00,270.85,270.85,269.6,269.6,4810
2024-05-22 08:45:00+00:00,269.6,269.9,269.6,269.85,3560
2024-05-22 08:50:00+00:00,269.85,269.85,269.5,269.55,547
2024-05-22 08:55:00+00:00,269.55,270.0,269.0,269.45,4259
2024-05-22 09:00:00+00:00,269.45,269.65,268.0,268.1,7026
2024-05-22 09:05:00+00:00,268.05,268.3,267.2,268.3,5992
2024-05-22 09:10:00+00:00,268.3,268.3,267.55,268.15,4016
2024-05-22 09:15:00+00:00,267.55,268.0,267.2,267.2,3719
2024-05-22 09:20:00+00:00,267.2,268.2,267.2,267.85,2266
2024-05-22 09:25:00+00:00,267.85,268.05,267.15,267.8,2663
2024-05-22 09:30:00+00:00,267.8,267.8,265.7,265.75,12938
2024-05-22 09:35:00+00:00,265.75,267.25,265.75,266.55,7398
2024-05-22 09:40:00+00:00,266.55,267.45,266.55,266.8,4564
2024-05-22 09:45:00+00:00,266.8,267.0,266.65,266.65,3696
2024-05-22 09:50:00+00:00,266.9,267.0,266.2,267.0,10658
2024-05-22 09:55:00+00:00,267.0,267.8,267.0,267.0,14737
2024-05-23 03:45:00+00:00,267.95,267.95,262.8,263.65,21117
2024-05-23 03:50:00+00:00,263.65,264.85,260.05,264.8,42000
2024-05-23 03:55:00+00:00,264.8,265.15,264.55,265.0,8019
2024-05-23 04:00:00+00:00,265.0,268.8,264.65,268.15,20797
2024-05-23 04:05:00+00:00,268.4,268.8,267.0,268.1,15612
2024-05-23 04:10:00+00:00,268.1,268.85,267.75,268.85,7204
2024-05-23 04:15:00+00:00,268.35,269.8,268.35,269.6,12073
2024-05-23 04:20:00+00:00,269.6,269.8,267.65,267.65,6763
2024-05-23 04:25:00+00:00,267.65,268.0,267.0,268.0,1972
2024-05-23 04:30:00+00:00,268.0,268.0,267.0,267.35,2852
2024-05-23 04:35:00+00:00,267.35,268.95,267.0,268.7,4921
2024-05-23 04:40:00+00:00,268.5,268.5,267.35,267.95,3494
2024-05-23 04:45:00+00:00,267.95,268.5,267.35,267.45,4743
2024-05-23 04:50:00+00:00,267.45,267.95,267.0,267.4,3443
2024-05-23 04:55:00+00:00,267.4,268.3,266.9,267.5,7326
2024-05-23 05:00:00+00:00,267.5,268.4,266.5,266.5,4200
2024-05-23 05:05:00+00:00,266.95,266.95,265.05,265.1,4482
2024-05-23 05:10:00+00:00,265.1,267.2,265.1,265.75,5134
2024-05-23 05:15:00+00:00,265.75,268.5,265.75,267.5,3611
2024-05-23 05:20:00+00:00,267.5,270.8,267.5,270.15,15879
2024-05-23 05:25:00+00:00,270.15,270.8,269.15,269.95,6503
2024-05-23 05:30:00+00:00,269.5,270.0,268.55,268.9,3867
2024-05-23 05:35:00+00:00,268.9,268.9,266.5,266.95,3473
2024-05-23 05:40:00+00:00,266.5,268.5,266.5,268.5,2984
2024-05-23 05:45:00+00:00,268.5,268.5,267.1,267.65,2244
2024-05-23 05:50:00+00:00,267.65,267.75,267.25,267.75,911
2024-05-23 05:55:00+00:00,267.75,268.0,266.1,267.75,5699
2024-05-23 06:00:00+00:00,267.75,267.8,266.5,266.95,2128
2024-05-23 06:05:00+00:00,266.95,267.55,266.95,267.25,2449
2024-05-23 06:10:00+00:00,267.25,267.55,266.25,266.25,1508
2024-05-23 06:15:00+00:00,266.25,267.45,266.25,267.45,681
2024-05-23 06:20:00+00:00,267.0,268.4,267.0,268.0,4137
2024-05-23 06:25:00+00:00,268.0,268.5,268.0,268.35,1563
2024-05-23 06:30:00+00:00,266.45,267.55,266.05,266.05,4743
2024-05-23 06:35:00+00:00,266.05,267.35,266.05,266.85,714
2024-05-23 06:40:00+00:00,266.6,267.95,266.55,266.75,809
2024-05-23 06:45:00+00:00,266.75,267.0,266.3,267.0,830
2024-05-23 06:50:00+00:00,266.9,267.45,266.4,267.45,868
2024-05-23 06:55:00+00:00,267.45,267.6,266.05,266.45,1969
2024-05-23 07:00:00+00:00,266.45,266.65,266.0,266.0,2871
2024-05-23 07:05:00+00:00,266.0,266.7,265.6,265.6,1760
2024-05-23 07:10:00+00:00,265.6,266.45,265.6,265.7,1746
2024-05-23 07:15:00+00:00,266.0,267.15,265.7,265.7,2792
2024-05-23 07:20:00+00:00,265.7,266.25,265.7,266.1,2221
2024-05-23 07:25:00+00:00,266.1,267.6,266.1,267.1,2400
2024-05-23 07:30:00+00:00,267.1,267.95,267.1,267.5,1589
2024-05-23 07:35:00+00:00,267.5,267.5,266.35,266.35,952
2024-05-23 07:40:00+00:00,266.35,270.8,266.25,267.3,16867
2024-05-23 07:45:00+00:00,267.3,270.0,267.3,269.5,5777
2024-05-23 07:50:00+00:00,269.55,270.0,268.55,269.8,3520
2024-05-23 07:55:00+00:00,269.8,269.9,268.8,269.15,8052
2024-05-23 08:00:00+00:00,269.2,269.2,268.55,268.55,2266
2024-05-23 08:05:00+00:00,268.55,269.2,268.55,269.2,942
2024-05-23 08:10:00+00:00,267.8,269.3,267.8,268.05,3439
2024-05-23 08:15:00+00:00,268.45,268.6,267.7,267.9,2755
2024-05-23 08:20:00+00:00,267.4,268.45,267.3,268.05,816
2024-05-23 08:25:00+00:00,268.05,280.1,267.6,280.1,457389
2024-05-23 08:30:00+00:00,280.1,280.1,280.1,280.1,52386
2024-05-23 08:35:00+00:00,280.1,280.1,280.1,280.1,13888
2024-05-23 08:40:00+00:00,280.1,280.1,280.1,280.1,18194
2024-05-23 08:45:00+00:00,280.1,280.1,280.1,280.1,12516
2024-05-23 08:50:00+00:00,280.1,280.1,280.1,280.1,4928
2024-05-23 08:55:00+00:00,280.1,280.1,280.1,280.1,5036
2024-05-23 09:00:00+00:00,280.1,280.1,280.1,280.1,3641
2024-05-23 09:05:00+00:00,280.1,280.1,280.1,280.1,1548
2024-05-23 09:10:00+00:00,280.1,280.1,280.1,280.1,1294
2024-05-23 09:15:00+00:00,280.1,280.1,280.1,280.1,5985
2024-05-23 09:20:00+00:00,280.1,280.1,280.1,280.1,2888
2024-05-23 09:25:00+00:00,280.1,280.1,280.1,280.1,7461
2024-05-23 09:30:00+00:00,280.1,280.1,280.1,280.1,2512
2024-05-23 09:35:00+00:00,280.1,280.1,280.1,280.1,5277
2024-05-23 09:40:00+00:00,280.1,280.1,280.1,280.1,2630
2024-05-23 09:45:00+00:00,280.1,280.1,280.1,280.1,4854
2024-05-23 09:50:00+00:00,280.1,280.1,280.1,280.1,3784
2024-05-23 09:55:00+00:00,280.1,280.1,280.1,280.1,1230
2024-05-24 03:45:00+00:00,281.8,287.0,280.1,284.0,291898
2024-05-24 03:50:00+00:00,284.0,285.0,283.0,284.9,57614
2024-05-24 03:55:00+00:00,286.15,286.8,284.85,285.95,85711
2024-05-24 04:00:00+00:00,285.95,292.7,285.95,289.45,162649
2024-05-24 04:05:00+00:00,289.45,290.0,285.0,286.0,57223
2024-05-24 04:10:00+00:00,286.0,286.75,282.05,282.05,62506
2024-05-24 04:15:00+00:00,282.95,285.0,282.6,284.0,19738
2024-05-24 04:20:00+00:00,284.0,284.4,280.25,282.8,37855
2024-05-24 04:25:00+00:00,282.8,283.4,282.15,283.05,17382
2024-05-24 04:30:00+00:00,283.05,283.1,282.15,282.65,13982
2024-05-24 04:35:00+00:00,282.65,283.0,280.1,280.4,33109
2024-05-24 04:40:00+00:00,280.4,282.2,280.1,280.85,13542
2024-05-24 04:45:00+00:00,280.85,281.95,280.85,281.0,5898
2024-05-24 04:50:00+00:00,281.0,281.85,280.2,281.35,17223
2024-05-24 04:55:00+00:00,281.35,282.85,280.6,281.1,13606
2024-05-24 05:00:00+00:00,281.1,282.0,281.0,281.9,6896
2024-05-24 05:05:00+00:00,281.9,281.9,280.2,280.95,14721
2024-05-24 05:10:00+00:00,280.95,281.45,280.3,280.95,3454
2024-05-24 05:15:00+00:00,280.95,280.95,275.65,275.65,42786
2024-05-24 05:20:00+00:00,276.4,277.95,275.8,277.55,24464
2024-05-24 05:25:00+00:00,277.55,278.0,276.5,276.5,7839
2024-05-24 05:30:00+00:00,276.3,276.65,274.5,276.1,28081
2024-05-24 05:35:00+00:00,276.1,277.0,275.05,275.05,11216
2024-05-24 05:40:00+00:00,275.05,276.7,274.25,274.65,17257
2024-05-24 05:45:00+00:00,274.65,279.7,274.65,278.0,18442
2024-05-24 05:50:00+00:00,278.0,279.4,278.0,279.4,5402
2024-05-24 05:55:00+00:00,279.4,279.5,278.3,278.3,2500
2024-05-24 06:00:00+00:00,278.3,278.8,278.0,278.4,2713
2024-05-24 06:05:00+00:00,278.4,279.45,278.0,278.85,9224
2024-05-24 06:10:00+00:00,278.9,279.75,278.4,278.75,5903
2024-05-24 06:15:00+00:00,278.75,279.35,278.3,279.2,1553
2024-05-24 06:20:00+00:00,279.2,279.45,278.5,278.9,4566
2024-05-24 06:25:00+00:00,279.35,279.7,278.5,279.15,5639
2024-05-24 06:30:00+00:00,279.5,279.5,278.8,279.3,1608
2024-05-24 06:35:00+00:00,279.3,279.6,278.05,278.55,6427
2024-05-24 06:40:00+00:00,278.9,279.0,277.1,277.75,5790
2024-05-24 06:45:00+00:00,277.75,277.75,276.05,276.85,6870
2024-05-24 06:50:00+00:00,276.85,277.1,276.05,277.1,2817
2024-05-24 06:55:00+00:00,277.1,277.1,276.05,276.7,5151
2024-05-24 07:00:00+00:00,276.7,276.9,275.6,276.9,8770
2024-05-24 07:05:00+00:00,276.9,277.0,276.85,277.0,1522
2024-05-24 07:10:00+00:00,277.1,277.1,276.7,276.7,1445
2024-05-24 07:15:00+00:00,276.7,276.7,276.5,276.7,5080
2024-05-24 07:20:00+00:00,276.7,277.0,276.55,277.0,1922
2024-05-24 07:25:00+00:00,277.0,278.0,276.85,277.65,3333
2024-05-24 07:30:00+00:00,277.65,277.9,277.0,277.05,1531
2024-05-24 07:35:00+00:00,277.05,278.0,277.05,277.8,1497
2024-05-24 07:40:00+00:00,277.5,277.5,276.5,277.05,4857
2024-05-24 07:45:00+00:00,277.05,277.3,276.8,276.95,607
2024-05-24 07:50:00+00:00,276.95,277.55,276.9,277.15,2696
2024-05-24 07:55:00+00:00,277.15,277.5,277.0,277.0,2234
2024-05-24 08:00:00+00:00,277.0,277.5,277.0,277.0,2081
2024-05-24 08:05:00+00:00,277.0,277.7,276.75,276.9,2835
2024-05-24 08:10:00+00:00,276.9,278.0,276.9,277.0,3249
2024-05-24 08:15:00+00:00,276.75,277.75,276.75,277.25,1995
2024-05-24 08:20:00+00:00,277.25,277.9,277.2,277.9,723
2024-05-24 08:25:00+00:00,277.9,278.4,277.55,277.95,1843
2024-05-24 08:30:00+00:00,277.95,277.95,277.3,277.8,1720
2024-05-24 08:35:00+00:00,277.75,277.95,277.0,277.95,864
2024-05-24 08:40:00+00:00,277.95,278.0,277.0,277.5,2137
2024-05-24 08:45:00+00:00,277.5,277.65,277.0,277.5,1131
2024-05-24 08:50:00+00:00,277.5,277.5,275.9,275.9,4498
2024-05-24 08:55:00+00:00,275.9,275.9,274.7,274.8,15455
2024-05-24 09:00:00+00:00,274.8,274.8,272.0,272.85,23320
2024-05-24 09:05:00+00:00,272.85,273.4,271.25,271.9,17573
2024-05-24 09:10:00+00:00,271.9,273.4,271.55,272.5,6995
2024-05-24 09:15:00+00:00,272.5,272.5,270.6,271.1,13621
2024-05-24 09:20:00+00:00,271.25,271.45,266.95,269.65,76842
2024-05-24 09:25:00+00:00,269.65,270.9,268.5,269.9,25794
2024-05-24 09:30:00+00:00,269.6,269.95,268.5,269.35,11556
2024-05-24 09:35:00+00:00,269.35,270.25,268.35,268.95,20825
2024-05-24 09:40:00+00:00,268.95,269.45,268.2,268.7,27476
2024-05-24 09:45:00+00:00,268.7,269.6,268.25,268.25,16408
2024-05-24 09:50:00+00:00,268.25,269.0,267.15,267.2,42069
2024-05-24 09:55:00+00:00,267.2,268.4,267.2,268.0,25590
2024-05-27 03:45:00+00:00,271.0,272.25,267.05,268.0,38672
2024-05-27 03:50:00+00:00,268.0,268.0,266.15,267.55,13917
2024-05-27 03:55:00+00:00,267.55,269.45,267.55,268.65,17101
2024-05-27 04:00:00+00:00,268.5,268.5,265.4,266.9,10871
2024-05-27 04:05:00+00:00,266.9,267.85,265.85,266.85,7164
2024-05-27 04:10:00+00:00,266.85,267.0,265.55,265.95,8840
2024-05-27 04:15:00+00:00,266.0,266.0,262.7,262.7,20268
2024-05-27 04:20:00+00:00,263.0,264.7,262.0,262.8,37485
2024-05-27 04:25:00+00:00,262.9,265.15,262.0,264.4,9472
2024-05-27 04:30:00+00:00,264.4,264.4,262.9,263.75,6645
2024-05-27 04:35:00+00:00,263.75,265.95,263.4,265.25,13329
2024-05-27 04:40:00+00:00,265.25,265.35,264.55,264.55,1686
2024-05-27 04:45:00+00:00,264.55,265.9,264.55,265.9,3178
2024-05-27 04:50:00+00:00,265.9,266.4,265.2,265.55,3345
2024-05-27 04:55:00+00:00,265.55,265.9,264.1,264.55,10297
2024-05-27 05:00:00+00:00,264.55,265.7,264.35,265.0,3127
2024-05-27 05:05:00+00:00,265.0,266.4,265.0,266.4,3328
2024-05-27 05:10:00+00:00,266.4,266.4,265.05,265.9,3270
2024-05-27 05:15:00+00:00,266.0,267.45,265.2,265.25,8846
2024-05-27 05:20:00+00:00,266.25,266.65,265.35,265.6,5826
2024-05-27 05:25:00+00:00,265.6,265.6,264.0,264.8,12357
2024-05-27 05:30:00+00:00,264.85,265.65,264.75,264.95,5228
2024-05-27 05:35:00+00:00,264.95,265.65,264.05,264.5,3729
2024-05-27 05:40:00+00:00,264.5,265.05,264.45,265.05,1442
2024-05-27 05:45:00+00:00,265.05,265.55,265.0,265.55,1083
2024-05-27 05:50:00+00:00,265.6,265.85,265.0,265.35,3008
2024-05-27 05:55:00+00:00,265.35,265.4,265.1,265.4,642
2024-05-27 06:00:00+00:00,265.4,265.4,264.55,265.0,1312
2024-05-27 06:05:00+00:00,265.0,265.0,263.75,263.75,3421
2024-05-27 06:10:00+00:00,263.75,264.65,263.7,264.2,1542
2024-05-27 06:15:00+00:00,264.2,265.4,264.2,265.0,2340
2024-05-27 06:20:00+00:00,265.0,265.0,264.25,264.4,844
2024-05-27 06:25:00+00:00,264.4,265.65,264.4,265.6,2386
2024-05-27 06:30:00+00:00,265.6,265.95,265.2,265.75,2859
2024-05-27 06:35:00+00:00,265.75,265.75,264.65,265.0,2575
2024-05-27 06:40:00+00:00,265.0,265.25,264.6,265.15,1897
2024-05-27 06:45:00+00:00,265.15,265.3,264.7,265.25,1047
2024-05-27 06:50:00+00:00,265.25,265.85,265.1,265.1,1568
2024-05-27 06:55:00+00:00,265.1,265.1,264.4,264.4,1766
2024-05-27 07:00:00+00:00,264.4,264.4,263.1,263.95,11385
2024-05-27 07:05:00+00:00,263.95,264.9,263.95,264.9,3991
2024-05-27 07:10:00+00:00,264.9,264.9,264.05,264.1,1293
2024-05-27 07:15:00+00:00,264.1,265.45,264.1,264.7,1671
2024-05-27 07:20:00+00:00,264.7,264.7,263.25,263.25,3936
2024-05-27 07:25:00+00:00,263.25,263.55,262.1,263.0,15033
2024-05-27 07:30:00+00:00,263.0,263.9,262.65,263.05,4686
2024-05-27 07:35:00+00:00,263.15,263.45,261.65,262.0,20999
2024-05-27 07:40:00+00:00,262.0,262.5,261.45,261.45,3971
2024-05-27 07:45:00+00:00,261.45,262.65,261.05,262.0,5444
2024-05-27 07:50:00+00:00,262.0,262.4,261.9,262.4,1465
2024-05-27 07:55:00+00:00,262.4,262.95,262.0,262.6,2012
2024-05-27 08:00:00+00:00,262.65,262.8,262.0,262.55,2660
2024-05-27 08:05:00+00:00,262.55,263.0,262.1,262.9,1630
2024-05-27 08:10:00+00:00,262.9,262.9,262.2,262.2,779
2024-05-27 08:15:00+00:00,262.2,263.4,262.2,263.4,1826
2024-05-27 08:20:00+00:00,263.4,264.9,263.4,264.3,5641
2024-05-27 08:25:00+00:00,264.3,265.7,263.95,264.6,9541
2024-05-27 08:30:00+00:00,264.6,265.15,264.05,264.65,3079
2024-05-27 08:35:00+00:00,264.65,265.4,264.5,264.5,5807
2024-05-27 08:40:00+00:00,264.5,264.85,264.05,264.85,947
2024-05-27 08:45:00+00:00,264.4,265.15,264.35,264.95,1745
2024-05-27 08:50:00+00:00,264.95,265.5,264.8,265.3,3746
2024-05-27 08:55:00+00:00,265.35,265.45,264.85,264.85,3952
2024-05-27 09:00:00+00:00,264.85,265.2,264.2,264.55,1683
2024-05-27 09:05:00+00:00,264.55,264.7,262.8,262.85,3950
2024-05-27 09:10:00+00:00,263.15,263.7,263.0,263.4,2255
2024-05-27 09:15:00+00:00,263.4,263.95,263.4,263.95,1457
2024-05-27 09:20:00+00:00,263.95,263.95,263.0,263.2,3815
2024-05-27 09:25:00+00:00,263.2,263.5,261.3,261.95,13558
2024-05-27 09:30:00+00:00,261.9,262.0,261.35,262.0,5616
2024-05-27 09:35:00+00:00,262.0,262.0,261.5,262.0,6115
2024-05-27 09:40:00+00:00,262.0,262.55,261.75,262.4,8090
2024-05-27 09:45:00+00:00,262.4,262.55,261.7,262.0,9709
2024-05-27 09:50:00+00:00,262.0,262.4,261.2,262.0,10743
2024-05-27 09:55:00+00:00,262.0,262.75,261.2,262.0,7127
2024-05-28 03:45:00+00:00,264.3,264.3,262.45,263.25,13584
2024-05-28 03:50:00+00:00,263.25,263.6,261.0,263.6,16144
2024-05-28 03:55:00+00:00,263.6,264.8,263.3,264.2,13191
2024-05-28 04:00:00+00:00,264.3,264.6,264.0,264.2,3366
2024-05-28 04:05:00+00:00,264.2,264.45,262.05,262.5,7334
2024-05-28 04:10:00+00:00,262.5,262.5,258.5,260.65,25766
2024-05-28 04:15:00+00:00,260.65,261.5,260.1,261.5,6023
2024-05-28 04:20:00+00:00,261.5,261.85,260.6,261.0,4263
2024-05-28 04:25:00+00:00,260.95,260.95,258.15,258.4,7822
2024-05-28 04:30:00+00:00,258.4,259.85,258.4,258.4,8018
2024-05-28 04:35:00+00:00,258.4,258.4,255.05,255.15,17338
2024-05-28 04:40:00+00:00,255.2,256.8,253.5,256.8,35212
2024-05-28 04:45:00+00:00,256.8,258.25,256.2,257.55,16811
2024-05-28 04:50:00+00:00,257.55,258.8,257.5,258.5,9020
2024-05-28 04:55:00+00:00,258.5,258.8,258.0,258.4,1402
2024-05-28 05:00:00+00:00,258.4,258.55,258.0,258.5,1436
2024-05-28 05:05:00+00:00,258.5,258.5,258.0,258.25,1554
2024-05-28 05:10:00+00:00,258.25,258.3,257.05,257.5,5249
2024-05-28 05:15:00+00:00,257.5,258.2,256.95,258.2,4216
2024-05-28 05:20:00+00:00,258.2,258.2,257.5,257.55,631
2024-05-28 05:25:00+00:00,257.55,258.3,257.25,257.55,1560
2024-05-28 05:30:00+00:00,257.55,258.15,257.2,258.1,1853
2024-05-28 05:35:00+00:00,258.1,258.1,256.6,256.65,3182
2024-05-28 05:40:00+00:00,256.65,256.9,256.1,256.45,3804
2024-05-28 05:45:00+00:00,256.45,257.05,256.35,256.35,1467
2024-05-28 05:50:00+00:00,256.15,256.9,256.1,256.1,923
2024-05-28 05:55:00+00:00,256.0,256.25,255.85,256.15,2018
2024-05-28 06:00:00+00:00,256.15,256.15,255.05,255.2,4057
2024-05-28 06:05:00+00:00,255.2,255.45,254.3,254.5,4400
2024-05-28 06:10:00+00:00,254.5,255.4,254.3,255.1,2912
2024-05-28 06:15:00+00:00,255.1,255.7,255.05,255.25,1256
2024-05-28 06:20:00+00:00,255.25,255.75,255.05,255.25,2266
2024-05-28 06:25:00+00:00,255.25,255.45,253.9,254.0,7836
2024-05-28 06:30:00+00:00,254.4,254.8,253.6,254.75,5307
2024-05-28 06:35:00+00:00,254.75,254.95,254.3,254.9,3053
2024-05-28 06:40:00+00:00,254.9,254.9,254.15,254.15,715
2024-05-28 06:45:00+00:00,254.15,254.3,253.5,254.3,3578
2024-05-28 06:50:00+00:00,254.3,254.3,252.6,253.35,7158
2024-05-28 06:55:00+00:00,253.35,254.45,253.35,254.45,3058
2024-05-28 07:00:00+00:00,254.0,254.5,253.2,253.6,5651
2024-05-28 07:05:00+00:00,253.3,253.4,251.5,252.0,8687
2024-05-28 07:10:00+00:00,252.0,253.75,251.95,252.6,5113
2024-05-28 07:15:00+00:00,252.6,253.55,252.0,252.95,5667
2024-05-28 07:20:00+00:00,252.95,254.0,252.8,253.8,6117
2024-05-28 07:25:00+00:00,253.8,254.55,253.55,254.25,1542
2024-05-28 07:30:00+00:00,254.25,254.5,253.45,254.5,2074
2024-05-28 07:35:00+00:00,254.5,254.8,254.05,254.6,1280
2024-05-28 07:40:00+00:00,254.6,254.8,253.1,253.7,7592
2024-05-28 07:45:00+00:00,253.7,254.35,253.25,254.05,4224
2024-05-28 07:50:00+00:00,254.05,254.8,253.85,254.05,1004
2024-05-28 07:55:00+00:00,254.05,254.4,253.7,254.0,1565
2024-05-28 08:00:00+00:00,254.0,254.0,253.2,253.5,6360
2024-05-28 08:05:00+00:00,253.5,254.8,253.2,254.8,4008
2024-05-28 08:10:00+00:00,254.8,254.8,253.3,253.9,2485
2024-05-28 08:15:00+00:00,253.9,253.9,253.1,253.1,5199
2024-05-28 08:20:00+00:00,253.1,254.4,253.1,254.4,5014
2024-05-28 08:25:00+00:00,254.4,254.4,253.5,253.6,786
2024-05-28 08:30:00+00:00,253.6,253.95,253.2,253.55,3191
2024-05-28 08:35:00+00:00,253.55,253.9,253.4,253.45,729
2024-05-28 08:40:00+00:00,253.45,253.9,253.3,253.35,1315
2024-05-28 08:45:00+00:00,253.35,253.5,253.0,253.5,3829
2024-05-28 08:50:00+00:00,253.5,253.9,253.2,253.5,2195
2024-05-28 08:55:00+00:00,253.5,253.8,253.25,253.35,1570
2024-05-28 09:00:00+00:00,253.35,253.7,253.2,253.4,1493
2024-05-28 09:05:00+00:00,253.4,253.9,253.0,253.4,2667
2024-05-28 09:10:00+00:00,253.4,253.4,253.0,253.2,404
2024-05-28 09:15:00+00:00,253.2,253.8,252.9,253.0,7734
2024-05-28 09:20:00+00:00,253.0,253.15,252.15,253.15,4533
2024-05-28 09:25:00+00:00,253.15,253.6,253.15,253.35,341
2024-05-28 09:30:00+00:00,253.35,253.55,252.45,252.9,6359
2024-05-28 09:35:00+00:00,252.9,253.75,252.75,253.7,1196
2024-05-28 09:40:00+00:00,253.7,253.75,252.5,252.75,7150
2024-05-28 09:45:00+00:00,252.75,253.1,252.5,252.8,9121
2024-05-28 09:50:00+00:00,252.8,253.0,252.55,252.8,6517
2024-05-28 09:55:00+00:00,252.8,253.0,252.35,253.0,13248
2024-05-29 03:45:00+00:00,254.0,254.95,250.1,252.45,34624
2024-05-29 03:50:00+00:00,252.25,255.2,251.05,255.0,12526
2024-05-29 03:55:00+00:00,255.0,258.25,255.0,256.7,24368
2024-05-29 04:00:00+00:00,256.7,258.8,256.45,258.05,12477
2024-05-29 04:05:00+00:00,258.05,258.8,257.1,258.5,10785
2024-05-29 04:10:00+00:00,258.8,259.65,257.8,257.8,13121
2024-05-29 04:15:00+00:00,257.8,258.65,257.6,257.65,2739
2024-05-29 04:20:00+00:00,257.7,257.95,257.4,257.9,5039
2024-05-29 04:25:00+00:00,257.9,258.4,257.8,258.4,3018
2024-05-29 04:30:00+00:00,258.4,258.8,258.25,258.6,5472
2024-05-29 04:35:00+00:00,258.6,258.6,257.25,257.45,3929
2024-05-29 04:40:00+00:00,257.45,257.45,255.1,255.65,10096
2024-05-29 04:45:00+00:00,255.65,257.45,255.25,257.0,23331
2024-05-29 04:50:00+00:00,257.0,257.0,255.7,255.95,2601
2024-05-29 04:55:00+00:00,255.95,255.95,255.05,255.35,2594
2024-05-29 05:00:00+00:00,255.35,255.9,255.1,255.9,1694
2024-05-29 05:05:00+00:00,255.9,256.55,255.0,256.55,3658
2024-05-29 05:10:00+00:00,256.55,256.75,255.7,256.75,2964
2024-05-29 05:15:00+00:00,256.75,256.8,256.0,256.0,5633
2024-05-29 05:20:00+00:00,256.0,256.0,255.4,256.0,1459
2024-05-29 05:25:00+00:00,256.0,256.0,255.6,256.0,811
2024-05-29 05:30:00+00:00,256.0,256.0,255.45,255.45,3420
2024-05-29 05:35:00+00:00,255.45,256.0,255.35,255.7,2325
2024-05-29 05:40:00+00:00,255.7,255.95,255.45,255.85,759
2024-05-29 05:45:00+00:00,255.85,256.0,255.3,255.35,2755
2024-05-29 05:50:00+00:00,255.35,255.85,254.5,255.1,6473
2024-05-29 05:55:00+00:00,255.1,255.7,254.9,255.0,2816
2024-05-29 06:00:00+00:00,255.0,255.85,254.45,255.4,5614
2024-05-29 06:05:00+00:00,255.4,255.85,254.8,255.5,4647
2024-05-29 06:10:00+00:00,255.5,256.0,255.4,256.0,2286
2024-05-29 06:15:00+00:00,256.0,256.2,255.3,256.2,2130
2024-05-29 06:20:00+00:00,256.2,256.4,255.3,255.6,1657
2024-05-29 06:25:00+00:00,255.6,256.05,255.4,256.0,1295
2024-05-29 06:30:00+00:00,256.0,256.0,255.05,255.4,1164
2024-05-29 06:35:00+00:00,255.4,255.6,255.1,255.55,755
2024-05-29 06:40:00+00:00,255.55,256.1,255.05,255.25,953
2024-05-29 06:45:00+00:00,255.25,255.5,255.0,255.0,2688
2024-05-29 06:50:00+00:00,255.0,255.4,254.95,254.95,809
2024-05-29 06:55:00+00:00,254.95,255.1,254.75,255.0,213
2024-05-29 07:00:00+00:00,254.75,255.1,254.25,254.7,1961
2024-05-29 07:05:00+00:00,254.7,254.95,254.05,254.9,2201
2024-05-29 07:10:00+00:00,254.9,255.1,254.2,254.95,915
2024-05-29 07:15:00+00:00,254.95,255.0,254.1,254.95,2749
2024-05-29 07:20:00+00:00,255.0,255.0,254.6,255.0,1602
2024-05-29 07:25:00+00:00,255.0,255.4,254.9,255.05,1461
2024-05-29 07:30:00+00:00,255.05,255.05,255.05,255.05,890
2024-05-29 07:35:00+00:00,255.05,255.15,254.3,254.3,1254
2024-05-29 07:40:00+00:00,254.3,255.1,254.3,255.1,587
2024-05-29 07:45:00+00:00,255.0,255.45,254.6,255.45,1267
2024-05-29 07:50:00+00:00,255.45,255.45,254.6,255.0,1865
2024-05-29 07:55:00+00:00,255.0,255.35,254.6,255.35,1183
2024-05-29 08:00:00+00:00,255.35,255.35,254.5,255.2,3898
2024-05-29 08:05:00+00:00,255.2,255.3,255.0,255.3,1009
2024-05-29 08:10:00+00:00,255.3,255.95,255.1,255.5,1635
2024-05-29 08:15:00+00:00,255.85,256.3,255.5,255.95,4772
2024-05-29 08:20:00+00:00,255.95,256.0,255.7,255.9,3335
2024-05-29 08:25:00+00:00,255.9,255.9,255.25,255.25,358
2024-05-29 08:30:00+00:00,255.25,255.6,254.8,254.8,3248
2024-05-29 08:35:00+00:00,254.8,255.0,254.5,254.95,3670
2024-05-29 08:40:00+00:00,254.95,255.3,254.55,255.3,1207
2024-05-29 08:45:00+00:00,255.3,255.4,254.3,255.0,3332
2024-05-29 08:50:00+00:00,255.0,255.55,255.0,255.25,772
2024-05-29 08:55:00+00:00,255.25,255.3,254.3,254.5,4456
2024-05-29 09:00:00+00:00,254.5,254.7,254.4,254.65,863
2024-05-29 09:05:00+00:00,254.65,254.7,254.65,254.65,1235
2024-05-29 09:10:00+00:00,254.65,254.65,254.05,254.05,2688
2024-05-29 09:15:00+00:00,254.05,254.9,254.0,254.9,4490
2024-05-29 09:20:00+00:00,254.9,254.9,253.1,254.1,6344
2024-05-29 09:25:00+00:00,254.1,255.1,254.1,254.45,1764
2024-05-29 09:30:00+00:00,254.45,255.4,254.3,254.9,5863
2024-05-29 09:35:00+00:00,254.9,255.3,253.85,255.3,4134
2024-05-29 09:40:00+00:00,255.3,255.6,254.0,255.0,2139
2024-05-29 09:45:00+00:00,255.0,255.5,254.7,255.5,4116
2024-05-29 09:50:00+00:00,255.5,255.5,253.8,254.4,4718
2024-05-29 09:55:00+00:00,254.4,255.0,252.9,255.0,12183
2024-05-30 03:45:00+00:00,256.9,259.45,252.0,258.3,22548
2024-05-30 03:50:00+00:00,258.1,258.1,256.2,256.2,3706
2024-05-30 03:55:00+00:00,256.2,256.5,256.2,256.4,3295
2024-05-30 04:00:00+00:00,256.5,256.5,254.3,255.15,9137
2024-05-30 04:05:00+00:00,255.15,255.5,254.5,255.5,2835
2024-05-30 04:10:00+00:00,255.5,255.75,255.4,255.6,3183
2024-05-30 04:15:00+00:00,255.75,256.2,255.65,255.65,1415
2024-05-30 04:20:00+00:00,255.65,256.75,255.65,256.7,2833
2024-05-30 04:25:00+00:00,256.7,256.75,256.25,256.25,1428
2024-05-30 04:30:00+00:00,256.25,256.5,256.1,256.1,721
2024-05-30 04:35:00+00:00,256.1,256.1,251.95,254.0,29544
2024-05-30 04:40:00+00:00,254.0,254.55,253.0,253.05,3817
2024-05-30 04:45:00+00:00,253.05,253.1,252.05,252.55,6972
2024-05-30 04:50:00+00:00,252.55,253.9,252.55,253.0,3366
2024-05-30 04:55:00+00:00,253.0,253.7,253.0,253.65,3492
2024-05-30 05:00:00+00:00,253.65,253.65,253.4,253.65,990
2024-05-30 05:05:00+00:00,254.0,254.0,253.65,253.65,4577
2024-05-30 05:10:00+00:00,253.65,254.0,252.65,252.75,9784
2024-05-30 05:15:00+00:00,253.15,253.5,253.0,253.1,1562
2024-05-30 05:20:00+00:00,253.1,254.0,253.1,253.7,12532
2024-05-30 05:25:00+00:00,253.7,254.0,253.7,253.7,548
2024-05-30 05:30:00+00:00,253.7,253.9,253.45,253.7,1695
2024-05-30 05:35:00+00:00,253.7,253.7,253.3,253.3,386
2024-05-30 05:40:00+00:00,253.3,253.45,251.3,251.3,6941
2024-05-30 05:45:00+00:00,251.3,251.8,251.3,251.4,1961
2024-05-30 05:50:00+00:00,251.4,252.0,249.55,251.4,27215
2024-05-30 05:55:00+00:00,251.4,251.7,251.2,251.65,443
2024-05-30 06:00:00+00:00,251.65,251.65,250.75,251.65,2442
2024-05-30 06:05:00+00:00,251.65,252.2,251.05,251.05,6006
2024-05-30 06:10:00+00:00,251.05,251.6,251.0,251.0,502
2024-05-30 06:15:00+00:00,251.0,251.95,250.35,250.95,4207
2024-05-30 06:20:00+00:00,250.95,252.2,250.5,252.0,2449
2024-05-30 06:25:00+00:00,252.0,252.25,251.4,252.25,2874
2024-05-30 06:30:00+00:00,252.0,252.3,252.0,252.2,3969
2024-05-30 06:35:00+00:00,252.2,252.9,252.2,252.65,2463
2024-05-30 06:40:00+00:00,252.65,252.7,252.2,252.7,1931
2024-05-30 06:45:00+00:00,252.7,252.7,250.0,250.85,11170
2024-05-30 06:50:00+00:00,250.85,251.8,250.85,251.45,749
2024-05-30 06:55:00+00:00,251.45,251.7,251.0,251.3,1756
2024-05-30 07:00:00+00:00,251.3,251.3,251.3,251.3,189
2024-05-30 07:05:00+00:00,251.4,251.4,251.1,251.1,104
2024-05-30 07:10:00+00:00,251.1,251.6,251.1,251.6,217
2024-05-30 07:15:00+00:00,251.6,251.7,251.45,251.7,1428
2024-05-30 07:20:00+00:00,251.7,251.9,251.4,251.45,777
2024-05-30 07:25:00+00:00,251.45,251.85,250.65,250.65,5747
2024-05-30 07:30:00+00:00,250.7,251.25,250.7,251.0,120
2024-05-30 07:35:00+00:00,251.0,251.4,250.95,251.35,524
2024-05-30 07:40:00+00:00,251.0,251.2,250.65,251.15,2154
2024-05-30 07:45:00+00:00,251.15,251.2,250.25,251.1,406
2024-05-30 07:50:00+00:00,250.85,251.3,250.85,251.3,448
2024-05-30 07:55:00+00:00,251.25,251.3,250.7,250.95,3644
2024-05-30 08:00:00+00:00,250.95,251.25,250.65,250.8,1309
2024-05-30 08:05:00+00:00,250.8,251.2,249.75,250.15,10879
2024-05-30 08:10:00+00:00,250.15,250.2,250.0,250.05,760
2024-05-30 08:15:00+00:00,250.05,250.9,249.1,250.5,6853
2024-05-30 08:20:00+00:00,250.5,250.5,248.85,250.0,9597
2024-05-30 08:25:00+00:00,250.0,250.45,250.0,250.0,1766
2024-05-30 08:30:00+00:00,250.5,250.5,250.1,250.1,3364
2024-05-30 08:35:00+00:00,250.1,250.25,249.8,249.85,647
2024-05-30 08:40:00+00:00,249.85,250.25,248.85,249.7,5986
2024-05-30 08:45:00+00:00,249.7,249.9,247.85,248.65,14515
2024-05-30 08:50:00+00:00,248.65,248.65,246.6,247.5,8570
2024-05-30 08:55:00+00:00,247.5,247.95,247.5,247.8,4823
2024-05-30 09:00:00+00:00,247.8,247.8,246.55,247.0,6215
2024-05-30 09:05:00+00:00,247.0,248.0,246.0,247.9,8791
2024-05-30 09:10:00+00:00,247.9,248.0,246.2,247.05,9270
2024-05-30 09:15:00+00:00,247.05,247.95,247.05,247.3,2381
2024-05-30 09:20:00+00:00,247.3,247.8,247.25,247.55,2300
2024-05-30 09:25:00+00:00,247.55,247.6,246.8,247.15,2013
2024-05-30 09:30:00+00:00,247.1,247.8,247.05,247.75,1211
2024-05-30 09:35:00+00:00,247.75,249.0,247.4,248.1,8254
2024-05-30 09:40:00+00:00,249.0,249.0,246.05,247.25,7541
2024-05-30 09:45:00+00:00,247.15,247.6,246.6,247.0,5381
2024-05-30 09:50:00+00:00,247.0,248.25,246.7,247.0,9980
2024-05-30 09:55:00+00:00,247.0,247.9,246.65,247.85,7937
2024-05-31 03:45:00+00:00,250.0,253.45,249.05,253.2,19809
2024-05-31 03:50:00+00:00,253.2,253.7,250.85,252.0,15424
2024-05-31 03:55:00+00:00,252.25,252.65,250.9,251.5,6212
2024-05-31 04:00:00+00:00,251.5,251.5,250.3,250.55,3529
2024-05-31 04:05:00+00:00,250.5,250.5,249.55,250.0,7312
2024-05-31 04:10:00+00:00,250.0,250.2,249.0,249.45,6527
2024-05-31 04:15:00+00:00,249.45,249.65,248.2,249.5,3490
2024-05-31 04:20:00+00:00,249.5,249.8,247.0,248.0,13470
2024-05-31 04:25:00+00:00,247.9,247.9,247.05,247.5,3649
2024-05-31 04:30:00+00:00,247.5,249.0,247.0,248.5,4460
2024-05-31 04:35:00+00:00,248.5,248.5,247.7,247.8,1463
2024-05-31 04:40:00+00:00,247.8,248.0,247.35,247.6,1326
2024-05-31 04:45:00+00:00,247.3,248.5,246.55,248.0,5649
2024-05-31 04:50:00+00:00,248.0,248.2,245.25,246.0,5041
2024-05-31 04:55:00+00:00,246.0,246.9,246.0,246.3,2962
2024-05-31 05:00:00+00:00,246.2,247.95,246.2,247.2,6635
2024-05-31 05:05:00+00:00,247.2,247.75,246.5,247.1,1650
2024-05-31 05:10:00+00:00,247.1,248.45,246.0,247.7,6870
2024-05-31 05:15:00+00:00,247.45,248.0,247.45,248.0,1555
2024-05-31 05:20:00+00:00,248.0,248.0,247.55,247.7,2261
2024-05-31 05:25:00+00:00,247.7,248.5,247.7,248.5,3898
2024-05-31 05:30:00+00:00,248.5,248.5,247.8,248.15,1898
2024-05-31 05:35:00+00:00,248.15,248.95,247.65,248.7,5637
2024-05-31 05:40:00+00:00,248.7,249.75,248.35,249.65,3891
2024-05-31 05:45:00+00:00,249.65,250.2,249.0,249.0,8500
2024-05-31 05:50:00+00:00,249.0,249.1,248.75,249.0,2199
2024-05-31 05:55:00+00:00,248.7,249.65,248.2,249.65,5199
2024-05-31 06:00:00+00:00,249.65,250.65,249.4,249.45,3554
2024-05-31 06:05:00+00:00,249.2,249.8,249.0,249.4,4577
2024-05-31 06:10:00+00:00,249.4,250.75,249.4,250.75,3518
2024-05-31 06:15:00+00:00,250.75,250.95,249.7,249.7,3058
2024-05-31 06:20:00+00:00,249.7,250.75,249.7,250.5,3601
2024-05-31 06:25:00+00:00,250.5,250.55,249.7,249.7,6940
2024-05-31 06:30:00+00:00,249.7,250.55,249.7,249.8,2228
2024-05-31 06:35:00+00:00,249.8,249.95,249.0,249.0,1806
2024-05-31 06:40:00+00:00,249.0,249.45,248.1,248.4,7249
2024-05-31 06:45:00+00:00,248.4,248.65,247.05,248.5,10251
2024-05-31 06:50:00+00:00,248.5,248.5,248.0,248.15,1664
2024-05-31 06:55:00+00:00,248.2,248.5,247.6,248.1,7432
2024-05-31 07:00:00+00:00,248.1,248.95,247.8,247.8,2513
2024-05-31 07:05:00+00:00,247.8,249.35,247.8,248.15,5644
2024-05-31 07:10:00+00:00,248.15,248.15,246.0,247.0,10663
2024-05-31 07:15:00+00:00,247.0,248.0,246.0,247.95,4375
2024-05-31 07:20:00+00:00,247.95,248.55,247.95,248.45,690
2024-05-31 07:25:00+00:00,248.45,248.45,247.55,247.55,1031
2024-05-31 07:30:00+00:00,247.55,248.4,247.55,248.2,1664
2024-05-31 07:35:00+00:00,248.2,249.2,247.9,248.0,5552
2024-05-31 07:40:00+00:00,248.0,248.95,248.0,248.85,4571
2024-05-31 07:45:00+00:00,248.85,249.35,248.3,249.35,2600
2024-05-31 07:50:00+00:00,249.35,249.5,248.4,248.45,6404
2024-05-31 07:55:00+00:00,248.45,249.05,248.45,248.8,5215
2024-05-31 08:00:00+00:00,248.8,249.0,248.4,248.75,2622
2024-05-31 08:05:00+00:00,248.75,249.0,248.55,248.95,3157
2024-05-31 08:10:00+00:00,248.95,248.95,248.4,248.5,5310
2024-05-31 08:15:00+00:00,248.5,249.0,248.5,248.7,4623
2024-05-31 08:20:00+00:00,248.7,250.7,248.7,250.55,7789
2024-05-31 08:25:00+00:00,250.55,250.55,249.4,250.35,11758
2024-05-31 08:30:00+00:00,250.35,250.35,249.45,249.95,5787
2024-05-31 08:35:00+00:00,249.95,250.15,249.55,249.95,2381
2024-05-31 08:40:00+00:00,249.95,250.05,249.5,249.9,5447
2024-05-31 08:45:00+00:00,249.9,249.9,248.45,248.45,7110
2024-05-31 08:50:00+00:00,248.45,249.0,247.2,248.45,7106
2024-05-31 08:55:00+00:00,248.45,248.45,247.05,247.6,4157
2024-05-31 09:00:00+00:00,247.6,248.05,247.4,247.9,5386
2024-05-31 09:05:00+00:00,247.9,248.0,247.7,247.75,2248
2024-05-31 09:10:00+00:00,247.75,248.0,247.2,247.8,1745
2024-05-31 09:15:00+00:00,247.8,247.8,246.6,246.6,6686
2024-05-31 09:20:00+00:00,246.6,248.0,246.5,248.0,4307
2024-05-31 09:25:00+00:00,248.0,248.5,247.5,247.65,6825
2024-05-31 09:30:00+00:00,247.0,248.2,247.0,248.15,3385
2024-05-31 09:35:00+00:00,248.15,248.15,247.0,247.0,4311
2024-05-31 09:40:00+00:00,247.0,248.0,247.0,247.5,7604
2024-05-31 09:45:00+00:00,247.5,247.95,247.0,247.9,9589
2024-05-31 09:50:00+00:00,247.9,247.9,246.6,247.0,8917
2024-05-31 09:55:00+00:00,247.0,247.5,245.1,247.5,24848
2024-06-03 03:45:00+00:00,257.9,257.9,252.0,253.0,28057
2024-06-03 03:50:00+00:00,253.0,253.85,252.55,252.9,14719
2024-06-03 03:55:00+00:00,252.9,252.9,251.1,251.4,15425
2024-06-03 04:00:00+00:00,251.35,251.45,250.0,251.2,10379
2024-06-03 04:05:00+00:00,251.2,253.95,251.2,253.55,7492
2024-06-03 04:10:00+00:00,253.55,254.55,253.25,253.5,11815
2024-06-03 04:15:00+00:00,253.5,253.5,251.3,251.7,11347
2024-06-03 04:20:00+00:00,251.7,253.4,251.4,252.75,3772
2024-06-03 04:25:00+00:00,252.75,252.85,251.25,251.4,7914
2024-06-03 04:30:00+00:00,251.4,251.55,249.15,249.15,7244
2024-06-03 04:35:00+00:00,251.1,253.85,249.15,253.05,30257
2024-06-03 04:40:00+00:00,253.05,253.55,253.0,253.55,2264
2024-06-03 04:45:00+00:00,253.55,253.9,253.0,253.0,4905
2024-06-03 04:50:00+00:00,253.0,253.0,251.2,252.05,14429
2024-06-03 04:55:00+00:00,252.05,253.2,251.8,253.0,3765
2024-06-03 05:00:00+00:00,253.3,253.3,252.2,253.0,4262
2024-06-03 05:05:00+00:00,252.95,252.95,251.45,251.9,5770
2024-06-03 05:10:00+00:00,251.9,252.6,251.75,252.6,1455
2024-06-03 05:15:00+00:00,252.6,252.95,252.2,252.5,5371
2024-06-03 05:20:00+00:00,252.5,252.95,252.4,252.4,3305
2024-06-03 05:25:00+00:00,252.4,253.2,252.1,253.2,4729
2024-06-03 05:30:00+00:00,253.2,253.25,252.6,252.75,854
2024-06-03 05:35:00+00:00,252.75,253.55,252.7,253.0,4630
2024-06-03 05:40:00+00:00,253.0,253.25,252.85,252.85,306
2024-06-03 05:45:00+00:00,252.85,253.4,252.1,253.4,6574
2024-06-03 05:50:00+00:00,253.1,253.95,253.1,253.5,4303
2024-06-03 05:55:00+00:00,253.5,253.5,252.65,253.0,1674
2024-06-03 06:00:00+00:00,253.0,254.0,252.8,253.85,8308
2024-06-03 06:05:00+00:00,253.75,254.1,253.05,253.7,3052
2024-06-03 06:10:00+00:00,253.7,254.0,253.0,253.45,3549
2024-06-03 06:15:00+00:00,253.45,254.0,253.15,253.9,12728
2024-06-03 06:20:00+00:00,253.9,253.9,253.15,253.4,4322
2024-06-03 06:25:00+00:00,253.4,253.7,253.15,253.15,1037
2024-06-03 06:30:00+00:00,253.15,253.75,253.0,253.4,4931
2024-06-03 06:35:00+00:00,253.4,253.7,253.2,253.2,2282
2024-06-03 06:40:00+00:00,253.2,253.75,253.2,253.3,2001
2024-06-03 06:45:00+00:00,253.3,253.75,253.2,253.3,4652
2024-06-03 06:50:00+00:00,253.3,253.95,253.25,253.25,1777
2024-06-03 06:55:00+00:00,253.25,253.95,253.25,253.8,2419
2024-06-03 07:00:00+00:00,253.8,254.9,253.8,254.8,11427
2024-06-03 07:05:00+00:00,254.8,254.95,253.75,254.25,3414
2024-06-03 07:10:00+00:00,254.25,255.0,254.25,254.25,2967
2024-06-03 07:15:00+00:00,254.25,254.95,254.25,254.35,1671
2024-06-03 07:20:00+00:00,254.35,254.75,254.25,254.75,1420
2024-06-03 07:25:00+00:00,254.75,254.9,254.55,254.9,1964
2024-06-03 07:30:00+00:00,254.9,254.9,254.55,254.9,3309
2024-06-03 07:35:00+00:00,254.55,255.5,254.55,255.5,11157
2024-06-03 07:40:00+00:00,255.5,259.4,255.0,259.1,98628
2024-06-03 07:45:00+00:00,259.1,259.4,258.65,259.4,32310
2024-06-03 07:50:00+00:00,259.4,259.4,259.4,259.4,4230
2024-06-03 07:55:00+00:00,259.4,259.4,259.4,259.4,4328
2024-06-03 08:00:00+00:00,259.4,259.4,259.4,259.4,2909
2024-06-03 08:05:00+00:00,259.4,259.4,259.4,259.4,1878
2024-06-03 08:10:00+00:00,259.4,259.4,259.4,259.4,958
2024-06-03 08:15:00+00:00,259.4,259.4,259.4,259.4,4004
2024-06-03 08:20:00+00:00,259.4,259.4,259.4,259.4,4227
2024-06-03 08:25:00+00:00,259.4,259.4,259.4,259.4,2649
2024-06-03 08:30:00+00:00,259.4,259.4,259.4,259.4,1180
2024-06-03 08:35:00+00:00,259.4,259.4,259.4,259.4,1286
2024-06-03 08:40:00+00:00,259.4,259.4,259.4,259.4,628
2024-06-03 08:45:00+00:00,259.4,259.4,259.4,259.4,101
2024-06-03 08:50:00+00:00,259.4,259.4,259.4,259.4,707
2024-06-03 08:55:00+00:00,259.4,259.4,259.4,259.4,145
2024-06-03 09:00:00+00:00,259.4,259.4,259.4,259.4,3109
2024-06-03 09:05:00+00:00,259.4,259.4,259.4,259.4,455
2024-06-03 09:10:00+00:00,259.4,259.4,259.4,259.4,3735
2024-06-03 09:15:00+00:00,259.4,259.4,259.4,259.4,1269
2024-06-03 09:20:00+00:00,259.4,259.4,259.4,259.4,25
2024-06-03 09:25:00+00:00,259.4,259.4,259.4,259.4,238
2024-06-03 09:30:00+00:00,259.4,259.4,259.4,259.4,556
2024-06-03 09:35:00+00:00,259.4,259.4,259.4,259.4,362
2024-06-03 09:40:00+00:00,259.4,259.4,259.4,259.4,144
2024-06-03 09:45:00+00:00,259.4,259.4,259.4,259.4,1196
2024-06-03 09:50:00+00:00,259.4,259.4,259.4,259.4,532
2024-06-03 09:55:00+00:00,259.4,259.4,259.4,259.4,242
2024-06-04 03:45:00+00:00,253.95,253.95,248.1,249.35,62147
2024-06-04 03:50:00+00:00,249.45,250.9,246.45,246.45,61985
2024-06-04 03:55:00+00:00,246.45,246.45,246.45,246.45,7215
2024-06-04 04:00:00+00:00,246.45,246.45,246.45,246.45,8819
2024-06-04 04:05:00+00:00,246.45,249.95,246.45,249.7,94214
2024-06-04 04:10:00+00:00,249.8,249.85,246.45,246.45,23278
2024-06-04 04:15:00+00:00,246.45,250.0,246.45,249.0,22799
2024-06-04 04:20:00+00:00,249.0,249.95,247.95,249.1,12070
2024-06-04 04:25:00+00:00,249.1,252.4,249.1,251.25,16874
2024-06-04 04:30:00+00:00,251.25,251.7,249.2,249.3,6794
2024-06-04 04:35:00+00:00,249.3,250.0,249.0,250.0,7209
2024-06-04 04:40:00+00:00,250.0,250.0,249.7,250.0,6102
2024-06-04 04:45:00+00:00,250.0,251.0,250.0,250.8,9485
2024-06-04 04:50:00+00:00,250.8,250.8,248.65,250.0,5304
2024-06-04 04:55:00+00:00,250.2,250.9,249.0,249.0,4139
2024-06-04 05:00:00+00:00,249.0,250.45,248.65,249.6,5758
2024-06-04 05:05:00+00:00,249.6,250.35,248.65,249.45,2106
2024-06-04 05:10:00+00:00,249.45,251.4,247.5,248.6,8456
2024-06-04 05:15:00+00:00,248.6,249.0,247.15,247.6,7397
2024-06-04 05:20:00+00:00,247.65,247.7,246.45,246.45,22106
2024-06-04 05:25:00+00:00,246.45,246.45,246.45,246.45,3360
2024-06-04 05:30:00+00:00,246.45,246.45,246.45,246.45,4080
2024-06-04 05:35:00+00:00,246.45,246.45,246.45,246.45,3280
2024-06-04 05:40:00+00:00,246.45,246.45,246.45,246.45,1028
2024-06-04 05:45:00+00:00,246.45,246.45,246.45,246.45,830
2024-06-04 05:50:00+00:00,246.45,246.45,246.45,246.45,644
2024-06-04 05:55:00+00:00,246.45,246.45,246.45,246.45,767
2024-06-04 06:00:00+00:00,246.45,246.45,246.45,246.45,599
2024-06-04 06:05:00+00:00,246.45,246.45,246.45,246.45,2186
2024-06-04 06:10:00+00:00,246.45,246.45,246.45,246.45,937
2024-06-04 06:15:00+00:00,246.45,246.45,246.45,246.45,1116
2024-06-04 06:20:00+00:00,246.45,246.45,246.45,246.45,820
2024-06-04 06:25:00+00:00,246.45,246.45,246.45,246.45,322
2024-06-04 06:30:00+00:00,246.45,246.45,246.45,246.45,47
2024-06-04 06:35:00+00:00,246.45,246.45,246.45,246.45,200
2024-06-04 06:40:00+00:00,246.45,246.45,246.45,246.45,81
2024-06-04 06:45:00+00:00,246.45,246.45,246.45,246.45,399
2024-06-04 06:50:00+00:00,246.45,246.45,246.45,246.45,631
2024-06-04 06:55:00+00:00,246.45,246.45,246.45,246.45,552
2024-06-04 07:00:00+00:00,246.45,246.45,246.45,246.45,140
2024-06-04 07:05:00+00:00,246.45,246.45,246.45,246.45,191
2024-06-04 07:10:00+00:00,246.45,246.45,246.45,246.45,719
2024-06-04 07:15:00+00:00,246.45,246.45,246.45,246.45,369
2024-06-04 07:20:00+00:00,246.45,246.45,246.45,246.45,570
2024-06-04 07:25:00+00:00,246.45,246.45,246.45,246.45,1255
2024-06-04 07:30:00+00:00,246.45,246.45,246.45,246.45,454
2024-06-04 07:35:00+00:00,246.45,246.45,246.45,246.45,1283
2024-06-04 07:40:00+00:00,246.45,246.45,246.45,246.45,1125
2024-06-04 07:45:00+00:00,246.45,246.45,246.45,246.45,1667
2024-06-04 07:50:00+00:00,246.45,246.45,246.45,246.45,1214
2024-06-04 07:55:00+00:00,246.45,246.45,246.45,246.45,826
2024-06-04 08:00:00+00:00,246.45,246.45,246.45,246.45,2495
2024-06-04 08:05:00+00:00,246.45,246.45,246.45,246.45,2197
2024-06-04 08:10:00+00:00,246.45,246.45,246.45,246.45,836
2024-06-04 08:15:00+00:00,246.45,246.45,246.45,246.45,803
2024-06-04 08:20:00+00:00,246.45,246.45,246.45,246.45,5921
2024-06-04 08:25:00+00:00,246.45,246.45,246.45,246.45,4249
2024-06-04 08:30:00+00:00,246.45,246.45,246.45,246.45,1039
2024-06-04 08:35:00+00:00,246.45,246.45,246.45,246.45,1509
2024-06-04 08:40:00+00:00,246.45,246.45,246.45,246.45,159
2024-06-04 08:45:00+00:00,246.45,246.45,246.45,246.45,6291
2024-06-04 08:50:00+00:00,246.45,246.45,246.45,246.45,2116
2024-06-04 08:55:00+00:00,246.45,246.45,246.45,246.45,430
2024-06-04 09:00:00+00:00,246.45,246.45,246.45,246.45,401
2024-06-04 09:05:00+00:00,246.45,246.45,246.45,246.45,312
2024-06-04 09:10:00+00:00,246.45,246.45,246.45,246.45,87
2024-06-04 09:15:00+00:00,246.45,246.45,246.45,246.45,94
2024-06-04 09:20:00+00:00,246.45,246.45,246.45,246.45,288
2024-06-04 09:25:00+00:00,246.45,246.45,246.45,246.45,442
2024-06-04 09:30:00+00:00,246.45,246.45,246.45,246.45,52
2024-06-04 09:35:00+00:00,246.45,246.45,246.45,246.45,350
2024-06-04 09:40:00+00:00,246.45,246.45,246.45,246.45,1179
2024-06-04 09:45:00+00:00,246.45,246.45,246.45,246.45,1345
2024-06-04 09:50:00+00:00,246.45,246.45,246.45,246.45,1101
2024-06-04 09:55:00+00:00,246.45,246.45,246.45,246.45,3207
2024-06-05 03:45:00+00:00,240.25,241.4,234.55,234.55,91486
2024-06-05 03:50:00+00:00,234.55,235.0,234.15,234.15,50593
2024-06-05 03:55:00+00:00,234.15,234.15,234.15,234.15,5625
2024-06-05 04:00:00+00:00,234.15,234.15,234.15,234.15,8329
2024-06-05 04:05:00+00:00,234.15,234.15,234.15,234.15,2102
2024-06-05 04:10:00+00:00,234.15,234.15,234.15,234.15,832
2024-06-05 04:15:00+00:00,234.15,234.15,234.15,234.15,2069
2024-06-05 04:20:00+00:00,234.15,234.15,234.15,234.15,662
2024-06-05 04:25:00+00:00,234.15,234.15,234.15,234.15,1059
2024-06-05 04:30:00+00:00,234.15,234.15,234.15,234.15,757
2024-06-05 04:35:00+00:00,234.15,234.15,234.15,234.15,1821
2024-06-05 04:40:00+00:00,234.15,234.15,234.15,234.15,377
2024-06-05 04:45:00+00:00,234.15,234.15,234.15,234.15,1741
2024-06-05 04:50:00+00:00,234.15,234.15,234.15,234.15,1375
2024-06-05 04:55:00+00:00,234.15,234.15,234.15,234.15,570
2024-06-05 05:00:00+00:00,234.15,234.15,234.15,234.15,911
2024-06-05 05:05:00+00:00,234.15,234.15,234.15,234.15,1824
2024-06-05 05:10:00+00:00,234.15,234.15,234.15,234.15,453
2024-06-05 05:15:00+00:00,234.15,234.15,234.15,234.15,864
2024-06-05 05:20:00+00:00,234.15,234.15,234.15,234.15,2233
2024-06-05 05:25:00+00:00,234.15,237.95,234.15,237.95,133886
2024-06-05 05:30:00+00:00,237.95,238.5,237.25,238.5,11969
2024-06-05 05:35:00+00:00,238.5,240.9,238.0,240.0,14514
2024-06-05 05:40:00+00:00,240.0,240.7,239.0,240.7,6060
2024-06-05 05:45:00+00:00,240.7,242.85,240.05,242.85,30880
2024-06-05 05:50:00+00:00,242.85,244.85,241.95,244.85,27581
2024-06-05 05:55:00+00:00,244.85,244.85,243.9,243.9,7898
2024-06-05 06:00:00+00:00,244.3,244.3,240.35,240.35,14746
2024-06-05 06:05:00+00:00,240.35,242.0,240.05,240.2,6037
2024-06-05 06:10:00+00:00,240.2,241.45,237.0,238.9,16668
2024-06-05 06:15:00+00:00,238.9,239.95,238.25,238.65,2230
2024-06-05 06:20:00+00:00,238.65,238.8,235.05,235.95,18818
2024-06-05 06:25:00+00:00,235.95,237.0,235.2,237.0,4137
2024-06-05 06:30:00+00:00,237.0,239.0,236.8,238.85,7971
2024-06-05 06:35:00+00:00,238.85,238.85,236.0,236.95,3879
2024-06-05 06:40:00+00:00,236.95,237.95,236.6,237.9,3768
2024-06-05 06:45:00+00:00,237.9,238.4,237.1,238.4,1386
2024-06-05 06:50:00+00:00,238.4,239.0,237.8,239.0,4973
2024-06-05 06:55:00+00:00,239.0,239.0,236.85,238.0,4990
2024-06-05 07:00:00+00:00,238.0,238.95,237.85,238.9,1343
2024-06-05 07:05:00+00:00,238.9,239.7,238.75,239.7,2226
2024-06-05 07:10:00+00:00,239.7,241.5,238.25,241.5,10567
2024-06-05 07:15:00+00:00,241.5,241.7,240.3,240.45,3264
2024-06-05 07:20:00+00:00,240.45,241.85,240.45,241.65,2505
2024-06-05 07:25:00+00:00,241.65,242.95,240.95,242.9,4480
2024-06-05 07:30:00+00:00,242.9,242.9,241.85,241.9,2493
2024-06-05 07:35:00+00:00,241.95,242.5,241.35,242.0,323
2024-06-05 07:40:00+00:00,242.0,242.9,242.0,242.85,1638
2024-06-05 07:45:00+00:00,242.85,244.0,241.0,244.0,7127
2024-06-05 07:50:00+00:00,244.0,244.0,243.0,243.85,6014
2024-06-05 07:55:00+00:00,243.85,244.0,243.05,243.15,2941
2024-06-05 08:00:00+00:00,243.15,243.15,241.1,241.75,5151
2024-06-05 08:05:00+00:00,242.0,243.0,242.0,243.0,994
2024-06-05 08:10:00+00:00,243.0,243.05,241.05,242.65,7839
2024-06-05 08:15:00+00:00,242.75,243.35,242.2,243.35,3242
2024-06-05 08:20:00+00:00,242.85,244.0,242.65,243.95,5564
2024-06-05 08:25:00+00:00,243.95,244.0,242.45,242.9,2263
2024-06-05 08:30:00+00:00,242.9,243.0,242.05,243.0,557
2024-06-05 08:35:00+00:00,243.4,243.45,241.9,243.4,3523
2024-06-05 08:40:00+00:00,243.4,243.4,240.3,240.3,12039
2024-06-05 08:45:00+00:00,240.3,241.85,240.3,241.65,2513
2024-06-05 08:50:00+00:00,241.65,243.0,241.35,242.5,3329
2024-06-05 08:55:00+00:00,242.5,242.75,242.0,242.75,2780
2024-06-05 09:00:00+00:00,242.75,242.75,241.35,242.2,1478
2024-06-05 09:05:00+00:00,242.2,242.6,241.35,242.05,1564
2024-06-05 09:10:00+00:00,242.65,242.65,241.45,242.15,2552
2024-06-05 09:15:00+00:00,242.15,242.4,240.0,241.0,12475
2024-06-05 09:20:00+00:00,241.0,242.75,241.0,241.0,4232
2024-06-05 09:25:00+00:00,241.0,242.65,241.0,241.65,2443
2024-06-05 09:30:00+00:00,241.65,243.0,241.65,241.65,6070
2024-06-05 09:35:00+00:00,241.65,243.0,241.4,242.0,6317
2024-06-05 09:40:00+00:00,242.0,242.9,241.4,242.0,3940
2024-06-05 09:45:00+00:00,242.0,242.75,240.0,240.2,11384
2024-06-05 09:50:00+00:00,240.85,241.35,240.1,240.75,6761
2024-06-05 09:55:00+00:00,240.75,241.2,240.0,241.2,18615
2024-06-06 03:45:00+00:00,244.05,246.45,244.05,245.0,34980
2024-06-06 03:50:00+00:00,245.0,247.7,244.75,247.35,39655
2024-06-06 03:55:00+00:00,247.35,247.95,245.6,247.35,26347
2024-06-06 04:00:00+00:00,247.85,247.85,245.95,246.6,19152
2024-06-06 04:05:00+00:00,246.6,248.6,246.6,248.0,29636
2024-06-06 04:10:00+00:00,248.0,249.0,246.9,249.0,61105
2024-06-06 04:15:00+00:00,249.0,249.0,248.0,249.0,10928
2024-06-06 04:20:00+00:00,249.0,253.0,248.85,251.05,62469
2024-06-06 04:25:00+00:00,251.85,253.0,251.0,252.85,16762
2024-06-06 04:30:00+00:00,252.8,252.95,252.0,252.6,13721
2024-06-06 04:35:00+00:00,252.6,252.95,251.8,251.8,5070
2024-06-06 04:40:00+00:00,251.8,252.0,251.1,251.6,5243
2024-06-06 04:45:00+00:00,251.6,253.45,251.05,253.45,38389
2024-06-06 04:50:00+00:00,253.45,253.45,253.45,253.45,2858
2024-06-06 04:55:00+00:00,253.45,253.45,253.45,253.45,564
2024-06-06 05:00:00+00:00,253.45,253.45,253.45,253.45,302
2024-06-06 05:05:00+00:00,253.45,253.45,253.45,253.45,10
2024-06-06 05:10:00+00:00,253.45,253.45,253.45,253.45,1225
2024-06-06 05:15:00+00:00,253.45,253.45,253.45,253.45,3380
2024-06-06 05:20:00+00:00,253.45,253.45,253.45,253.45,567
2024-06-06 05:25:00+00:00,253.45,253.45,253.45,253.45,195
2024-06-06 05:30:00+00:00,253.45,253.45,253.45,253.45,515
2024-06-06 05:35:00+00:00,253.45,253.45,253.45,253.45,790
2024-06-06 05:40:00+00:00,253.45,253.45,253.45,253.45,291
2024-06-06 05:45:00+00:00,253.45,253.45,253.45,253.45,7
2024-06-06 05:50:00+00:00,253.45,253.45,253.45,253.45,5512
2024-06-06 05:55:00+00:00,253.45,253.45,253.45,253.45,36
2024-06-06 06:00:00+00:00,253.45,253.45,253.45,253.45,544
2024-06-06 06:05:00+00:00,253.45,253.45,253.45,253.45,2112
2024-06-06 06:10:00+00:00,253.45,253.45,250.55,250.85,166125
2024-06-06 06:15:00+00:00,250.85,252.5,250.0,251.35,23202
2024-06-06 06:20:00+00:00,251.35,252.5,250.4,251.25,8157
2024-06-06 06:25:00+00:00,251.25,252.5,251.25,252.0,3968
2024-06-06 06:30:00+00:00,252.1,252.7,251.5,251.55,2375
2024-06-06 06:35:00+00:00,251.55,252.6,251.0,251.05,3902
2024-06-06 06:40:00+00:00,251.05,252.0,251.05,251.4,1931
2024-06-06 06:45:00+00:00,251.4,251.9,251.15,251.9,795
2024-06-06 06:50:00+00:00,251.9,252.95,251.45,252.05,1583
2024-06-06 06:55:00+00:00,252.05,252.05,251.25,251.55,203
2024-06-06 07:00:00+00:00,251.25,252.85,251.25,252.75,1007
2024-06-06 07:05:00+00:00,252.75,252.75,251.0,251.05,5458
2024-06-06 07:10:00+00:00,251.05,251.05,250.5,251.05,606
2024-06-06 07:15:00+00:00,251.05,251.05,250.55,251.0,309
2024-06-06 07:20:00+00:00,251.0,251.0,249.0,250.15,2892
2024-06-06 07:25:00+00:00,250.15,251.0,250.0,250.55,2269
2024-06-06 07:30:00+00:00,250.55,251.05,250.55,251.05,6723
2024-06-06 07:35:00+00:00,251.05,252.35,250.6,250.6,7918
2024-06-06 07:40:00+00:00,250.6,251.0,248.1,249.4,9816
2024-06-06 07:45:00+00:00,249.4,251.65,249.4,251.35,1607
2024-06-06 07:50:00+00:00,251.35,251.35,249.85,249.85,928
2024-06-06 07:55:00+00:00,249.85,250.85,249.0,250.85,2267
2024-06-06 08:00:00+00:00,250.85,251.55,249.5,251.55,883
2024-06-06 08:05:00+00:00,251.55,251.9,251.55,251.9,1365
2024-06-06 08:10:00+00:00,251.9,253.45,251.9,253.45,13939
2024-06-06 08:15:00+00:00,253.45,253.45,253.45,253.45,5488
2024-06-06 08:20:00+00:00,253.45,253.45,253.45,253.45,52
2024-06-06 08:25:00+00:00,253.45,253.45,253.45,253.45,570
2024-06-06 08:30:00+00:00,253.45,253.45,253.45,253.45,642
2024-06-06 08:35:00+00:00,253.45,253.45,253.45,253.45,2223
2024-06-06 08:40:00+00:00,253.45,253.45,253.45,253.45,3515
2024-06-06 08:45:00+00:00,253.45,253.45,253.45,253.45,598
2024-06-06 08:50:00+00:00,253.45,253.45,253.45,253.45,420
2024-06-06 08:55:00+00:00,253.45,253.45,253.45,253.45,20679
2024-06-06 09:00:00+00:00,253.45,253.45,253.45,253.45,1557
2024-06-06 09:05:00+00:00,253.45,253.45,253.45,253.45,500
2024-06-06 09:10:00+00:00,253.45,253.45,253.45,253.45,19797
2024-06-06 09:15:00+00:00,253.45,253.45,251.5,252.75,45831
2024-06-06 09:20:00+00:00,252.75,253.45,252.7,253.45,4286
2024-06-06 09:25:00+00:00,253.45,253.45,253.45,253.45,159
2024-06-06 09:30:00+00:00,253.45,253.45,253.45,253.45,35
2024-06-06 09:35:00+00:00,253.45,253.45,253.45,253.45,349
2024-06-06 09:40:00+00:00,253.45,253.45,253.45,253.45,1625
2024-06-06 09:45:00+00:00,253.45,253.45,253.45,253.45,5228
2024-06-06 09:50:00+00:00,253.45,253.45,253.45,253.45,506
2024-06-06 09:55:00+00:00,253.45,253.45,253.45,253.45,705
2024-06-07 03:45:00+00:00,255.25,264.9,254.4,259.75,70017
2024-06-07 03:50:00+00:00,259.75,263.9,259.2,260.05,57425
2024-06-07 03:55:00+00:00,260.0,261.15,259.0,260.95,27496
2024-06-07 04:00:00+00:00,261.0,262.6,259.0,262.4,30404
2024-06-07 04:05:00+00:00,262.0,262.4,259.3,261.0,73269
2024-06-07 04:10:00+00:00,261.0,265.0,261.0,264.0,47904
2024-06-07 04:15:00+00:00,264.0,264.5,262.6,263.25,21475
2024-06-07 04:20:00+00:00,263.25,264.0,261.4,262.5,17611
2024-06-07 04:25:00+00:00,262.5,263.45,262.5,263.1,7601
2024-06-07 04:30:00+00:00,263.1,264.3,263.0,263.0,13805
2024-06-07 04:35:00+00:00,263.0,264.0,262.1,263.75,3074
2024-06-07 04:40:00+00:00,263.85,264.1,263.25,263.4,16458
2024-06-07 04:45:00+00:00,263.4,263.4,262.0,262.0,6963
2024-06-07 04:50:00+00:00,262.0,262.0,261.0,261.3,3592
2024-06-07 04:55:00+00:00,261.3,264.1,261.25,263.8,11225
2024-06-07 05:00:00+00:00,263.8,264.95,262.55,264.95,23740
2024-06-07 05:05:00+00:00,264.95,267.7,264.95,265.6,27340
2024-06-07 05:10:00+00:00,265.6,266.6,264.25,265.65,15547
2024-06-07 05:15:00+00:00,265.65,266.15,264.75,265.15,6613
2024-06-07 05:20:00+00:00,265.15,266.2,263.2,263.2,8077
2024-06-07 05:25:00+00:00,263.2,263.85,262.5,262.5,6319
2024-06-07 05:30:00+00:00,262.6,263.7,262.6,263.7,3184
2024-06-07 05:35:00+00:00,263.7,264.0,263.7,263.7,1641
2024-06-07 05:40:00+00:00,263.7,263.7,262.75,263.45,4886
2024-06-07 05:45:00+00:00,263.45,263.5,263.05,263.2,1555
2024-06-07 05:50:00+00:00,263.2,263.4,262.25,262.7,3789
2024-06-07 05:55:00+00:00,262.7,263.25,262.2,262.2,715
2024-06-07 06:00:00+00:00,262.2,263.15,262.05,262.6,1759
2024-06-07 06:05:00+00:00,262.6,263.8,262.55,263.8,3744
2024-06-07 06:10:00+00:00,263.8,264.9,263.8,264.55,7754
2024-06-07 06:15:00+00:00,264.55,264.8,264.0,264.45,1288
2024-06-07 06:20:00+00:00,264.45,264.7,263.05,263.1,2539
2024-06-07 06:25:00+00:00,263.1,263.9,263.1,263.9,1184
2024-06-07 06:30:00+00:00,263.9,264.1,263.25,263.25,862
2024-06-07 06:35:00+00:00,263.25,265.15,263.25,265.15,11735
2024-06-07 06:40:00+00:00,265.5,266.5,265.35,265.35,11571
2024-06-07 06:45:00+00:00,265.35,266.6,265.0,265.0,14016
2024-06-07 06:50:00+00:00,265.0,265.3,264.05,264.5,3805
2024-06-07 06:55:00+00:00,264.5,264.85,263.85,264.6,3646
2024-06-07 07:00:00+00:00,264.7,264.7,263.65,264.65,2204
2024-06-07 07:05:00+00:00,264.65,264.65,263.1,263.15,1557
2024-06-07 07:10:00+00:00,263.15,264.75,263.15,264.45,656
2024-06-07 07:15:00+00:00,264.45,264.95,264.15,264.15,1549
2024-06-07 07:20:00+00:00,264.15,264.15,263.2,263.2,3079
2024-06-07 07:25:00+00:00,263.2,263.5,263.15,263.15,678
2024-06-07 07:30:00+00:00,263.15,264.45,263.1,263.7,2704
2024-06-07 07:35:00+00:00,263.7,263.9,263.2,263.9,505
2024-06-07 07:40:00+00:00,263.9,263.95,263.35,263.5,326
2024-06-07 07:45:00+00:00,263.5,264.0,263.4,263.5,1437
2024-06-07 07:50:00+00:00,263.5,264.35,263.3,263.85,1096
2024-06-07 07:55:00+00:00,263.85,264.05,263.3,263.75,1750
2024-06-07 08:00:00+00:00,263.75,264.2,263.05,263.65,2913
2024-06-07 08:05:00+00:00,263.65,264.05,263.5,263.65,2900
2024-06-07 08:10:00+00:00,263.65,264.95,263.4,263.9,4009
2024-06-07 08:15:00+00:00,263.9,264.35,263.35,263.95,2000
2024-06-07 08:20:00+00:00,263.95,264.25,263.5,264.25,5241
2024-06-07 08:25:00+00:00,264.25,264.25,263.45,263.7,1318
2024-06-07 08:30:00+00:00,263.7,264.6,263.55,263.95,2546
2024-06-07 08:35:00+00:00,263.95,264.95,263.65,264.6,4645
2024-06-07 08:40:00+00:00,264.6,264.75,263.8,263.8,1602
2024-06-07 08:45:00+00:00,264.0,265.0,263.5,264.1,4737
2024-06-07 08:50:00+00:00,264.1,264.55,263.5,264.2,4792
2024-06-07 08:55:00+00:00,264.2,264.2,263.55,263.7,374
2024-06-07 09:00:00+00:00,263.7,264.75,263.65,264.0,2767
2024-06-07 09:05:00+00:00,264.0,264.0,263.5,263.9,9721
2024-06-07 09:10:00+00:00,263.9,263.9,261.85,262.5,14856
2024-06-07 09:15:00+00:00,262.5,263.0,260.25,262.2,24993
2024-06-07 09:20:00+00:00,262.2,268.0,262.0,266.65,98593
2024-06-07 09:25:00+00:00,265.7,266.0,265.05,265.05,3668
2024-06-07 09:30:00+00:00,265.1,266.0,264.0,265.75,19065
2024-06-07 09:35:00+00:00,265.25,267.75,265.25,266.05,14267
2024-06-07 09:40:00+00:00,265.65,266.05,264.1,264.1,7176
2024-06-07 09:45:00+00:00,264.1,265.8,263.4,264.0,10680
2024-06-07 09:50:00+00:00,264.1,264.7,263.3,264.15,14257
2024-06-07 09:55:00+00:00,264.15,264.25,261.75,261.75,19082
2024-06-10 03:45:00+00:00,264.95,267.79,262.73,264.22,20540
2024-06-10 03:50:00+00:00,264.22,265.34,262.81,265.34,12173
2024-06-10 03:55:00+00:00,265.34,269.59,265.09,267.8,38319
2024-06-10 04:00:00+00:00,267.99,267.99,263.51,263.51,7518
2024-06-10 04:05:00+00:00,263.51,263.51,261.2,262.0,30930
2024-06-10 04:10:00+00:00,262.19,264.97,261.61,264.49,14518
2024-06-10 04:15:00+00:00,264.49,266.0,262.55,262.55,18663
2024-06-10 04:20:00+00:00,262.55,263.31,262.1,262.92,14522
2024-06-10 04:25:00+00:00,263.29,263.3,261.43,261.91,6639
2024-06-10 04:30:00+00:00,261.91,262.5,261.25,262.27,3842
2024-06-10 04:35:00+00:00,262.58,263.5,262.27,263.5,6268
2024-06-10 04:40:00+00:00,263.4,263.5,262.28,262.5,2808
2024-06-10 04:45:00+00:00,262.85,263.48,262.5,263.0,2721
2024-06-10 04:50:00+00:00,263.0,263.41,262.53,263.0,2662
2024-06-10 04:55:00+00:00,263.0,263.28,262.5,263.28,3667
2024-06-10 05:00:00+00:00,263.0,263.49,262.51,263.02,2844
2024-06-10 05:05:00+00:00,262.98,262.98,261.92,262.26,7584
2024-06-10 05:10:00+00:00,262.26,263.1,261.61,261.82,6776
2024-06-10 05:15:00+00:00,261.82,262.29,260.9,261.96,7786
2024-06-10 05:20:00+00:00,261.96,263.0,261.53,262.41,3074
2024-06-10 05:25:00+00:00,262.41,262.99,262.21,262.81,1251
2024-06-10 05:30:00+00:00,262.81,262.93,261.22,261.9,7483
2024-06-10 05:35:00+00:00,261.9,262.38,261.56,262.3,1471
2024-06-10 05:40:00+00:00,261.79,262.05,261.15,261.19,1997
2024-06-10 05:45:00+00:00,261.19,262.0,261.19,262.0,3783
2024-06-10 05:50:00+00:00,262.0,262.03,261.01,261.43,2664
2024-06-10 05:55:00+00:00,261.43,262.29,261.1,262.29,984
2024-06-10 06:00:00+00:00,262.7,262.7,261.51,261.51,1606
2024-06-10 06:05:00+00:00,261.5,261.96,261.0,261.44,3073
2024-06-10 06:10:00+00:00,261.45,261.62,261.0,261.53,1098
2024-06-10 06:15:00+00:00,261.53,261.66,261.0,261.0,1044
2024-06-10 06:20:00+00:00,261.0,261.32,261.0,261.01,1215
2024-06-10 06:25:00+00:00,261.01,261.55,261.0,261.53,2235
2024-06-10 06:30:00+00:00,261.52,261.55,261.03,261.12,786
2024-06-10 06:35:00+00:00,261.12,262.19,261.0,261.6,3120
2024-06-10 06:40:00+00:00,261.17,261.54,260.0,260.0,6816
2024-06-10 06:45:00+00:00,260.0,260.79,260.0,260.7,1968
2024-06-10 06:50:00+00:00,260.98,261.0,260.02,260.35,2460
2024-06-10 06:55:00+00:00,260.35,262.39,260.35,262.34,6130
2024-06-10 07:00:00+00:00,262.0,262.32,261.71,261.73,779
2024-06-10 07:05:00+00:00,261.73,261.73,261.13,261.55,658
2024-06-10 07:10:00+00:00,261.55,261.57,261.01,261.44,847
2024-06-10 07:15:00+00:00,261.44,261.79,261.0,261.79,2333
2024-06-10 07:20:00+00:00,261.79,262.02,261.5,262.01,965
2024-06-10 07:25:00+00:00,262.01,263.9,261.51,262.46,11043
2024-06-10 07:30:00+00:00,262.46,263.75,262.41,262.9,8429
2024-06-10 07:35:00+00:00,262.9,263.94,262.9,263.69,8241
2024-06-10 07:40:00+00:00,263.69,264.73,263.61,263.61,15860
2024-06-10 07:45:00+00:00,263.61,264.49,263.29,264.49,3756
2024-06-10 07:50:00+00:00,264.49,265.4,264.48,265.0,4245
2024-06-10 07:55:00+00:00,265.0,265.4,264.28,264.28,1487
2024-06-10 08:00:00+00:00,264.28,266.47,264.28,265.33,10493
2024-06-10 08:05:00+00:00,265.33,266.79,265.05,266.0,14336
2024-06-10 08:10:00+00:00,266.25,266.59,265.83,266.03,5523
2024-06-10 08:15:00+00:00,266.03,266.5,265.61,265.69,3638
2024-06-10 08:20:00+00:00,265.69,266.0,265.62,265.77,517
2024-06-10 08:25:00+00:00,265.77,265.9,264.16,265.6,4308
2024-06-10 08:30:00+00:00,265.6,266.0,265.6,265.68,2267
2024-06-10 08:35:00+00:00,265.68,265.7,264.16,264.28,20995
2024-06-10 08:40:00+00:00,264.28,265.1,264.22,264.68,2317
2024-06-10 08:45:00+00:00,264.68,266.5,264.68,265.83,8820
2024-06-10 08:50:00+00:00,265.83,266.4,265.22,266.16,3311
2024-06-10 08:55:00+00:00,266.16,266.16,263.38,263.84,6115
2024-06-10 09:00:00+00:00,263.84,264.76,263.2,263.75,10717
2024-06-10 09:05:00+00:00,263.75,264.84,263.31,264.64,12287
2024-06-10 09:10:00+00:00,264.64,264.77,264.31,264.77,1142
2024-06-10 09:15:00+00:00,264.77,264.99,264.3,264.3,4369
2024-06-10 09:20:00+00:00,264.3,264.99,264.02,264.6,6138
2024-06-10 09:25:00+00:00,264.6,265.06,263.64,264.0,4355
2024-06-10 09:30:00+00:00,264.0,264.64,263.6,264.28,3243
2024-06-10 09:35:00+00:00,264.28,264.99,264.28,264.61,3412
2024-06-10 09:40:00+00:00,264.61,267.18,262.8,265.3,36942
2024-06-10 09:45:00+00:00,265.3,266.5,264.1,265.5,10409
2024-06-10 09:50:00+00:00,265.5,265.5,262.06,263.0,17050
2024-06-10 09:55:00+00:00,263.0,264.0,262.26,264.0,8612
2024-06-11 03:45:00+00:00,265.0,268.32,263.74,267.19,20936
2024-06-11 03:50:00+00:00,267.19,275.4,267.0,274.72,74640
2024-06-11 03:55:00+00:00,274.92,277.0,272.58,275.52,76271
2024-06-11 04:00:00+00:00,275.44,277.7,272.1,272.25,46938
2024-06-11 04:05:00+00:00,272.25,273.7,270.55,271.06,29420
2024-06-11 04:10:00+00:00,270.93,277.8,269.82,276.15,423729
2024-06-11 04:15:00+00:00,275.07,279.14,271.12,276.85,386933
2024-06-11 04:20:00+00:00,276.57,284.9,276.57,281.91,143542
2024-06-11 04:25:00+00:00,281.24,285.4,281.19,281.6,81311
2024-06-11 04:30:00+00:00,281.76,288.0,281.31,286.42,118719
2024-06-11 04:35:00+00:00,286.89,288.0,283.01,284.83,58940
2024-06-11 04:40:00+00:00,284.83,285.78,283.36,283.5,23179
2024-06-11 04:45:00+00:00,283.5,286.8,282.0,285.78,55126
2024-06-11 04:50:00+00:00,285.63,290.0,285.42,286.98,155966
2024-06-11 04:55:00+00:00,286.64,287.7,286.06,287.4,37062
2024-06-11 05:00:00+00:00,287.4,287.4,286.0,286.58,43541
2024-06-11 05:05:00+00:00,286.06,287.05,285.0,286.03,45901
2024-06-11 05:10:00+00:00,286.03,286.86,285.29,286.61,15113
2024-06-11 05:15:00+00:00,286.61,286.61,284.09,284.09,20638
2024-06-11 05:20:00+00:00,284.85,284.85,282.5,282.5,44004
2024-06-11 05:25:00+00:00,282.5,283.13,282.45,282.92,17300
2024-06-11 05:30:00+00:00,282.92,282.92,281.3,281.5,17328
2024-06-11 05:35:00+00:00,281.5,283.0,281.05,282.78,13706
2024-06-11 05:40:00+00:00,282.78,283.56,282.31,283.34,8567
2024-06-11 05:45:00+00:00,283.34,283.4,282.3,282.3,4975
2024-06-11 05:50:00+00:00,282.3,282.62,281.5,282.28,9029
2024-06-11 05:55:00+00:00,282.28,282.94,281.62,282.0,2863
2024-06-11 06:00:00+00:00,282.0,282.5,281.36,281.55,3842
2024-06-11 06:05:00+00:00,281.55,282.36,281.05,281.31,6853
2024-06-11 06:10:00+00:00,281.31,281.44,280.0,280.19,8737
2024-06-11 06:15:00+00:00,280.79,281.5,280.25,281.35,5427
2024-06-11 06:20:00+00:00,281.35,281.4,280.0,280.49,15220
2024-06-11 06:25:00+00:00,280.1,281.18,280.1,281.01,6389
2024-06-11 06:30:00+00:00,281.01,282.44,281.01,282.44,3369
2024-06-11 06:35:00+00:00,282.44,283.39,282.0,282.49,5508
2024-06-11 06:40:00+00:00,282.49,283.47,282.33,283.16,6898
2024-06-11 06:45:00+00:00,283.16,283.45,282.83,283.19,4268
2024-06-11 06:50:00+00:00,283.19,283.45,282.83,283.01,1144
2024-06-11 06:55:00+00:00,283.01,286.0,282.65,285.0,21387
2024-06-11 07:00:00+00:00,285.0,285.01,283.19,283.5,6903
2024-06-11 07:05:00+00:00,283.5,283.75,282.5,282.73,8709
2024-06-11 07:10:00+00:00,282.73,283.18,281.55,281.57,8465
2024-06-11 07:15:00+00:00,280.0,282.03,280.0,281.94,6844
2024-06-11 07:20:00+00:00,281.94,282.18,280.52,280.52,8853
2024-06-11 07:25:00+00:00,280.52,281.19,280.52,280.75,4885
2024-06-11 07:30:00+00:00,280.75,281.19,280.55,281.08,2329
2024-06-11 07:35:00+00:00,281.08,281.98,280.61,281.1,4107
2024-06-11 07:40:00+00:00,281.1,281.39,280.6,280.78,3137
2024-06-11 07:45:00+00:00,280.78,281.56,280.05,280.05,3375
2024-06-11 07:50:00+00:00,280.05,280.05,278.51,278.51,30774
2024-06-11 07:55:00+00:00,278.51,280.0,278.51,280.0,2518
2024-06-11 08:00:00+00:00,280.7,280.7,278.28,279.0,6142
2024-06-11 08:05:00+00:00,278.99,280.18,278.84,279.58,3748
2024-06-11 08:10:00+00:00,279.58,280.0,279.03,279.23,4935
2024-06-11 08:15:00+00:00,279.23,279.79,279.05,279.63,1914
2024-06-11 08:20:00+00:00,279.63,279.99,279.07,279.6,4842
2024-06-11 08:25:00+00:00,279.6,279.83,279.1,279.19,1414
2024-06-11 08:30:00+00:00,279.19,279.68,278.21,278.77,9881
2024-06-11 08:35:00+00:00,278.77,279.44,278.21,278.64,3413
2024-06-11 08:40:00+00:00,278.64,279.21,278.55,278.55,3622
2024-06-11 08:45:00+00:00,278.55,279.19,278.06,279.19,6430
2024-06-11 08:50:00+00:00,279.19,280.0,278.77,279.82,3743
2024-06-11 08:55:00+00:00,279.82,281.0,279.29,281.0,5344
2024-06-11 09:00:00+00:00,281.0,281.1,280.13,280.13,4466
2024-06-11 09:05:00+00:00,280.13,280.15,278.0,278.36,18127
2024-06-11 09:10:00+00:00,278.36,279.98,278.36,279.22,2684
2024-06-11 09:15:00+00:00,279.22,279.94,279.1,279.92,1494
2024-06-11 09:20:00+00:00,279.92,280.0,279.05,279.1,6339
2024-06-11 09:25:00+00:00,279.1,279.43,278.3,278.77,8867
2024-06-11 09:30:00+00:00,278.77,278.77,277.2,277.2,8763
2024-06-11 09:35:00+00:00,277.2,278.26,277.2,277.96,8851
2024-06-11 09:40:00+00:00,277.96,277.96,277.0,277.0,10461
2024-06-11 09:45:00+00:00,277.19,277.2,275.11,276.2,27484
2024-06-11 09:50:00+00:00,276.2,277.0,275.11,277.0,30779
2024-06-11 09:55:00+00:00,277.15,278.45,276.6,277.68,23093
2024-06-12 03:45:00+00:00,278.5,281.73,276.4,279.0,48384
2024-06-12 03:50:00+00:00,279.0,280.8,277.62,279.87,23922
2024-06-12 03:55:00+00:00,280.47,282.8,279.92,281.5,35578
2024-06-12 04:00:00+00:00,281.5,282.0,280.22,280.5,8830
2024-06-12 04:05:00+00:00,280.5,280.9,279.22,279.35,7694
2024-06-12 04:10:00+00:00,279.37,279.51,278.22,278.63,11643
2024-06-12 04:15:00+00:00,278.63,279.8,278.04,278.04,6167
2024-06-12 04:20:00+00:00,278.3,278.34,275.25,277.52,22105
2024-06-12 04:25:00+00:00,277.52,278.15,276.48,276.99,14435
2024-06-12 04:30:00+00:00,276.98,278.1,276.81,277.19,9074
2024-06-12 04:35:00+00:00,277.1,277.8,275.82,276.39,17484
2024-06-12 04:40:00+00:00,276.39,276.39,275.55,276.35,5609
2024-06-12 04:45:00+00:00,276.35,276.47,275.61,276.3,3268
2024-06-12 04:50:00+00:00,276.0,276.36,275.7,275.87,13584
2024-06-12 04:55:00+00:00,275.87,276.85,275.71,276.85,3011
2024-06-12 05:00:00+00:00,276.85,276.85,275.55,276.02,2578
2024-06-12 05:05:00+00:00,276.02,276.86,275.82,276.72,2677
2024-06-12 05:10:00+00:00,276.47,276.9,276.42,276.5,669
2024-06-12 05:15:00+00:00,276.5,277.78,276.4,277.39,2474
2024-06-12 05:20:00+00:00,277.41,277.78,276.98,277.43,2542
2024-06-12 05:25:00+00:00,277.53,278.09,276.93,277.5,5712
2024-06-12 05:30:00+00:00,277.5,278.37,277.1,277.91,3318
2024-06-12 05:35:00+00:00,277.91,278.37,277.29,277.47,1334
2024-06-12 05:40:00+00:00,277.47,278.43,276.9,278.43,3152
2024-06-12 05:45:00+00:00,278.13,278.43,277.96,278.34,1109
2024-06-12 05:50:00+00:00,278.34,278.41,277.91,277.92,680
2024-06-12 05:55:00+00:00,277.92,278.43,277.21,277.21,2074
2024-06-12 06:00:00+00:00,277.21,277.21,276.5,276.95,3375
2024-06-12 06:05:00+00:00,276.95,276.95,276.1,276.51,1326
2024-06-12 06:10:00+00:00,276.5,276.83,276.23,276.51,1058
2024-06-12 06:15:00+00:00,276.51,277.85,276.46,277.85,1541
2024-06-12 06:20:00+00:00,277.85,277.85,277.0,277.01,2999
2024-06-12 06:25:00+00:00,277.01,277.55,277.0,277.5,2033
2024-06-12 06:30:00+00:00,277.5,277.7,277.24,277.24,1262
2024-06-12 06:35:00+00:00,277.24,277.74,277.0,277.02,2607
2024-06-12 06:40:00+00:00,277.02,277.5,277.02,277.44,614
2024-06-12 06:45:00+00:00,277.44,277.5,277.11,277.48,2818
2024-06-12 06:50:00+00:00,277.48,277.79,277.16,277.31,999
2024-06-12 06:55:00+00:00,277.31,277.65,277.1,277.11,1743
2024-06-12 07:00:00+00:00,277.11,277.85,277.11,277.5,1647
2024-06-12 07:05:00+00:00,277.5,277.5,277.11,277.11,2006
2024-06-12 07:10:00+00:00,277.11,277.84,277.11,277.6,1297
2024-06-12 07:15:00+00:00,277.6,277.6,276.0,276.49,6965
2024-06-12 07:20:00+00:00,276.49,276.49,276.0,276.0,367
2024-06-12 07:25:00+00:00,276.0,276.2,275.8,276.0,1775
2024-06-12 07:30:00+00:00,276.0,276.0,275.0,275.69,8181
2024-06-12 07:35:00+00:00,275.55,275.77,275.0,275.0,3302
2024-06-12 07:40:00+00:00,275.0,276.0,275.0,275.87,1793
2024-06-12 07:45:00+00:00,275.87,275.91,275.0,275.55,2805
2024-06-12 07:50:00+00:00,275.55,275.99,275.55,275.98,169
2024-06-12 07:55:00+00:00,275.98,275.98,275.4,275.5,1406
2024-06-12 08:00:00+00:00,275.75,275.9,273.64,274.0,10244
2024-06-12 08:05:00+00:00,274.0,274.79,273.0,274.39,7232
2024-06-12 08:10:00+00:00,274.39,274.65,274.01,274.51,1410
2024-06-12 08:15:00+00:00,274.51,274.98,273.75,274.7,3606
2024-06-12 08:20:00+00:00,274.7,274.7,273.26,274.28,3496
2024-06-12 08:25:00+00:00,273.92,274.48,272.55,273.0,5824
2024-06-12 08:30:00+00:00,273.0,273.0,272.0,273.0,8802
2024-06-12 08:35:00+00:00,273.0,274.3,272.68,273.69,5756
2024-06-12 08:40:00+00:00,273.69,274.06,272.88,273.75,2850
2024-06-12 08:45:00+00:00,273.75,274.2,273.7,273.92,1198
2024-06-12 08:50:00+00:00,273.92,274.19,272.84,273.54,1626
2024-06-12 08:55:00+00:00,273.54,273.71,273.0,273.48,5695
2024-06-12 09:00:00+00:00,273.48,273.99,273.1,273.6,1756
2024-06-12 09:05:00+00:00,273.6,273.96,273.17,273.91,1381
2024-06-12 09:10:00+00:00,273.91,274.1,273.6,274.06,2317
2024-06-12 09:15:00+00:00,274.06,274.5,273.81,274.38,2950
2024-06-12 09:20:00+00:00,274.38,274.38,273.65,274.0,1849
2024-06-12 09:25:00+00:00,274.0,274.34,273.69,274.19,1605
2024-06-12 09:30:00+00:00,274.19,274.19,273.25,273.45,4053
2024-06-12 09:35:00+00:00,273.45,273.54,273.0,273.2,6622
2024-06-12 09:40:00+00:00,273.18,273.2,272.92,272.96,8859
2024-06-12 09:45:00+00:00,272.96,273.5,272.8,272.95,3520
2024-06-12 09:50:00+00:00,272.95,273.0,272.5,272.85,5572
2024-06-12 09:55:00+00:00,272.85,273.95,272.8,272.9,17539
2024-06-13 03:45:00+00:00,274.7,276.78,274.69,275.56,17242
2024-06-13 03:50:00+00:00,275.56,277.39,275.56,276.09,15639
2024-06-13 03:55:00+00:00,276.09,276.74,274.01,275.0,20564
2024-06-13 04:00:00+00:00,275.08,276.5,274.06,276.14,12766
2024-06-13 04:05:00+00:00,276.38,276.38,275.0,275.26,4839
2024-06-13 04:10:00+00:00,275.26,276.46,275.0,275.0,13899
2024-06-13 04:15:00+00:00,275.0,275.39,271.99,273.5,12679
2024-06-13 04:20:00+00:00,273.5,274.5,273.5,274.5,5019
2024-06-13 04:25:00+00:00,274.5,277.99,274.11,277.99,18797
2024-06-13 04:30:00+00:00,278.0,282.45,277.99,282.45,49618
2024-06-13 04:35:00+00:00,281.84,283.21,280.08,281.4,29779
2024-06-13 04:40:00+00:00,281.67,281.67,280.0,280.54,12095
2024-06-13 04:45:00+00:00,280.54,280.54,278.65,278.67,7656
2024-06-13 04:50:00+00:00,278.67,279.48,278.66,279.33,2989
2024-06-13 04:55:00+00:00,279.33,279.33,278.09,278.3,2116
2024-06-13 05:00:00+00:00,278.3,278.59,277.05,277.81,6008
2024-06-13 05:05:00+00:00,277.81,278.79,277.79,278.35,3919
2024-06-13 05:10:00+00:00,278.35,280.64,278.05,280.24,20754
2024-06-13 05:15:00+00:00,280.24,281.59,279.73,280.0,14496
2024-06-13 05:20:00+00:00,280.0,280.0,278.2,279.1,4012
2024-06-13 05:25:00+00:00,279.1,279.29,278.5,278.55,1877
2024-06-13 05:30:00+00:00,278.55,278.9,278.05,278.9,3401
2024-06-13 05:35:00+00:00,278.9,278.9,277.91,278.4,2319
2024-06-13 05:40:00+00:00,278.4,279.0,278.01,278.11,3337
2024-06-13 05:45:00+00:00,278.11,278.11,277.0,277.11,18183
2024-06-13 05:50:00+00:00,277.11,277.64,277.11,277.2,718
2024-06-13 05:55:00+00:00,277.2,277.55,276.26,277.55,6539
2024-06-13 06:00:00+00:00,277.83,278.76,277.22,278.39,1348
2024-06-13 06:05:00+00:00,278.39,278.74,278.22,278.5,1181
2024-06-13 06:10:00+00:00,278.5,278.7,277.42,277.86,3729
2024-06-13 06:15:00+00:00,277.9,278.77,277.88,278.5,2830
2024-06-13 06:20:00+00:00,278.5,278.79,278.45,278.45,209
2024-06-13 06:25:00+00:00,278.45,278.65,278.15,278.65,947
2024-06-13 06:30:00+00:00,278.65,279.39,278.3,279.39,1264
2024-06-13 06:35:00+00:00,279.39,280.99,279.39,280.73,15329
2024-06-13 06:40:00+00:00,280.73,282.5,280.21,280.41,11704
2024-06-13 06:45:00+00:00,280.41,281.48,280.03,280.1,4097
2024-06-13 06:50:00+00:00,280.1,280.69,280.0,280.48,2431
2024-06-13 06:55:00+00:00,280.48,281.07,280.09,280.41,5616
2024-06-13 07:00:00+00:00,280.41,280.79,279.81,280.79,2713
2024-06-13 07:05:00+00:00,280.79,281.19,280.5,280.93,2274
2024-06-13 07:10:00+00:00,280.93,280.93,280.0,280.0,1182
2024-06-13 07:15:00+00:00,280.0,280.4,279.69,280.0,2300
2024-06-13 07:20:00+00:00,280.0,280.8,280.0,280.79,1641
2024-06-13 07:25:00+00:00,280.79,280.79,279.81,279.84,1750
2024-06-13 07:30:00+00:00,279.84,280.32,279.43,279.5,3683
2024-06-13 07:35:00+00:00,279.5,279.8,279.25,279.25,995
2024-06-13 07:40:00+00:00,279.25,279.72,279.25,279.28,176
2024-06-13 07:45:00+00:00,279.28,279.62,278.05,279.15,2851
2024-06-13 07:50:00+00:00,279.15,279.15,278.44,278.44,351
2024-06-13 07:55:00+00:00,278.44,279.5,278.44,279.5,2605
2024-06-13 08:00:00+00:00,279.5,279.5,279.0,279.5,1561
2024-06-13 08:05:00+00:00,279.5,279.5,279.0,279.0,1649
2024-06-13 08:10:00+00:00,279.0,279.49,278.81,279.28,663
2024-06-13 08:15:00+00:00,279.28,279.28,278.04,278.04,2572
2024-06-13 08:20:00+00:00,278.04,279.44,278.04,278.56,8795
2024-06-13 08:25:00+00:00,278.56,279.48,278.56,279.0,1336
2024-06-13 08:30:00+00:00,279.0,279.45,278.69,278.72,4028
2024-06-13 08:35:00+00:00,278.72,279.04,278.27,279.04,1939
2024-06-13 08:40:00+00:00,279.04,279.23,278.1,278.43,3062
2024-06-13 08:45:00+00:00,278.43,278.59,278.0,278.4,2586
2024-06-13 08:50:00+00:00,278.52,278.81,278.0,278.5,2153
2024-06-13 08:55:00+00:00,278.5,278.5,278.03,278.4,1912
2024-06-13 09:00:00+00:00,278.4,278.66,278.1,278.5,1825
2024-06-13 09:05:00+00:00,278.5,278.64,278.0,278.07,1583
2024-06-13 09:10:00+00:00,278.07,278.38,277.93,278.11,797
2024-06-13 09:15:00+00:00,277.61,278.89,277.61,278.31,16764
2024-06-13 09:20:00+00:00,278.31,278.64,278.0,278.59,5841
2024-06-13 09:25:00+00:00,278.59,278.59,277.61,278.32,3452
2024-06-13 09:30:00+00:00,278.32,278.47,276.35,278.3,16654
2024-06-13 09:35:00+00:00,278.0,278.9,277.55,278.9,9874
2024-06-13 09:40:00+00:00,279.0,279.0,278.5,278.5,4747
2024-06-13 09:45:00+00:00,278.5,278.59,277.5,278.0,12037
2024-06-13 09:50:00+00:00,278.0,278.38,277.9,278.01,5920
2024-06-13 09:55:00+00:00,278.01,279.5,277.62,279.5,16621
2024-06-14 03:45:00+00:00,279.1,288.8,278.21,283.87,68833
2024-06-14 03:50:00+00:00,283.95,284.59,282.0,283.26,37381
2024-06-14 03:55:00+00:00,283.26,285.0,282.42,284.67,44636
2024-06-14 04:00:00+00:00,284.68,294.15,284.05,293.88,145577
2024-06-14 04:05:00+00:00,293.98,298.85,290.78,298.85,205259
2024-06-14 04:10:00+00:00,298.5,299.45,296.01,298.7,231710
2024-06-14 04:15:00+00:00,298.7,303.8,296.51,298.89,193525
2024-06-14 04:20:00+00:00,298.89,299.25,296.51,298.74,70210
2024-06-14 04:25:00+00:00,298.78,299.44,296.61,298.99,64157
2024-06-14 04:30:00+00:00,299.0,302.0,298.4,299.59,92489
2024-06-14 04:35:00+00:00,299.59,299.64,297.28,297.96,42651
2024-06-14 04:40:00+00:00,297.98,297.98,295.15,295.75,42329
2024-06-14 04:45:00+00:00,295.23,296.25,295.0,295.95,55273
2024-06-14 04:50:00+00:00,295.95,296.07,295.0,295.06,23506
2024-06-14 04:55:00+00:00,295.08,295.55,293.0,293.8,55215
2024-06-14 05:00:00+00:00,293.8,294.1,292.5,293.77,22602
2024-06-14 05:05:00+00:00,293.77,295.63,293.5,293.63,25079
2024-06-14 05:10:00+00:00,293.71,294.99,293.5,293.97,10337
2024-06-14 05:15:00+00:00,293.97,295.95,293.51,295.76,18560
2024-06-14 05:20:00+00:00,295.76,295.86,294.5,294.5,12601
2024-06-14 05:25:00+00:00,294.5,295.9,294.5,295.77,17582
2024-06-14 05:30:00+00:00,295.77,297.8,295.38,296.6,18317
2024-06-14 05:35:00+00:00,296.6,297.0,295.13,296.01,11388
2024-06-14 05:40:00+00:00,296.01,296.47,295.42,296.0,6221
2024-06-14 05:45:00+00:00,296.3,299.0,296.3,298.78,21295
2024-06-14 05:50:00+00:00,298.82,300.0,297.38,298.11,35590
2024-06-14 05:55:00+00:00,298.11,299.3,297.5,298.61,23439
2024-06-14 06:00:00+00:00,298.61,298.79,297.65,298.08,5107
2024-06-14 06:05:00+00:00,298.49,302.35,298.49,301.06,89858
2024-06-14 06:10:00+00:00,301.0,304.85,301.0,303.79,105404
2024-06-14 06:15:00+00:00,303.79,304.32,301.5,303.21,46467
2024-06-14 06:20:00+00:00,303.21,304.85,301.6,303.0,63032
2024-06-14 06:25:00+00:00,303.0,303.9,301.72,303.29,27957
2024-06-14 06:30:00+00:00,303.29,303.5,302.41,303.08,9526
2024-06-14 06:35:00+00:00,303.0,303.5,302.12,302.94,14205
2024-06-14 06:40:00+00:00,302.94,303.5,302.01,302.68,17048
2024-06-14 06:45:00+00:00,302.68,303.0,302.0,302.62,11803
2024-06-14 06:50:00+00:00,302.62,302.98,300.0,300.0,19299
2024-06-14 06:55:00+00:00,299.99,302.2,299.01,301.4,24283
2024-06-14 07:00:00+00:00,301.4,301.71,300.09,300.96,8098
2024-06-14 07:05:00+00:00,300.96,301.97,300.19,300.6,9016
2024-06-14 07:10:00+00:00,300.6,301.94,299.15,299.21,22381
2024-06-14 07:15:00+00:00,299.21,299.52,298.15,298.65,14818
2024-06-14 07:20:00+00:00,298.65,299.0,298.0,299.0,15201
2024-06-14 07:25:00+00:00,299.0,299.0,297.5,298.43,33856
2024-06-14 07:30:00+00:00,298.43,298.67,297.5,297.57,7830
2024-06-14 07:35:00+00:00,297.57,298.9,297.5,298.41,4501
2024-06-14 07:40:00+00:00,298.41,299.92,298.41,298.9,9812
2024-06-14 07:45:00+00:00,298.9,299.14,298.16,298.73,5863
2024-06-14 07:50:00+00:00,298.73,298.8,297.06,297.9,13285
2024-06-14 07:55:00+00:00,297.66,298.0,297.27,297.67,7441
2024-06-14 08:00:00+00:00,297.67,298.0,297.06,297.46,11043
2024-06-14 08:05:00+00:00,297.38,297.4,296.03,297.4,24335
2024-06-14 08:10:00+00:00,297.4,298.0,297.02,298.0,4638
2024-06-14 08:15:00+00:00,297.61,298.0,297.24,297.5,4004
2024-06-14 08:20:00+00:00,297.5,297.57,295.15,296.48,42223
2024-06-14 08:25:00+00:00,296.31,296.78,295.25,295.95,39191
2024-06-14 08:30:00+00:00,295.95,297.09,295.9,296.74,10038
2024-06-14 08:35:00+00:00,296.74,296.74,296.3,296.45,15006
2024-06-14 08:40:00+00:00,296.0,297.85,296.0,297.8,16266
2024-06-14 08:45:00+00:00,298.0,298.0,295.4,295.55,28250
2024-06-14 08:50:00+00:00,295.55,296.5,295.01,296.01,27204
2024-06-14 08:55:00+00:00,296.01,296.52,293.25,293.25,34045
2024-06-14 09:00:00+00:00,293.25,293.9,292.35,293.9,19839
2024-06-14 09:05:00+00:00,293.9,296.0,293.66,295.79,15540
2024-06-14 09:10:00+00:00,295.79,296.0,294.7,295.66,8404
2024-06-14 09:15:00+00:00,295.66,297.59,295.25,296.64,15597
2024-06-14 09:20:00+00:00,296.63,297.49,296.22,297.02,10009
2024-06-14 09:25:00+00:00,297.02,297.79,297.02,297.5,15562
2024-06-14 09:30:00+00:00,297.5,299.0,297.34,299.0,19978
2024-06-14 09:35:00+00:00,299.0,300.4,298.7,300.0,82361
2024-06-14 09:40:00+00:00,299.65,299.99,298.55,298.7,34182
2024-06-14 09:45:00+00:00,298.5,298.79,297.2,298.04,19564
2024-06-14 09:50:00+00:00,298.99,301.45,298.07,301.45,94692
2024-06-14 09:55:00+00:00,301.45,303.0,301.0,303.0,130696
2024-06-18 03:45:00+00:00,310.0,316.7,306.42,312.5,365063
2024-06-18 03:50:00+00:00,312.5,315.0,311.0,312.99,133780
2024-06-18 03:55:00+00:00,312.84,316.45,312.79,314.55,106528
2024-06-18 04:00:00+00:00,314.26,316.45,312.0,312.69,75199
2024-06-18 04:05:00+00:00,312.8,312.92,307.5,309.0,108430
2024-06-18 04:10:00+00:00,309.0,309.75,307.15,307.79,55425
2024-06-18 04:15:00+00:00,307.79,307.88,305.9,306.93,70625
2024-06-18 04:20:00+00:00,306.48,308.0,305.2,308.0,40081
2024-06-18 04:25:00+00:00,307.92,309.0,307.0,307.43,28351
2024-06-18 04:30:00+00:00,307.43,307.43,306.56,306.88,12463
2024-06-18 04:35:00+00:00,306.88,308.0,305.21,305.5,20584
2024-06-18 04:40:00+00:00,305.5,305.85,303.53,303.53,46937
2024-06-18 04:45:00+00:00,303.53,307.01,303.53,305.82,44246
2024-06-18 04:50:00+00:00,305.7,307.0,305.0,305.16,20263
2024-06-18 04:55:00+00:00,305.04,307.2,305.01,307.2,23795
2024-06-18 05:00:00+00:00,307.2,307.2,305.4,306.56,14283
2024-06-18 05:05:00+00:00,306.56,307.0,305.69,306.74,17643
2024-06-18 05:10:00+00:00,306.74,307.0,306.0,306.98,12775
2024-06-18 05:15:00+00:00,306.98,307.0,306.01,306.75,9262
2024-06-18 05:20:00+00:00,306.75,306.8,306.01,306.5,5936
2024-06-18 05:25:00+00:00,306.5,306.5,305.0,305.0,10414
2024-06-18 05:30:00+00:00,305.0,306.98,304.8,306.5,20548
2024-06-18 05:35:00+00:00,306.5,306.5,304.9,305.4,7590
2024-06-18 05:40:00+00:00,305.4,305.85,304.02,305.64,10223
2024-06-18 05:45:00+00:00,305.64,306.01,304.25,304.74,13553
2024-06-18 05:50:00+00:00,304.74,305.14,303.99,304.83,14431
2024-06-18 05:55:00+00:00,304.31,304.71,303.1,303.66,12481
2024-06-18 06:00:00+00:00,303.54,305.29,303.21,304.85,30836
2024-06-18 06:05:00+00:00,304.85,305.3,304.5,305.26,3906
2024-06-18 06:10:00+00:00,305.34,305.47,304.5,304.5,10284
2024-06-18 06:15:00+00:00,304.5,305.01,303.51,304.57,7330
2024-06-18 06:20:00+00:00,304.01,305.37,303.6,305.37,8812
2024-06-18 06:25:00+00:00,305.0,306.5,305.0,306.15,7779
2024-06-18 06:30:00+00:00,306.15,306.57,305.0,305.27,7376
2024-06-18 06:35:00+00:00,305.27,306.03,305.0,305.34,2177
2024-06-18 06:40:00+00:00,305.0,305.35,304.7,304.71,6248
2024-06-18 06:45:00+00:00,304.71,306.0,304.6,305.56,9184
2024-06-18 06:50:00+00:00,305.56,305.89,305.07,305.42,4153
2024-06-18 06:55:00+00:00,305.42,306.9,305.42,305.61,10451
2024-06-18 07:00:00+00:00,305.61,306.5,305.61,306.5,2914
2024-06-18 07:05:00+00:00,306.38,307.0,305.62,305.73,5467
2024-06-18 07:10:00+00:00,305.73,306.25,305.33,305.75,5421
2024-06-18 07:15:00+00:00,305.75,306.25,305.0,305.51,9703
2024-06-18 07:20:00+00:00,305.51,306.6,305.39,306.21,9734
2024-06-18 07:25:00+00:00,306.2,307.0,306.2,306.9,6601
2024-06-18 07:30:00+00:00,306.9,307.0,306.23,306.23,2707
2024-06-18 07:35:00+00:00,306.59,306.59,306.02,306.09,4556
2024-06-18 07:40:00+00:00,306.09,306.85,306.09,306.55,5083
2024-06-18 07:45:00+00:00,306.55,307.0,306.27,306.97,2534
2024-06-18 07:50:00+00:00,306.97,307.0,305.8,306.0,10834
2024-06-18 07:55:00+00:00,306.0,306.61,305.9,306.61,7261
2024-06-18 08:00:00+00:00,306.85,308.7,306.61,307.81,14629
2024-06-18 08:05:00+00:00,308.05,310.0,308.0,309.03,31585
2024-06-18 08:10:00+00:00,309.02,310.0,308.2,309.04,14165
2024-06-18 08:15:00+00:00,309.04,309.27,308.2,308.53,5772
2024-06-18 08:20:00+00:00,308.69,309.0,308.28,308.78,6549
2024-06-18 08:25:00+00:00,308.7,308.7,307.01,308.1,6777
2024-06-18 08:30:00+00:00,308.1,308.1,307.42,307.9,4915
2024-06-18 08:35:00+00:00,307.9,308.69,307.0,308.03,8920
2024-06-18 08:40:00+00:00,308.03,308.69,307.51,307.55,4895
2024-06-18 08:45:00+00:00,307.55,308.6,307.53,308.6,4242
2024-06-18 08:50:00+00:00,308.6,308.68,307.4,307.98,5051
2024-06-18 08:55:00+00:00,307.98,308.0,307.01,307.01,7865
2024-06-18 09:00:00+00:00,307.23,307.65,307.0,307.0,2714
2024-06-18 09:05:00+00:00,307.0,307.29,307.0,307.13,4833
2024-06-18 09:10:00+00:00,307.13,307.13,305.7,306.3,13441
2024-06-18 09:15:00+00:00,306.3,307.29,305.78,306.56,11189
2024-06-18 09:20:00+00:00,306.56,306.91,306.1,306.56,8035
2024-06-18 09:25:00+00:00,306.56,306.8,306.43,306.5,7517
2024-06-18 09:30:00+00:00,306.5,307.76,306.5,306.95,8371
2024-06-18 09:35:00+00:00,306.94,307.0,306.1,307.0,13699
2024-06-18 09:40:00+00:00,308.4,308.4,306.55,307.8,41921
2024-06-18 09:45:00+00:00,307.65,307.9,307.1,307.6,31269
2024-06-18 09:50:00+00:00,307.6,307.6,305.0,305.9,40367
2024-06-18 09:55:00+00:00,305.9,307.1,305.3,307.1,25662
2024-06-19 03:45:00+00:00,308.0,309.35,300.61,302.2,65516
2024-06-19 03:50:00+00:00,301.8,303.9,301.01,301.78,41702
2024-06-19 03:55:00+00:00,301.78,302.01,296.67,297.29,65992
2024-06-19 04:00:00+00:00,297.0,302.92,292.92,302.92,83582
2024-06-19 04:05:00+00:00,302.92,302.92,300.01,300.55,24817
2024-06-19 04:10:00+00:00,300.55,305.46,300.14,304.17,53250
2024-06-19 04:15:00+00:00,304.22,304.24,301.71,303.34,30545
2024-06-19 04:20:00+00:00,303.92,306.75,303.47,304.65,28152
2024-06-19 04:25:00+00:00,304.65,306.9,304.3,305.04,20351
2024-06-19 04:30:00+00:00,305.04,305.9,304.0,305.0,11676
2024-06-19 04:35:00+00:00,305.0,309.35,292.92,303.4,7679
2024-06-19 04:40:00+00:00,303.62,303.97,301.45,301.45,9634
2024-06-19 04:45:00+00:00,301.4,302.39,300.01,301.52,19360
2024-06-19 04:50:00+00:00,301.51,302.4,300.25,300.92,5100
2024-06-19 04:55:00+00:00,300.84,301.0,300.0,300.72,11828
2024-06-19 05:00:00+00:00,300.72,301.31,298.31,299.46,34746
2024-06-19 05:05:00+00:00,299.46,301.33,299.0,299.0,16207
2024-06-19 05:10:00+00:00,299.0,300.51,298.43,299.57,38744
2024-06-19 05:15:00+00:00,299.57,299.57,297.82,298.46,10815
2024-06-19 05:20:00+00:00,298.46,299.95,297.52,299.25,14364
2024-06-19 05:25:00+00:00,299.25,300.66,297.99,300.66,8360
2024-06-19 05:30:00+00:00,300.66,300.7,299.32,299.88,10708
2024-06-19 05:35:00+00:00,299.88,299.88,298.5,298.8,3833
2024-06-19 05:40:00+00:00,298.8,299.74,298.49,299.67,2344
2024-06-19 05:45:00+00:00,298.65,300.6,298.65,300.01,6601
2024-06-19 05:50:00+00:00,300.01,301.37,299.65,300.05,12811
2024-06-19 05:55:00+00:00,300.05,301.95,300.05,301.39,4969
2024-06-19 06:00:00+00:00,301.39,301.67,300.67,300.86,6723
2024-06-19 06:05:00+00:00,300.86,301.98,300.32,301.4,4221
2024-06-19 06:10:00+00:00,301.4,302.25,300.94,301.9,1839
2024-06-19 06:15:00+00:00,301.9,301.99,300.81,301.45,6191
2024-06-19 06:20:00+00:00,301.45,301.83,300.06,300.92,6329
2024-06-19 06:25:00+00:00,300.92,301.78,300.81,301.62,2753
2024-06-19 06:30:00+00:00,301.62,301.62,300.0,300.65,7256
2024-06-19 06:35:00+00:00,300.65,301.18,299.5,299.79,4625
2024-06-19 06:40:00+00:00,299.79,300.38,299.52,300.38,2783
2024-06-19 06:45:00+00:00,300.38,301.28,300.38,300.92,4323
2024-06-19 06:50:00+00:00,300.92,301.32,300.5,301.0,2938
2024-06-19 06:55:00+00:00,301.0,301.0,300.11,300.35,2292
2024-06-19 07:00:00+00:00,300.69,300.86,300.08,300.77,1566
2024-06-19 07:05:00+00:00,300.67,300.89,300.03,300.89,3641
2024-06-19 07:10:00+00:00,300.89,300.96,300.29,300.96,3140
2024-06-19 07:15:00+00:00,300.96,300.98,300.03,300.11,3197
2024-06-19 07:20:00+00:00,300.5,300.64,300.1,300.22,1634
2024-06-19 07:25:00+00:00,300.22,300.55,299.55,299.99,6782
2024-06-19 07:30:00+00:00,299.81,300.98,299.81,300.66,2974
2024-06-19 07:35:00+00:00,300.66,300.66,300.0,300.36,2969
2024-06-19 07:40:00+00:00,300.35,302.01,299.88,300.4,12911
2024-06-19 07:45:00+00:00,300.4,302.8,300.4,302.64,5933
2024-06-19 07:50:00+00:00,302.64,302.75,302.0,302.73,8794
2024-06-19 07:55:00+00:00,302.73,303.62,302.0,303.0,9396
2024-06-19 08:00:00+00:00,303.0,303.5,303.0,303.5,3895
2024-06-19 08:05:00+00:00,303.5,303.83,302.41,303.06,4751
2024-06-19 08:10:00+00:00,303.06,304.0,302.9,303.75,5202
2024-06-19 08:15:00+00:00,303.75,303.81,302.3,302.94,7093
2024-06-19 08:20:00+00:00,302.94,303.0,302.2,302.42,2182
2024-06-19 08:25:00+00:00,302.42,303.95,302.42,303.69,4182
2024-06-19 08:30:00+00:00,303.69,303.7,303.19,303.58,3080
2024-06-19 08:35:00+00:00,303.58,303.58,302.8,303.25,6028
2024-06-19 08:40:00+00:00,303.25,303.6,302.84,303.0,3256
2024-06-19 08:45:00+00:00,303.0,303.0,302.8,303.0,2543
2024-06-19 08:50:00+00:00,303.0,303.51,302.8,302.81,2671
2024-06-19 08:55:00+00:00,302.81,302.81,302.02,302.02,9507
2024-06-19 09:00:00+00:00,302.02,302.98,302.02,302.51,2611
2024-06-19 09:05:00+00:00,302.65,303.79,302.15,303.07,11078
2024-06-19 09:10:00+00:00,303.07,303.3,302.01,302.04,2993
2024-06-19 09:15:00+00:00,302.04,303.1,302.0,302.59,5925
2024-06-19 09:20:00+00:00,302.59,302.59,301.0,301.45,9511
2024-06-19 09:25:00+00:00,301.45,301.6,301.01,301.46,3782
2024-06-19 09:30:00+00:00,301.46,301.85,300.45,301.18,5985
2024-06-19 09:35:00+00:00,301.18,301.79,300.0,301.16,13673
2024-06-19 09:40:00+00:00,301.16,301.49,300.44,300.87,9459
2024-06-19 09:45:00+00:00,300.86,301.0,300.05,300.13,9442
2024-06-19 09:50:00+00:00,300.13,300.93,299.0,300.47,27739
2024-06-19 09:55:00+00:00,300.83,300.84,299.27,300.45,23991
2024-06-20 03:45:00+00:00,300.35,306.2,300.35,303.2,41912
2024-06-20 03:50:00+00:00,303.2,304.46,302.0,303.99,20136
2024-06-20 03:55:00+00:00,304.08,306.7,304.08,305.42,31660
2024-06-20 04:00:00+00:00,306.19,310.8,305.39,309.0,73168
2024-06-20 04:05:00+00:00,309.0,314.5,308.6,313.92,110096
2024-06-20 04:10:00+00:00,313.47,314.0,310.16,310.96,51027
2024-06-20 04:15:00+00:00,310.96,322.88,310.11,321.68,316210
2024-06-20 04:20:00+00:00,321.03,324.8,318.1,319.8,228669
2024-06-20 04:25:00+00:00,319.8,323.0,319.5,322.3,81597
2024-06-20 04:30:00+00:00,322.3,322.88,319.21,319.5,31436
2024-06-20 04:35:00+00:00,319.16,321.83,318.62,320.47,45114
2024-06-20 04:40:00+00:00,320.0,320.86,319.0,319.35,26837
2024-06-20 04:45:00+00:00,319.68,322.0,319.22,321.0,22165
2024-06-20 04:50:00+00:00,321.0,321.45,320.17,321.0,18091
2024-06-20 04:55:00+00:00,321.0,324.0,320.75,321.88,35235
2024-06-20 05:00:00+00:00,321.88,321.93,319.06,319.5,20984
2024-06-20 05:05:00+00:00,319.5,321.8,319.5,320.38,28621
2024-06-20 05:10:00+00:00,320.38,321.8,320.31,320.48,9890
2024-06-20 05:15:00+00:00,320.48,320.96,319.51,320.06,24337
2024-06-20 05:20:00+00:00,320.06,321.57,320.0,320.92,14771
2024-06-20 05:25:00+00:00,320.92,321.0,320.06,320.53,9192
2024-06-20 05:30:00+00:00,320.16,320.99,320.0,320.65,8133
2024-06-20 05:35:00+00:00,320.65,320.96,319.64,320.21,6165
2024-06-20 05:40:00+00:00,320.21,321.21,319.96,320.85,11558
2024-06-20 05:45:00+00:00,320.85,321.21,319.51,319.53,5629
2024-06-20 05:50:00+00:00,319.53,319.99,318.65,319.1,12504
2024-06-20 05:55:00+00:00,319.1,320.93,319.1,320.25,8196
2024-06-20 06:00:00+00:00,320.25,320.82,319.51,319.51,6171
2024-06-20 06:05:00+00:00,319.51,319.99,319.01,319.01,4072
2024-06-20 06:10:00+00:00,319.01,319.9,319.01,319.45,4918
2024-06-20 06:15:00+00:00,319.45,319.7,319.11,319.17,3186
2024-06-20 06:20:00+00:00,319.17,319.7,319.03,319.7,5545
2024-06-20 06:25:00+00:00,319.69,319.69,319.0,319.49,7125
2024-06-20 06:30:00+00:00,319.49,319.69,319.06,319.56,4537
2024-06-20 06:35:00+00:00,319.56,319.56,319.0,319.02,6729
2024-06-20 06:40:00+00:00,318.8,318.8,315.26,315.96,38982
2024-06-20 06:45:00+00:00,315.96,316.51,315.1,316.01,17118
2024-06-20 06:50:00+00:00,316.01,316.5,315.0,315.58,16035
2024-06-20 06:55:00+00:00,315.92,315.92,315.0,315.02,11095
2024-06-20 07:00:00+00:00,315.25,316.99,314.55,316.01,24242
2024-06-20 07:05:00+00:00,316.01,317.15,315.81,316.78,8306
2024-06-20 07:10:00+00:00,316.78,317.34,316.01,316.6,12293
2024-06-20 07:15:00+00:00,316.6,317.1,315.19,315.86,9948
2024-06-20 07:20:00+00:00,315.86,315.99,315.02,315.98,4341
2024-06-20 07:25:00+00:00,315.98,316.88,315.59,315.6,5636
2024-06-20 07:30:00+00:00,315.6,316.57,315.41,315.65,4106
2024-06-20 07:35:00+00:00,315.65,316.0,315.1,315.75,4985
2024-06-20 07:40:00+00:00,315.75,315.95,315.0,315.9,4908
2024-06-20 07:45:00+00:00,315.9,316.84,315.01,316.45,10538
2024-06-20 07:50:00+00:00,316.45,317.28,316.0,316.34,11504
2024-06-20 07:55:00+00:00,316.34,317.21,316.07,317.1,4419
2024-06-20 08:00:00+00:00,317.1,317.85,316.35,316.35,13183
2024-06-20 08:05:00+00:00,316.35,316.35,314.92,314.92,8557
2024-06-20 08:10:00+00:00,315.0,315.0,313.5,314.0,19573
2024-06-20 08:15:00+00:00,314.0,314.01,312.3,313.21,24376
2024-06-20 08:20:00+00:00,313.21,313.79,312.21,312.5,8313
2024-06-20 08:25:00+00:00,312.5,314.01,312.5,312.53,9377
2024-06-20 08:30:00+00:00,312.53,314.26,312.06,313.75,17033
2024-06-20 08:35:00+00:00,313.75,314.79,313.75,314.39,6404
2024-06-20 08:40:00+00:00,314.39,314.59,313.76,314.5,2086
2024-06-20 08:45:00+00:00,314.5,315.0,313.41,314.8,8354
2024-06-20 08:50:00+00:00,314.8,314.8,313.2,313.2,3050
2024-06-20 08:55:00+00:00,313.2,313.76,312.0,312.71,13889
2024-06-20 09:00:00+00:00,312.71,313.71,312.5,312.86,6310
2024-06-20 09:05:00+00:00,312.86,313.6,312.5,313.5,7224
2024-06-20 09:10:00+00:00,313.5,314.0,312.9,313.99,6481
2024-06-20 09:15:00+00:00,313.99,314.0,312.9,313.5,3061
2024-06-20 09:20:00+00:00,313.5,313.5,311.0,311.0,46714
2024-06-20 09:25:00+00:00,311.0,312.18,310.1,311.0,22362
2024-06-20 09:30:00+00:00,311.0,312.32,310.5,311.68,6858
2024-06-20 09:35:00+00:00,311.68,313.1,311.01,313.1,12463
2024-06-20 09:40:00+00:00,313.1,314.94,313.0,314.08,11192
2024-06-20 09:45:00+00:00,314.5,314.5,313.55,314.0,17226
2024-06-20 09:50:00+00:00,314.99,315.0,313.55,314.89,24709
2024-06-20 09:55:00+00:00,314.89,314.9,313.2,314.44,32887
2024-06-21 03:45:00+00:00,316.15,318.0,310.43,311.7,70887
2024-06-21 03:50:00+00:00,311.7,315.0,311.7,314.78,32890
2024-06-21 03:55:00+00:00,314.78,314.99,313.29,314.0,9933
2024-06-21 04:00:00+00:00,314.0,315.0,313.5,314.0,13279
2024-06-21 04:05:00+00:00,314.0,314.32,312.01,312.6,16087
2024-06-21 04:10:00+00:00,312.6,313.0,311.28,312.01,9962
2024-06-21 04:15:00+00:00,312.01,312.01,308.22,310.53,31151
2024-06-21 04:20:00+00:00,310.33,311.95,309.64,311.86,7802
2024-06-21 04:25:00+00:00,311.52,311.82,309.58,310.66,13337
2024-06-21 04:30:00+00:00,310.66,311.03,309.58,309.6,10555
2024-06-21 04:35:00+00:00,309.6,309.85,308.25,308.5,15578
2024-06-21 04:40:00+00:00,308.5,309.38,307.37,307.52,16843
2024-06-21 04:45:00+00:00,307.99,308.49,305.55,306.26,28378
2024-06-21 04:50:00+00:00,306.26,307.9,306.01,306.94,16906
2024-06-21 04:55:00+00:00,306.94,307.43,306.5,306.88,5123
2024-06-21 05:00:00+00:00,306.88,307.35,306.58,306.8,4517
2024-06-21 05:05:00+00:00,306.8,307.79,306.2,306.3,10597
2024-06-21 05:10:00+00:00,306.2,306.3,304.25,304.25,23685
2024-06-21 05:15:00+00:00,304.25,304.96,302.0,304.3,35141
2024-06-21 05:20:00+00:00,304.3,306.79,303.21,306.36,22405
2024-06-21 05:25:00+00:00,306.5,306.67,305.38,305.75,7032
2024-06-21 05:30:00+00:00,305.75,306.19,303.23,305.12,12883
2024-06-21 05:35:00+00:00,305.56,305.99,304.63,305.62,5653
2024-06-21 05:40:00+00:00,305.62,306.71,305.15,306.65,2756
2024-06-21 05:45:00+00:00,306.65,306.73,304.74,304.89,9239
2024-06-21 05:50:00+00:00,304.89,305.09,303.18,303.98,14169
2024-06-21 05:55:00+00:00,303.98,304.42,303.5,303.75,8266
2024-06-21 06:00:00+00:00,303.53,304.92,303.52,304.58,5678
2024-06-21 06:05:00+00:00,304.58,305.78,304.58,305.4,8651
2024-06-21 06:10:00+00:00,305.4,306.5,305.31,305.9,5224
2024-06-21 06:15:00+00:00,305.9,306.49,305.29,305.99,10680
2024-06-21 06:20:00+00:00,306.2,306.2,304.82,305.42,2412
2024-06-21 06:25:00+00:00,305.42,305.79,305.0,305.4,1595
2024-06-21 06:30:00+00:00,305.4,305.96,304.81,305.96,2347
2024-06-21 06:35:00+00:00,305.96,305.96,305.0,305.2,1823
2024-06-21 06:40:00+00:00,305.2,305.39,304.99,304.99,1029
2024-06-21 06:45:00+00:00,304.99,305.0,304.0,304.39,12123
2024-06-21 06:50:00+00:00,304.39,304.89,304.39,304.79,4226
2024-06-21 06:55:00+00:00,304.79,304.79,304.2,304.48,1460
2024-06-21 07:00:00+00:00,304.48,304.48,303.0,304.12,20415
2024-06-21 07:05:00+00:00,304.12,304.25,302.55,302.93,5078
2024-06-21 07:10:00+00:00,302.93,303.44,302.63,303.1,4908
2024-06-21 07:15:00+00:00,303.45,304.09,302.8,302.8,5382
2024-06-21 07:20:00+00:00,302.8,303.3,301.71,302.12,27037
2024-06-21 07:25:00+00:00,302.04,302.86,300.85,301.39,15768
2024-06-21 07:30:00+00:00,301.39,303.1,301.0,302.51,14836
2024-06-21 07:35:00+00:00,302.51,303.02,300.0,301.03,32705
2024-06-21 07:40:00+00:00,301.36,302.0,300.0,301.03,29781
2024-06-21 07:45:00+00:00,301.03,301.5,300.0,300.02,19571
2024-06-21 07:50:00+00:00,300.01,301.98,298.4,300.94,41039
2024-06-21 07:55:00+00:00,300.52,301.59,300.35,300.35,6970
2024-06-21 08:00:00+00:00,300.35,302.5,300.34,302.5,16258
2024-06-21 08:05:00+00:00,302.5,304.46,302.5,303.61,9446
2024-06-21 08:10:00+00:00,303.61,304.16,302.41,303.35,16909
2024-06-21 08:15:00+00:00,303.35,303.59,302.47,303.19,3272
2024-06-21 08:20:00+00:00,303.19,303.9,302.96,303.78,8776
2024-06-21 08:25:00+00:00,303.78,304.35,303.31,303.83,9554
2024-06-21 08:30:00+00:00,303.88,304.8,303.22,304.1,10652
2024-06-21 08:35:00+00:00,304.1,304.79,303.93,304.0,3874
2024-06-21 08:40:00+00:00,304.0,304.87,303.84,304.66,11319
2024-06-21 08:45:00+00:00,304.6,304.75,303.57,304.06,8708
2024-06-21 08:50:00+00:00,304.06,304.5,302.68,303.0,7267
2024-06-21 08:55:00+00:00,302.87,303.34,302.29,302.41,5488
2024-06-21 09:00:00+00:00,302.41,302.52,300.0,301.1,28120
2024-06-21 09:05:00+00:00,301.1,301.19,300.25,300.84,7162
2024-06-21 09:10:00+00:00,300.84,302.17,300.8,302.0,3176
2024-06-21 09:15:00+00:00,302.0,302.75,301.5,301.82,5062
2024-06-21 09:20:00+00:00,301.82,302.47,301.27,302.39,6230
2024-06-21 09:25:00+00:00,302.39,302.43,300.61,302.24,10501
2024-06-21 09:30:00+00:00,302.24,302.74,301.6,302.24,7835
2024-06-21 09:35:00+00:00,302.39,302.84,301.61,301.8,9726
2024-06-21 09:40:00+00:00,302.33,302.33,301.2,301.2,7434
2024-06-21 09:45:00+00:00,301.2,301.61,300.5,300.6,10917
2024-06-21 09:50:00+00:00,300.6,301.0,300.0,300.55,17878
2024-06-21 09:55:00+00:00,300.6,301.5,300.0,300.98,27945
2024-06-24 03:45:00+00:00,302.0,304.97,299.75,302.44,38018
2024-06-24 03:50:00+00:00,303.05,303.05,297.0,301.8,45927
2024-06-24 03:55:00+00:00,301.5,301.5,297.08,297.51,30175
2024-06-24 04:00:00+00:00,297.66,298.17,293.81,296.69,43435
2024-06-24 04:05:00+00:00,296.68,296.9,295.08,295.5,21610
2024-06-24 04:10:00+00:00,295.5,297.31,294.0,297.2,19132
2024-06-24 04:15:00+00:00,297.2,299.58,297.01,299.5,19650
2024-06-24 04:20:00+00:00,299.5,299.5,297.5,298.65,6593
2024-06-24 04:25:00+00:00,298.65,300.0,298.0,300.0,9755
2024-06-24 04:30:00+00:00,300.0,301.25,299.24,301.0,8285
2024-06-24 04:35:00+00:00,301.0,303.18,301.0,303.0,12257
2024-06-24 04:40:00+00:00,302.9,303.8,301.14,303.8,14999
2024-06-24 04:45:00+00:00,303.8,303.8,302.09,302.32,7142
2024-06-24 04:50:00+00:00,302.3,304.0,301.46,303.3,14272
2024-06-24 04:55:00+00:00,303.3,303.7,302.0,302.7,6303
2024-06-24 05:00:00+00:00,302.7,304.39,302.29,303.53,10181
2024-06-24 05:05:00+00:00,303.53,303.9,302.7,302.92,3483
2024-06-24 05:10:00+00:00,302.71,303.0,302.0,303.0,4401
2024-06-24 05:15:00+00:00,303.0,303.0,302.21,302.33,2543
2024-06-24 05:20:00+00:00,302.33,302.33,301.0,301.37,7711
2024-06-24 05:25:00+00:00,301.37,301.93,300.5,301.39,16484
2024-06-24 05:30:00+00:00,301.39,301.63,300.5,301.59,4439
2024-06-24 05:35:00+00:00,301.59,302.75,301.59,301.82,3004
2024-06-24 05:40:00+00:00,301.82,301.91,300.98,301.19,3251
2024-06-24 05:45:00+00:00,301.19,301.7,300.58,301.41,6357
2024-06-24 05:50:00+00:00,301.41,303.48,301.03,302.73,8553
2024-06-24 05:55:00+00:00,302.73,303.0,302.23,302.68,5329
2024-06-24 06:00:00+00:00,302.68,303.17,302.25,302.75,4971
2024-06-24 06:05:00+00:00,302.75,303.13,302.1,302.23,745
2024-06-24 06:10:00+00:00,302.23,302.3,301.0,301.41,2965
2024-06-24 06:15:00+00:00,301.41,301.85,301.21,301.35,884
2024-06-24 06:20:00+00:00,301.7,302.0,301.35,302.0,1419
2024-06-24 06:25:00+00:00,302.0,302.42,301.69,302.42,466
2024-06-24 06:30:00+00:00,302.42,302.96,302.01,302.38,1272
2024-06-24 06:35:00+00:00,302.38,302.38,301.61,301.85,1061
2024-06-24 06:40:00+00:00,301.85,302.39,300.69,300.89,13086
2024-06-24 06:45:00+00:00,300.89,301.2,300.21,300.28,5371
2024-06-24 06:50:00+00:00,300.28,300.85,300.22,300.35,2464
2024-06-24 06:55:00+00:00,300.35,300.99,300.35,300.99,469
2024-06-24 07:00:00+00:00,300.99,301.38,300.06,301.0,3205
2024-06-24 07:05:00+00:00,301.0,301.0,300.35,300.75,391
2024-06-24 07:10:00+00:00,300.75,300.75,300.1,300.1,2354
2024-06-24 07:15:00+00:00,300.1,300.94,300.1,300.94,977
2024-06-24 07:20:00+00:00,300.94,301.58,300.65,301.24,2717
2024-06-24 07:25:00+00:00,301.24,301.24,299.4,300.18,5465
2024-06-24 07:30:00+00:00,300.18,300.18,299.41,299.41,2342
2024-06-24 07:35:00+00:00,299.41,299.95,299.4,299.4,1391
2024-06-24 07:40:00+00:00,299.4,300.0,299.06,300.0,2801
2024-06-24 07:45:00+00:00,300.0,300.0,298.5,298.5,5338
2024-06-24 07:50:00+00:00,298.5,299.27,298.5,299.26,2031
2024-06-24 07:55:00+00:00,299.26,299.99,298.88,299.56,4977
2024-06-24 08:00:00+00:00,299.56,299.82,299.01,299.5,1575
2024-06-24 08:05:00+00:00,299.5,300.56,299.5,300.56,970
2024-06-24 08:10:00+00:00,300.56,302.0,300.56,301.01,3859
2024-06-24 08:15:00+00:00,301.01,301.43,300.51,300.55,1379
2024-06-24 08:20:00+00:00,300.55,301.18,300.11,300.11,2467
2024-06-24 08:25:00+00:00,300.1,300.53,299.51,299.91,1528
2024-06-24 08:30:00+00:00,299.91,300.59,299.9,300.55,1479
2024-06-24 08:35:00+00:00,300.55,301.07,300.0,301.07,4209
2024-06-24 08:40:00+00:00,301.07,301.19,300.01,301.19,4985
2024-06-24 08:45:00+00:00,301.91,301.91,300.61,301.18,3526
2024-06-24 08:50:00+00:00,301.18,301.92,300.96,301.31,3908
2024-06-24 08:55:00+00:00,301.31,301.9,300.74,301.54,6110
2024-06-24 09:00:00+00:00,301.54,301.54,300.39,300.39,2495
2024-06-24 09:05:00+00:00,300.39,301.48,300.21,300.9,4037
2024-06-24 09:10:00+00:00,300.9,302.78,300.6,302.5,13027
2024-06-24 09:15:00+00:00,302.5,303.0,301.11,301.77,7925
2024-06-24 09:20:00+00:00,301.77,302.3,301.2,301.65,3447
2024-06-24 09:25:00+00:00,301.65,302.13,301.44,301.68,3635
2024-06-24 09:30:00+00:00,301.68,301.81,300.5,301.35,4902
2024-06-24 09:35:00+00:00,301.35,301.71,300.26,300.95,5411
2024-06-24 09:40:00+00:00,300.95,300.95,299.5,299.63,11034
2024-06-24 09:45:00+00:00,299.63,301.25,299.5,300.7,9426
2024-06-24 09:50:00+00:00,300.7,300.72,299.51,299.8,6787
2024-06-24 09:55:00+00:00,299.9,300.89,299.0,300.8,12848
2024-06-25 03:45:00+00:00,302.3,308.49,302.65,305.86,53467
2024-06-25 03:50:00+00:00,305.7,314.0,305.21,309.81,131504
2024-06-25 03:55:00+00:00,309.81,312.0,307.84,310.46,110728
2024-06-25 04:00:00+00:00,310.51,310.95,307.84,308.68,37413
2024-06-25 04:05:00+00:00,308.68,309.57,305.42,305.75,33411
2024-06-25 04:10:00+00:00,305.7,309.9,305.21,309.38,29655
2024-06-25 04:15:00+00:00,309.38,310.9,309.21,309.99,19706
2024-06-25 04:20:00+00:00,309.99,310.0,307.23,307.58,13146
2024-06-25 04:25:00+00:00,307.58,309.64,306.31,308.56,13130
2024-06-25 04:30:00+00:00,308.44,308.98,305.36,306.7,12377
2024-06-25 04:35:00+00:00,306.7,307.59,306.66,307.3,4118
2024-06-25 04:40:00+00:00,307.3,308.28,307.0,307.67,3719
2024-06-25 04:45:00+00:00,307.67,308.79,307.61,307.65,4013
2024-06-25 04:50:00+00:00,307.65,307.88,306.0,306.41,6119
2024-06-25 04:55:00+00:00,306.41,307.62,306.41,307.0,2386
2024-06-25 05:00:00+00:00,307.0,309.75,307.0,309.75,20687
2024-06-25 05:05:00+00:00,309.75,309.75,308.5,309.32,6334
2024-06-25 05:10:00+00:00,309.32,309.32,307.83,308.39,11141
2024-06-25 05:15:00+00:00,308.39,308.48,307.74,307.8,2024
2024-06-25 05:20:00+00:00,307.96,308.68,307.96,308.52,2060
2024-06-25 05:25:00+00:00,308.52,308.52,308.0,308.15,1635
2024-06-25 05:30:00+00:00,308.15,308.2,308.0,308.0,3360
2024-06-25 05:35:00+00:00,308.0,308.31,307.04,307.3,2726
2024-06-25 05:40:00+00:00,307.3,308.09,306.0,307.92,19666
2024-06-25 05:45:00+00:00,307.88,308.48,306.05,306.75,9217
2024-06-25 05:50:00+00:00,306.75,308.39,306.67,308.13,6251
2024-06-25 05:55:00+00:00,308.13,308.45,307.08,307.25,7047
2024-06-25 06:00:00+00:00,307.25,308.0,306.51,306.89,6875
2024-06-25 06:05:00+00:00,306.93,306.98,306.0,306.33,4213
2024-06-25 06:10:00+00:00,306.33,307.47,306.02,307.47,6589
2024-06-25 06:15:00+00:00,307.47,307.85,307.0,307.4,2830
2024-06-25 06:20:00+00:00,307.4,307.59,306.06,307.48,6530
2024-06-25 06:25:00+00:00,307.35,308.1,307.03,308.1,2454
2024-06-25 06:30:00+00:00,308.1,308.5,307.25,307.79,10067
2024-06-25 06:35:00+00:00,307.79,307.79,306.75,306.75,1679
2024-06-25 06:40:00+00:00,306.75,306.8,306.11,306.49,2637
2024-06-25 06:45:00+00:00,306.49,306.53,305.8,305.8,3203
2024-06-25 06:50:00+00:00,305.8,306.57,305.1,306.34,5283
2024-06-25 06:55:00+00:00,306.34,306.67,305.41,306.4,4451
2024-06-25 07:00:00+00:00,306.4,306.79,305.66,306.01,4774
2024-06-25 07:05:00+00:00,306.01,308.75,306.01,308.15,12150
2024-06-25 07:10:00+00:00,308.0,308.95,308.0,308.17,25195
2024-06-25 07:15:00+00:00,308.17,308.81,308.0,308.5,4806
2024-06-25 07:20:00+00:00,308.5,309.0,307.37,308.35,7510
2024-06-25 07:25:00+00:00,308.35,308.77,307.41,307.41,4027
2024-06-25 07:30:00+00:00,307.41,308.17,307.06,307.21,2628
2024-06-25 07:35:00+00:00,307.21,307.21,306.31,306.71,4259
2024-06-25 07:40:00+00:00,306.71,306.71,305.21,306.71,6594
2024-06-25 07:45:00+00:00,306.71,306.71,306.1,306.22,1391
2024-06-25 07:50:00+00:00,306.22,306.53,305.97,306.15,1650
2024-06-25 07:55:00+00:00,306.15,306.16,305.41,305.7,3662
2024-06-25 08:00:00+00:00,305.7,306.46,305.7,306.01,1688
2024-06-25 08:05:00+00:00,306.01,306.46,305.5,306.33,3463
2024-06-25 08:10:00+00:00,306.33,307.2,306.04,306.84,3772
2024-06-25 08:15:00+00:00,306.84,308.0,305.61,306.77,18556
2024-06-25 08:20:00+00:00,306.77,306.77,305.85,306.0,780
2024-06-25 08:25:00+00:00,306.0,306.86,305.64,306.45,1957
2024-06-25 08:30:00+00:00,306.45,307.0,306.45,306.52,1956
2024-06-25 08:35:00+00:00,306.85,307.76,306.8,307.53,3161
2024-06-25 08:40:00+00:00,307.53,308.0,306.85,306.85,7513
2024-06-25 08:45:00+00:00,306.75,306.75,306.0,306.55,3200
2024-06-25 08:50:00+00:00,306.53,306.61,306.0,306.5,1590
2024-06-25 08:55:00+00:00,306.5,306.58,306.0,306.0,1048
2024-06-25 09:00:00+00:00,306.0,306.7,306.0,306.7,1102
2024-06-25 09:05:00+00:00,306.7,306.7,305.35,305.36,3531
2024-06-25 09:10:00+00:00,305.36,306.11,305.36,306.11,1991
2024-06-25 09:15:00+00:00,306.11,306.79,305.97,306.32,4351
2024-06-25 09:20:00+00:00,306.32,306.83,306.01,306.01,2092
2024-06-25 09:25:00+00:00,306.01,306.8,305.5,305.74,15172
2024-06-25 09:30:00+00:00,305.74,306.0,303.0,303.0,15976
2024-06-25 09:35:00+00:00,303.0,304.0,303.0,304.0,14645
2024-06-25 09:40:00+00:00,307.08,307.16,305.01,305.7,15170
2024-06-25 09:45:00+00:00,305.7,305.7,303.5,304.68,11019
2024-06-25 09:50:00+00:00,304.9,304.9,303.5,304.0,17870
2024-06-25 09:55:00+00:00,304.0,304.9,303.0,303.0,17600
2024-06-26 03:45:00+00:00,305.1,305.66,300.21,302.0,34061
2024-06-26 03:50:00+00:00,302.0,303.43,301.01,302.99,17378
2024-06-26 03:55:00+00:00,302.95,303.67,301.85,301.85,20583
2024-06-26 04:00:00+00:00,302.21,303.0,300.67,303.0,17996
2024-06-26 04:05:00+00:00,302.33,303.0,301.1,301.1,7505
2024-06-26 04:10:00+00:00,301.1,302.16,300.4,300.6,9670
2024-06-26 04:15:00+00:00,300.89,303.41,300.31,303.38,22030
2024-06-26 04:20:00+00:00,303.38,304.78,302.28,303.16,6241
2024-06-26 04:25:00+00:00,303.16,303.5,302.0,302.41,7004
2024-06-26 04:30:00+00:00,302.41,303.08,302.0,302.4,2993
2024-06-26 04:35:00+00:00,302.4,303.0,301.06,302.01,8302
2024-06-26 04:40:00+00:00,302.01,302.99,301.98,302.9,5538
2024-06-26 04:45:00+00:00,302.9,303.85,302.7,303.7,8034
2024-06-26 04:50:00+00:00,303.74,305.61,303.27,303.8,12155
2024-06-26 04:55:00+00:00,303.8,305.0,303.53,305.0,7032
2024-06-26 05:00:00+00:00,305.0,308.0,304.41,305.9,27332
2024-06-26 05:05:00+00:00,305.9,305.9,304.01,304.69,21223
2024-06-26 05:10:00+00:00,304.69,305.0,304.2,304.51,7190
2024-06-26 05:15:00+00:00,304.79,304.98,304.0,304.43,7491
2024-06-26 05:20:00+00:00,304.43,304.84,304.07,304.78,4429
2024-06-26 05:25:00+00:00,304.7,305.0,304.37,304.9,1799
2024-06-26 05:30:00+00:00,304.99,304.99,304.4,304.4,1472
2024-06-26 05:35:00+00:00,304.4,304.4,304.0,304.36,1707
2024-06-26 05:40:00+00:00,304.36,304.36,303.22,303.22,5336
2024-06-26 05:45:00+00:00,303.59,304.37,303.25,304.14,1960
2024-06-26 05:50:00+00:00,304.14,304.49,303.47,303.72,3698
2024-06-26 05:55:00+00:00,303.72,304.2,303.18,303.71,2584
2024-06-26 06:00:00+00:00,303.71,304.46,303.71,304.01,2355
2024-06-26 06:05:00+00:00,304.36,304.37,303.01,303.66,11000
2024-06-26 06:10:00+00:00,303.66,304.0,303.2,304.0,2368
2024-06-26 06:15:00+00:00,304.0,305.0,303.65,304.31,9116
2024-06-26 06:20:00+00:00,304.31,304.7,304.31,304.31,1117
2024-06-26 06:25:00+00:00,304.31,304.42,303.0,303.45,9476
2024-06-26 06:30:00+00:00,303.45,303.48,302.0,303.37,8006
2024-06-26 06:35:00+00:00,303.37,303.37,302.81,302.95,2239
2024-06-26 06:40:00+00:00,302.95,303.95,302.89,303.25,2919
2024-06-26 06:45:00+00:00,303.25,303.6,302.85,303.02,1519
2024-06-26 06:50:00+00:00,303.02,303.52,302.95,302.95,624
2024-06-26 06:55:00+00:00,302.95,303.4,302.95,303.4,642
2024-06-26 07:00:00+00:00,303.4,303.4,302.08,302.08,4807
2024-06-26 07:05:00+00:00,302.08,302.8,302.0,302.8,4772
2024-06-26 07:10:00+00:00,302.8,302.99,302.51,302.94,998
2024-06-26 07:15:00+00:00,302.94,302.94,301.9,302.17,2099
2024-06-26 07:20:00+00:00,302.45,303.25,301.5,302.85,19182
2024-06-26 07:25:00+00:00,302.85,303.9,302.81,303.57,4234
2024-06-26 07:30:00+00:00,303.57,304.0,302.8,302.8,7813
2024-06-26 07:35:00+00:00,302.8,303.39,302.8,302.91,1385
2024-06-26 07:40:00+00:00,302.91,303.2,302.53,303.17,1367
2024-06-26 07:45:00+00:00,303.17,303.8,302.62,303.8,3217
2024-06-26 07:50:00+00:00,303.8,303.88,303.03,303.24,1444
2024-06-26 07:55:00+00:00,303.24,303.6,303.01,303.31,1086
2024-06-26 08:00:00+00:00,303.31,303.86,303.31,303.86,785
2024-06-26 08:05:00+00:00,303.86,303.86,302.5,303.56,4447
2024-06-26 08:10:00+00:00,303.56,303.84,302.5,303.84,5514
2024-06-26 08:15:00+00:00,303.84,303.85,302.78,303.2,3725
2024-06-26 08:20:00+00:00,303.2,303.84,302.77,303.83,2207
2024-06-26 08:25:00+00:00,303.83,305.5,303.77,304.3,10063
2024-06-26 08:30:00+00:00,304.3,304.71,303.06,304.02,5002
2024-06-26 08:35:00+00:00,304.02,304.39,303.09,304.0,3987
2024-06-26 08:40:00+00:00,304.0,304.89,303.51,304.32,4333
2024-06-26 08:45:00+00:00,304.32,304.91,303.5,304.4,2382
2024-06-26 08:50:00+00:00,304.4,304.93,303.6,303.6,6462
2024-06-26 08:55:00+00:00,303.6,304.59,303.52,303.88,3138
2024-06-26 09:00:00+00:00,303.88,304.0,303.16,303.7,1276
2024-06-26 09:05:00+00:00,303.7,303.99,303.34,303.99,3390
2024-06-26 09:10:00+00:00,303.99,303.99,303.5,303.89,963
2024-06-26 09:15:00+00:00,303.89,304.55,303.5,304.44,4355
2024-06-26 09:20:00+00:00,304.44,304.44,303.86,303.86,1523
2024-06-26 09:25:00+00:00,303.86,304.0,303.51,303.9,2246
2024-06-26 09:30:00+00:00,303.95,304.34,303.06,304.06,8845
2024-06-26 09:35:00+00:00,304.06,304.1,303.59,304.0,3406
2024-06-26 09:40:00+00:00,303.73,303.96,303.6,303.9,3365
2024-06-26 09:45:00+00:00,303.9,303.9,303.12,303.82,4946
2024-06-26 09:50:00+00:00,303.82,304.5,303.41,304.1,10819
2024-06-26 09:55:00+00:00,304.1,305.5,303.82,304.25,41666
2024-06-27 03:45:00+00:00,304.95,314.5,304.31,311.3,113978
2024-06-27 03:50:00+00:00,311.23,311.9,306.06,307.2,57358
2024-06-27 03:55:00+00:00,306.8,307.95,303.1,304.24,52148
2024-06-27 04:00:00+00:00,304.24,304.89,301.5,303.52,41749
2024-06-27 04:05:00+00:00,303.52,304.5,302.17,302.82,29505
2024-06-27 04:10:00+00:00,302.82,304.0,302.38,302.75,19630
2024-06-27 04:15:00+00:00,302.99,303.93,302.91,303.0,13421
2024-06-27 04:20:00+00:00,303.0,303.0,302.61,302.95,7860
2024-06-27 04:25:00+00:00,302.95,302.95,300.3,300.3,29288
2024-06-27 04:30:00+00:00,300.72,302.1,300.3,302.0,6054
2024-06-27 04:35:00+00:00,302.0,302.5,301.42,302.5,7504
2024-06-27 04:40:00+00:00,302.48,302.76,301.0,301.51,9979
2024-06-27 04:45:00+00:00,301.51,302.53,301.05,302.53,4139
2024-06-27 04:50:00+00:00,302.53,302.53,300.3,300.4,5373
2024-06-27 04:55:00+00:00,300.4,300.7,299.0,300.62,20518
2024-06-27 05:00:00+00:00,300.62,301.0,299.22,299.25,8653
2024-06-27 05:05:00+00:00,299.25,299.99,298.01,298.98,15015
2024-06-27 05:10:00+00:00,298.98,299.0,298.13,298.19,8399
2024-06-27 05:15:00+00:00,298.19,298.92,298.1,298.1,6621
2024-06-27 05:20:00+00:00,298.11,298.67,297.0,297.25,14296
2024-06-27 05:25:00+00:00,297.25,298.0,296.7,297.43,14109
2024-06-27 05:30:00+00:00,297.43,298.3,296.56,297.8,11074
2024-06-27 05:35:00+00:00,297.8,298.2,297.36,298.2,7910
2024-06-27 05:40:00+00:00,298.2,298.95,298.0,298.94,4282
2024-06-27 05:45:00+00:00,298.94,299.45,298.5,299.01,4120
2024-06-27 05:50:00+00:00,299.01,299.41,298.24,299.29,2134
2024-06-27 05:55:00+00:00,299.29,299.29,298.65,299.01,1538
2024-06-27 06:00:00+00:00,299.01,299.63,299.0,299.0,3402
2024-06-27 06:05:00+00:00,299.0,299.38,298.14,298.14,1004
2024-06-27 06:10:00+00:00,298.14,298.7,298.0,298.64,2963
2024-06-27 06:15:00+00:00,298.64,298.7,298.0,298.61,3218
2024-06-27 06:20:00+00:00,298.7,299.3,298.43,299.3,2307
2024-06-27 06:25:00+00:00,299.3,299.49,298.5,298.68,2987
2024-06-27 06:30:00+00:00,298.68,298.99,298.33,298.99,3314
2024-06-27 06:35:00+00:00,298.99,299.0,298.51,298.51,2493
2024-06-27 06:40:00+00:00,298.51,299.34,298.51,299.28,1143
2024-06-27 06:45:00+00:00,299.28,299.28,298.71,299.0,711
2024-06-27 06:50:00+00:00,299.0,299.0,297.8,297.84,8564
2024-06-27 06:55:00+00:00,297.84,298.0,297.0,297.54,6885
2024-06-27 07:00:00+00:00,297.54,297.59,296.05,296.5,4054
2024-06-27 07:05:00+00:00,296.5,297.5,295.1,296.9,12352
2024-06-27 07:10:00+00:00,296.8,297.39,296.27,296.93,7490
2024-06-27 07:15:00+00:00,296.93,297.55,296.32,296.96,2839
2024-06-27 07:20:00+00:00,296.96,297.68,296.46,297.52,2529
2024-06-27 07:25:00+00:00,297.52,297.52,295.99,295.99,3495
2024-06-27 07:30:00+00:00,295.99,297.0,295.95,296.5,7433
2024-06-27 07:35:00+00:00,296.5,297.33,296.5,296.61,878
2024-06-27 07:40:00+00:00,296.61,296.98,296.42,296.42,2030
2024-06-27 07:45:00+00:00,296.42,296.46,295.95,296.25,4197
2024-06-27 07:50:00+00:00,296.25,297.03,295.95,296.31,5681
2024-06-27 07:55:00+00:00,296.31,296.31,295.1,295.49,4697
2024-06-27 08:00:00+00:00,295.49,295.49,290.36,290.89,46006
2024-06-27 08:05:00+00:00,290.89,290.89,288.0,289.01,87695
2024-06-27 08:10:00+00:00,289.01,290.78,288.25,290.23,30093
2024-06-27 08:15:00+00:00,290.02,291.91,289.1,290.1,28408
2024-06-27 08:20:00+00:00,290.43,291.0,288.0,288.29,29053
2024-06-27 08:25:00+00:00,288.29,290.33,288.0,289.69,24960
2024-06-27 08:30:00+00:00,289.45,289.9,287.0,288.92,32802
2024-06-27 08:35:00+00:00,288.92,288.92,287.06,288.31,14360
2024-06-27 08:40:00+00:00,288.31,288.98,287.5,288.47,20484
2024-06-27 08:45:00+00:00,288.47,289.66,287.91,288.64,12852
2024-06-27 08:50:00+00:00,289.14,289.54,288.06,289.45,8876
2024-06-27 08:55:00+00:00,289.54,290.7,289.3,289.73,12295
2024-06-27 09:00:00+00:00,289.52,290.17,288.24,289.79,15702
2024-06-27 09:05:00+00:00,289.79,291.39,288.15,291.39,9449
2024-06-27 09:10:00+00:00,292.03,293.0,291.0,292.64,25458
2024-06-27 09:15:00+00:00,292.64,293.25,291.81,293.25,10710
2024-06-27 09:20:00+00:00,293.25,294.8,292.85,293.0,15735
2024-06-27 09:25:00+00:00,293.0,293.0,291.41,291.41,20754
2024-06-27 09:30:00+00:00,291.41,293.94,291.41,293.48,18106
2024-06-27 09:35:00+00:00,293.48,293.7,292.78,293.7,9058
2024-06-27 09:40:00+00:00,293.86,294.0,293.1,293.79,11795
2024-06-27 09:45:00+00:00,293.79,294.45,292.0,293.1,20271
2024-06-27 09:50:00+00:00,293.1,293.96,292.5,293.52,10316
2024-06-27 09:55:00+00:00,293.52,293.99,292.1,293.4,22136
2024-06-28 03:45:00+00:00,294.9,299.0,294.9,296.56,52579
2024-06-28 03:50:00+00:00,296.59,296.59,293.75,296.37,15975
2024-06-28 03:55:00+00:00,296.37,296.74,295.42,296.5,8036
2024-06-28 04:00:00+00:00,296.5,296.5,294.44,294.75,6431
2024-06-28 04:05:00+00:00,294.75,295.0,292.25,293.83,14848
2024-06-28 04:10:00+00:00,293.83,295.95,293.44,295.76,8847
2024-06-28 04:15:00+00:00,295.83,295.9,294.86,295.3,3528
2024-06-28 04:20:00+00:00,295.3,295.49,294.61,295.27,4200
2024-06-28 04:25:00+00:00,295.27,295.27,293.8,294.18,4563
2024-06-28 04:30:00+00:00,294.18,295.0,293.56,293.95,3847
2024-06-28 04:35:00+00:00,293.95,294.19,293.39,293.74,2662
2024-06-28 04:40:00+00:00,293.74,295.2,293.36,294.55,8735
2024-06-28 04:45:00+00:00,294.55,295.43,293.21,293.21,5525
2024-06-28 04:50:00+00:00,293.0,293.09,292.16,292.65,7433
2024-06-28 04:55:00+00:00,292.65,293.56,292.65,293.21,2534
2024-06-28 05:00:00+00:00,293.21,297.22,293.21,296.07,33309
2024-06-28 05:05:00+00:00,296.07,299.01,296.07,298.24,15615
2024-06-28 05:10:00+00:00,298.35,298.99,297.45,298.0,13197
2024-06-28 05:15:00+00:00,297.94,298.91,297.6,298.49,2607
2024-06-28 05:20:00+00:00,298.49,298.92,298.0,298.81,5219
2024-06-28 05:25:00+00:00,298.81,298.89,298.44,298.5,3594
2024-06-28 05:30:00+00:00,298.5,298.82,298.01,298.53,4747
2024-06-28 05:35:00+00:00,298.53,298.86,298.26,298.49,1186
2024-06-28 05:40:00+00:00,298.49,301.7,298.15,298.55,22588
2024-06-28 05:45:00+00:00,298.01,298.6,296.99,297.23,4706
2024-06-28 05:50:00+00:00,297.23,297.55,297.23,297.33,551
2024-06-28 05:55:00+00:00,297.33,297.65,297.06,297.06,1449
2024-06-28 06:00:00+00:00,297.19,297.19,295.35,295.38,3873
2024-06-28 06:05:00+00:00,296.28,297.39,296.21,296.61,3816
2024-06-28 06:10:00+00:00,296.61,297.38,296.44,296.79,2156
2024-06-28 06:15:00+00:00,296.79,297.4,296.79,297.4,1330
2024-06-28 06:20:00+00:00,297.4,297.43,296.93,297.16,3874
2024-06-28 06:25:00+00:00,297.16,297.41,296.64,296.64,1695
2024-06-28 06:30:00+00:00,296.64,296.64,295.07,296.26,4526
2024-06-28 06:35:00+00:00,296.26,297.3,296.25,297.12,880
2024-06-28 06:40:00+00:00,297.12,297.12,295.49,296.22,2232
2024-06-28 06:45:00+00:00,296.22,297.0,295.1,295.51,946
2024-06-28 06:50:00+00:00,295.51,295.55,294.0,294.35,8033
2024-06-28 06:55:00+00:00,294.35,295.16,294.35,295.0,938
2024-06-28 07:00:00+00:00,295.0,295.3,294.41,294.67,2500
2024-06-28 07:05:00+00:00,294.67,295.06,294.0,294.93,3639
2024-06-28 07:10:00+00:00,294.93,294.93,294.09,294.44,3229
2024-06-28 07:15:00+00:00,294.44,294.87,294.22,294.22,2300
2024-06-28 07:20:00+00:00,294.22,294.3,293.06,293.61,4922
2024-06-28 07:25:00+00:00,293.61,294.95,293.6,294.02,2442
2024-06-28 07:30:00+00:00,294.02,294.5,293.31,294.5,2707
2024-06-28 07:35:00+00:00,294.5,294.5,294.06,294.3,1310
2024-06-28 07:40:00+00:00,294.3,294.75,294.26,294.75,747
2024-06-28 07:45:00+00:00,294.75,295.81,294.21,294.82,3020
2024-06-28 07:50:00+00:00,294.82,294.96,294.01,294.59,738
2024-06-28 07:55:00+00:00,294.59,294.95,294.5,294.5,587
2024-06-28 08:00:00+00:00,294.5,294.5,294.17,294.2,678
2024-06-28 08:05:00+00:00,294.2,294.88,294.2,294.88,830
2024-06-28 08:10:00+00:00,294.83,295.5,294.5,294.5,3085
2024-06-28 08:15:00+00:00,294.5,295.0,294.5,294.61,1808
2024-06-28 08:20:00+00:00,294.61,295.06,294.61,295.06,623
2024-06-28 08:25:00+00:00,295.06,295.82,294.5,295.35,2342
2024-06-28 08:30:00+00:00,295.35,295.45,294.83,295.24,601
2024-06-28 08:35:00+00:00,295.24,295.94,294.9,295.44,2348
2024-06-28 08:40:00+00:00,295.44,295.97,295.44,295.55,1669
2024-06-28 08:45:00+00:00,295.55,296.49,295.54,296.0,4243
2024-06-28 08:50:00+00:00,296.0,296.48,295.57,296.1,827
2024-06-28 08:55:00+00:00,296.1,297.0,296.0,296.0,3916
2024-06-28 09:00:00+00:00,296.0,296.42,295.41,295.5,1050
2024-06-28 09:05:00+00:00,295.5,295.82,295.48,295.79,1929
2024-06-28 09:10:00+00:00,296.0,296.4,295.8,296.2,2644
2024-06-28 09:15:00+00:00,296.2,296.55,296.01,296.07,1656
2024-06-28 09:20:00+00:00,296.07,296.5,295.96,296.4,1770
2024-06-28 09:25:00+00:00,296.13,296.79,296.01,296.78,2669
2024-06-28 09:30:00+00:00,296.87,298.0,296.35,297.5,6384
2024-06-28 09:35:00+00:00,297.5,298.0,296.15,296.45,3901
2024-06-28 09:40:00+00:00,298.79,299.0,297.08,297.08,12834
2024-06-28 09:45:00+00:00,297.08,297.72,296.5,296.5,6823
2024-06-28 09:50:00+00:00,296.5,297.5,296.5,297.0,5412
2024-06-28 09:55:00+00:00,297.0,297.0,295.0,295.0,6887
2024-07-01 03:45:00+00:00,300.0,300.0,293.95,295.8,29924
2024-07-01 03:50:00+00:00,295.8,296.65,294.05,294.8,12043
2024-07-01 03:55:00+00:00,294.8,295.7,293.55,294.55,8939
2024-07-01 04:00:00+00:00,294.55,295.2,294.1,294.3,5056
2024-07-01 04:05:00+00:00,294.3,298.0,294.2,296.5,12242
2024-07-01 04:10:00+00:00,296.5,296.9,295.0,296.55,5218
2024-07-01 04:15:00+00:00,296.55,296.85,296.05,296.1,3690
2024-07-01 04:20:00+00:00,296.1,296.5,295.0,296.0,8586
2024-07-01 04:25:00+00:00,296.0,296.0,295.05,295.05,6172
2024-07-01 04:30:00+00:00,295.45,295.85,295.0,295.85,3415
2024-07-01 04:35:00+00:00,295.85,295.85,294.95,295.3,9620
2024-07-01 04:40:00+00:00,295.2,295.3,294.3,294.8,3327
2024-07-01 04:45:00+00:00,294.3,295.75,294.1,295.0,5661
2024-07-01 04:50:00+00:00,295.0,296.55,295.0,296.35,2605
2024-07-01 04:55:00+00:00,296.35,297.85,296.25,296.65,5773
2024-07-01 05:00:00+00:00,296.65,297.0,296.3,296.55,3100
2024-07-01 05:05:00+00:00,297.4,297.4,296.55,297.0,2406
2024-07-01 05:10:00+00:00,297.0,297.0,296.3,296.3,906
2024-07-01 05:15:00+00:00,296.3,296.3,295.35,295.8,3681
2024-07-01 05:20:00+00:00,295.8,296.7,295.7,296.0,4909
2024-07-01 05:25:00+00:00,296.0,296.95,295.3,296.3,10023
2024-07-01 05:30:00+00:00,296.3,298.25,296.3,298.0,9509
2024-07-01 05:35:00+00:00,298.0,298.8,297.6,297.6,5590
2024-07-01 05:40:00+00:00,297.6,298.0,297.25,297.9,7295
2024-07-01 05:45:00+00:00,297.9,297.9,296.65,296.65,3590
2024-07-01 05:50:00+00:00,296.65,297.55,296.65,296.75,1175
2024-07-01 05:55:00+00:00,296.75,297.85,295.3,297.85,5941
2024-07-01 06:00:00+00:00,297.9,297.95,297.1,297.2,1287
2024-07-01 06:05:00+00:00,297.3,297.65,297.2,297.5,1757
2024-07-01 06:10:00+00:00,297.2,298.0,297.2,297.35,13873
2024-07-01 06:15:00+00:00,297.35,297.35,295.7,296.6,12393
2024-07-01 06:20:00+00:00,296.1,296.95,295.35,296.65,3970
2024-07-01 06:25:00+00:00,296.65,297.0,296.0,296.45,698
2024-07-01 06:30:00+00:00,296.45,297.35,296.45,297.25,1269
2024-07-01 06:35:00+00:00,297.35,297.35,296.1,296.85,1871
2024-07-01 06:40:00+00:00,296.85,296.85,296.15,296.5,818
2024-07-01 06:45:00+00:00,296.5,296.7,296.15,296.7,1743
2024-07-01 06:50:00+00:00,296.7,296.85,295.0,296.4,5029
2024-07-01 06:55:00+00:00,296.4,296.7,296.35,296.7,618
2024-07-01 07:00:00+00:00,296.7,296.7,295.2,295.85,7913
2024-07-01 07:05:00+00:00,295.85,296.2,295.0,295.55,11352
2024-07-01 07:10:00+00:00,295.55,295.7,295.1,295.1,946
2024-07-01 07:15:00+00:00,295.1,295.7,295.05,295.55,629
2024-07-01 07:20:00+00:00,295.55,304.0,295.15,301.7,75549
2024-07-01 07:25:00+00:00,301.7,301.9,300.0,300.6,14288
2024-07-01 07:30:00+00:00,300.6,301.75,300.0,301.15,4914
2024-07-01 07:35:00+00:00,301.6,301.6,300.0,301.5,8250
2024-07-01 07:40:00+00:00,301.5,302.7,300.8,302.7,5997
2024-07-01 07:45:00+00:00,302.7,303.95,302.45,303.5,15098
2024-07-01 07:50:00+00:00,303.5,303.5,301.85,301.85,4344
2024-07-01 07:55:00+00:00,302.7,303.4,302.0,302.5,7207
2024-07-01 08:00:00+00:00,302.5,302.9,301.15,302.3,8226
2024-07-01 08:05:00+00:00,302.3,302.6,302.0,302.6,1051
2024-07-01 08:10:00+00:00,302.5,303.0,301.55,302.0,4047
2024-07-01 08:15:00+00:00,302.0,302.2,300.4,300.4,4289
2024-07-01 08:20:00+00:00,300.4,301.45,300.4,300.95,502
2024-07-01 08:25:00+00:00,300.95,301.4,300.7,301.35,965
2024-07-01 08:30:00+00:00,301.35,301.35,301.0,301.0,975
2024-07-01 08:35:00+00:00,301.0,301.2,300.65,300.95,1277
2024-07-01 08:40:00+00:00,300.95,301.1,300.2,300.9,1801
2024-07-01 08:45:00+00:00,300.9,301.1,300.5,301.1,1419
2024-07-01 08:50:00+00:00,301.1,302.65,301.0,301.7,7825
2024-07-01 08:55:00+00:00,301.7,301.9,301.5,301.6,1103
2024-07-01 09:00:00+00:00,301.5,301.6,300.3,301.0,4762
2024-07-01 09:05:00+00:00,301.1,301.5,300.4,300.6,3572
2024-07-01 09:10:00+00:00,300.6,301.25,300.15,300.95,1671
2024-07-01 09:15:00+00:00,300.95,301.85,300.85,301.3,2118
2024-07-01 09:20:00+00:00,301.3,301.45,300.15,301.2,54335
2024-07-01 09:25:00+00:00,301.2,301.65,300.75,300.85,4048
2024-07-01 09:30:00+00:00,300.85,301.4,300.75,300.75,3813
2024-07-01 09:35:00+00:00,300.75,301.2,300.0,300.0,14117
2024-07-01 09:40:00+00:00,301.15,301.15,300.0,300.8,11711
2024-07-01 09:45:00+00:00,300.8,301.5,300.0,300.35,14480
2024-07-01 09:50:00+00:00,300.35,300.5,300.0,300.25,14808
2024-07-01 09:55:00+00:00,300.0,301.85,290.0,290.0,71256
2024-07-02 03:45:00+00:00,298.0,303.35,296.55,303.35,25166
2024-07-02 03:50:00+00:00,303.4,304.6,301.75,304.25,21546
2024-07-02 03:55:00+00:00,304.25,306.9,303.0,303.9,49834
2024-07-02 04:00:00+00:00,304.0,304.9,301.4,302.5,23350
2024-07-02 04:05:00+00:00,302.5,303.0,301.7,302.75,4418
2024-07-02 04:10:00+00:00,302.75,303.0,301.25,301.3,4754
2024-07-02 04:15:00+00:00,301.3,302.15,300.7,301.3,8986
2024-07-02 04:20:00+00:00,301.3,302.75,301.3,302.0,5575
2024-07-02 04:25:00+00:00,302.0,302.7,301.55,302.4,2532
2024-07-02 04:30:00+00:00,302.4,302.55,301.5,301.75,2280
2024-07-02 04:35:00+00:00,301.75,302.5,301.65,302.5,4315
2024-07-02 04:40:00+00:00,302.5,302.5,301.65,301.9,972
2024-07-02 04:45:00+00:00,301.9,302.0,300.15,301.25,3049
2024-07-02 04:50:00+00:00,301.25,302.05,300.8,301.5,10120
2024-07-02 04:55:00+00:00,301.5,302.1,301.25,301.55,1788
2024-07-02 05:00:00+00:00,301.55,302.35,301.25,302.15,1968
2024-07-02 05:05:00+00:00,302.15,302.15,302.05,302.1,685
2024-07-02 05:10:00+00:00,301.55,302.15,301.2,301.35,1262
2024-07-02 05:15:00+00:00,301.35,301.6,301.15,301.25,1034
2024-07-02 05:20:00+00:00,301.25,301.6,300.1,301.6,8064
2024-07-02 05:25:00+00:00,301.6,301.6,300.85,300.85,923
2024-07-02 05:30:00+00:00,300.85,301.1,300.1,301.0,4795
2024-07-02 05:35:00+00:00,301.0,301.1,300.5,301.05,654
2024-07-02 05:40:00+00:00,301.05,301.6,300.9,300.9,1673
2024-07-02 05:45:00+00:00,301.25,301.45,300.2,300.5,2507
2024-07-02 05:50:00+00:00,300.5,301.1,300.5,300.5,544
2024-07-02 05:55:00+00:00,300.65,301.15,300.25,301.05,1875
2024-07-02 06:00:00+00:00,301.05,301.2,300.4,301.2,3020
2024-07-02 06:05:00+00:00,301.2,301.3,300.6,300.85,2127
2024-07-02 06:10:00+00:00,300.85,300.85,299.0,299.6,3690
2024-07-02 06:15:00+00:00,299.6,299.9,299.0,299.6,6673
2024-07-02 06:20:00+00:00,299.6,299.7,298.45,299.45,6825
2024-07-02 06:25:00+00:00,299.45,299.7,298.9,299.3,1042
2024-07-02 06:30:00+00:00,299.3,299.3,298.45,299.0,2495
2024-07-02 06:35:00+00:00,299.0,299.5,298.0,299.05,3273
2024-07-02 06:40:00+00:00,299.05,299.05,298.0,298.4,1006
2024-07-02 06:45:00+00:00,298.05,299.4,298.0,299.4,3083
2024-07-02 06:50:00+00:00,299.4,299.4,298.05,298.8,3237
2024-07-02 06:55:00+00:00,298.8,298.8,297.6,298.45,7985
2024-07-02 07:00:00+00:00,298.85,298.9,298.35,298.45,1847
2024-07-02 07:05:00+00:00,298.45,299.0,297.4,297.4,2789
2024-07-02 07:10:00+00:00,297.4,297.9,296.2,297.45,7997
2024-07-02 07:15:00+00:00,297.45,297.8,296.85,297.5,2736
2024-07-02 07:20:00+00:00,297.25,297.25,295.55,296.0,15079
2024-07-02 07:25:00+00:00,296.0,296.5,295.1,296.2,11661
2024-07-02 07:30:00+00:00,296.05,296.7,295.0,296.2,9029
2024-07-02 07:35:00+00:00,296.2,296.75,295.85,296.45,2256
2024-07-02 07:40:00+00:00,296.45,297.5,296.4,297.25,3235
2024-07-02 07:45:00+00:00,297.5,298.4,297.5,298.4,4457
2024-07-02 07:50:00+00:00,298.35,300.9,298.0,300.9,40718
2024-07-02 07:55:00+00:00,300.9,302.95,300.5,302.6,23434
2024-07-02 08:00:00+00:00,302.55,303.0,301.0,302.35,7316
2024-07-02 08:05:00+00:00,302.35,302.5,301.0,302.0,6523
2024-07-02 08:10:00+00:00,302.0,302.5,301.65,302.25,1941
2024-07-02 08:15:00+00:00,302.25,302.85,301.85,302.55,6694
2024-07-02 08:20:00+00:00,302.55,302.9,302.35,302.5,4296
2024-07-02 08:25:00+00:00,302.5,303.35,302.05,302.1,11132
2024-07-02 08:30:00+00:00,302.1,302.45,301.3,301.3,1736
2024-07-02 08:35:00+00:00,301.5,302.4,301.45,302.3,5075
2024-07-02 08:40:00+00:00,302.3,302.4,301.7,301.7,3703
2024-07-02 08:45:00+00:00,301.7,301.7,301.35,301.7,771
2024-07-02 08:50:00+00:00,301.7,302.75,301.7,302.7,8179
2024-07-02 08:55:00+00:00,302.7,302.7,301.7,302.55,5451
2024-07-02 09:00:00+00:00,302.55,302.55,301.75,302.25,2136
2024-07-02 09:05:00+00:00,302.25,302.55,302.2,302.5,3377
2024-07-02 09:10:00+00:00,302.5,302.9,302.2,302.8,4301
2024-07-02 09:15:00+00:00,302.8,303.5,302.75,303.2,5009
2024-07-02 09:20:00+00:00,303.2,303.25,302.8,302.85,1605
2024-07-02 09:25:00+00:00,302.85,302.85,301.6,302.05,4985
2024-07-02 09:30:00+00:00,302.1,302.5,301.85,302.3,3843
2024-07-02 09:35:00+00:00,302.3,302.45,301.1,302.45,6068
2024-07-02 09:40:00+00:00,302.5,302.5,301.85,302.0,4848
2024-07-02 09:45:00+00:00,302.0,302.35,301.65,302.0,6686
2024-07-02 09:50:00+00:00,302.0,302.4,301.9,302.4,8994
2024-07-02 09:55:00+00:00,302.4,302.8,301.65,302.8,16683
2024-07-03 03:45:00+00:00,304.9,312.0,303.1,308.85,111842
2024-07-03 03:50:00+00:00,308.25,311.0,306.8,308.8,63226
2024-07-03 03:55:00+00:00,308.8,309.8,306.15,306.15,24460
2024-07-03 04:00:00+00:00,306.1,306.85,305.3,305.85,14080
2024-07-03 04:05:00+00:00,305.85,306.2,303.9,304.2,17209
2024-07-03 04:10:00+00:00,304.0,305.7,303.35,304.9,13682
2024-07-03 04:15:00+00:00,304.9,304.9,301.35,302.8,27844
2024-07-03 04:20:00+00:00,302.8,303.4,301.65,302.25,14933
2024-07-03 04:25:00+00:00,302.25,303.0,302.0,303.0,9411
2024-07-03 04:30:00+00:00,303.0,304.1,302.9,303.95,3191
2024-07-03 04:35:00+00:00,303.95,304.85,303.35,304.0,9714
2024-07-03 04:40:00+00:00,304.0,305.0,303.8,304.35,3374
2024-07-03 04:45:00+00:00,304.35,304.4,303.9,304.0,3783
2024-07-03 04:50:00+00:00,304.0,304.4,303.6,304.25,2728
2024-07-03 04:55:00+00:00,304.25,304.4,303.25,303.9,5520
2024-07-03 05:00:00+00:00,303.9,304.1,302.95,303.95,6713
2024-07-03 05:05:00+00:00,303.95,304.25,303.3,304.0,2766
2024-07-03 05:10:00+00:00,304.0,305.6,304.0,305.4,6369
2024-07-03 05:15:00+00:00,305.4,305.5,305.0,305.5,2780
2024-07-03 05:20:00+00:00,305.5,305.5,304.0,304.45,1921
2024-07-03 05:25:00+00:00,304.45,304.45,303.35,303.35,1925
2024-07-03 05:30:00+00:00,303.35,303.8,303.25,303.8,2426
2024-07-03 05:35:00+00:00,303.8,303.9,303.4,303.9,858
2024-07-03 05:40:00+00:00,303.9,304.1,303.2,303.45,1923
2024-07-03 05:45:00+00:00,303.8,303.9,303.4,303.8,1718
2024-07-03 05:50:00+00:00,303.8,303.95,302.95,302.95,4115
2024-07-03 05:55:00+00:00,302.95,303.0,302.1,302.2,2963
2024-07-03 06:00:00+00:00,302.0,303.2,301.1,303.2,9518
2024-07-03 06:05:00+00:00,302.3,303.25,302.3,303.0,2749
2024-07-03 06:10:00+00:00,303.0,303.0,302.3,302.85,1034
2024-07-03 06:15:00+00:00,302.85,303.45,302.4,303.45,3944
2024-07-03 06:20:00+00:00,303.45,303.9,300.1,301.9,16946
2024-07-03 06:25:00+00:00,301.9,302.5,301.5,301.95,6055
2024-07-03 06:30:00+00:00,301.95,302.55,301.65,302.1,1859
2024-07-03 06:35:00+00:00,302.35,302.4,301.8,301.8,1518
2024-07-03 06:40:00+00:00,301.8,302.5,301.8,302.2,2106
2024-07-03 06:45:00+00:00,302.2,302.55,302.2,302.45,958
2024-07-03 06:50:00+00:00,302.45,302.45,301.5,301.5,6931
2024-07-03 06:55:00+00:00,301.5,301.7,300.75,301.45,5799
2024-07-03 07:00:00+00:00,301.45,301.6,300.1,301.0,5409
2024-07-03 07:05:00+00:00,301.0,301.45,301.0,301.0,1409
2024-07-03 07:10:00+00:00,301.0,301.35,300.85,301.35,1361
2024-07-03 07:15:00+00:00,301.3,301.5,300.6,300.6,2089
2024-07-03 07:20:00+00:00,300.35,301.45,300.35,301.45,2162
2024-07-03 07:25:00+00:00,301.45,301.45,300.5,300.5,6181
2024-07-03 07:30:00+00:00,300.5,301.05,300.45,301.05,3349
2024-07-03 07:35:00+00:00,301.05,301.15,300.85,300.9,725
2024-07-03 07:40:00+00:00,300.9,301.0,300.8,300.8,1150
2024-07-03 07:45:00+00:00,300.8,301.0,300.35,300.65,3525
2024-07-03 07:50:00+00:00,300.65,300.9,300.15,300.6,2081
2024-07-03 07:55:00+00:00,300.3,300.95,300.0,300.85,15041
2024-07-03 08:00:00+00:00,300.85,301.05,300.15,300.75,5118
2024-07-03 08:05:00+00:00,300.75,301.4,300.65,301.4,704
2024-07-03 08:10:00+00:00,301.4,301.4,300.55,300.55,3120
2024-07-03 08:15:00+00:00,300.55,301.3,300.55,300.75,1753
2024-07-03 08:20:00+00:00,300.75,301.8,300.6,300.95,1960
2024-07-03 08:25:00+00:00,301.0,301.5,300.85,301.05,828
2024-07-03 08:30:00+00:00,301.15,301.4,300.9,301.05,1537
2024-07-03 08:35:00+00:00,301.05,301.25,300.75,300.75,979
2024-07-03 08:40:00+00:00,300.75,300.95,300.6,300.6,529
2024-07-03 08:45:00+00:00,300.6,301.1,300.6,300.8,3097
2024-07-03 08:50:00+00:00,300.8,301.15,300.7,300.85,784
2024-07-03 08:55:00+00:00,300.85,301.0,300.75,300.95,1069
2024-07-03 09:00:00+00:00,300.95,301.45,300.6,300.6,1131
2024-07-03 09:05:00+00:00,300.8,300.9,300.6,300.6,727
2024-07-03 09:10:00+00:00,300.6,300.9,300.55,300.85,1945
2024-07-03 09:15:00+00:00,300.85,301.05,300.0,300.75,5345
2024-07-03 09:20:00+00:00,300.75,300.9,300.35,300.9,696
2024-07-03 09:25:00+00:00,300.9,301.15,300.5,300.9,4112
2024-07-03 09:30:00+00:00,300.9,301.85,300.25,300.85,7072
2024-07-03 09:35:00+00:00,300.85,301.7,300.0,300.65,7673
2024-07-03 09:40:00+00:00,301.1,301.75,301.1,301.4,2784
2024-07-03 09:45:00+00:00,301.4,301.7,300.25,301.0,7927
2024-07-03 09:50:00+00:00,300.5,301.35,300.0,301.0,18255
2024-07-03 09:55:00+00:00,301.25,303.0,300.85,302.0,15555
2024-07-04 03:45:00+00:00,303.9,305.9,303.0,303.95,23661
2024-07-04 03:50:00+00:00,303.95,305.0,303.0,304.9,16216
2024-07-04 03:55:00+00:00,304.9,305.3,303.0,303.0,3990
2024-07-04 04:00:00+00:00,303.0,303.5,302.5,303.3,4089
2024-07-04 04:05:00+00:00,303.3,303.3,302.1,302.5,9010
2024-07-04 04:10:00+00:00,302.5,304.2,302.5,303.6,4968
2024-07-04 04:15:00+00:00,303.4,303.65,302.35,302.95,6171
2024-07-04 04:20:00+00:00,302.95,303.0,301.4,301.85,10324
2024-07-04 04:25:00+00:00,301.85,302.35,301.15,301.85,7296
2024-07-04 04:30:00+00:00,301.85,302.3,300.9,301.8,5381
2024-07-04 04:35:00+00:00,301.15,301.45,300.9,301.4,4930
2024-07-04 04:40:00+00:00,301.8,301.8,300.2,301.05,7582
2024-07-04 04:45:00+00:00,301.05,301.45,300.2,300.2,4814
2024-07-04 04:50:00+00:00,300.2,300.75,300.1,300.5,3558
2024-07-04 04:55:00+00:00,300.5,300.5,299.05,299.1,8673
2024-07-04 05:00:00+00:00,299.0,299.45,298.0,298.8,8456
2024-07-04 05:05:00+00:00,298.8,299.8,298.5,299.5,3867
2024-07-04 05:10:00+00:00,299.5,300.0,299.05,300.0,4002
2024-07-04 05:15:00+00:00,299.5,299.85,298.0,298.4,9414
2024-07-04 05:20:00+00:00,298.4,299.0,297.2,298.0,7875
2024-07-04 05:25:00+00:00,298.0,299.1,298.0,299.1,5199
2024-07-04 05:30:00+00:00,299.1,302.15,299.1,302.15,10712
2024-07-04 05:35:00+00:00,302.15,302.15,300.8,301.4,1579
2024-07-04 05:40:00+00:00,301.4,301.4,300.45,300.95,1710
2024-07-04 05:45:00+00:00,300.95,301.35,300.6,300.95,1880
2024-07-04 05:50:00+00:00,300.95,301.75,300.9,300.9,3211
2024-07-04 05:55:00+00:00,300.9,301.8,300.9,301.5,1810
2024-07-04 06:00:00+00:00,301.5,301.95,301.15,301.2,1027
2024-07-04 06:05:00+00:00,301.2,301.3,300.5,301.0,1934
2024-07-04 06:10:00+00:00,301.0,301.1,300.5,300.9,890
2024-07-04 06:15:00+00:00,300.9,302.0,300.45,300.85,3001
2024-07-04 06:20:00+00:00,300.85,301.0,300.55,301.0,1436
2024-07-04 06:25:00+00:00,301.0,301.2,300.6,300.6,1169
2024-07-04 06:30:00+00:00,300.6,301.0,300.6,301.0,2271
2024-07-04 06:35:00+00:00,301.0,301.0,300.3,300.3,562
2024-07-04 06:40:00+00:00,300.35,300.7,300.0,300.05,4738
2024-07-04 06:45:00+00:00,300.05,300.7,300.0,300.3,3516
2024-07-04 06:50:00+00:00,300.3,300.65,300.2,300.4,1644
2024-07-04 06:55:00+00:00,300.4,300.7,300.05,300.6,2445
2024-07-04 07:00:00+00:00,300.6,300.7,300.1,300.65,1095
2024-07-04 07:05:00+00:00,300.65,300.7,300.0,300.15,2623
2024-07-04 07:10:00+00:00,300.15,301.3,300.05,300.4,2164
2024-07-04 07:15:00+00:00,300.4,300.55,300.0,300.05,555
2024-07-04 07:20:00+00:00,300.05,300.45,300.0,300.1,3378
2024-07-04 07:25:00+00:00,300.1,300.6,300.0,300.5,1405
2024-07-04 07:30:00+00:00,300.5,300.5,300.0,300.35,7131
2024-07-04 07:35:00+00:00,300.05,300.45,300.0,300.4,743
2024-07-04 07:40:00+00:00,300.0,300.4,300.0,300.4,5987
2024-07-04 07:45:00+00:00,300.4,300.4,300.0,300.1,1264
2024-07-04 07:50:00+00:00,300.1,300.7,300.1,300.15,1486
2024-07-04 07:55:00+00:00,300.15,300.45,300.0,300.1,1460
2024-07-04 08:00:00+00:00,300.1,300.55,300.0,300.4,1055
2024-07-04 08:05:00+00:00,300.0,300.4,300.0,300.05,1229
2024-07-04 08:10:00+00:00,300.05,300.3,300.0,300.2,2631
2024-07-04 08:15:00+00:00,300.2,300.2,300.0,300.2,1077
2024-07-04 08:20:00+00:00,300.2,301.0,300.0,300.6,4367
2024-07-04 08:25:00+00:00,300.6,300.8,300.0,300.5,5968
2024-07-04 08:30:00+00:00,300.5,300.85,300.05,300.65,450
2024-07-04 08:35:00+00:00,300.65,301.0,300.35,300.35,2644
2024-07-04 08:40:00+00:00,300.35,300.7,300.0,300.5,10376
2024-07-04 08:45:00+00:00,300.0,301.0,300.0,300.8,5109
2024-07-04 08:50:00+00:00,300.8,300.8,300.0,300.5,8632
2024-07-04 08:55:00+00:00,300.5,300.6,300.0,300.6,1745
2024-07-04 09:00:00+00:00,300.6,301.3,300.6,300.95,1377
2024-07-04 09:05:00+00:00,300.95,301.0,300.0,300.0,5123
2024-07-04 09:10:00+00:00,300.0,300.4,300.0,300.4,792
2024-07-04 09:15:00+00:00,300.0,300.65,300.0,300.0,1822
2024-07-04 09:20:00+00:00,300.0,300.3,300.0,300.0,4896
2024-07-04 09:25:00+00:00,300.0,300.2,300.0,300.05,3169
2024-07-04 09:30:00+00:00,300.0,300.35,299.6,300.1,9124
2024-07-04 09:35:00+00:00,300.1,300.6,300.0,300.0,12893
2024-07-04 09:40:00+00:00,301.0,301.0,300.0,300.0,9304
2024-07-04 09:45:00+00:00,300.0,300.9,300.0,300.0,9428
2024-07-04 09:50:00+00:00,300.1,300.9,300.05,300.1,10798
2024-07-04 09:55:00+00:00,300.5,300.9,300.0,300.6,9367
2024-07-05 03:45:00+00:00,300.3,306.0,299.55,303.4,50075
2024-07-05 03:50:00+00:00,303.95,305.0,302.25,303.6,48416
2024-07-05 03:55:00+00:00,303.6,304.95,302.5,304.45,45246
2024-07-05 04:00:00+00:00,304.45,305.0,303.55,305.0,83280
2024-07-05 04:05:00+00:00,304.7,311.5,304.7,309.3,184620
2024-07-05 04:10:00+00:00,310.0,310.0,308.0,309.0,65546
2024-07-05 04:15:00+00:00,309.0,310.0,307.05,307.05,56544
2024-07-05 04:20:00+00:00,307.2,309.45,307.2,309.0,25592
2024-07-05 04:25:00+00:00,309.0,309.95,308.0,309.95,30381
2024-07-05 04:30:00+00:00,309.95,312.0,309.85,311.8,140976
2024-07-05 04:35:00+00:00,311.85,314.7,311.7,313.2,77025
2024-07-05 04:40:00+00:00,313.2,317.0,313.1,316.65,98569
2024-07-05 04:45:00+00:00,316.95,319.0,314.9,318.45,144698
2024-07-05 04:50:00+00:00,318.15,318.45,315.0,315.85,48413
2024-07-05 04:55:00+00:00,315.8,321.4,315.6,320.0,142264
2024-07-05 05:00:00+00:00,319.65,322.5,318.25,321.8,115424
2024-07-05 05:05:00+00:00,321.3,324.2,320.35,321.1,148944
2024-07-05 05:10:00+00:00,321.0,321.8,320.0,321.75,59851
2024-07-05 05:15:00+00:00,321.25,323.95,320.0,320.0,51737
2024-07-05 05:20:00+00:00,320.0,322.75,320.0,322.15,29063
2024-07-05 05:25:00+00:00,322.15,322.5,317.3,319.0,65696
2024-07-05 05:30:00+00:00,319.0,319.0,316.45,317.35,22617
2024-07-05 05:35:00+00:00,317.35,317.8,315.6,316.1,18687
2024-07-05 05:40:00+00:00,316.1,318.0,315.5,316.25,23036
2024-07-05 05:45:00+00:00,316.0,317.35,315.85,317.0,21057
2024-07-05 05:50:00+00:00,317.0,319.95,316.6,317.55,41479
2024-07-05 05:55:00+00:00,318.0,320.2,317.85,320.0,24377
2024-07-05 06:00:00+00:00,320.0,320.1,318.5,319.5,16162
2024-07-05 06:05:00+00:00,319.5,321.4,318.5,321.2,19265
2024-07-05 06:10:00+00:00,321.2,322.0,319.9,320.5,25704
2024-07-05 06:15:00+00:00,320.5,321.75,320.0,320.65,7754
2024-07-05 06:20:00+00:00,320.65,322.5,320.15,321.55,16775
2024-07-05 06:25:00+00:00,321.55,323.7,321.55,322.9,32743
2024-07-05 06:30:00+00:00,322.9,328.5,321.95,328.5,219090
2024-07-05 06:35:00+00:00,328.45,330.0,326.0,326.0,351843
2024-07-05 06:40:00+00:00,326.0,327.45,325.3,326.5,31035
2024-07-05 06:45:00+00:00,326.5,327.0,325.0,325.5,22668
2024-07-05 06:50:00+00:00,325.5,326.85,325.2,326.05,20806
2024-07-05 06:55:00+00:00,326.05,328.2,325.9,327.5,27810
2024-07-05 07:00:00+00:00,327.3,327.95,326.4,326.9,14546
2024-07-05 07:05:00+00:00,326.9,327.75,326.0,326.2,12371
2024-07-05 07:10:00+00:00,326.2,326.5,325.05,325.05,11987
2024-07-05 07:15:00+00:00,325.25,325.95,324.5,325.5,17144
2024-07-05 07:20:00+00:00,325.5,326.0,324.75,324.75,12306
2024-07-05 07:25:00+00:00,324.75,325.0,323.5,324.1,16138
2024-07-05 07:30:00+00:00,324.1,325.0,323.6,325.0,8164
2024-07-05 07:35:00+00:00,325.0,325.0,323.1,324.4,11613
2024-07-05 07:40:00+00:00,324.4,324.4,322.05,322.1,30425
2024-07-05 07:45:00+00:00,322.65,322.95,322.15,322.95,7645
2024-07-05 07:50:00+00:00,322.95,322.95,320.85,321.5,25605
2024-07-05 07:55:00+00:00,321.15,322.7,321.15,322.7,13930
2024-07-05 08:00:00+00:00,322.7,324.2,321.9,324.0,13714
2024-07-05 08:05:00+00:00,324.0,325.8,322.2,322.9,14107
2024-07-05 08:10:00+00:00,322.9,324.3,322.05,324.0,9073
2024-07-05 08:15:00+00:00,324.0,324.3,323.1,323.55,5615
2024-07-05 08:20:00+00:00,323.55,326.0,322.9,325.15,12807
2024-07-05 08:25:00+00:00,325.15,326.1,323.55,324.65,11830
2024-07-05 08:30:00+00:00,324.65,325.5,323.05,323.85,10187
2024-07-05 08:35:00+00:00,323.85,324.0,323.15,324.0,12817
2024-07-05 08:40:00+00:00,324.0,325.0,323.35,324.3,19539
2024-07-05 08:45:00+00:00,325.0,325.45,324.0,324.0,13181
2024-07-05 08:50:00+00:00,324.1,324.1,322.3,322.65,12319
2024-07-05 08:55:00+00:00,322.3,323.5,322.0,322.7,5429
2024-07-05 09:00:00+00:00,323.35,323.35,322.0,323.2,3563
2024-07-05 09:05:00+00:00,323.2,323.7,322.1,323.0,6434
2024-07-05 09:10:00+00:00,323.0,323.8,322.3,322.55,7288
2024-07-05 09:15:00+00:00,323.5,323.5,320.0,320.95,33354
2024-07-05 09:20:00+00:00,320.95,321.65,320.45,321.0,10691
2024-07-05 09:25:00+00:00,321.0,321.9,320.9,321.9,9514
2024-07-05 09:30:00+00:00,321.9,321.9,318.15,318.5,36966
2024-07-05 09:35:00+00:00,318.8,320.65,318.1,320.05,25974
2024-07-05 09:40:00+00:00,320.05,321.9,320.05,321.0,12637
2024-07-05 09:45:00+00:00,321.0,321.9,321.0,321.0,21631
2024-07-05 09:50:00+00:00,321.0,321.5,321.0,321.0,30511
2024-07-05 09:55:00+00:00,321.0,324.0,321.0,323.15,58414
2024-07-08 03:45:00+00:00,323.85,327.7,321.0,322.55,77425
2024-07-08 03:50:00+00:00,322.55,322.55,316.15,319.65,62075
2024-07-08 03:55:00+00:00,318.4,320.4,315.3,319.0,56813
2024-07-08 04:00:00+00:00,318.55,318.95,315.05,316.2,55167
2024-07-08 04:05:00+00:00,316.2,317.9,315.15,316.35,23775
2024-07-08 04:10:00+00:00,316.4,316.4,313.0,315.2,42933
2024-07-08 04:15:00+00:00,315.2,316.95,313.9,316.65,16227
2024-07-08 04:20:00+00:00,316.5,317.15,314.0,315.05,16393
2024-07-08 04:25:00+00:00,315.0,315.05,313.6,313.6,6977
2024-07-08 04:30:00+00:00,313.6,315.65,313.1,315.65,14841
2024-07-08 04:35:00+00:00,315.65,315.65,314.05,314.15,11116
2024-07-08 04:40:00+00:00,314.1,314.4,312.7,313.35,21823
2024-07-08 04:45:00+00:00,313.35,313.7,312.1,312.6,14925
2024-07-08 04:50:00+00:00,313.0,313.6,312.05,312.05,14707
2024-07-08 04:55:00+00:00,311.9,314.5,311.9,314.0,12536
2024-07-08 05:00:00+00:00,314.0,314.35,312.15,313.45,8185
2024-07-08 05:05:00+00:00,313.45,313.7,312.5,313.65,3160
2024-07-08 05:10:00+00:00,313.65,313.7,312.5,313.2,3423
2024-07-08 05:15:00+00:00,313.2,313.5,312.55,313.25,2620
2024-07-08 05:20:00+00:00,313.25,313.4,312.15,312.45,5131
2024-07-08 05:25:00+00:00,312.45,312.75,311.7,312.75,9608
2024-07-08 05:30:00+00:00,312.75,312.75,311.6,312.1,2882
2024-07-08 05:35:00+00:00,312.1,312.1,310.35,310.95,12374
2024-07-08 05:40:00+00:00,310.95,311.1,309.0,311.0,35477
2024-07-08 05:45:00+00:00,311.0,312.3,310.8,312.0,7720
2024-07-08 05:50:00+00:00,312.0,312.3,310.3,311.8,9451
2024-07-08 05:55:00+00:00,311.8,311.85,311.0,311.15,1260
2024-07-08 06:00:00+00:00,311.15,312.7,311.15,312.55,2591
2024-07-08 06:05:00+00:00,312.25,312.7,311.25,311.95,4382
2024-07-08 06:10:00+00:00,311.95,311.95,310.5,310.85,7130
2024-07-08 06:15:00+00:00,310.15,311.7,310.15,311.35,3734
2024-07-08 06:20:00+00:00,311.35,312.15,311.0,312.15,990
2024-07-08 06:25:00+00:00,312.15,312.15,310.55,311.2,7357
2024-07-08 06:30:00+00:00,311.2,311.25,310.35,310.9,2814
2024-07-08 06:35:00+00:00,310.9,311.0,310.05,310.7,5884
2024-07-08 06:40:00+00:00,310.7,310.8,309.2,309.5,11099
2024-07-08 06:45:00+00:00,309.5,310.25,309.25,310.15,4907
2024-07-08 06:50:00+00:00,310.15,310.7,309.65,310.0,2638
2024-07-08 06:55:00+00:00,310.0,311.4,309.65,310.65,5681
2024-07-08 07:00:00+00:00,310.65,310.8,310.15,310.8,1253
2024-07-08 07:05:00+00:00,310.8,311.85,310.15,311.65,3161
2024-07-08 07:10:00+00:00,311.6,311.9,310.55,310.55,4864
2024-07-08 07:15:00+00:00,310.9,311.15,310.0,310.8,3137
2024-07-08 07:20:00+00:00,310.75,310.95,310.0,310.05,3745
2024-07-08 07:25:00+00:00,310.05,311.35,309.5,311.35,6805
2024-07-08 07:30:00+00:00,311.0,311.95,310.75,311.85,5777
2024-07-08 07:35:00+00:00,311.85,312.85,311.15,312.85,2914
2024-07-08 07:40:00+00:00,312.85,313.8,312.0,312.55,11162
2024-07-08 07:45:00+00:00,312.5,313.15,312.0,312.8,2277
2024-07-08 07:50:00+00:00,312.85,312.95,312.1,312.7,3261
2024-07-08 07:55:00+00:00,312.7,313.05,310.65,311.65,9007
2024-07-08 08:00:00+00:00,311.65,311.9,310.85,311.4,1154
2024-07-08 08:05:00+00:00,311.4,311.7,310.55,311.45,2400
2024-07-08 08:10:00+00:00,311.45,312.2,311.3,311.3,1922
2024-07-08 08:15:00+00:00,311.3,311.7,311.2,311.7,639
2024-07-08 08:20:00+00:00,311.65,313.25,311.5,312.65,4659
2024-07-08 08:25:00+00:00,312.85,313.15,312.0,312.7,4091
2024-07-08 08:30:00+00:00,312.7,313.35,312.0,313.2,2510
2024-07-08 08:35:00+00:00,313.2,313.3,312.2,312.2,3087
2024-07-08 08:40:00+00:00,312.2,312.5,312.0,312.15,1626
2024-07-08 08:45:00+00:00,311.9,312.15,311.55,311.9,1902
2024-07-08 08:50:00+00:00,311.85,312.15,311.0,311.95,7786
2024-07-08 08:55:00+00:00,312.0,312.95,311.6,312.35,4012
2024-07-08 09:00:00+00:00,312.35,313.0,312.0,312.95,1973
2024-07-08 09:05:00+00:00,312.95,313.05,312.5,313.05,5889
2024-07-08 09:10:00+00:00,313.05,313.9,312.85,312.85,1506
2024-07-08 09:15:00+00:00,312.85,313.25,312.25,312.25,2550
2024-07-08 09:20:00+00:00,312.25,314.3,312.0,314.3,6893
2024-07-08 09:25:00+00:00,314.3,314.3,313.3,313.35,2563
2024-07-08 09:30:00+00:00,313.6,314.35,313.1,314.15,7237
2024-07-08 09:35:00+00:00,314.3,314.9,313.75,314.75,11818
2024-07-08 09:40:00+00:00,314.75,314.95,314.5,314.8,10912
2024-07-08 09:45:00+00:00,314.8,314.8,313.05,313.4,20652
2024-07-08 09:50:00+00:00,310.05,313.7,309.8,310.0,46273
2024-07-08 09:55:00+00:00,310.0,313.5,309.9,311.6,32986
2024-07-09 03:45:00+00:00,310.0,313.45,309.05,311.5,26572
2024-07-09 03:50:00+00:00,311.5,311.7,308.75,309.6,16622
2024-07-09 03:55:00+00:00,310.0,311.0,309.05,309.15,11217
2024-07-09 04:00:00+00:00,309.15,309.75,308.15,308.95,11822
2024-07-09 04:05:00+00:00,308.95,310.0,308.15,308.3,8493
2024-07-09 04:10:00+00:00,308.3,308.65,307.1,307.85,23898
2024-07-09 04:15:00+00:00,307.9,308.45,306.5,306.5,7682
2024-07-09 04:20:00+00:00,306.5,308.7,306.3,308.55,13695
2024-07-09 04:25:00+00:00,308.55,309.0,307.05,307.55,6133
2024-07-09 04:30:00+00:00,307.55,308.05,307.55,307.95,2305
2024-07-09 04:35:00+00:00,307.95,307.95,304.2,304.65,33231
2024-07-09 04:40:00+00:00,304.6,305.0,304.1,304.8,19888
2024-07-09 04:45:00+00:00,304.5,304.8,303.1,303.15,6427
2024-07-09 04:50:00+00:00,303.15,303.5,301.1,302.9,25252
2024-07-09 04:55:00+00:00,302.9,304.0,302.9,303.4,3769
2024-07-09 05:00:00+00:00,303.4,304.5,302.0,304.45,9179
2024-07-09 05:05:00+00:00,304.45,304.9,303.05,304.7,9589
2024-07-09 05:10:00+00:00,304.4,304.9,304.0,304.0,7973
2024-07-09 05:15:00+00:00,304.2,305.0,304.05,304.05,11229
2024-07-09 05:20:00+00:00,304.05,304.65,303.65,304.0,4835
2024-07-09 05:25:00+00:00,304.0,304.6,303.95,304.0,3991
2024-07-09 05:30:00+00:00,304.0,304.45,303.8,304.2,3737
2024-07-09 05:35:00+00:00,304.2,304.75,303.4,303.4,4398
2024-07-09 05:40:00+00:00,303.4,304.05,303.05,304.05,1779
2024-07-09 05:45:00+00:00,304.05,305.0,303.6,304.4,11572
2024-07-09 05:50:00+00:00,304.4,304.5,303.1,304.15,4855
2024-07-09 05:55:00+00:00,304.15,304.65,303.9,304.1,3301
2024-07-09 06:00:00+00:00,304.1,304.45,303.7,303.7,4376
2024-07-09 06:05:00+00:00,303.7,304.1,303.15,304.0,3255
2024-07-09 06:10:00+00:00,304.0,304.0,303.5,304.0,945
2024-07-09 06:15:00+00:00,304.0,304.0,303.05,303.55,3836
2024-07-09 06:20:00+00:00,303.55,304.0,303.5,303.95,5510
2024-07-09 06:25:00+00:00,303.95,303.95,303.6,303.9,495
2024-07-09 06:30:00+00:00,303.95,304.0,303.7,304.0,1699
2024-07-09 06:35:00+00:00,304.0,304.0,303.15,303.7,2708
2024-07-09 06:40:00+00:00,303.7,303.85,303.3,303.75,972
2024-07-09 06:45:00+00:00,303.75,304.0,303.1,304.0,6939
2024-07-09 06:50:00+00:00,304.0,304.0,303.1,303.6,2255
2024-07-09 06:55:00+00:00,303.6,304.0,303.2,304.0,5055
2024-07-09 07:00:00+00:00,304.0,304.0,303.0,303.45,7355
2024-07-09 07:05:00+00:00,303.45,303.65,302.65,303.1,10732
2024-07-09 07:10:00+00:00,303.1,304.0,302.75,303.6,3362
2024-07-09 07:15:00+00:00,303.5,303.95,303.1,303.3,2163
2024-07-09 07:20:00+00:00,303.0,303.85,303.0,303.75,3340
2024-07-09 07:25:00+00:00,303.75,303.95,303.5,303.95,1839
2024-07-09 07:30:00+00:00,303.95,303.95,303.5,303.55,1927
2024-07-09 07:35:00+00:00,303.55,304.2,303.55,304.2,1201
2024-07-09 07:40:00+00:00,304.2,304.85,304.0,304.15,4196
2024-07-09 07:45:00+00:00,304.15,304.3,304.0,304.3,2991
2024-07-09 07:50:00+00:00,304.3,304.3,303.3,304.15,1682
2024-07-09 07:55:00+00:00,304.15,304.15,303.3,303.75,1697
2024-07-09 08:00:00+00:00,303.75,304.5,303.2,304.0,4801
2024-07-09 08:05:00+00:00,304.0,304.75,304.0,304.7,2061
2024-07-09 08:10:00+00:00,304.7,304.95,304.35,304.8,2619
2024-07-09 08:15:00+00:00,304.8,305.0,304.5,304.65,6124
2024-07-09 08:20:00+00:00,304.65,304.65,304.2,304.65,1104
2024-07-09 08:25:00+00:00,304.65,304.9,304.2,304.2,1677
2024-07-09 08:30:00+00:00,304.55,304.55,304.0,304.0,2090
2024-07-09 08:35:00+00:00,304.0,304.9,304.0,304.9,2327
2024-07-09 08:40:00+00:00,304.9,304.95,304.5,304.5,775
2024-07-09 08:45:00+00:00,304.5,304.95,304.5,304.75,964
2024-07-09 08:50:00+00:00,304.75,304.95,304.3,304.9,666
2024-07-09 08:55:00+00:00,304.9,305.0,304.35,304.45,6793
2024-07-09 09:00:00+00:00,304.45,304.45,303.5,303.8,2434
2024-07-09 09:05:00+00:00,303.8,304.6,303.55,304.15,1372
2024-07-09 09:10:00+00:00,304.15,304.45,303.65,304.4,2566
2024-07-09 09:15:00+00:00,304.4,304.65,304.35,304.45,1463
2024-07-09 09:20:00+00:00,304.45,304.45,304.35,304.35,716
2024-07-09 09:25:00+00:00,304.35,304.95,304.35,304.6,3742
2024-07-09 09:30:00+00:00,304.6,304.6,304.15,304.4,3756
2024-07-09 09:35:00+00:00,304.3,304.95,302.05,303.75,24230
2024-07-09 09:40:00+00:00,303.8,303.8,302.65,303.45,4209
2024-07-09 09:45:00+00:00,303.0,303.3,302.0,303.15,13014
2024-07-09 09:50:00+00:00,303.15,304.4,302.5,303.9,9830
2024-07-09 09:55:00+00:00,303.9,304.45,303.5,304.0,13034
2024-07-10 03:45:00+00:00,304.6,305.8,300.8,302.1,38591
2024-07-10 03:50:00+00:00,302.4,303.2,301.0,302.55,7080
2024-07-10 03:55:00+00:00,302.8,304.45,302.05,303.0,9268
2024-07-10 04:00:00+00:00,303.0,303.0,302.05,302.95,3555
2024-07-10 04:05:00+00:00,302.95,304.1,302.15,303.1,13478
2024-07-10 04:10:00+00:00,303.1,303.3,302.25,302.4,2538
2024-07-10 04:15:00+00:00,302.25,302.8,299.0,300.05,23156
2024-07-10 04:20:00+00:00,300.5,301.35,300.0,300.6,5060
2024-07-10 04:25:00+00:00,300.6,300.6,299.05,299.4,3525
2024-07-10 04:30:00+00:00,299.4,299.9,296.55,299.3,24191
2024-07-10 04:35:00+00:00,299.3,299.95,296.5,297.15,10055
2024-07-10 04:40:00+00:00,297.05,298.45,295.5,296.9,64565
2024-07-10 04:45:00+00:00,296.65,300.45,296.35,299.05,219317
2024-07-10 04:50:00+00:00,299.05,301.4,295.1,296.4,144439
2024-07-10 04:55:00+00:00,295.7,297.45,294.0,294.2,38663
2024-07-10 05:00:00+00:00,294.9,295.75,294.1,295.35,13848
2024-07-10 05:05:00+00:00,295.2,295.2,292.95,294.05,23889
2024-07-10 05:10:00+00:00,294.05,295.9,292.1,295.85,17675
2024-07-10 05:15:00+00:00,295.75,296.85,295.1,296.7,13902
2024-07-10 05:20:00+00:00,296.7,297.95,296.1,297.1,4148
2024-07-10 05:25:00+00:00,297.1,298.9,297.1,298.45,6700
2024-07-10 05:30:00+00:00,298.45,298.6,297.05,297.9,4029
2024-07-10 05:35:00+00:00,297.9,298.9,297.65,297.75,6987
2024-07-10 05:40:00+00:00,297.75,298.4,296.4,298.15,3226
2024-07-10 05:45:00+00:00,298.15,298.2,296.7,297.65,1551
2024-07-10 05:50:00+00:00,297.65,299.0,297.6,298.45,4009
2024-07-10 05:55:00+00:00,298.45,298.85,297.6,298.15,4206
2024-07-10 06:00:00+00:00,298.15,299.9,297.7,299.15,4541
2024-07-10 06:05:00+00:00,299.4,299.95,299.0,299.75,3678
2024-07-10 06:10:00+00:00,299.75,301.2,299.4,300.4,5481
2024-07-10 06:15:00+00:00,300.4,301.0,299.85,300.4,5193
2024-07-10 06:20:00+00:00,300.4,300.8,299.55,299.8,2977
2024-07-10 06:25:00+00:00,299.85,300.6,299.85,300.3,2137
2024-07-10 06:30:00+00:00,300.3,302.0,300.0,301.7,4008
2024-07-10 06:35:00+00:00,301.7,301.7,300.55,300.55,2678
2024-07-10 06:40:00+00:00,300.55,300.75,300.05,300.5,1713
2024-07-10 06:45:00+00:00,300.5,300.95,299.5,299.5,5904
2024-07-10 06:50:00+00:00,299.5,300.7,298.75,300.7,6377
2024-07-10 06:55:00+00:00,300.7,300.8,299.05,299.05,2611
2024-07-10 07:00:00+00:00,299.05,299.7,298.75,299.5,3205
2024-07-10 07:05:00+00:00,299.5,300.1,299.2,299.5,1541
2024-07-10 07:10:00+00:00,299.5,300.35,299.2,299.2,3196
2024-07-10 07:15:00+00:00,299.2,299.7,299.0,299.55,3026
2024-07-10 07:20:00+00:00,299.55,300.95,299.55,299.7,5852
2024-07-10 07:25:00+00:00,299.85,299.9,299.05,299.7,1491
2024-07-10 07:30:00+00:00,299.7,299.7,299.4,299.65,376
2024-07-10 07:35:00+00:00,299.65,299.7,298.9,299.65,5954
2024-07-10 07:40:00+00:00,299.65,299.65,298.75,299.0,2106
2024-07-10 07:45:00+00:00,299.0,299.4,298.05,298.05,2908
2024-07-10 07:50:00+00:00,298.05,299.4,298.0,298.15,5825
2024-07-10 07:55:00+00:00,298.15,298.4,297.2,298.25,3035
2024-07-10 08:00:00+00:00,298.3,298.4,297.0,297.75,7313
2024-07-10 08:05:00+00:00,297.75,298.4,297.7,297.95,5796
2024-07-10 08:10:00+00:00,297.95,298.0,297.55,297.95,683
2024-07-10 08:15:00+00:00,297.95,298.35,297.55,297.55,7145
2024-07-10 08:20:00+00:00,297.5,298.05,297.5,297.9,1095
2024-07-10 08:25:00+00:00,297.9,298.3,296.55,298.2,19584
2024-07-10 08:30:00+00:00,298.2,299.7,297.2,298.05,73572
2024-07-10 08:35:00+00:00,298.45,298.45,297.3,297.65,2328
2024-07-10 08:40:00+00:00,297.65,298.0,297.0,298.0,1591
2024-07-10 08:45:00+00:00,298.0,298.85,297.8,298.85,1288
2024-07-10 08:50:00+00:00,298.85,298.85,298.45,298.45,144
2024-07-10 08:55:00+00:00,298.45,298.8,297.6,297.6,8527
2024-07-10 09:00:00+00:00,298.0,298.5,298.0,298.45,939
2024-07-10 09:05:00+00:00,298.45,299.35,298.05,298.75,2341
2024-07-10 09:10:00+00:00,298.75,299.5,298.75,299.1,4605
2024-07-10 09:15:00+00:00,299.5,300.4,299.0,299.05,7441
2024-07-10 09:20:00+00:00,299.05,299.9,298.25,298.6,2761
2024-07-10 09:25:00+00:00,298.6,299.55,298.0,298.7,5819
2024-07-10 09:30:00+00:00,298.7,299.7,298.7,299.05,4621
2024-07-10 09:35:00+00:00,299.05,299.15,298.3,299.0,3710
2024-07-10 09:40:00+00:00,299.0,299.35,298.1,299.35,10772
2024-07-10 09:45:00+00:00,299.25,299.45,297.9,298.3,8318
2024-07-10 09:50:00+00:00,298.3,298.5,297.5,298.1,11365
2024-07-10 09:55:00+00:00,298.1,299.0,298.0,299.0,12229
2024-07-11 03:45:00+00:00,300.05,304.45,300.05,302.3,30606
2024-07-11 03:50:00+00:00,302.3,302.9,300.6,301.9,14870
2024-07-11 03:55:00+00:00,301.9,303.0,301.15,302.8,8609
2024-07-11 04:00:00+00:00,302.8,302.9,301.05,301.45,5792
2024-07-11 04:05:00+00:00,301.0,301.75,301.0,301.5,2147
2024-07-11 04:10:00+00:00,301.5,302.5,301.2,301.6,7532
2024-07-11 04:15:00+00:00,301.6,303.65,301.6,302.55,11204
2024-07-11 04:20:00+00:00,302.55,304.0,301.1,304.0,13412
2024-07-11 04:25:00+00:00,304.45,304.5,303.35,304.0,8400
2024-07-11 04:30:00+00:00,304.3,304.4,303.6,303.65,5261
2024-07-11 04:35:00+00:00,303.65,304.2,303.5,303.95,1603
2024-07-11 04:40:00+00:00,303.95,303.95,301.7,301.95,5203
2024-07-11 04:45:00+00:00,301.95,301.95,300.0,300.05,12054
2024-07-11 04:50:00+00:00,300.05,301.65,300.05,301.0,8396
2024-07-11 04:55:00+00:00,301.0,302.0,301.0,301.65,3000
2024-07-11 05:00:00+00:00,301.65,301.65,299.9,300.1,14793
2024-07-11 05:05:00+00:00,300.1,301.1,300.0,300.95,1411
2024-07-11 05:10:00+00:00,300.95,301.45,300.6,301.1,877
2024-07-11 05:15:00+00:00,301.1,301.1,300.0,300.6,1803
2024-07-11 05:20:00+00:00,300.6,303.2,300.6,301.9,8743
2024-07-11 05:25:00+00:00,301.9,301.95,301.25,301.35,971
2024-07-11 05:30:00+00:00,301.35,301.8,301.1,301.8,426
2024-07-11 05:35:00+00:00,301.8,302.15,301.5,302.15,927
2024-07-11 05:40:00+00:00,302.15,302.15,301.3,301.75,2378
2024-07-11 05:45:00+00:00,301.75,302.35,301.5,301.75,2618
2024-07-11 05:50:00+00:00,301.75,302.2,301.35,301.55,765
2024-07-11 05:55:00+00:00,301.55,302.2,301.5,302.1,1396
2024-07-11 06:00:00+00:00,302.1,302.35,301.4,301.95,2682
2024-07-11 06:05:00+00:00,301.95,302.55,301.5,301.65,3136
2024-07-11 06:10:00+00:00,301.65,302.45,301.5,302.45,1104
2024-07-11 06:15:00+00:00,302.45,302.5,302.0,302.05,1744
2024-07-11 06:20:00+00:00,302.05,302.65,301.0,301.1,5587
2024-07-11 06:25:00+00:00,301.1,301.8,301.1,301.6,1415
2024-07-11 06:30:00+00:00,301.6,301.6,300.1,300.1,2930
2024-07-11 06:35:00+00:00,300.1,300.95,300.1,300.4,1205
2024-07-11 06:40:00+00:00,300.25,300.45,299.25,299.65,10762
2024-07-11 06:45:00+00:00,300.0,300.65,299.6,300.55,2325
2024-07-11 06:50:00+00:00,300.55,301.4,300.2,301.35,1857
2024-07-11 06:55:00+00:00,301.35,301.6,301.0,301.0,758
2024-07-11 07:00:00+00:00,301.0,301.2,300.7,301.0,2369
2024-07-11 07:05:00+00:00,301.0,301.5,300.65,301.0,1988
2024-07-11 07:10:00+00:00,301.0,301.65,301.0,301.65,2499
2024-07-11 07:15:00+00:00,301.65,301.65,301.0,301.0,1946
2024-07-11 07:20:00+00:00,301.0,301.45,300.65,300.65,1083
2024-07-11 07:25:00+00:00,300.65,301.5,300.65,301.1,7499
2024-07-11 07:30:00+00:00,301.1,301.35,300.75,301.2,600
2024-07-11 07:35:00+00:00,301.15,301.5,300.4,301.0,1755
2024-07-11 07:40:00+00:00,301.0,301.15,300.8,301.0,549
2024-07-11 07:45:00+00:00,301.0,302.55,300.05,301.2,70396
2024-07-11 07:50:00+00:00,301.2,301.9,300.1,300.3,27449
2024-07-11 07:55:00+00:00,300.3,300.8,300.3,300.4,1776
2024-07-11 08:00:00+00:00,300.4,300.9,300.4,300.4,393
2024-07-11 08:05:00+00:00,300.4,301.15,300.1,301.05,2578
2024-07-11 08:10:00+00:00,301.05,301.65,300.3,301.55,1983
2024-07-11 08:15:00+00:00,301.4,301.4,300.4,300.5,1117
2024-07-11 08:20:00+00:00,300.5,301.0,300.4,301.0,828
2024-07-11 08:25:00+00:00,301.0,301.0,299.0,299.0,10988
2024-07-11 08:30:00+00:00,299.0,300.05,299.0,299.75,2476
2024-07-11 08:35:00+00:00,299.75,300.1,299.7,300.0,1857
2024-07-11 08:40:00+00:00,300.0,300.15,299.2,300.1,3573
2024-07-11 08:45:00+00:00,300.1,300.2,298.95,299.5,2906
2024-07-11 08:50:00+00:00,299.5,299.7,299.2,299.6,2055
2024-07-11 08:55:00+00:00,299.6,299.7,298.9,299.0,1939
2024-07-11 09:00:00+00:00,299.0,299.05,298.75,299.0,922
2024-07-11 09:05:00+00:00,299.0,300.7,298.8,300.05,4848
2024-07-11 09:10:00+00:00,300.05,301.4,299.5,300.3,17061
2024-07-11 09:15:00+00:00,300.3,300.65,299.85,300.65,2831
2024-07-11 09:20:00+00:00,300.65,301.05,299.6,301.0,3665
2024-07-11 09:25:00+00:00,300.9,301.85,300.6,301.15,2102
2024-07-11 09:30:00+00:00,301.15,301.2,300.0,301.0,5038
2024-07-11 09:35:00+00:00,301.0,302.7,300.5,302.7,13579
2024-07-11 09:40:00+00:00,302.75,303.5,302.0,302.25,4091
2024-07-11 09:45:00+00:00,302.0,302.3,301.15,302.0,3713
2024-07-11 09:50:00+00:00,302.15,303.4,302.0,302.7,7320
2024-07-11 09:55:00+00:00,302.7,302.95,300.0,300.0,18163
2024-07-12 03:45:00+00:00,302.75,305.2,299.85,300.25,33461
2024-07-12 03:50:00+00:00,300.25,304.0,299.3,304.0,139114
2024-07-12 03:55:00+00:00,304.7,306.9,304.35,304.65,34577
2024-07-12 04:00:00+00:00,304.65,304.65,302.25,302.6,38491
2024-07-12 04:05:00+00:00,302.6,303.7,301.8,302.7,34870
2024-07-12 04:10:00+00:00,302.7,303.85,302.05,302.85,3550
2024-07-12 04:15:00+00:00,302.85,303.45,301.1,301.65,31071
2024-07-12 04:20:00+00:00,301.65,303.0,301.5,301.5,4839
2024-07-12 04:25:00+00:00,301.5,303.3,300.5,302.9,14875
2024-07-12 04:30:00+00:00,302.9,303.5,302.15,302.4,2172
2024-07-12 04:35:00+00:00,302.4,303.5,302.0,302.55,3352
2024-07-12 04:40:00+00:00,302.55,303.15,302.4,302.7,520
2024-07-12 04:45:00+00:00,302.7,302.85,302.0,302.2,1838
2024-07-12 04:50:00+00:00,302.2,302.6,302.05,302.35,901
2024-07-12 04:55:00+00:00,302.35,302.8,302.25,302.25,1515
2024-07-12 05:00:00+00:00,302.25,302.25,299.3,299.3,23983
2024-07-12 05:05:00+00:00,299.35,299.95,298.25,298.25,7765
2024-07-12 05:10:00+00:00,298.25,299.1,298.25,298.85,1839
2024-07-12 05:15:00+00:00,298.85,299.1,298.4,299.05,2383
2024-07-12 05:20:00+00:00,299.55,299.6,298.1,299.0,3928
2024-07-12 05:25:00+00:00,299.0,299.65,298.6,299.0,3002
2024-07-12 05:30:00+00:00,299.0,299.1,298.3,299.1,3648
2024-07-12 05:35:00+00:00,299.1,299.9,298.85,298.9,4621
2024-07-12 05:40:00+00:00,298.9,299.2,298.2,298.7,10814
2024-07-12 05:45:00+00:00,298.7,299.65,298.0,298.7,6419
2024-07-12 05:50:00+00:00,298.7,299.0,298.0,298.5,2095
2024-07-12 05:55:00+00:00,298.5,298.5,295.95,296.0,22323
2024-07-12 06:00:00+00:00,296.1,296.95,294.85,295.45,57464
2024-07-12 06:05:00+00:00,295.45,296.45,295.35,296.45,3246
2024-07-12 06:10:00+00:00,296.45,297.9,296.1,296.55,5621
2024-07-12 06:15:00+00:00,296.55,296.55,296.05,296.1,2588
2024-07-12 06:20:00+00:00,296.1,296.5,296.1,296.15,1477
2024-07-12 06:25:00+00:00,296.15,296.6,295.5,295.55,7866
2024-07-12 06:30:00+00:00,295.55,296.0,295.3,295.55,2756
2024-07-12 06:35:00+00:00,295.55,296.1,295.3,295.65,1276
2024-07-12 06:40:00+00:00,295.65,296.05,294.0,294.6,11717
2024-07-12 06:45:00+00:00,294.6,294.9,293.5,294.0,18792
2024-07-12 06:50:00+00:00,294.0,295.1,291.0,291.0,66066
2024-07-12 06:55:00+00:00,291.0,291.9,289.15,290.4,56234
2024-07-12 07:00:00+00:00,290.4,292.05,290.1,290.1,14782
2024-07-12 07:05:00+00:00,290.1,291.9,290.1,291.6,19418
2024-07-12 07:10:00+00:00,291.6,292.0,290.85,291.95,8274
2024-07-12 07:15:00+00:00,291.95,293.5,291.7,293.05,6096
2024-07-12 07:20:00+00:00,293.05,294.05,293.0,293.65,12059
2024-07-12 07:25:00+00:00,293.65,294.75,293.5,294.75,3152
2024-07-12 07:30:00+00:00,294.35,294.65,292.65,293.7,4693
2024-07-12 07:35:00+00:00,293.7,294.15,292.75,292.75,4246
2024-07-12 07:40:00+00:00,292.75,294.2,292.75,294.0,3672
2024-07-12 07:45:00+00:00,294.0,294.6,293.9,293.95,5435
2024-07-12 07:50:00+00:00,293.95,294.35,292.5,294.3,9801
2024-07-12 07:55:00+00:00,294.3,294.8,293.65,293.65,7133
2024-07-12 08:00:00+00:00,293.65,294.55,293.0,294.35,2048
2024-07-12 08:05:00+00:00,294.35,294.35,293.8,294.1,1733
2024-07-12 08:10:00+00:00,294.1,294.5,293.8,294.3,2483
2024-07-12 08:15:00+00:00,294.3,294.5,291.45,292.5,8737
2024-07-12 08:20:00+00:00,293.05,293.55,292.85,293.1,2911
2024-07-12 08:25:00+00:00,293.1,293.1,292.5,292.95,1926
2024-07-12 08:30:00+00:00,292.95,293.85,292.4,293.85,3059
2024-07-12 08:35:00+00:00,293.85,293.85,291.95,293.0,6423
2024-07-12 08:40:00+00:00,293.0,293.1,292.05,292.45,5403
2024-07-12 08:45:00+00:00,292.45,292.9,292.1,292.5,2239
2024-07-12 08:50:00+00:00,292.5,293.5,292.45,292.9,5523
2024-07-12 08:55:00+00:00,292.9,293.65,292.65,293.5,2520
2024-07-12 09:00:00+00:00,293.5,294.45,293.0,293.4,8983
2024-07-12 09:05:00+00:00,293.4,293.6,292.25,293.05,4877
2024-07-12 09:10:00+00:00,293.05,293.4,292.95,293.4,1356
2024-07-12 09:15:00+00:00,293.4,293.4,292.7,293.1,2762
2024-07-12 09:20:00+00:00,293.1,293.15,292.5,293.0,2578
2024-07-12 09:25:00+00:00,293.0,293.0,291.95,292.35,7963
2024-07-12 09:30:00+00:00,292.35,292.7,291.8,292.5,4322
2024-07-12 09:35:00+00:00,292.5,292.85,291.9,292.3,8188
2024-07-12 09:40:00+00:00,292.3,292.3,291.55,291.8,4782
2024-07-12 09:45:00+00:00,291.8,292.0,291.3,291.4,17430
2024-07-12 09:50:00+00:00,291.4,292.95,291.1,292.0,11636
2024-07-12 09:55:00+00:00,292.0,293.5,291.5,293.0,15203
2024-07-15 03:45:00+00:00,293.9,297.2,292.8,294.05,26969
2024-07-15 03:50:00+00:00,294.05,294.85,292.1,293.25,8602
2024-07-15 03:55:00+00:00,293.45,293.5,292.2,292.45,6975
2024-07-15 04:00:00+00:00,292.45,292.5,289.85,290.7,16227
2024-07-15 04:05:00+00:00,290.8,291.5,287.9,288.2,12554
2024-07-15 04:10:00+00:00,288.0,291.0,287.85,290.25,14376
2024-07-15 04:15:00+00:00,289.7,291.0,289.2,289.45,21648
2024-07-15 04:20:00+00:00,289.45,290.7,289.4,289.8,5666
2024-07-15 04:25:00+00:00,289.8,290.3,289.05,290.3,7461
2024-07-15 04:30:00+00:00,289.55,290.6,289.55,290.2,1477
2024-07-15 04:35:00+00:00,290.2,290.5,290.05,290.45,3959
2024-07-15 04:40:00+00:00,290.45,290.6,289.75,290.6,3342
2024-07-15 04:45:00+00:00,290.2,291.0,290.2,291.0,7832
2024-07-15 04:50:00+00:00,291.0,291.0,289.3,289.9,4334
2024-07-15 04:55:00+00:00,289.9,290.6,289.8,290.45,3398
2024-07-15 05:00:00+00:00,290.45,291.0,290.2,291.0,15590
2024-07-15 05:05:00+00:00,290.6,291.0,290.2,290.65,3994
2024-07-15 05:10:00+00:00,290.9,291.0,290.4,290.55,3319
2024-07-15 05:15:00+00:00,290.95,291.0,290.45,290.65,3437
2024-07-15 05:20:00+00:00,290.65,291.0,289.75,290.85,17376
2024-07-15 05:25:00+00:00,290.85,291.0,290.4,291.0,2905
2024-07-15 05:30:00+00:00,291.0,291.0,290.05,290.15,2683
2024-07-15 05:35:00+00:00,290.4,290.95,290.15,290.15,1590
2024-07-15 05:40:00+00:00,290.15,290.7,289.25,290.2,3949
2024-07-15 05:45:00+00:00,290.2,290.45,289.55,290.0,7859
2024-07-15 05:50:00+00:00,290.0,290.0,289.5,289.5,2280
2024-07-15 05:55:00+00:00,289.5,290.15,289.5,289.7,520
2024-07-15 06:00:00+00:00,289.7,290.45,289.7,290.15,8474
2024-07-15 06:05:00+00:00,290.15,290.9,290.1,290.9,1207
2024-07-15 06:10:00+00:00,290.9,290.9,290.2,290.45,3643
2024-07-15 06:15:00+00:00,290.45,290.75,290.0,290.7,2618
2024-07-15 06:20:00+00:00,290.7,290.7,289.55,289.95,5365
2024-07-15 06:25:00+00:00,289.95,290.05,289.05,290.05,1163
2024-07-15 06:30:00+00:00,290.05,290.5,289.5,290.35,845
2024-07-15 06:35:00+00:00,290.35,290.45,290.0,290.45,4599
2024-07-15 06:40:00+00:00,290.5,290.75,290.15,290.15,2234
2024-07-15 06:45:00+00:00,290.15,290.15,289.5,289.55,726
2024-07-15 06:50:00+00:00,289.55,290.3,289.55,289.95,4416
2024-07-15 06:55:00+00:00,289.95,290.5,289.55,290.4,2127
2024-07-15 07:00:00+00:00,290.1,290.4,289.65,290.1,2118
2024-07-15 07:05:00+00:00,290.1,290.5,289.75,290.1,766
2024-07-15 07:10:00+00:00,290.1,290.25,289.6,290.25,2646
2024-07-15 07:15:00+00:00,290.25,291.0,290.1,291.0,8176
2024-07-15 07:20:00+00:00,291.0,291.0,290.5,290.5,3020
2024-07-15 07:25:00+00:00,290.5,291.0,290.45,290.9,1163
2024-07-15 07:30:00+00:00,290.9,291.0,290.55,291.0,352
2024-07-15 07:35:00+00:00,291.0,291.0,290.55,291.0,3109
2024-07-15 07:40:00+00:00,291.0,291.0,290.05,290.45,2152
2024-07-15 07:45:00+00:00,290.45,290.8,290.45,290.55,1101
2024-07-15 07:50:00+00:00,290.55,290.6,290.2,290.55,608
2024-07-15 07:55:00+00:00,290.55,291.0,290.2,290.75,1804
2024-07-15 08:00:00+00:00,290.35,290.85,290.35,290.85,1870
2024-07-15 08:05:00+00:00,290.85,290.9,290.55,290.6,1136
2024-07-15 08:10:00+00:00,290.6,291.0,290.5,290.6,4027
2024-07-15 08:15:00+00:00,290.6,291.0,290.55,290.95,1308
2024-07-15 08:20:00+00:00,290.95,291.0,290.6,290.95,1370
2024-07-15 08:25:00+00:00,290.95,290.95,290.5,290.8,765
2024-07-15 08:30:00+00:00,290.8,290.9,290.05,290.15,2053
2024-07-15 08:35:00+00:00,290.15,290.55,290.0,290.05,1211
2024-07-15 08:40:00+00:00,290.65,290.65,290.2,290.5,1383
2024-07-15 08:45:00+00:00,290.3,290.7,290.3,290.5,1887
2024-07-15 08:50:00+00:00,290.7,290.75,290.3,290.75,1597
2024-07-15 08:55:00+00:00,290.75,290.75,290.1,290.55,1094
2024-07-15 09:00:00+00:00,290.55,290.55,290.0,290.55,3741
2024-07-15 09:05:00+00:00,290.55,290.85,290.55,290.85,338
2024-07-15 09:10:00+00:00,290.6,290.8,290.15,290.25,2380
2024-07-15 09:15:00+00:00,290.25,290.5,290.0,290.1,1315
2024-07-15 09:20:00+00:00,290.1,290.1,289.25,289.4,3575
2024-07-15 09:25:00+00:00,289.4,290.35,289.0,290.35,4474
2024-07-15 09:30:00+00:00,290.0,290.55,290.0,290.55,2375
2024-07-15 09:35:00+00:00,290.55,291.0,290.0,290.55,10124
2024-07-15 09:40:00+00:00,290.55,291.5,290.55,291.3,259977
2024-07-15 09:45:00+00:00,291.3,292.0,289.7,289.9,167338
2024-07-15 09:50:00+00:00,289.9,290.0,288.5,288.95,23809
2024-07-15 09:55:00+00:00,288.95,289.0,287.85,288.0,31608
2024-07-16 03:45:00+00:00,291.95,291.95,290.0,290.3,17492
2024-07-16 03:50:00+00:00,290.3,290.55,288.15,290.2,10463
2024-07-16 03:55:00+00:00,290.1,290.1,288.5,288.85,7964
2024-07-16 04:00:00+00:00,289.35,290.9,289.0,289.0,13584
2024-07-16 04:05:00+00:00,288.75,289.0,286.55,287.4,18416
2024-07-16 04:10:00+00:00,287.4,288.8,287.4,288.1,11926
2024-07-16 04:15:00+00:00,288.1,289.4,287.45,288.85,7106
2024-07-16 04:20:00+00:00,288.9,288.9,287.5,287.55,4263
2024-07-16 04:25:00+00:00,287.55,288.95,287.55,288.4,3492
2024-07-16 04:30:00+00:00,288.4,289.0,287.9,288.05,3248
2024-07-16 04:35:00+00:00,288.05,288.65,286.45,287.45,9701
2024-07-16 04:40:00+00:00,287.35,287.85,286.25,287.85,3200
2024-07-16 04:45:00+00:00,287.85,287.85,287.15,287.2,1997
2024-07-16 04:50:00+00:00,287.2,288.35,287.15,287.9,6694
2024-07-16 04:55:00+00:00,287.9,287.95,287.1,287.35,5456
2024-07-16 05:00:00+00:00,287.35,288.4,286.4,288.4,9204
2024-07-16 05:05:00+00:00,288.4,288.4,288.0,288.0,2541
2024-07-16 05:10:00+00:00,288.0,288.5,287.65,288.4,2282
2024-07-16 05:15:00+00:00,288.4,288.4,287.85,287.85,1046
2024-07-16 05:20:00+00:00,287.85,288.1,287.35,287.85,3026
2024-07-16 05:25:00+00:00,287.85,287.85,286.7,287.8,3860
2024-07-16 05:30:00+00:00,287.8,287.85,286.7,286.95,2695
2024-07-16 05:35:00+00:00,286.95,287.0,286.5,287.0,6860
2024-07-16 05:40:00+00:00,287.0,287.0,286.95,287.0,1238
2024-07-16 05:45:00+00:00,287.0,287.0,286.4,286.6,7367
2024-07-16 05:50:00+00:00,286.9,287.0,286.5,286.9,2582
2024-07-16 05:55:00+00:00,286.9,287.0,286.5,286.8,4435
2024-07-16 06:00:00+00:00,286.8,288.35,286.8,287.9,4150
2024-07-16 06:05:00+00:00,287.9,287.9,287.4,287.4,1167
2024-07-16 06:10:00+00:00,287.4,287.45,287.0,287.45,2870
2024-07-16 06:15:00+00:00,287.45,287.9,287.0,287.7,2925
2024-07-16 06:20:00+00:00,287.7,287.8,287.2,287.8,1624
2024-07-16 06:25:00+00:00,287.8,287.8,286.95,287.0,2214
2024-07-16 06:30:00+00:00,287.0,287.45,286.6,286.6,837
2024-07-16 06:35:00+00:00,286.6,287.0,286.3,286.75,5036
2024-07-16 06:40:00+00:00,286.75,286.8,286.1,286.1,3886
2024-07-16 06:45:00+00:00,286.1,286.3,284.25,284.7,17831
2024-07-16 06:50:00+00:00,284.7,285.5,284.15,285.0,5641
2024-07-16 06:55:00+00:00,285.0,285.5,285.0,285.45,3176
2024-07-16 07:00:00+00:00,285.45,285.7,285.05,285.7,1389
2024-07-16 07:05:00+00:00,285.7,286.05,285.45,286.05,1073
2024-07-16 07:10:00+00:00,286.05,286.25,285.65,286.1,1914
2024-07-16 07:15:00+00:00,286.05,286.4,285.65,286.0,3390
2024-07-16 07:20:00+00:00,286.0,287.55,285.7,287.4,4236
2024-07-16 07:25:00+00:00,287.4,287.5,286.85,287.0,2229
2024-07-16 07:30:00+00:00,287.0,287.55,286.9,287.5,1871
2024-07-16 07:35:00+00:00,287.05,287.45,287.0,287.1,810
2024-07-16 07:40:00+00:00,287.1,287.45,286.85,287.2,1848
2024-07-16 07:45:00+00:00,287.2,287.2,286.85,287.15,608
2024-07-16 07:50:00+00:00,287.15,287.15,285.85,285.85,3149
2024-07-16 07:55:00+00:00,285.85,286.45,285.85,286.05,343
2024-07-16 08:00:00+00:00,286.05,286.35,283.45,284.25,32951
2024-07-16 08:05:00+00:00,284.25,284.8,284.25,284.25,7755
2024-07-16 08:10:00+00:00,284.25,284.7,284.0,284.5,2854
2024-07-16 08:15:00+00:00,284.5,284.5,284.0,284.0,2137
2024-07-16 08:20:00+00:00,284.0,284.0,283.5,284.0,2567
2024-07-16 08:25:00+00:00,284.0,284.3,283.55,284.05,3352
2024-07-16 08:30:00+00:00,284.05,284.25,283.55,284.0,1694
2024-07-16 08:35:00+00:00,284.0,284.05,282.5,282.55,9825
2024-07-16 08:40:00+00:00,282.9,282.9,281.55,282.1,12400
2024-07-16 08:45:00+00:00,282.1,282.7,281.2,282.0,21796
2024-07-16 08:50:00+00:00,282.0,282.0,279.85,280.0,78711
2024-07-16 08:55:00+00:00,280.0,281.35,279.45,281.2,12732
2024-07-16 09:00:00+00:00,281.2,281.5,279.3,280.15,27308
2024-07-16 09:05:00+00:00,280.45,280.95,280.05,280.8,4927
2024-07-16 09:10:00+00:00,280.8,281.6,280.55,281.3,8333
2024-07-16 09:15:00+00:00,281.15,281.85,280.8,281.2,5267
2024-07-16 09:20:00+00:00,281.2,281.5,280.35,281.0,5621
2024-07-16 09:25:00+00:00,281.0,281.0,280.6,281.0,5188
2024-07-16 09:30:00+00:00,281.0,281.95,280.7,281.95,7769
2024-07-16 09:35:00+00:00,281.95,282.7,281.5,282.0,9319
2024-07-16 09:40:00+00:00,282.25,282.65,281.4,282.0,4615
2024-07-16 09:45:00+00:00,282.0,282.25,280.55,280.85,10347
2024-07-16 09:50:00+00:00,280.85,282.8,280.0,282.15,24174
2024-07-16 09:55:00+00:00,282.15,282.15,280.4,281.0,8437
2024-07-18 03:45:00+00:00,280.75,281.25,277.1,277.6,29464
2024-07-18 03:50:00+00:00,277.6,282.0,276.35,282.0,28696
2024-07-18 03:55:00+00:00,282.0,285.0,281.55,283.35,29737
2024-07-18 04:00:00+00:00,283.7,284.85,279.0,279.8,22155
2024-07-18 04:05:00+00:00,280.15,281.35,278.85,279.15,11656
2024-07-18 04:10:00+00:00,278.9,285.0,278.9,284.95,35793
2024-07-18 04:15:00+00:00,285.0,288.7,284.95,287.75,41173
2024-07-18 04:20:00+00:00,287.2,287.95,285.55,287.5,22503
2024-07-18 04:25:00+00:00,287.5,288.65,285.05,285.55,17097
2024-07-18 04:30:00+00:00,285.55,287.5,285.05,287.5,10669
2024-07-18 04:35:00+00:00,287.1,287.25,286.0,286.5,6866
2024-07-18 04:40:00+00:00,286.65,287.45,286.3,287.0,2998
2024-07-18 04:45:00+00:00,287.0,287.0,284.05,284.9,5209
2024-07-18 04:50:00+00:00,284.55,284.9,283.05,283.1,26921
2024-07-18 04:55:00+00:00,283.1,284.45,282.6,282.6,5483
2024-07-18 05:00:00+00:00,282.55,282.9,282.05,282.45,3154
2024-07-18 05:05:00+00:00,282.45,283.75,281.9,281.9,5051
2024-07-18 05:10:00+00:00,281.9,283.6,281.9,283.6,7032
2024-07-18 05:15:00+00:00,283.6,283.9,281.75,281.75,8667
2024-07-18 05:20:00+00:00,281.35,281.85,281.0,281.0,5000
2024-07-18 05:25:00+00:00,281.0,281.95,281.0,281.7,3169
2024-07-18 05:30:00+00:00,281.15,281.8,280.5,281.25,6176
2024-07-18 05:35:00+00:00,280.75,282.0,280.55,281.05,6516
2024-07-18 05:40:00+00:00,281.05,281.05,279.35,280.0,4469
2024-07-18 05:45:00+00:00,280.0,280.85,279.3,280.0,5389
2024-07-18 05:50:00+00:00,280.0,281.4,279.55,281.4,5304
2024-07-18 05:55:00+00:00,281.4,281.75,280.9,281.65,1441
2024-07-18 06:00:00+00:00,281.7,282.05,280.25,280.5,3795
2024-07-18 06:05:00+00:00,280.85,281.0,280.6,280.75,529
2024-07-18 06:10:00+00:00,280.75,281.0,279.0,280.8,18441
2024-07-18 06:15:00+00:00,280.8,280.9,280.1,280.45,927
2024-07-18 06:20:00+00:00,280.05,281.15,280.05,281.05,3714
2024-07-18 06:25:00+00:00,281.05,281.3,280.55,281.15,1069
2024-07-18 06:30:00+00:00,281.15,281.9,281.15,281.4,562
2024-07-18 06:35:00+00:00,281.4,281.95,281.1,281.9,1789
2024-07-18 06:40:00+00:00,281.45,283.15,281.45,282.35,5162
2024-07-18 06:45:00+00:00,282.35,282.45,282.15,282.15,254
2024-07-18 06:50:00+00:00,282.15,282.95,281.65,282.7,2541
2024-07-18 06:55:00+00:00,282.7,282.95,282.2,282.2,1648
2024-07-18 07:00:00+00:00,282.2,282.95,282.2,282.2,595
2024-07-18 07:05:00+00:00,282.2,282.95,282.0,282.0,1804
2024-07-18 07:10:00+00:00,282.0,282.3,281.2,282.3,1532
2024-07-18 07:15:00+00:00,282.3,282.3,281.2,281.55,1092
2024-07-18 07:20:00+00:00,281.55,282.25,281.0,281.5,4988
2024-07-18 07:25:00+00:00,281.5,282.0,281.4,281.6,355
2024-07-18 07:30:00+00:00,281.6,281.6,280.6,281.3,2292
2024-07-18 07:35:00+00:00,281.3,281.3,280.7,281.0,195
2024-07-18 07:40:00+00:00,281.0,281.95,280.75,281.95,1298
2024-07-18 07:45:00+00:00,282.25,282.25,281.55,281.55,1177
2024-07-18 07:50:00+00:00,281.55,282.0,280.5,281.5,3502
2024-07-18 07:55:00+00:00,281.5,282.1,280.9,282.0,2167
2024-07-18 08:00:00+00:00,282.0,282.1,281.4,282.0,1845
2024-07-18 08:05:00+00:00,282.0,282.0,281.4,281.5,1303
2024-07-18 08:10:00+00:00,281.5,281.95,281.05,281.75,1887
2024-07-18 08:15:00+00:00,283.5,283.5,281.9,282.2,11938
2024-07-18 08:20:00+00:00,282.2,282.45,282.05,282.05,209
2024-07-18 08:25:00+00:00,282.05,282.6,281.95,281.95,525
2024-07-18 08:30:00+00:00,281.95,282.8,281.95,282.7,681
2024-07-18 08:35:00+00:00,282.7,282.75,282.3,282.3,440
2024-07-18 08:40:00+00:00,282.3,282.75,282.3,282.7,804
2024-07-18 08:45:00+00:00,283.0,283.25,282.3,282.4,3570
2024-07-18 08:50:00+00:00,282.4,283.1,282.3,283.0,1563
2024-07-18 08:55:00+00:00,283.0,283.0,282.6,282.6,3178
2024-07-18 09:00:00+00:00,282.6,283.0,282.5,282.9,902
2024-07-18 09:05:00+00:00,282.9,282.9,282.0,282.0,4441
2024-07-18 09:10:00+00:00,282.0,282.2,281.3,282.2,3157
2024-07-18 09:15:00+00:00,282.2,282.95,282.2,282.7,1383
2024-07-18 09:20:00+00:00,282.7,283.2,282.3,282.3,4051
2024-07-18 09:25:00+00:00,282.3,282.55,282.3,282.4,2400
2024-07-18 09:30:00+00:00,282.4,282.8,282.05,282.45,3084
2024-07-18 09:35:00+00:00,282.45,282.75,281.5,281.95,3403
2024-07-18 09:40:00+00:00,282.15,282.5,281.85,282.0,3331
2024-07-18 09:45:00+00:00,282.0,282.0,281.55,281.8,2758
2024-07-18 09:50:00+00:00,281.8,282.9,281.65,282.9,5059
2024-07-18 09:55:00+00:00,282.9,283.5,282.3,283.35,11056
2024-07-19 03:45:00+00:00,282.85,282.9,277.85,278.9,21400
2024-07-19 03:50:00+00:00,278.95,278.95,276.95,278.1,27441
2024-07-19 03:55:00+00:00,278.0,279.5,277.1,278.75,13306
2024-07-19 04:00:00+00:00,278.75,281.0,278.15,280.5,6298
2024-07-19 04:05:00+00:00,280.5,280.7,278.65,278.65,3971
2024-07-19 04:10:00+00:00,278.65,279.65,277.1,277.95,9106
2024-07-19 04:15:00+00:00,278.5,278.5,276.6,276.9,10674
2024-07-19 04:20:00+00:00,276.9,277.3,276.05,276.15,5593
2024-07-19 04:25:00+00:00,276.6,277.0,275.5,275.6,11560
2024-07-19 04:30:00+00:00,275.6,276.0,273.65,275.0,14045
2024-07-19 04:35:00+00:00,275.0,275.0,273.1,273.9,22506
2024-07-19 04:40:00+00:00,274.05,274.1,273.0,273.5,7077
2024-07-19 04:45:00+00:00,273.5,274.95,273.25,274.15,12638
2024-07-19 04:50:00+00:00,274.15,275.95,274.15,275.5,10679
2024-07-19 04:55:00+00:00,275.5,276.45,274.75,275.0,4083
2024-07-19 05:00:00+00:00,275.0,275.0,273.65,274.8,5578
2024-07-19 05:05:00+00:00,274.8,274.8,273.8,274.1,3815
2024-07-19 05:10:00+00:00,274.1,275.6,274.1,275.45,2808
2024-07-19 05:15:00+00:00,275.45,275.8,274.15,274.4,1340
2024-07-19 05:20:00+00:00,274.4,274.55,273.55,274.25,3354
2024-07-19 05:25:00+00:00,273.95,275.0,273.55,274.45,28543
2024-07-19 05:30:00+00:00,274.45,274.5,273.6,274.0,5098
2024-07-19 05:35:00+00:00,274.0,274.4,273.3,274.4,3321
2024-07-19 05:40:00+00:00,274.4,274.45,273.65,273.9,764
2024-07-19 05:45:00+00:00,274.3,274.5,273.55,274.5,2589
2024-07-19 05:50:00+00:00,274.5,274.5,273.05,274.0,8045
2024-07-19 05:55:00+00:00,273.95,274.9,273.65,274.0,18520
2024-07-19 06:00:00+00:00,274.0,275.4,274.0,275.4,3490
2024-07-19 06:05:00+00:00,275.5,275.5,274.05,274.5,3557
2024-07-19 06:10:00+00:00,274.5,274.55,274.1,274.4,1080
2024-07-19 06:15:00+00:00,274.0,274.25,273.05,273.55,2569
2024-07-19 06:20:00+00:00,273.55,273.55,273.0,273.5,1354
2024-07-19 06:25:00+00:00,273.5,274.15,273.3,274.1,1673
2024-07-19 06:30:00+00:00,274.1,274.1,273.1,274.0,746
2024-07-19 06:35:00+00:00,274.0,275.0,273.65,274.55,1524
2024-07-19 06:40:00+00:00,274.55,275.45,274.3,274.55,3886
2024-07-19 06:45:00+00:00,275.0,275.0,274.2,274.2,1273
2024-07-19 06:50:00+00:00,274.2,274.65,273.95,274.35,942
2024-07-19 06:55:00+00:00,274.15,274.75,274.15,274.5,382
2024-07-19 07:00:00+00:00,274.5,274.55,274.05,274.3,788
2024-07-19 07:05:00+00:00,274.3,274.6,273.15,273.2,4650
2024-07-19 07:10:00+00:00,273.2,274.0,273.2,273.85,450
2024-07-19 07:15:00+00:00,273.85,274.5,273.85,273.85,926
2024-07-19 07:20:00+00:00,273.85,274.55,273.85,274.3,216
2024-07-19 07:25:00+00:00,274.3,274.55,273.8,273.8,1033
2024-07-19 07:30:00+00:00,273.85,274.2,273.2,274.15,1912
2024-07-19 07:35:00+00:00,273.85,274.0,273.05,273.95,6207
2024-07-19 07:40:00+00:00,273.95,273.95,272.65,273.0,3971
2024-07-19 07:45:00+00:00,273.0,273.6,273.0,273.45,966
2024-07-19 07:50:00+00:00,273.45,273.9,273.0,273.9,3546
2024-07-19 07:55:00+00:00,273.9,274.65,273.55,274.45,2117
2024-07-19 08:00:00+00:00,274.45,275.5,274.45,275.5,5706
2024-07-19 08:05:00+00:00,275.5,276.4,275.25,276.4,3075
2024-07-19 08:10:00+00:00,276.4,276.4,274.65,274.65,3406
2024-07-19 08:15:00+00:00,275.0,276.35,274.55,275.45,3852
2024-07-19 08:20:00+00:00,275.45,276.1,275.05,275.1,1796
2024-07-19 08:25:00+00:00,275.1,276.3,275.1,275.8,4027
2024-07-19 08:30:00+00:00,276.0,276.0,274.85,274.85,1157
2024-07-19 08:35:00+00:00,274.85,276.05,274.85,275.15,3145
2024-07-19 08:40:00+00:00,275.15,275.3,274.1,274.3,1565
2024-07-19 08:45:00+00:00,274.3,274.95,273.5,274.0,5901
2024-07-19 08:50:00+00:00,274.0,274.4,273.3,274.4,3528
2024-07-19 08:55:00+00:00,273.85,273.85,273.1,273.85,2382
2024-07-19 09:00:00+00:00,273.85,273.85,273.25,273.6,1238
2024-07-19 09:05:00+00:00,273.6,273.6,272.7,272.95,2762
2024-07-19 09:10:00+00:00,272.95,274.0,272.7,273.5,6292
2024-07-19 09:15:00+00:00,273.5,273.6,272.85,273.0,2736
2024-07-19 09:20:00+00:00,273.45,273.5,272.5,272.5,2513
2024-07-19 09:25:00+00:00,272.5,272.9,272.0,272.45,4205
2024-07-19 09:30:00+00:00,272.45,272.8,271.2,271.35,13403
2024-07-19 09:35:00+00:00,271.1,271.65,270.5,270.8,10785
2024-07-19 09:40:00+00:00,270.8,270.8,268.75,269.05,22976
2024-07-19 09:45:00+00:00,269.05,270.35,268.7,270.35,12842
2024-07-19 09:50:00+00:00,270.35,270.65,269.65,270.35,16446
2024-07-19 09:55:00+00:00,270.35,272.95,270.0,270.0,16045
2024-07-22 03:45:00+00:00,267.05,268.0,261.25,261.45,40025
2024-07-22 03:50:00+00:00,261.9,267.5,261.45,266.95,28711
2024-07-22 03:55:00+00:00,267.0,269.6,265.5,268.8,15522
2024-07-22 04:00:00+00:00,268.8,269.85,268.1,269.0,11911
2024-07-22 04:05:00+00:00,269.0,269.95,267.9,269.85,13633
2024-07-22 04:10:00+00:00,270.0,270.55,268.05,269.1,5077
2024-07-22 04:15:00+00:00,269.1,271.0,269.1,271.0,7928
2024-07-22 04:20:00+00:00,271.0,273.95,270.65,273.45,23433
2024-07-22 04:25:00+00:00,273.5,274.0,271.35,273.5,12909
2024-07-22 04:30:00+00:00,273.5,273.95,271.8,272.8,8187
2024-07-22 04:35:00+00:00,273.35,275.9,273.35,274.55,7496
2024-07-22 04:40:00+00:00,275.3,275.65,274.0,274.3,4444
2024-07-22 04:45:00+00:00,274.3,275.45,274.3,275.45,7402
2024-07-22 04:50:00+00:00,275.45,275.85,274.0,274.5,5230
2024-07-22 04:55:00+00:00,274.5,274.55,273.45,274.05,2016
2024-07-22 05:00:00+00:00,274.0,274.6,273.7,273.95,2634
2024-07-22 05:05:00+00:00,273.95,274.0,273.5,274.0,880
2024-07-22 05:10:00+00:00,274.0,274.7,273.75,274.65,1565
2024-07-22 05:15:00+00:00,274.65,275.0,274.3,275.0,3270
2024-07-22 05:20:00+00:00,275.0,276.0,274.6,275.0,5175
2024-07-22 05:25:00+00:00,275.0,276.0,274.05,275.6,11994
2024-07-22 05:30:00+00:00,275.6,276.0,272.8,274.15,19225
2024-07-22 05:35:00+00:00,274.15,274.15,272.6,273.15,4384
2024-07-22 05:40:00+00:00,273.15,273.8,271.4,271.45,2883
2024-07-22 05:45:00+00:00,272.0,272.7,270.3,272.45,5206
2024-07-22 05:50:00+00:00,272.15,272.75,271.9,272.65,1508
2024-07-22 05:55:00+00:00,272.65,273.35,272.65,272.9,1520
2024-07-22 06:00:00+00:00,272.9,273.2,272.05,273.2,1980
2024-07-22 06:05:00+00:00,273.2,273.3,271.85,272.7,3266
2024-07-22 06:10:00+00:00,272.7,273.35,272.5,273.35,1796
2024-07-22 06:15:00+00:00,273.35,274.2,273.15,274.0,1828
2024-07-22 06:20:00+00:00,274.0,274.0,273.4,273.4,617
2024-07-22 06:25:00+00:00,273.35,273.9,273.35,273.7,1486
2024-07-22 06:30:00+00:00,273.7,273.8,273.0,273.15,3220
2024-07-22 06:35:00+00:00,273.15,273.55,272.65,273.55,932
2024-07-22 06:40:00+00:00,273.55,273.8,272.5,272.5,1928
2024-07-22 06:45:00+00:00,273.15,273.95,273.15,273.9,732
2024-07-22 06:50:00+00:00,273.9,274.4,273.4,274.0,2837
2024-07-22 06:55:00+00:00,274.0,274.0,272.3,273.3,2878
2024-07-22 07:00:00+00:00,273.3,273.8,272.6,272.8,1911
2024-07-22 07:05:00+00:00,272.8,273.05,272.1,272.5,1677
2024-07-22 07:10:00+00:00,272.8,273.05,272.1,273.05,1660
2024-07-22 07:15:00+00:00,273.05,273.95,273.05,273.95,3214
2024-07-22 07:20:00+00:00,273.95,275.45,273.85,275.0,5608
2024-07-22 07:25:00+00:00,275.0,275.0,274.1,274.3,1523
2024-07-22 07:30:00+00:00,274.3,274.3,273.9,273.9,1162
2024-07-22 07:35:00+00:00,273.35,274.2,273.35,274.2,5004
2024-07-22 07:40:00+00:00,274.2,274.5,273.9,274.45,258
2024-07-22 07:45:00+00:00,274.45,274.75,274.3,274.7,253
2024-07-22 07:50:00+00:00,274.7,274.7,274.1,274.1,271
2024-07-22 07:55:00+00:00,274.1,275.1,274.1,275.0,3681
2024-07-22 08:00:00+00:00,275.0,275.9,275.0,275.9,2508
2024-07-22 08:05:00+00:00,275.9,275.9,275.25,275.25,1048
2024-07-22 08:10:00+00:00,275.45,275.7,275.05,275.7,1630
2024-07-22 08:15:00+00:00,275.6,276.4,275.3,276.1,3971
2024-07-22 08:20:00+00:00,276.1,276.2,274.8,274.8,3208
2024-07-22 08:25:00+00:00,274.8,275.75,274.55,274.55,1762
2024-07-22 08:30:00+00:00,274.55,275.2,274.4,275.0,2254
2024-07-22 08:35:00+00:00,275.1,275.55,274.25,274.6,2050
2024-07-22 08:40:00+00:00,274.6,275.55,274.6,275.55,741
2024-07-22 08:45:00+00:00,275.55,275.6,274.7,275.6,1062
2024-07-22 08:50:00+00:00,275.6,276.75,275.15,276.25,4282
2024-07-22 08:55:00+00:00,276.25,278.85,275.7,277.3,14159
2024-07-22 09:00:00+00:00,277.3,278.1,276.5,276.5,4832
2024-07-22 09:05:00+00:00,276.5,276.8,276.2,276.45,3582
2024-07-22 09:10:00+00:00,276.45,277.15,276.1,276.35,2630
2024-07-22 09:15:00+00:00,276.35,276.55,275.8,276.25,2776
2024-07-22 09:20:00+00:00,276.25,276.25,275.8,276.0,530
2024-07-22 09:25:00+00:00,275.7,275.95,275.4,275.65,1260
2024-07-22 09:30:00+00:00,275.65,276.6,275.65,276.5,5283
2024-07-22 09:35:00+00:00,276.15,276.15,275.1,275.15,6879
2024-07-22 09:40:00+00:00,275.5,275.85,275.0,275.0,12109
2024-07-22 09:45:00+00:00,275.0,275.1,274.3,275.0,5663
2024-07-22 09:50:00+00:00,275.0,275.5,274.75,275.15,5911
2024-07-22 09:55:00+00:00,275.2,275.4,274.05,274.8,13738
2024-07-23 03:45:00+00:00,275.25,277.7,275.25,276.65,14563
2024-07-23 03:50:00+00:00,276.65,276.8,275.4,276.2,6077
2024-07-23 03:55:00+00:00,276.15,276.15,275.05,276.0,3895
2024-07-23 04:00:00+00:00,276.0,277.75,275.4,275.8,7145
2024-07-23 04:05:00+00:00,275.8,275.8,274.5,274.6,6963
2024-07-23 04:10:00+00:00,275.0,275.0,272.1,274.35,15698
2024-07-23 04:15:00+00:00,274.35,275.1,273.95,273.95,3875
2024-07-23 04:20:00+00:00,273.95,275.2,273.95,275.1,945
2024-07-23 04:25:00+00:00,275.1,275.1,273.3,273.8,2794
2024-07-23 04:30:00+00:00,273.8,273.95,273.35,273.6,931
2024-07-23 04:35:00+00:00,273.6,275.0,272.95,274.15,4287
2024-07-23 04:40:00+00:00,274.15,274.45,272.55,273.55,1683
2024-07-23 04:45:00+00:00,273.55,275.4,273.45,275.1,809
2024-07-23 04:50:00+00:00,275.1,275.65,274.85,275.5,936
2024-07-23 04:55:00+00:00,275.5,276.2,275.5,275.85,2177
2024-07-23 05:00:00+00:00,275.85,276.8,275.5,276.8,1301
2024-07-23 05:05:00+00:00,276.8,276.95,276.3,276.5,851
2024-07-23 05:10:00+00:00,276.5,277.7,276.5,277.4,969
2024-07-23 05:15:00+00:00,277.4,278.0,276.35,276.9,2224
2024-07-23 05:20:00+00:00,276.65,276.9,276.15,276.45,865
2024-07-23 05:25:00+00:00,276.45,277.55,276.0,277.3,1528
2024-07-23 05:30:00+00:00,277.3,277.45,276.6,277.1,1194
2024-07-23 05:35:00+00:00,277.1,277.8,276.8,276.85,436
2024-07-23 05:40:00+00:00,276.85,278.5,276.85,278.1,3669
2024-07-23 05:45:00+00:00,278.1,278.4,274.1,275.5,7193
2024-07-23 05:50:00+00:00,275.5,275.9,275.0,275.65,2287
2024-07-23 05:55:00+00:00,275.65,275.75,275.2,275.45,166
2024-07-23 06:00:00+00:00,275.45,275.45,273.8,274.4,11033
2024-07-23 06:05:00+00:00,274.4,275.0,273.4,274.65,3874
2024-07-23 06:10:00+00:00,274.65,276.1,274.25,275.9,822
2024-07-23 06:15:00+00:00,275.9,277.0,275.6,276.95,1287
2024-07-23 06:20:00+00:00,276.95,276.95,275.4,275.4,2422
2024-07-23 06:25:00+00:00,275.4,276.3,274.8,275.95,1335
2024-07-23 06:30:00+00:00,275.95,275.95,274.9,275.8,642
2024-07-23 06:35:00+00:00,275.8,278.8,275.8,277.75,5185
2024-07-23 06:40:00+00:00,277.75,277.75,276.45,276.45,4940
2024-07-23 06:45:00+00:00,276.45,276.7,268.1,268.1,18032
2024-07-23 06:50:00+00:00,268.1,270.0,262.05,263.7,64331
2024-07-23 06:55:00+00:00,263.7,266.0,262.15,262.5,49305
2024-07-23 07:00:00+00:00,262.15,273.55,255.05,273.55,48884
2024-07-23 07:05:00+00:00,272.4,272.4,266.55,269.55,29652
2024-07-23 07:10:00+00:00,269.55,272.2,269.0,270.0,8260
2024-07-23 07:15:00+00:00,270.0,270.85,269.0,270.15,6310
2024-07-23 07:20:00+00:00,269.95,270.85,268.8,270.85,3428
2024-07-23 07:25:00+00:00,270.85,271.05,269.35,269.65,11571
2024-07-23 07:30:00+00:00,269.65,272.3,269.6,271.25,3142
2024-07-23 07:35:00+00:00,271.25,272.2,270.3,270.95,4871
2024-07-23 07:40:00+00:00,270.45,271.25,267.3,268.2,16909
2024-07-23 07:45:00+00:00,268.2,270.2,267.8,269.45,4708
2024-07-23 07:50:00+00:00,269.45,269.8,268.6,269.25,3934
2024-07-23 07:55:00+00:00,269.25,270.9,268.7,270.05,1497
2024-07-23 08:00:00+00:00,270.05,271.0,267.95,267.95,7468
2024-07-23 08:05:00+00:00,267.95,269.15,266.95,267.0,3520
2024-07-23 08:10:00+00:00,267.0,267.4,265.9,267.35,7982
2024-07-23 08:15:00+00:00,267.35,267.4,265.35,266.05,5013
2024-07-23 08:20:00+00:00,266.05,266.95,265.0,266.05,6984
2024-07-23 08:25:00+00:00,266.05,269.65,266.0,269.5,8138
2024-07-23 08:30:00+00:00,269.5,269.65,266.95,267.6,4480
2024-07-23 08:35:00+00:00,267.6,268.8,267.55,268.8,5866
2024-07-23 08:40:00+00:00,268.8,269.55,267.2,267.5,4343
2024-07-23 08:45:00+00:00,267.5,268.7,267.5,268.7,3937
2024-07-23 08:50:00+00:00,268.7,268.7,267.5,267.6,18643
2024-07-23 08:55:00+00:00,267.6,267.7,265.85,266.0,3864
2024-07-23 09:00:00+00:00,265.95,268.05,265.4,267.35,4760
2024-07-23 09:05:00+00:00,267.35,268.9,267.2,268.9,6748
2024-07-23 09:10:00+00:00,268.9,269.8,268.55,268.85,8294
2024-07-23 09:15:00+00:00,268.85,269.0,268.25,269.0,2695
2024-07-23 09:20:00+00:00,269.0,269.0,267.55,269.0,5888
2024-07-23 09:25:00+00:00,269.0,269.1,268.05,268.45,8061
2024-07-23 09:30:00+00:00,268.45,269.25,267.8,269.25,8059
2024-07-23 09:35:00+00:00,269.25,269.25,268.0,268.3,4091
2024-07-23 09:40:00+00:00,268.25,268.25,267.25,267.7,5426
2024-07-23 09:45:00+00:00,267.7,268.0,267.0,267.5,5264
2024-07-23 09:50:00+00:00,267.5,267.9,266.0,266.95,10070
2024-07-23 09:55:00+00:00,266.95,269.6,266.35,268.0,10217
2024-07-24 03:45:00+00:00,293.95,294.0,281.1,293.7,487109
2024-07-24 03:50:00+00:00,293.2,294.0,290.15,291.8,124229
2024-07-24 03:55:00+00:00,291.95,293.45,291.0,292.05,76773
2024-07-24 04:00:00+00:00,292.05,292.4,288.5,290.0,96662
2024-07-24 04:05:00+00:00,290.0,290.0,286.5,286.85,54496
2024-07-24 04:10:00+00:00,286.5,288.95,286.0,287.1,87669
2024-07-24 04:15:00+00:00,286.95,287.85,284.1,286.2,86266
2024-07-24 04:20:00+00:00,286.2,286.7,284.6,286.2,42123
2024-07-24 04:25:00+00:00,286.1,288.65,286.0,287.4,34628
2024-07-24 04:30:00+00:00,287.55,287.75,284.15,284.6,31775
2024-07-24 04:35:00+00:00,284.8,285.0,284.0,284.05,33046
2024-07-24 04:40:00+00:00,284.05,285.0,283.95,284.2,11948
2024-07-24 04:45:00+00:00,284.6,285.0,284.15,284.45,57037
2024-07-24 04:50:00+00:00,284.45,284.8,283.8,284.35,13553
2024-07-24 04:55:00+00:00,284.35,285.0,283.6,284.45,14384
2024-07-24 05:00:00+00:00,284.45,285.0,284.05,284.95,8441
2024-07-24 05:05:00+00:00,284.95,285.0,284.25,284.4,6316
2024-07-24 05:10:00+00:00,284.75,284.9,282.2,282.95,29725
2024-07-24 05:15:00+00:00,282.95,284.2,282.95,283.95,7908
2024-07-24 05:20:00+00:00,283.95,284.9,283.05,284.9,6402
2024-07-24 05:25:00+00:00,284.9,284.9,284.0,284.4,4882
2024-07-24 05:30:00+00:00,284.4,284.6,284.05,284.45,1654
2024-07-24 05:35:00+00:00,284.45,284.85,283.3,283.8,9761
2024-07-24 05:40:00+00:00,283.8,284.55,283.2,284.55,10813
2024-07-24 05:45:00+00:00,284.55,284.8,284.15,284.8,7956
2024-07-24 05:50:00+00:00,284.8,286.5,284.6,286.5,16934
2024-07-24 05:55:00+00:00,286.65,287.5,285.0,285.05,18383
2024-07-24 06:00:00+00:00,285.05,286.35,284.75,285.75,5744
2024-07-24 06:05:00+00:00,285.75,286.7,285.75,285.75,4786
2024-07-24 06:10:00+00:00,285.75,286.45,284.25,284.25,11173
2024-07-24 06:15:00+00:00,283.1,284.95,283.0,284.7,29596
2024-07-24 06:20:00+00:00,284.7,284.8,284.2,284.45,3787
2024-07-24 06:25:00+00:00,284.45,285.4,283.95,284.35,11658
2024-07-24 06:30:00+00:00,284.35,284.75,283.55,284.6,3116
2024-07-24 06:35:00+00:00,284.6,284.95,284.05,284.6,4797
2024-07-24 06:40:00+00:00,284.0,284.1,283.15,283.3,7184
2024-07-24 06:45:00+00:00,283.3,283.65,281.55,282.0,16699
2024-07-24 06:50:00+00:00,282.4,284.75,282.0,284.45,13531
2024-07-24 06:55:00+00:00,284.0,284.0,282.9,283.5,3939
2024-07-24 07:00:00+00:00,283.45,283.5,283.0,283.45,2031
2024-07-24 07:05:00+00:00,283.45,283.8,282.6,282.6,5912
2024-07-24 07:10:00+00:00,282.6,283.45,282.05,283.05,15324
2024-07-24 07:15:00+00:00,283.4,285.6,283.0,285.35,13613
2024-07-24 07:20:00+00:00,285.35,287.35,284.75,286.2,48627
2024-07-24 07:25:00+00:00,286.2,287.35,286.0,286.0,30823
2024-07-24 07:30:00+00:00,286.45,286.95,286.1,286.7,2784
2024-07-24 07:35:00+00:00,286.7,286.8,286.05,286.7,2171
2024-07-24 07:40:00+00:00,286.7,291.4,286.1,290.4,125579
2024-07-24 07:45:00+00:00,290.0,290.6,288.5,290.0,56615
2024-07-24 07:50:00+00:00,290.0,290.0,287.85,288.65,17471
2024-07-24 07:55:00+00:00,288.9,289.35,287.5,288.5,15317
2024-07-24 08:00:00+00:00,288.5,288.8,287.7,288.5,6109
2024-07-24 08:05:00+00:00,288.5,288.65,287.25,287.95,15356
2024-07-24 08:10:00+00:00,287.95,288.3,287.5,288.2,3499
2024-07-24 08:15:00+00:00,288.0,288.45,287.65,287.9,8451
2024-07-24 08:20:00+00:00,287.9,287.9,287.25,287.25,1183
2024-07-24 08:25:00+00:00,286.05,287.0,285.2,286.1,24317
2024-07-24 08:30:00+00:00,286.1,286.4,285.2,285.6,4346
2024-07-24 08:35:00+00:00,285.6,285.9,285.2,285.55,3350
2024-07-24 08:40:00+00:00,285.55,286.0,284.5,284.8,6467
2024-07-24 08:45:00+00:00,284.8,286.2,284.8,285.55,14527
2024-07-24 08:50:00+00:00,285.5,286.0,285.05,285.4,2421
2024-07-24 08:55:00+00:00,285.4,286.4,284.6,285.55,16981
2024-07-24 09:00:00+00:00,285.55,286.0,285.15,285.75,3349
2024-07-24 09:05:00+00:00,285.75,285.75,285.0,285.5,7948
2024-07-24 09:10:00+00:00,285.5,285.8,285.1,285.7,13408
2024-07-24 09:15:00+00:00,285.45,285.8,285.15,285.65,2615
2024-07-24 09:20:00+00:00,285.65,285.85,284.6,284.85,7524
2024-07-24 09:25:00+00:00,284.85,286.25,284.85,285.85,10727
2024-07-24 09:30:00+00:00,285.85,286.3,285.75,286.2,4056
2024-07-24 09:35:00+00:00,286.2,286.3,285.3,285.3,7878
2024-07-24 09:40:00+00:00,285.3,286.1,285.3,285.8,5705
2024-07-24 09:45:00+00:00,286.1,286.1,285.2,285.55,14778
2024-07-24 09:50:00+00:00,285.55,288.45,285.55,288.0,39663
2024-07-24 09:55:00+00:00,288.25,288.95,285.8,286.0,33523
2024-07-25 03:45:00+00:00,283.7,284.9,281.7,284.5,38135
2024-07-25 03:50:00+00:00,284.85,284.9,282.7,283.05,8907
2024-07-25 03:55:00+00:00,283.3,285.4,282.65,284.6,17302
2024-07-25 04:00:00+00:00,284.6,285.7,283.65,284.7,14117
2024-07-25 04:05:00+00:00,284.65,286.6,284.2,284.7,18965
2024-07-25 04:10:00+00:00,284.8,285.0,284.0,284.2,4940
2024-07-25 04:15:00+00:00,284.2,285.0,283.25,284.0,7179
2024-07-25 04:20:00+00:00,284.0,284.15,282.1,282.8,12399
2024-07-25 04:25:00+00:00,282.85,283.4,282.0,282.45,7917
2024-07-25 04:30:00+00:00,282.75,282.75,282.05,282.35,3206
2024-07-25 04:35:00+00:00,282.35,282.9,282.0,282.6,7695
2024-07-25 04:40:00+00:00,282.6,285.5,282.6,285.2,5762
2024-07-25 04:45:00+00:00,285.2,291.0,284.3,290.75,51597
2024-07-25 04:50:00+00:00,290.8,290.9,287.85,288.3,43803
2024-07-25 04:55:00+00:00,288.3,288.6,286.5,288.3,17887
2024-07-25 05:00:00+00:00,288.3,290.35,288.2,290.15,26662
2024-07-25 05:05:00+00:00,290.15,290.95,289.8,290.55,14847
2024-07-25 05:10:00+00:00,290.55,290.7,289.7,289.85,13165
2024-07-25 05:15:00+00:00,289.7,294.5,287.95,293.4,71464
2024-07-25 05:20:00+00:00,293.35,295.45,292.45,292.7,97005
2024-07-25 05:25:00+00:00,292.55,293.0,291.25,292.0,33675
2024-07-25 05:30:00+00:00,292.0,292.0,289.0,290.15,29253
2024-07-25 05:35:00+00:00,290.2,291.45,289.55,291.35,9366
2024-07-25 05:40:00+00:00,291.35,291.5,290.8,291.2,2944
2024-07-25 05:45:00+00:00,291.2,291.2,288.0,288.4,13564
2024-07-25 05:50:00+00:00,288.7,289.95,287.75,288.6,44219
2024-07-25 05:55:00+00:00,288.6,289.95,288.0,289.05,11009
2024-07-25 06:00:00+00:00,289.05,289.4,288.3,288.75,6141
2024-07-25 06:05:00+00:00,288.75,289.95,288.55,289.05,3493
2024-07-25 06:10:00+00:00,289.05,294.45,289.0,294.0,78342
2024-07-25 06:15:00+00:00,294.0,294.6,292.2,292.75,32719
2024-07-25 06:20:00+00:00,292.75,294.55,292.75,294.4,40727
2024-07-25 06:25:00+00:00,294.9,304.95,294.85,303.65,292783
2024-07-25 06:30:00+00:00,304.0,304.0,298.7,299.55,60994
2024-07-25 06:35:00+00:00,299.55,299.55,297.35,298.1,17967
2024-07-25 06:40:00+00:00,297.9,298.15,295.6,296.95,40056
2024-07-25 06:45:00+00:00,296.95,297.35,295.4,297.0,23731
2024-07-25 06:50:00+00:00,297.0,297.0,296.1,296.15,9113
2024-07-25 06:55:00+00:00,296.15,296.8,295.1,296.35,10587
2024-07-25 07:00:00+00:00,296.35,296.45,295.3,296.2,6243
2024-07-25 07:05:00+00:00,296.2,297.0,296.0,296.0,6040
2024-07-25 07:10:00+00:00,296.0,296.3,295.4,296.15,3072
2024-07-25 07:15:00+00:00,296.15,296.95,295.75,296.7,2605
2024-07-25 07:20:00+00:00,296.7,296.9,296.05,296.9,2295
2024-07-25 07:25:00+00:00,296.9,296.9,296.4,296.5,4664
2024-07-25 07:30:00+00:00,296.5,296.65,296.25,296.25,1115
2024-07-25 07:35:00+00:00,296.25,298.5,296.25,298.1,17226
2024-07-25 07:40:00+00:00,298.1,298.5,297.8,298.0,4444
2024-07-25 07:45:00+00:00,298.0,298.85,297.2,298.15,6966
2024-07-25 07:50:00+00:00,298.15,298.9,296.5,297.7,5602
2024-07-25 07:55:00+00:00,297.7,298.3,297.15,297.55,5171
2024-07-25 08:00:00+00:00,297.55,298.0,297.2,297.3,2740
2024-07-25 08:05:00+00:00,297.3,297.95,296.5,297.5,7081
2024-07-25 08:10:00+00:00,297.5,297.5,296.8,297.1,1307
2024-07-25 08:15:00+00:00,297.0,297.5,296.7,296.95,3492
2024-07-25 08:20:00+00:00,296.95,297.0,294.1,296.35,33630
2024-07-25 08:25:00+00:00,296.35,296.7,295.35,295.35,2501
2024-07-25 08:30:00+00:00,295.35,296.0,294.25,295.1,14512
2024-07-25 08:35:00+00:00,295.1,295.1,293.4,294.05,23667
2024-07-25 08:40:00+00:00,294.1,294.8,293.9,294.65,5181
2024-07-25 08:45:00+00:00,294.65,294.7,293.75,294.25,7866
2024-07-25 08:50:00+00:00,294.25,294.9,293.8,294.6,4493
2024-07-25 08:55:00+00:00,294.6,296.5,294.25,296.35,12442
2024-07-25 09:00:00+00:00,296.35,296.9,294.4,294.7,7354
2024-07-25 09:05:00+00:00,294.7,294.9,294.05,294.5,2745
2024-07-25 09:10:00+00:00,294.5,294.95,294.0,294.55,3362
2024-07-25 09:15:00+00:00,294.55,294.55,293.8,294.25,11212
2024-07-25 09:20:00+00:00,294.5,294.75,293.95,294.45,5901
2024-07-25 09:25:00+00:00,294.45,294.45,293.15,294.1,5588
2024-07-25 09:30:00+00:00,294.05,294.05,292.5,293.7,9288
2024-07-25 09:35:00+00:00,293.3,294.7,293.1,293.75,6643
2024-07-25 09:40:00+00:00,293.75,294.4,293.05,293.9,5294
2024-07-25 09:45:00+00:00,293.9,293.95,293.25,293.95,14507
2024-07-25 09:50:00+00:00,293.45,294.1,293.25,293.8,18765
2024-07-25 09:55:00+00:00,293.8,295.0,293.25,294.9,20643
2024-07-26 03:45:00+00:00,296.4,297.7,294.1,294.8,32958
2024-07-26 03:50:00+00:00,294.8,296.4,294.75,295.0,26722
2024-07-26 03:55:00+00:00,294.75,297.65,294.5,297.0,12473
2024-07-26 04:00:00+00:00,297.1,299.0,296.1,298.7,28959
2024-07-26 04:05:00+00:00,298.7,299.1,297.6,298.85,18488
2024-07-26 04:10:00+00:00,298.85,298.85,297.05,297.7,4384
2024-07-26 04:15:00+00:00,297.7,297.7,296.15,297.0,6938
2024-07-26 04:20:00+00:00,297.0,297.0,296.2,296.5,7790
2024-07-26 04:25:00+00:00,296.4,297.85,296.2,297.3,12613
2024-07-26 04:30:00+00:00,297.65,298.75,296.4,296.8,7668
2024-07-26 04:35:00+00:00,296.25,296.9,296.2,296.8,6221
2024-07-26 04:40:00+00:00,296.8,297.0,296.55,297.0,2630
2024-07-26 04:45:00+00:00,297.0,297.6,297.0,297.0,3250
2024-07-26 04:50:00+00:00,297.0,297.0,296.0,296.2,4049
2024-07-26 04:55:00+00:00,296.2,296.5,295.7,295.7,4072
2024-07-26 05:00:00+00:00,295.7,297.5,295.7,297.5,2993
2024-07-26 05:05:00+00:00,297.5,297.75,296.6,296.6,3347
2024-07-26 05:10:00+00:00,296.6,297.0,296.3,297.0,1316
2024-07-26 05:15:00+00:00,297.0,298.0,296.55,297.9,3293
2024-07-26 05:20:00+00:00,297.9,297.9,296.8,297.0,3875
2024-07-26 05:25:00+00:00,297.0,298.3,296.95,298.25,5061
2024-07-26 05:30:00+00:00,297.8,298.25,297.55,298.05,1604
2024-07-26 05:35:00+00:00,298.05,298.1,296.8,297.0,1749
2024-07-26 05:40:00+00:00,297.0,297.0,296.0,296.4,2469
2024-07-26 05:45:00+00:00,296.4,296.45,296.05,296.35,453
2024-07-26 05:50:00+00:00,296.35,296.9,296.35,296.55,1075
2024-07-26 05:55:00+00:00,296.55,297.1,296.5,296.85,3601
2024-07-26 06:00:00+00:00,296.85,297.2,296.5,296.5,463
2024-07-26 06:05:00+00:00,296.5,297.5,296.5,297.5,3467
2024-07-26 06:10:00+00:00,297.5,297.7,297.5,297.6,1235
2024-07-26 06:15:00+00:00,297.5,297.65,297.3,297.45,999
2024-07-26 06:20:00+00:00,297.45,298.4,297.45,297.6,7166
2024-07-26 06:25:00+00:00,297.6,299.45,297.6,299.0,9939
2024-07-26 06:30:00+00:00,299.0,301.65,299.0,299.65,19116
2024-07-26 06:35:00+00:00,299.65,301.9,298.55,301.4,26764
2024-07-26 06:40:00+00:00,301.4,302.4,299.65,300.5,10321
2024-07-26 06:45:00+00:00,300.5,300.9,300.15,300.4,5907
2024-07-26 06:50:00+00:00,300.4,301.2,300.05,301.0,7280
2024-07-26 06:55:00+00:00,301.0,301.25,300.3,300.3,2866
2024-07-26 07:00:00+00:00,300.3,301.0,298.0,298.9,12905
2024-07-26 07:05:00+00:00,298.9,299.8,298.65,298.65,3949
2024-07-26 07:10:00+00:00,298.65,298.8,297.2,297.6,10488
2024-07-26 07:15:00+00:00,297.6,298.6,297.45,297.95,3357
2024-07-26 07:20:00+00:00,297.95,298.75,297.95,298.6,4784
2024-07-26 07:25:00+00:00,298.6,298.95,298.35,298.7,3402
2024-07-26 07:30:00+00:00,298.7,299.0,298.45,298.7,1530
2024-07-26 07:35:00+00:00,298.7,298.9,298.4,298.9,640
2024-07-26 07:40:00+00:00,298.9,299.7,298.65,298.85,2226
2024-07-26 07:45:00+00:00,298.85,299.0,298.5,298.5,1002
2024-07-26 07:50:00+00:00,298.5,298.95,298.35,298.7,1939
2024-07-26 07:55:00+00:00,298.7,299.0,297.55,298.95,2416
2024-07-26 08:00:00+00:00,298.95,298.95,297.2,297.75,2188
2024-07-26 08:05:00+00:00,297.75,298.85,297.5,297.85,2469
2024-07-26 08:10:00+00:00,297.85,298.15,297.7,297.8,689
2024-07-26 08:15:00+00:00,297.8,298.2,297.0,297.0,2813
2024-07-26 08:20:00+00:00,297.0,297.7,297.0,297.7,1558
2024-07-26 08:25:00+00:00,297.7,298.45,296.95,297.55,3345
2024-07-26 08:30:00+00:00,297.55,297.55,297.2,297.3,221
2024-07-26 08:35:00+00:00,297.3,297.9,297.0,297.5,3708
2024-07-26 08:40:00+00:00,297.5,297.5,297.1,297.4,2351
2024-07-26 08:45:00+00:00,297.4,297.9,297.0,297.4,2120
2024-07-26 08:50:00+00:00,297.4,297.7,296.6,297.2,5762
2024-07-26 08:55:00+00:00,297.2,297.7,296.85,297.6,2824
2024-07-26 09:00:00+00:00,297.6,297.7,296.95,297.7,1462
2024-07-26 09:05:00+00:00,297.4,298.3,297.4,297.5,2774
2024-07-26 09:10:00+00:00,297.9,298.4,297.5,297.5,3061
2024-07-26 09:15:00+00:00,297.8,297.95,297.5,297.8,2359
2024-07-26 09:20:00+00:00,297.8,298.6,297.5,298.6,7048
2024-07-26 09:25:00+00:00,298.6,299.4,298.0,298.45,2392
2024-07-26 09:30:00+00:00,298.45,298.95,297.85,298.45,2100
2024-07-26 09:35:00+00:00,298.55,298.9,298.05,298.55,12181
2024-07-26 09:40:00+00:00,299.0,299.0,297.0,297.5,7642
2024-07-26 09:45:00+00:00,297.6,298.0,296.95,297.0,12605
2024-07-26 09:50:00+00:00,297.0,297.25,296.8,297.0,7056
2024-07-26 09:55:00+00:00,297.0,297.25,296.0,297.0,13405
2024-07-29 03:45:00+00:00,300.0,300.5,297.75,298.9,36183
2024-07-29 03:50:00+00:00,298.9,299.8,297.85,298.2,22619
2024-07-29 03:55:00+00:00,298.2,298.55,297.4,297.8,8330
2024-07-29 04:00:00+00:00,297.8,298.2,294.6,295.3,13384
2024-07-29 04:05:00+00:00,295.3,295.95,294.5,294.6,5297
2024-07-29 04:10:00+00:00,294.6,295.6,294.5,295.4,11857
2024-07-29 04:15:00+00:00,295.4,295.95,294.5,295.95,4601
2024-07-29 04:20:00+00:00,295.9,295.9,294.45,294.45,4588
2024-07-29 04:25:00+00:00,294.5,295.15,294.45,294.75,4024
2024-07-29 04:30:00+00:00,294.75,295.05,294.5,295.05,1303
2024-07-29 04:35:00+00:00,295.05,295.55,295.05,295.55,718
2024-07-29 04:40:00+00:00,295.85,296.1,295.0,295.25,5888
2024-07-29 04:45:00+00:00,295.25,295.5,294.65,295.0,2352
2024-07-29 04:50:00+00:00,295.0,295.0,294.4,294.9,2153
2024-07-29 04:55:00+00:00,294.9,295.0,294.6,294.85,1766
2024-07-29 05:00:00+00:00,294.85,295.0,294.35,294.5,6144
2024-07-29 05:05:00+00:00,294.5,294.5,291.65,292.0,27056
2024-07-29 05:10:00+00:00,292.0,293.45,292.0,293.0,5897
2024-07-29 05:15:00+00:00,293.0,293.7,292.75,293.65,1847
2024-07-29 05:20:00+00:00,293.65,293.8,293.1,293.75,2560
2024-07-29 05:25:00+00:00,293.75,294.25,293.0,294.25,3660
2024-07-29 05:30:00+00:00,294.2,294.25,293.2,293.6,1501
2024-07-29 05:35:00+00:00,293.6,293.6,292.9,293.45,3751
2024-07-29 05:40:00+00:00,293.45,294.2,293.1,293.75,5625
2024-07-29 05:45:00+00:00,293.75,293.9,293.25,293.75,1239
2024-07-29 05:50:00+00:00,293.75,294.05,293.2,293.95,2063
2024-07-29 05:55:00+00:00,293.95,294.9,293.95,294.3,3817
2024-07-29 06:00:00+00:00,294.3,294.7,294.0,294.5,2952
2024-07-29 06:05:00+00:00,294.5,294.5,294.05,294.3,1090
2024-07-29 06:10:00+00:00,294.3,294.3,293.55,293.8,3310
2024-07-29 06:15:00+00:00,293.8,294.4,293.2,293.5,2566
2024-07-29 06:20:00+00:00,293.5,293.85,293.2,293.6,690
2024-07-29 06:25:00+00:00,293.6,293.75,293.25,293.75,454
2024-07-29 06:30:00+00:00,293.75,294.1,293.75,294.0,458
2024-07-29 06:35:00+00:00,294.0,294.0,292.8,293.3,3663
2024-07-29 06:40:00+00:00,293.3,293.35,292.7,293.3,651
2024-07-29 06:45:00+00:00,293.3,293.35,291.8,292.0,6778
2024-07-29 06:50:00+00:00,292.0,292.4,291.55,292.35,7477
2024-07-29 06:55:00+00:00,292.35,293.3,291.6,292.75,6197
2024-07-29 07:00:00+00:00,292.75,293.45,292.0,292.0,2770
2024-07-29 07:05:00+00:00,292.0,293.1,292.0,293.0,1048
2024-07-29 07:10:00+00:00,293.0,293.2,292.6,292.75,1235
2024-07-29 07:15:00+00:00,292.75,293.4,292.7,293.4,856
2024-07-29 07:20:00+00:00,293.4,293.8,292.6,293.5,3822
2024-07-29 07:25:00+00:00,292.6,293.3,292.6,292.95,1609
2024-07-29 07:30:00+00:00,292.95,293.4,292.95,293.05,254
2024-07-29 07:35:00+00:00,293.4,293.6,292.5,292.5,1016
2024-07-29 07:40:00+00:00,292.5,293.35,292.5,292.55,1779
2024-07-29 07:45:00+00:00,292.55,292.55,292.0,292.0,1976
2024-07-29 07:50:00+00:00,292.0,292.95,292.0,292.5,794
2024-07-29 07:55:00+00:00,292.9,292.9,292.25,292.6,776
2024-07-29 08:00:00+00:00,292.6,293.0,292.4,293.0,1408
2024-07-29 08:05:00+00:00,293.0,293.7,292.6,293.2,1470
2024-07-29 08:10:00+00:00,293.2,293.45,292.1,292.1,1827
2024-07-29 08:15:00+00:00,292.1,292.6,292.0,292.6,1560
2024-07-29 08:20:00+00:00,292.6,292.6,292.0,292.3,2388
2024-07-29 08:25:00+00:00,292.3,292.4,291.7,291.7,489
2024-07-29 08:30:00+00:00,291.7,291.95,291.2,291.45,3086
2024-07-29 08:35:00+00:00,291.45,291.6,291.2,291.6,6785
2024-07-29 08:40:00+00:00,291.6,291.6,290.75,290.75,6171
2024-07-29 08:45:00+00:00,290.75,290.9,290.5,290.5,1074
2024-07-29 08:50:00+00:00,290.5,290.95,290.4,290.65,1023
2024-07-29 08:55:00+00:00,290.65,291.45,290.65,291.4,2271
2024-07-29 09:00:00+00:00,291.4,292.7,291.4,292.7,4420
2024-07-29 09:05:00+00:00,292.7,292.7,292.0,292.2,1848
2024-07-29 09:10:00+00:00,292.2,292.6,292.2,292.6,330
2024-07-29 09:15:00+00:00,292.15,293.5,292.15,292.8,3590
2024-07-29 09:20:00+00:00,292.8,293.45,292.8,293.4,395
2024-07-29 09:25:00+00:00,293.4,293.4,291.65,291.65,13951
2024-07-29 09:30:00+00:00,291.65,291.95,291.1,291.35,1799
2024-07-29 09:35:00+00:00,291.35,291.55,290.75,291.35,4731
2024-07-29 09:40:00+00:00,291.35,291.95,291.0,291.4,5917
2024-07-29 09:45:00+00:00,291.05,291.4,290.2,290.5,9972
2024-07-29 09:50:00+00:00,290.65,291.4,290.0,291.4,11872
2024-07-29 09:55:00+00:00,291.4,292.0,290.1,292.0,11020
2024-07-30 03:45:00+00:00,297.0,298.05,295.05,296.15,28187
2024-07-30 03:50:00+00:00,296.15,298.05,295.5,298.05,23225
2024-07-30 03:55:00+00:00,298.05,306.35,298.05,305.55,124743
2024-07-30 04:00:00+00:00,304.9,305.5,301.5,302.5,39894
2024-07-30 04:05:00+00:00,302.5,302.5,300.5,300.5,10168
2024-07-30 04:10:00+00:00,300.5,301.0,299.5,300.15,9883
2024-07-30 04:15:00+00:00,300.15,301.0,299.25,300.0,8363
2024-07-30 04:20:00+00:00,300.0,300.3,299.25,300.3,6963
2024-07-30 04:25:00+00:00,300.3,300.45,299.3,299.3,7551
2024-07-30 04:30:00+00:00,299.3,299.8,299.3,299.4,3125
2024-07-30 04:35:00+00:00,299.4,299.6,298.0,298.0,10388
2024-07-30 04:40:00+00:00,298.5,299.7,298.2,299.15,8932
2024-07-30 04:45:00+00:00,299.15,301.0,299.15,300.85,9262
2024-07-30 04:50:00+00:00,300.85,301.0,300.4,300.85,3606
2024-07-30 04:55:00+00:00,300.85,301.25,300.55,300.8,3703
2024-07-30 05:00:00+00:00,300.8,302.1,300.65,302.1,9295
2024-07-30 05:05:00+00:00,302.2,302.45,301.25,301.7,12197
2024-07-30 05:10:00+00:00,301.7,301.7,300.9,301.5,3433
2024-07-30 05:15:00+00:00,301.5,302.0,301.0,301.5,4672
2024-07-30 05:20:00+00:00,301.5,301.5,301.0,301.4,957
2024-07-30 05:25:00+00:00,301.4,301.4,300.6,300.95,1767
2024-07-30 05:30:00+00:00,300.95,301.0,300.35,300.85,1430
2024-07-30 05:35:00+00:00,300.85,300.9,300.3,300.55,3532
2024-07-30 05:40:00+00:00,300.55,301.5,300.5,301.5,4191
2024-07-30 05:45:00+00:00,301.35,301.45,300.4,300.95,2191
2024-07-30 05:50:00+00:00,300.95,301.2,300.35,300.5,1317
2024-07-30 05:55:00+00:00,300.5,301.3,300.5,300.75,2401
2024-07-30 06:00:00+00:00,300.75,300.8,300.0,300.0,7225
2024-07-30 06:05:00+00:00,300.0,300.4,299.1,299.2,6605
2024-07-30 06:10:00+00:00,299.2,299.55,298.55,299.4,2771
2024-07-30 06:15:00+00:00,299.4,299.4,299.05,299.25,1255
2024-07-30 06:20:00+00:00,299.25,299.25,297.75,298.0,6372
2024-07-30 06:25:00+00:00,298.0,298.2,297.65,297.7,8533
2024-07-30 06:30:00+00:00,297.7,298.0,297.6,297.9,2338
2024-07-30 06:35:00+00:00,297.9,297.95,297.45,297.65,1769
2024-07-30 06:40:00+00:00,297.6,297.95,297.4,297.95,745
2024-07-30 06:45:00+00:00,297.95,297.95,297.1,297.5,1853
2024-07-30 06:50:00+00:00,297.5,298.0,297.35,298.0,3899
2024-07-30 06:55:00+00:00,298.0,298.0,297.25,297.25,1607
2024-07-30 07:00:00+00:00,297.25,298.0,297.25,297.4,7774
2024-07-30 07:05:00+00:00,297.4,297.9,297.15,297.75,2076
2024-07-30 07:10:00+00:00,297.45,299.25,297.45,298.9,6105
2024-07-30 07:15:00+00:00,298.9,298.9,297.9,298.05,875
2024-07-30 07:20:00+00:00,298.05,298.4,297.5,297.85,2642
2024-07-30 07:25:00+00:00,297.65,298.2,296.0,296.0,12822
2024-07-30 07:30:00+00:00,296.0,297.45,295.95,296.15,9692
2024-07-30 07:35:00+00:00,296.15,297.65,296.15,297.2,683
2024-07-30 07:40:00+00:00,297.55,297.65,296.4,296.55,1921
2024-07-30 07:45:00+00:00,296.55,297.1,296.5,296.5,465
2024-07-30 07:50:00+00:00,296.5,296.95,296.3,296.55,4589
2024-07-30 07:55:00+00:00,296.55,297.3,296.35,297.3,792
2024-07-30 08:00:00+00:00,297.3,297.3,296.55,297.15,3006
2024-07-30 08:05:00+00:00,296.8,297.45,296.8,297.25,567
2024-07-30 08:10:00+00:00,297.25,301.0,297.05,300.5,31901
2024-07-30 08:15:00+00:00,300.5,300.8,300.2,300.4,3804
2024-07-30 08:20:00+00:00,300.4,300.9,300.0,300.0,3146
2024-07-30 08:25:00+00:00,300.0,300.55,300.0,300.0,6390
2024-07-30 08:30:00+00:00,300.0,300.95,300.0,300.3,3714
2024-07-30 08:35:00+00:00,300.3,301.4,300.3,301.4,6408
2024-07-30 08:40:00+00:00,301.35,301.4,300.4,300.6,1979
2024-07-30 08:45:00+00:00,300.75,300.9,300.05,300.05,2708
2024-07-30 08:50:00+00:00,300.05,300.35,300.0,300.35,3262
2024-07-30 08:55:00+00:00,300.0,300.7,300.0,300.05,2953
2024-07-30 09:00:00+00:00,300.05,300.6,300.0,300.0,2004
2024-07-30 09:05:00+00:00,300.0,300.2,300.0,300.1,1963
2024-07-30 09:10:00+00:00,300.1,300.15,300.0,300.15,3326
2024-07-30 09:15:00+00:00,300.15,300.15,298.45,299.2,6458
2024-07-30 09:20:00+00:00,299.2,299.35,298.5,299.35,4141
2024-07-30 09:25:00+00:00,299.35,299.35,298.5,298.95,2928
2024-07-30 09:30:00+00:00,298.95,299.0,298.3,298.9,2946
2024-07-30 09:35:00+00:00,298.9,298.9,297.05,297.65,8881
2024-07-30 09:40:00+00:00,297.95,298.25,297.15,297.85,6275
2024-07-30 09:45:00+00:00,298.0,298.0,297.25,298.0,8288
2024-07-30 09:50:00+00:00,298.0,298.0,297.1,297.15,12596
2024-07-30 09:55:00+00:00,297.15,299.9,297.1,298.0,11461
2024-07-31 03:45:00+00:00,299.8,299.8,296.15,296.15,11964
2024-07-31 03:50:00+00:00,296.55,298.0,295.5,297.35,14590
2024-07-31 03:55:00+00:00,297.35,298.25,294.05,297.75,22486
2024-07-31 04:00:00+00:00,297.75,297.9,296.3,297.0,4946
2024-07-31 04:05:00+00:00,297.0,297.45,295.8,296.2,4064
2024-07-31 04:10:00+00:00,296.6,296.75,295.8,296.7,3533
2024-07-31 04:15:00+00:00,296.7,297.05,295.8,296.4,1719
2024-07-31 04:20:00+00:00,296.4,296.7,295.8,296.2,3451
2024-07-31 04:25:00+00:00,296.5,296.75,295.8,296.55,5391
2024-07-31 04:30:00+00:00,296.55,296.75,295.2,296.2,4620
2024-07-31 04:35:00+00:00,296.2,296.2,294.6,295.0,10468
2024-07-31 04:40:00+00:00,295.0,295.35,294.3,295.2,7454
2024-07-31 04:45:00+00:00,295.2,295.35,294.75,295.05,2310
2024-07-31 04:50:00+00:00,294.8,295.4,294.0,294.5,18755
2024-07-31 04:55:00+00:00,294.7,295.0,294.5,295.0,4716
2024-07-31 05:00:00+00:00,295.0,295.0,294.05,294.85,4174
2024-07-31 05:05:00+00:00,294.85,294.95,293.95,294.95,10928
2024-07-31 05:10:00+00:00,294.95,295.0,294.7,295.0,1364
2024-07-31 05:15:00+00:00,294.55,295.0,294.0,294.8,1939
2024-07-31 05:20:00+00:00,294.8,295.0,294.35,294.95,514
2024-07-31 05:25:00+00:00,294.95,294.95,294.4,294.5,573
2024-07-31 05:30:00+00:00,294.5,294.85,294.0,294.5,1733
2024-07-31 05:35:00+00:00,294.5,294.5,293.45,294.5,4621
2024-07-31 05:40:00+00:00,294.5,294.5,293.7,294.2,2538
2024-07-31 05:45:00+00:00,294.2,294.5,292.95,293.8,18571
2024-07-31 05:50:00+00:00,293.8,294.0,293.6,293.75,1502
2024-07-31 05:55:00+00:00,294.2,294.2,293.35,294.15,2053
2024-07-31 06:00:00+00:00,294.1,294.25,293.4,293.75,2470
2024-07-31 06:05:00+00:00,293.75,294.35,293.75,294.35,753
2024-07-31 06:10:00+00:00,294.05,294.3,293.35,294.3,1884
2024-07-31 06:15:00+00:00,294.3,294.3,294.0,294.3,16
2024-07-31 06:20:00+00:00,293.9,294.3,293.15,294.3,5073
2024-07-31 06:25:00+00:00,294.3,294.3,293.8,293.8,334
2024-07-31 06:30:00+00:00,293.8,294.5,293.8,294.5,3272
2024-07-31 06:35:00+00:00,294.5,294.5,294.05,294.05,795
2024-07-31 06:40:00+00:00,294.05,294.45,293.7,294.4,473
2024-07-31 06:45:00+00:00,294.4,294.45,293.6,293.6,2489
2024-07-31 06:50:00+00:00,293.6,293.9,293.4,293.5,1353
2024-07-31 06:55:00+00:00,293.5,294.2,293.25,294.0,5946
2024-07-31 07:00:00+00:00,294.0,294.0,293.05,293.05,1924
2024-07-31 07:05:00+00:00,293.05,293.6,293.0,293.4,2274
2024-07-31 07:10:00+00:00,293.4,293.5,293.0,293.0,1807
2024-07-31 07:15:00+00:00,293.0,293.5,293.0,293.5,740
2024-07-31 07:20:00+00:00,293.5,293.6,293.3,293.6,1510
2024-07-31 07:25:00+00:00,293.6,294.0,293.3,293.7,2136
2024-07-31 07:30:00+00:00,294.0,294.0,293.0,293.0,1845
2024-07-31 07:35:00+00:00,293.0,293.0,292.9,292.9,1335
2024-07-31 07:40:00+00:00,292.9,293.0,292.5,293.0,2807
2024-07-31 07:45:00+00:00,293.0,293.65,292.6,292.95,11498
2024-07-31 07:50:00+00:00,292.95,293.0,292.6,292.95,3795
2024-07-31 07:55:00+00:00,292.95,293.0,292.85,292.85,1617
2024-07-31 08:00:00+00:00,292.85,293.0,292.8,293.0,1960
2024-07-31 08:05:00+00:00,293.0,293.0,292.85,292.85,395
2024-07-31 08:10:00+00:00,292.85,293.0,292.65,292.85,1563
2024-07-31 08:15:00+00:00,292.85,293.4,292.2,292.95,2032
2024-07-31 08:20:00+00:00,292.95,293.35,292.8,293.2,2101
2024-07-31 08:25:00+00:00,293.2,293.5,293.15,293.45,1583
2024-07-31 08:30:00+00:00,293.45,293.5,292.75,293.0,2515
2024-07-31 08:35:00+00:00,293.0,293.4,291.7,292.4,9839
2024-07-31 08:40:00+00:00,292.4,292.4,291.5,292.15,2415
2024-07-31 08:45:00+00:00,292.15,292.15,291.85,292.1,1267
2024-07-31 08:50:00+00:00,292.1,292.1,290.95,290.95,7734
2024-07-31 08:55:00+00:00,291.5,292.0,291.3,291.5,7386
2024-07-31 09:00:00+00:00,291.5,291.7,291.4,291.7,1253
2024-07-31 09:05:00+00:00,291.65,291.75,291.15,291.75,3125
2024-07-31 09:10:00+00:00,291.75,291.95,291.45,291.85,2871
2024-07-31 09:15:00+00:00,291.85,291.9,291.4,291.85,1216
2024-07-31 09:20:00+00:00,291.85,291.95,291.65,291.7,1002
2024-07-31 09:25:00+00:00,291.7,291.95,291.3,291.8,2750
2024-07-31 09:30:00+00:00,291.85,291.95,291.45,291.85,3932
2024-07-31 09:35:00+00:00,291.85,291.85,291.2,291.55,4116
2024-07-31 09:40:00+00:00,291.75,291.75,291.0,291.65,8570
2024-07-31 09:45:00+00:00,291.65,291.65,290.7,291.4,6779
2024-07-31 09:50:00+00:00,291.4,292.0,291.05,292.0,10186
2024-07-31 09:55:00+00:00,292.0,292.0,290.85,291.5,19906
2024-08-01 03:45:00+00:00,292.55,296.0,292.0,292.25,17421
2024-08-01 03:50:00+00:00,292.25,293.25,292.25,292.8,5208
2024-08-01 03:55:00+00:00,292.85,293.15,292.1,292.7,6561
2024-08-01 04:00:00+00:00,292.7,293.0,291.8,292.6,10586
2024-08-01 04:05:00+00:00,292.6,292.65,291.25,292.45,5721
2024-08-01 04:10:00+00:00,292.6,292.65,291.95,292.65,2479
2024-08-01 04:15:00+00:00,292.65,292.95,291.0,292.0,6795
2024-08-01 04:20:00+00:00,292.25,292.7,292.1,292.45,1456
2024-08-01 04:25:00+00:00,292.45,292.75,291.1,292.05,6189
2024-08-01 04:30:00+00:00,292.05,292.3,291.1,291.95,5576
2024-08-01 04:35:00+00:00,291.95,291.95,290.2,290.65,6928
2024-08-01 04:40:00+00:00,290.65,290.85,289.0,290.0,9967
2024-08-01 04:45:00+00:00,290.0,290.0,288.1,289.25,7165
2024-08-01 04:50:00+00:00,289.25,289.45,288.6,289.0,3712
2024-08-01 04:55:00+00:00,289.0,289.0,287.4,288.0,13572
2024-08-01 05:00:00+00:00,288.0,288.0,287.05,287.7,6369
2024-08-01 05:05:00+00:00,287.7,288.0,287.3,287.65,3562
2024-08-01 05:10:00+00:00,287.65,288.0,287.5,287.95,6364
2024-08-01 05:15:00+00:00,287.95,288.0,287.0,287.05,4764
2024-08-01 05:20:00+00:00,287.05,287.95,287.05,287.9,6667
2024-08-01 05:25:00+00:00,287.9,287.95,287.6,287.95,2790
2024-08-01 05:30:00+00:00,287.95,288.0,287.7,287.75,5748
2024-08-01 05:35:00+00:00,288.0,289.8,288.0,289.75,9965
2024-08-01 05:40:00+00:00,289.75,289.75,289.15,289.45,554
2024-08-01 05:45:00+00:00,289.45,289.55,289.0,289.35,2085
2024-08-01 05:50:00+00:00,289.35,289.75,289.0,289.0,1640
2024-08-01 05:55:00+00:00,289.0,289.75,289.0,289.45,2187
2024-08-01 06:00:00+00:00,289.45,289.6,289.0,289.0,901
2024-08-01 06:05:00+00:00,289.0,289.4,289.0,289.3,559
2024-08-01 06:10:00+00:00,289.3,289.5,288.5,288.9,5106
2024-08-01 06:15:00+00:00,288.9,289.0,288.55,288.55,523
2024-08-01 06:20:00+00:00,288.55,288.9,288.5,288.65,819
2024-08-01 06:25:00+00:00,288.5,288.75,287.85,288.0,3126
2024-08-01 06:30:00+00:00,288.0,288.85,287.85,288.85,3213
2024-08-01 06:35:00+00:00,288.8,288.8,287.5,287.5,4227
2024-08-01 06:40:00+00:00,287.5,287.65,287.0,287.2,3507
2024-08-01 06:45:00+00:00,287.2,287.2,285.25,286.95,9514
2024-08-01 06:50:00+00:00,286.95,287.0,282.5,283.7,23482
2024-08-01 06:55:00+00:00,283.9,284.9,283.2,284.75,9430
2024-08-01 07:00:00+00:00,284.85,285.15,283.5,284.95,19813
2024-08-01 07:05:00+00:00,285.0,285.55,284.25,284.25,3367
2024-08-01 07:10:00+00:00,284.25,284.9,283.75,284.9,5476
2024-08-01 07:15:00+00:00,285.25,285.9,284.8,285.9,1198
2024-08-01 07:20:00+00:00,285.9,286.05,285.2,286.05,4493
2024-08-01 07:25:00+00:00,285.75,285.95,284.8,285.6,3525
2024-08-01 07:30:00+00:00,285.65,286.0,284.65,285.55,5587
2024-08-01 07:35:00+00:00,285.55,286.95,285.55,286.55,3403
2024-08-01 07:40:00+00:00,286.55,286.65,286.05,286.05,372
2024-08-01 07:45:00+00:00,286.05,286.5,286.0,286.35,666
2024-08-01 07:50:00+00:00,286.35,286.95,286.0,286.25,6313
2024-08-01 07:55:00+00:00,286.25,288.2,286.25,287.0,9212
2024-08-01 08:00:00+00:00,287.0,287.95,286.1,286.7,2145
2024-08-01 08:05:00+00:00,286.7,287.6,286.7,287.1,219
2024-08-01 08:10:00+00:00,287.1,287.85,287.1,287.3,1402
2024-08-01 08:15:00+00:00,287.3,287.45,286.05,286.55,1799
2024-08-01 08:20:00+00:00,286.55,286.9,286.05,286.5,1257
2024-08-01 08:25:00+00:00,286.5,286.7,286.45,286.45,256
2024-08-01 08:30:00+00:00,286.75,287.0,286.55,287.0,585
2024-08-01 08:35:00+00:00,287.0,287.65,286.35,286.85,7636
2024-08-01 08:40:00+00:00,286.85,287.25,286.5,286.5,740
2024-08-01 08:45:00+00:00,286.5,286.6,285.55,286.0,1618
2024-08-01 08:50:00+00:00,286.0,286.35,285.4,286.35,1892
2024-08-01 08:55:00+00:00,286.35,286.35,285.0,285.95,4184
2024-08-01 09:00:00+00:00,285.95,285.95,284.05,284.55,3757
2024-08-01 09:05:00+00:00,284.55,284.75,284.1,284.15,2670
2024-08-01 09:10:00+00:00,284.15,285.8,284.1,285.8,2884
2024-08-01 09:15:00+00:00,285.8,286.6,285.3,286.4,2052
2024-08-01 09:20:00+00:00,286.4,286.55,286.0,286.55,303
2024-08-01 09:25:00+00:00,286.55,286.55,286.0,286.35,933
2024-08-01 09:30:00+00:00,286.35,286.35,285.95,286.1,571
2024-08-01 09:35:00+00:00,286.1,286.1,285.2,285.95,1805
2024-08-01 09:40:00+00:00,285.95,286.2,285.25,285.8,3683
2024-08-01 09:45:00+00:00,285.8,285.9,285.15,285.85,4343
2024-08-01 09:50:00+00:00,285.8,285.8,285.0,285.2,7222
2024-08-01 09:55:00+00:00,285.2,287.5,285.2,287.5,6093
2024-08-02 03:45:00+00:00,279.0,285.45,278.65,284.35,34410
2024-08-02 03:50:00+00:00,284.95,287.05,283.75,287.05,7070
2024-08-02 03:55:00+00:00,287.05,287.6,285.25,285.3,14902
2024-08-02 04:00:00+00:00,285.3,286.85,284.95,286.75,6998
2024-08-02 04:05:00+00:00,286.75,286.95,284.1,284.1,5795
2024-08-02 04:10:00+00:00,284.1,284.5,283.05,283.05,3071
2024-08-02 04:15:00+00:00,283.05,283.65,282.1,283.65,5730
2024-08-02 04:20:00+00:00,283.65,284.85,282.8,284.35,4646
2024-08-02 04:25:00+00:00,284.35,284.85,283.7,284.6,2436
2024-08-02 04:30:00+00:00,284.6,286.05,283.55,283.8,6002
2024-08-02 04:35:00+00:00,283.8,285.0,283.55,284.4,9358
2024-08-02 04:40:00+00:00,284.4,286.5,284.4,286.2,4263
2024-08-02 04:45:00+00:00,286.2,287.0,286.05,286.95,2147
2024-08-02 04:50:00+00:00,286.95,287.3,286.55,287.2,4955
2024-08-02 04:55:00+00:00,287.4,290.0,287.4,289.2,27307
2024-08-02 05:00:00+00:00,289.2,290.0,289.2,290.0,4662
2024-08-02 05:05:00+00:00,290.0,290.0,289.1,289.3,2471
2024-08-02 05:10:00+00:00,289.3,290.0,288.7,289.4,4756
2024-08-02 05:15:00+00:00,289.4,289.4,288.55,289.25,1652
2024-08-02 05:20:00+00:00,289.25,289.25,288.35,289.0,4227
2024-08-02 05:25:00+00:00,289.0,289.3,289.0,289.0,719
2024-08-02 05:30:00+00:00,289.0,289.3,288.15,288.35,6609
2024-08-02 05:35:00+00:00,288.35,289.4,288.15,288.95,3772
2024-08-02 05:40:00+00:00,288.95,289.5,288.35,289.05,2047
2024-08-02 05:45:00+00:00,289.05,289.15,288.55,288.75,499
2024-08-02 05:50:00+00:00,288.75,289.2,287.65,287.95,12201
2024-08-02 05:55:00+00:00,287.95,287.95,286.85,286.85,2955
2024-08-02 06:00:00+00:00,286.85,287.25,286.0,286.0,2468
2024-08-02 06:05:00+00:00,286.0,286.0,284.25,285.0,7621
2024-08-02 06:10:00+00:00,285.0,285.65,284.45,284.9,3474
2024-08-02 06:15:00+00:00,284.9,285.6,284.9,285.1,1830
2024-08-02 06:20:00+00:00,285.1,285.4,284.8,284.9,879
2024-08-02 06:25:00+00:00,284.9,285.75,284.6,285.25,1056
2024-08-02 06:30:00+00:00,285.15,285.55,284.0,284.45,6824
2024-08-02 06:35:00+00:00,284.45,285.5,284.45,284.9,2097
2024-08-02 06:40:00+00:00,284.9,285.1,284.15,284.8,4313
2024-08-02 06:45:00+00:00,284.8,285.15,284.55,284.95,4480
2024-08-02 06:50:00+00:00,284.85,284.95,284.35,284.65,235
2024-08-02 06:55:00+00:00,284.65,284.65,283.5,284.35,8848
2024-08-02 07:00:00+00:00,284.35,285.0,284.0,284.6,2868
2024-08-02 07:05:00+00:00,284.6,284.9,284.0,284.6,1346
2024-08-02 07:10:00+00:00,284.6,285.3,284.6,284.75,1140
2024-08-02 07:15:00+00:00,284.7,285.1,283.95,283.95,2757
2024-08-02 07:20:00+00:00,283.95,284.65,283.95,284.65,1213
2024-08-02 07:25:00+00:00,284.65,284.65,283.75,284.25,676
2024-08-02 07:30:00+00:00,284.6,284.85,284.1,284.5,2558
2024-08-02 07:35:00+00:00,284.5,284.95,284.1,284.1,1408
2024-08-02 07:40:00+00:00,284.1,284.85,284.1,284.85,759
2024-08-02 07:45:00+00:00,284.85,284.85,284.15,284.15,470
2024-08-02 07:50:00+00:00,284.15,284.5,284.1,284.5,420
2024-08-02 07:55:00+00:00,284.5,285.0,284.45,284.95,2018
2024-08-02 08:00:00+00:00,284.95,285.25,284.3,285.2,4280
2024-08-02 08:05:00+00:00,285.2,286.3,284.9,286.3,3035
2024-08-02 08:10:00+00:00,286.3,287.0,285.9,285.95,3576
2024-08-02 08:15:00+00:00,285.95,285.95,284.9,285.0,4654
2024-08-02 08:20:00+00:00,285.0,285.55,284.4,285.15,2538
2024-08-02 08:25:00+00:00,285.15,285.15,284.25,284.5,3111
2024-08-02 08:30:00+00:00,284.75,285.25,284.6,285.2,1293
2024-08-02 08:35:00+00:00,285.2,285.2,284.45,284.8,2005
2024-08-02 08:40:00+00:00,284.8,284.8,284.3,284.65,913
2024-08-02 08:45:00+00:00,284.65,284.75,283.95,284.0,3598
2024-08-02 08:50:00+00:00,284.0,284.95,284.0,284.05,934
2024-08-02 08:55:00+00:00,284.05,284.7,284.05,284.5,631
2024-08-02 09:00:00+00:00,284.5,284.6,283.7,283.8,1785
2024-08-02 09:05:00+00:00,283.8,284.0,283.35,283.85,3320
2024-08-02 09:10:00+00:00,283.85,284.8,283.7,284.05,1912
2024-08-02 09:15:00+00:00,284.05,284.25,283.55,284.25,1647
2024-08-02 09:20:00+00:00,284.25,284.95,283.65,284.5,2794
2024-08-02 09:25:00+00:00,284.1,284.6,283.8,284.5,2626
2024-08-02 09:30:00+00:00,284.5,284.5,283.8,284.05,3984
2024-08-02 09:35:00+00:00,284.4,284.9,284.1,284.25,1416
2024-08-02 09:40:00+00:00,284.25,284.65,284.0,284.0,2253
2024-08-02 09:45:00+00:00,284.0,284.65,284.0,284.5,5380
2024-08-02 09:50:00+00:00,284.45,285.35,284.1,284.85,6574
2024-08-02 09:55:00+00:00,284.85,288.0,284.35,286.55,12615
2024-08-05 03:45:00+00:00,274.95,279.95,272.25,277.65,40800
2024-08-05 03:50:00+00:00,277.65,278.0,272.55,273.2,23653
2024-08-05 03:55:00+00:00,273.2,274.65,271.0,271.4,40975
2024-08-05 04:00:00+00:00,271.9,278.95,270.25,278.0,28623
2024-08-05 04:05:00+00:00,278.0,278.7,277.0,278.0,11821
2024-08-05 04:10:00+00:00,278.0,278.6,277.7,278.0,9049
2024-08-05 04:15:00+00:00,278.0,278.25,277.05,277.95,8284
2024-08-05 04:20:00+00:00,277.95,278.85,277.75,278.15,3516
2024-08-05 04:25:00+00:00,278.15,279.1,278.0,278.05,9137
2024-08-05 04:30:00+00:00,278.05,278.5,277.15,277.35,5613
2024-08-05 04:35:00+00:00,277.35,277.55,276.3,277.55,14247
2024-08-05 04:40:00+00:00,277.55,278.3,275.95,276.3,9423
2024-08-05 04:45:00+00:00,276.3,276.3,273.8,276.15,11776
2024-08-05 04:50:00+00:00,276.15,276.5,275.35,276.45,3684
2024-08-05 04:55:00+00:00,276.35,276.4,274.9,275.25,12673
2024-08-05 05:00:00+00:00,275.5,275.5,274.3,274.55,2375
2024-08-05 05:05:00+00:00,274.55,275.2,273.85,274.35,4498
2024-08-05 05:10:00+00:00,274.35,274.7,273.55,274.35,3485
2024-08-05 05:15:00+00:00,274.35,274.75,273.55,273.55,2507
2024-08-05 05:20:00+00:00,273.55,274.25,272.65,273.35,4429
2024-08-05 05:25:00+00:00,273.35,273.45,272.55,272.55,10773
2024-08-05 05:30:00+00:00,272.55,273.15,271.75,272.2,6139
2024-08-05 05:35:00+00:00,272.45,273.45,271.5,272.9,4014
2024-08-05 05:40:00+00:00,272.9,272.95,271.1,271.15,4783
2024-08-05 05:45:00+00:00,271.15,272.0,271.0,271.35,8229
2024-08-05 05:50:00+00:00,271.35,271.45,270.0,270.7,8617
2024-08-05 05:55:00+00:00,270.7,273.0,270.3,273.0,5660
2024-08-05 06:00:00+00:00,273.0,273.0,271.35,272.25,6671
2024-08-05 06:05:00+00:00,272.25,273.0,271.7,273.0,2444
2024-08-05 06:10:00+00:00,273.0,274.45,272.8,272.8,2788
2024-08-05 06:15:00+00:00,272.85,273.95,272.6,273.95,10375
2024-08-05 06:20:00+00:00,273.95,274.05,273.0,273.25,2416
2024-08-05 06:25:00+00:00,273.25,273.75,272.4,272.45,3713
2024-08-05 06:30:00+00:00,272.45,273.0,272.05,272.75,2127
2024-08-05 06:35:00+00:00,272.75,272.8,272.1,272.3,1788
2024-08-05 06:40:00+00:00,272.3,273.9,272.2,273.9,6589
2024-08-05 06:45:00+00:00,273.9,274.4,273.1,273.9,2158
2024-08-05 06:50:00+00:00,273.9,274.4,273.7,273.9,1719
2024-08-05 06:55:00+00:00,273.55,273.95,273.05,273.7,3568
2024-08-05 07:00:00+00:00,273.7,273.7,272.1,272.9,3410
2024-08-05 07:05:00+00:00,272.9,272.9,271.3,271.75,4634
2024-08-05 07:10:00+00:00,271.75,272.1,271.3,271.5,1131
2024-08-05 07:15:00+00:00,271.5,272.05,271.0,271.55,3841
2024-08-05 07:20:00+00:00,271.55,271.85,271.25,271.45,1602
2024-08-05 07:25:00+00:00,271.1,271.45,270.05,270.3,4496
2024-08-05 07:30:00+00:00,270.2,270.8,269.1,270.55,15751
2024-08-05 07:35:00+00:00,270.55,271.7,270.3,271.2,4733
2024-08-05 07:40:00+00:00,271.2,272.0,271.2,272.0,5694
2024-08-05 07:45:00+00:00,272.0,273.2,272.0,272.5,11050
2024-08-05 07:50:00+00:00,272.4,272.5,271.2,271.2,9226
2024-08-05 07:55:00+00:00,271.2,271.9,271.2,271.9,2155
2024-08-05 08:00:00+00:00,271.9,272.0,271.3,272.0,2281
2024-08-05 08:05:00+00:00,272.0,272.0,271.5,272.0,4279
2024-08-05 08:10:00+00:00,272.0,273.75,271.6,272.6,15321
2024-08-05 08:15:00+00:00,272.6,273.45,272.35,273.45,2092
2024-08-05 08:20:00+00:00,273.45,274.4,273.05,273.5,3286
2024-08-05 08:25:00+00:00,273.5,273.5,272.25,272.85,3174
2024-08-05 08:30:00+00:00,272.85,273.7,272.4,272.9,2048
2024-08-05 08:35:00+00:00,272.9,272.9,272.05,272.4,447
2024-08-05 08:40:00+00:00,272.4,272.45,271.05,272.0,5810
2024-08-05 08:45:00+00:00,272.0,272.15,271.5,271.95,1408
2024-08-05 08:50:00+00:00,271.95,272.05,271.25,271.7,2159
2024-08-05 08:55:00+00:00,271.7,271.7,270.8,271.0,2514
2024-08-05 09:00:00+00:00,271.0,271.45,271.0,271.35,1949
2024-08-05 09:05:00+00:00,271.35,271.85,271.15,271.55,506
2024-08-05 09:10:00+00:00,271.55,272.6,271.05,272.6,1672
2024-08-05 09:15:00+00:00,272.6,272.85,272.05,272.65,1973
2024-08-05 09:20:00+00:00,272.65,272.75,271.0,271.6,5335
2024-08-05 09:25:00+00:00,271.6,271.7,269.9,270.8,16935
2024-08-05 09:30:00+00:00,270.8,270.9,270.0,270.7,4958
2024-08-05 09:35:00+00:00,270.7,271.0,270.05,271.0,3899
2024-08-05 09:40:00+00:00,271.0,271.25,270.0,270.85,3186
2024-08-05 09:45:00+00:00,270.85,270.85,269.8,270.3,11492
2024-08-05 09:50:00+00:00,270.3,270.55,269.7,270.1,7569
2024-08-05 09:55:00+00:00,270.1,273.65,270.0,272.7,16074
2024-08-06 03:45:00+00:00,280.0,280.0,276.3,278.1,9778
2024-08-06 03:50:00+00:00,278.1,278.65,275.45,276.1,14451
2024-08-06 03:55:00+00:00,276.1,276.45,273.55,274.7,16963
2024-08-06 04:00:00+00:00,274.95,274.95,272.25,272.95,11033
2024-08-06 04:05:00+00:00,272.95,274.7,272.6,273.55,5247
2024-08-06 04:10:00+00:00,274.05,274.1,272.15,272.45,8241
2024-08-06 04:15:00+00:00,272.45,272.95,271.3,272.1,12226
2024-08-06 04:20:00+00:00,272.1,273.85,272.0,273.55,11009
2024-08-06 04:25:00+00:00,273.55,273.65,272.45,273.65,8098
2024-08-06 04:30:00+00:00,273.65,274.35,273.65,273.75,3122
2024-08-06 04:35:00+00:00,274.0,274.65,273.25,274.65,4123
2024-08-06 04:40:00+00:00,274.65,274.65,272.7,273.65,3544
2024-08-06 04:45:00+00:00,273.7,273.7,273.2,273.55,775
2024-08-06 04:50:00+00:00,273.55,276.95,272.15,275.0,57258
2024-08-06 04:55:00+00:00,275.0,276.0,274.25,274.25,8241
2024-08-06 05:00:00+00:00,274.25,275.45,273.25,273.8,2587
2024-08-06 05:05:00+00:00,273.8,273.8,273.0,273.7,4999
2024-08-06 05:10:00+00:00,273.7,273.95,273.0,273.3,3281
2024-08-06 05:15:00+00:00,273.3,274.0,273.0,273.0,4445
2024-08-06 05:20:00+00:00,273.0,274.35,273.0,273.9,1473
2024-08-06 05:25:00+00:00,273.9,274.8,273.35,274.8,2560
2024-08-06 05:30:00+00:00,274.8,275.0,274.05,274.55,1644
2024-08-06 05:35:00+00:00,273.95,274.8,273.7,274.75,2267
2024-08-06 05:40:00+00:00,274.75,275.15,273.6,274.55,7092
2024-08-06 05:45:00+00:00,274.55,275.0,274.55,275.0,328
2024-08-06 05:50:00+00:00,275.0,275.0,274.3,275.0,1165
2024-08-06 05:55:00+00:00,274.95,274.95,274.5,274.65,413
2024-08-06 06:00:00+00:00,274.65,274.9,274.0,274.9,2536
2024-08-06 06:05:00+00:00,274.9,274.9,274.5,274.6,306
2024-08-06 06:10:00+00:00,274.6,274.8,274.6,274.8,661
2024-08-06 06:15:00+00:00,274.8,275.0,274.6,274.6,2912
2024-08-06 06:20:00+00:00,274.6,275.0,274.1,274.8,4546
2024-08-06 06:25:00+00:00,274.8,274.8,274.35,274.8,421
2024-08-06 06:30:00+00:00,274.8,275.0,274.4,274.95,979
2024-08-06 06:35:00+00:00,274.95,275.0,274.5,274.85,289
2024-08-06 06:40:00+00:00,274.85,274.9,274.4,274.8,654
2024-08-06 06:45:00+00:00,274.8,276.0,274.7,275.65,9205
2024-08-06 06:50:00+00:00,275.65,276.2,275.0,275.1,2373
2024-08-06 06:55:00+00:00,275.1,275.1,274.55,274.95,739
2024-08-06 07:00:00+00:00,274.95,274.95,274.55,274.75,959
2024-08-06 07:05:00+00:00,274.75,275.0,274.4,275.0,703
2024-08-06 07:10:00+00:00,275.0,275.0,274.3,274.7,334
2024-08-06 07:15:00+00:00,274.7,275.0,274.6,274.6,342
2024-08-06 07:20:00+00:00,274.6,274.7,274.1,274.2,1762
2024-08-06 07:25:00+00:00,274.2,274.7,274.0,274.15,1445
2024-08-06 07:30:00+00:00,274.15,274.15,273.55,274.0,2877
2024-08-06 07:35:00+00:00,273.95,274.5,273.85,274.5,3593
2024-08-06 07:40:00+00:00,274.5,274.5,273.15,273.7,671
2024-08-06 07:45:00+00:00,273.7,274.3,273.0,273.0,5286
2024-08-06 07:50:00+00:00,273.0,273.7,273.0,273.25,365
2024-08-06 07:55:00+00:00,273.25,273.8,273.25,273.75,517
2024-08-06 08:00:00+00:00,273.75,273.75,273.25,273.55,137
2024-08-06 08:05:00+00:00,273.55,273.55,271.8,271.8,20430
2024-08-06 08:10:00+00:00,271.8,272.0,271.3,271.3,3147
2024-08-06 08:15:00+00:00,271.3,271.5,270.3,271.4,2965
2024-08-06 08:20:00+00:00,271.4,271.45,270.05,271.0,1881
2024-08-06 08:25:00+00:00,271.0,272.5,271.0,272.5,1351
2024-08-06 08:30:00+00:00,272.5,272.5,271.4,271.4,242
2024-08-06 08:35:00+00:00,271.4,271.4,269.6,269.6,6326
2024-08-06 08:40:00+00:00,269.6,269.9,268.4,269.6,5292
2024-08-06 08:45:00+00:00,269.6,269.6,266.05,266.6,16700
2024-08-06 08:50:00+00:00,266.6,268.45,266.55,267.2,8543
2024-08-06 08:55:00+00:00,267.2,268.0,265.6,266.25,9520
2024-08-06 09:00:00+00:00,266.35,267.25,266.35,267.0,6960
2024-08-06 09:05:00+00:00,267.0,267.55,266.8,267.15,3509
2024-08-06 09:10:00+00:00,267.15,267.4,266.3,266.3,2362
2024-08-06 09:15:00+00:00,266.3,266.45,265.05,266.1,6083
2024-08-06 09:20:00+00:00,266.1,266.1,264.25,265.35,16555
2024-08-06 09:25:00+00:00,265.95,267.8,265.95,266.8,5253
2024-08-06 09:30:00+00:00,266.8,266.85,266.0,266.45,2753
2024-08-06 09:35:00+00:00,266.85,266.95,265.8,266.75,1964
2024-08-06 09:40:00+00:00,266.85,266.85,263.25,263.7,9036
2024-08-06 09:45:00+00:00,263.7,264.7,263.25,264.65,5566
2024-08-06 09:50:00+00:00,264.8,266.0,264.15,264.6,9805
2024-08-06 09:55:00+00:00,264.6,272.5,264.0,268.95,10496
2024-08-07 03:45:00+00:00,274.95,276.6,270.6,271.25,23442
2024-08-07 03:50:00+00:00,271.25,271.25,269.0,269.05,11550
2024-08-07 03:55:00+00:00,268.95,269.05,267.4,268.75,9113
2024-08-07 04:00:00+00:00,268.5,270.1,268.25,270.0,5644
2024-08-07 04:05:00+00:00,270.0,270.95,269.35,269.9,6521
2024-08-07 04:10:00+00:00,270.0,270.3,269.2,270.15,3542
2024-08-07 04:15:00+00:00,270.15,271.0,269.4,269.4,4917
2024-08-07 04:20:00+00:00,269.4,270.15,269.4,269.7,1346
2024-08-07 04:25:00+00:00,269.7,270.2,269.15,269.15,2307
2024-08-07 04:30:00+00:00,269.15,270.5,269.15,269.4,1577
2024-08-07 04:35:00+00:00,269.25,269.35,268.6,268.85,10075
2024-08-07 04:40:00+00:00,268.85,269.85,268.05,268.65,2908
2024-08-07 04:45:00+00:00,268.55,269.85,268.55,269.85,1154
2024-08-07 04:50:00+00:00,269.85,270.4,269.85,270.15,859
2024-08-07 04:55:00+00:00,270.15,272.25,269.9,272.25,4126
2024-08-07 05:00:00+00:00,272.25,272.4,271.3,271.7,2487
2024-08-07 05:05:00+00:00,271.7,272.05,271.2,272.0,4516
2024-08-07 05:10:00+00:00,272.0,272.65,271.9,272.65,7771
2024-08-07 05:15:00+00:00,272.65,272.65,271.6,272.35,2376
2024-08-07 05:20:00+00:00,272.35,273.0,271.85,273.0,4589
2024-08-07 05:25:00+00:00,273.0,274.35,272.95,273.05,9323
2024-08-07 05:30:00+00:00,273.05,273.55,272.5,273.1,2157
2024-08-07 05:35:00+00:00,273.1,274.1,273.1,273.5,3158
2024-08-07 05:40:00+00:00,273.25,273.3,272.5,272.8,2494
2024-08-07 05:45:00+00:00,272.45,273.1,272.4,272.4,3600
2024-08-07 05:50:00+00:00,272.4,272.95,272.3,272.8,717
2024-08-07 05:55:00+00:00,272.95,273.8,272.75,273.8,2386
2024-08-07 06:00:00+00:00,273.8,273.8,273.35,273.35,3328
2024-08-07 06:05:00+00:00,273.15,273.8,273.15,273.55,1228
2024-08-07 06:10:00+00:00,273.55,273.75,272.5,273.1,1997
2024-08-07 06:15:00+00:00,273.1,273.95,273.1,273.95,799
2024-08-07 06:20:00+00:00,274.25,274.9,274.1,274.75,1919
2024-08-07 06:25:00+00:00,274.75,275.0,274.4,274.7,2796
2024-08-07 06:30:00+00:00,274.7,274.7,274.05,274.1,945
2024-08-07 06:35:00+00:00,274.1,274.5,274.05,274.5,865
2024-08-07 06:40:00+00:00,274.5,274.5,274.05,274.35,1170
2024-08-07 06:45:00+00:00,274.35,274.35,273.9,274.3,679
2024-08-07 06:50:00+00:00,274.3,274.8,274.05,274.8,146
2024-08-07 06:55:00+00:00,274.8,275.35,274.5,275.3,5943
2024-08-07 07:00:00+00:00,275.3,275.3,274.6,275.05,919
2024-08-07 07:05:00+00:00,275.05,275.05,273.65,274.4,4773
2024-08-07 07:10:00+00:00,274.4,274.4,273.5,273.6,1251
2024-08-07 07:15:00+00:00,273.6,274.45,273.6,274.1,2758
2024-08-07 07:20:00+00:00,274.1,275.7,274.05,275.7,6778
2024-08-07 07:25:00+00:00,275.7,275.7,275.3,275.4,291
2024-08-07 07:30:00+00:00,275.4,275.9,275.4,275.9,928
2024-08-07 07:35:00+00:00,275.9,277.4,275.8,276.45,8545
2024-08-07 07:40:00+00:00,276.45,276.65,275.95,276.4,713
2024-08-07 07:45:00+00:00,276.4,276.5,276.35,276.35,1682
2024-08-07 07:50:00+00:00,276.35,276.65,275.15,275.95,10554
2024-08-07 07:55:00+00:00,275.95,276.05,275.6,275.65,441
2024-08-07 08:00:00+00:00,275.65,276.3,275.1,276.3,2012
2024-08-07 08:05:00+00:00,276.3,276.55,276.0,276.55,1056
2024-08-07 08:10:00+00:00,276.55,276.85,275.55,276.4,4753
2024-08-07 08:15:00+00:00,276.4,278.75,276.3,277.7,11626
2024-08-07 08:20:00+00:00,277.7,278.75,277.7,278.6,3002
2024-08-07 08:25:00+00:00,278.6,278.75,278.1,278.4,2420
2024-08-07 08:30:00+00:00,278.4,278.75,278.15,278.35,1695
2024-08-07 08:35:00+00:00,278.35,282.5,278.3,281.65,22228
2024-08-07 08:40:00+00:00,281.65,282.8,280.95,280.95,11862
2024-08-07 08:45:00+00:00,280.95,282.0,280.55,281.95,5121
2024-08-07 08:50:00+00:00,281.95,282.0,280.75,281.5,7294
2024-08-07 08:55:00+00:00,281.8,281.8,279.9,279.9,4687
2024-08-07 09:00:00+00:00,280.1,281.2,279.85,280.8,8610
2024-08-07 09:05:00+00:00,280.75,281.4,280.1,281.3,3139
2024-08-07 09:10:00+00:00,281.3,281.55,280.3,281.1,11923
2024-08-07 09:15:00+00:00,281.1,281.55,280.75,281.1,7616
2024-08-07 09:20:00+00:00,281.1,282.0,281.0,281.25,5387
2024-08-07 09:25:00+00:00,281.25,289.5,281.1,286.95,52190
2024-08-07 09:30:00+00:00,286.95,287.3,285.75,287.3,18444
2024-08-07 09:35:00+00:00,287.05,288.05,285.5,286.9,13985
2024-08-07 09:40:00+00:00,286.9,287.0,284.75,284.9,7730
2024-08-07 09:45:00+00:00,284.9,284.9,283.6,284.35,11362
2024-08-07 09:50:00+00:00,284.3,285.65,284.25,284.85,9434
2024-08-07 09:55:00+00:00,284.85,285.6,284.05,285.05,14029
2024-08-08 03:45:00+00:00,284.4,284.4,280.45,282.4,34223
2024-08-08 03:50:00+00:00,282.4,285.65,282.0,284.45,12045
2024-08-08 03:55:00+00:00,284.35,284.9,283.15,283.5,7956
2024-08-08 04:00:00+00:00,283.5,284.65,282.7,284.15,6044
2024-08-08 04:05:00+00:00,284.15,284.2,282.15,282.75,11984
2024-08-08 04:10:00+00:00,282.75,283.4,282.75,283.0,450
2024-08-08 04:15:00+00:00,283.0,284.35,283.0,283.75,2089
2024-08-08 04:20:00+00:00,283.75,284.0,282.6,283.2,5919
2024-08-08 04:25:00+00:00,283.2,283.75,282.45,282.45,5728
2024-08-08 04:30:00+00:00,282.45,282.95,281.4,281.95,5452
2024-08-08 04:35:00+00:00,281.95,281.95,281.0,281.6,4370
2024-08-08 04:40:00+00:00,281.6,283.0,281.4,282.9,1156
2024-08-08 04:45:00+00:00,282.9,283.85,282.25,282.45,9565
2024-08-08 04:50:00+00:00,282.45,282.95,282.4,282.95,171
2024-08-08 04:55:00+00:00,282.95,282.95,282.05,282.4,2268
2024-08-08 05:00:00+00:00,282.4,282.55,282.05,282.35,468
2024-08-08 05:05:00+00:00,282.35,283.0,282.25,282.6,618
2024-08-08 05:10:00+00:00,282.6,282.6,278.15,279.75,20170
2024-08-08 05:15:00+00:00,279.75,279.9,278.05,279.5,4233
2024-08-08 05:20:00+00:00,279.5,279.85,279.5,279.8,2032
2024-08-08 05:25:00+00:00,279.8,281.05,279.8,280.8,5312
2024-08-08 05:30:00+00:00,280.8,281.8,278.9,279.65,44028
2024-08-08 05:35:00+00:00,279.65,280.0,279.1,279.65,4094
2024-08-08 05:40:00+00:00,280.0,280.0,279.6,279.7,3035
2024-08-08 05:45:00+00:00,279.7,280.0,279.7,279.75,1116
2024-08-08 05:50:00+00:00,279.75,280.0,279.3,279.55,2040
2024-08-08 05:55:00+00:00,279.55,280.0,279.55,279.8,2032
2024-08-08 06:00:00+00:00,279.8,280.0,279.55,279.8,1612
2024-08-08 06:05:00+00:00,279.8,281.2,279.8,280.55,5674
2024-08-08 06:10:00+00:00,280.55,281.35,280.55,281.35,682
2024-08-08 06:15:00+00:00,281.35,281.35,280.5,281.3,911
2024-08-08 06:20:00+00:00,281.3,281.5,281.0,281.0,1055
2024-08-08 06:25:00+00:00,281.0,281.0,280.5,281.0,2077
2024-08-08 06:30:00+00:00,281.3,281.3,280.0,280.05,4619
2024-08-08 06:35:00+00:00,280.05,280.9,280.0,280.85,2450
2024-08-08 06:40:00+00:00,280.85,282.0,280.8,282.0,4374
2024-08-08 06:45:00+00:00,282.0,283.05,282.0,282.85,7041
2024-08-08 06:50:00+00:00,282.85,282.95,282.5,282.95,621
2024-08-08 06:55:00+00:00,282.95,282.95,282.55,282.7,608
2024-08-08 07:00:00+00:00,282.7,283.0,282.7,282.95,1569
2024-08-08 07:05:00+00:00,282.95,284.85,282.5,283.05,15945
2024-08-08 07:10:00+00:00,283.05,284.35,282.9,284.35,13126
2024-08-08 07:15:00+00:00,284.35,284.35,283.05,283.25,1215
2024-08-08 07:20:00+00:00,283.0,283.0,282.45,282.95,859
2024-08-08 07:25:00+00:00,282.95,294.0,282.0,289.15,59573
2024-08-08 07:30:00+00:00,289.0,298.95,288.95,298.2,373756
2024-08-08 07:35:00+00:00,298.45,302.2,292.3,293.05,367034
2024-08-08 07:40:00+00:00,293.05,293.25,290.35,291.35,57363
2024-08-08 07:45:00+00:00,291.35,293.6,291.0,292.0,29978
2024-08-08 07:50:00+00:00,292.0,292.9,291.15,292.9,25834
2024-08-08 07:55:00+00:00,292.9,293.4,291.9,292.0,21516
2024-08-08 08:00:00+00:00,292.0,292.0,287.2,288.8,63639
2024-08-08 08:05:00+00:00,288.8,291.65,288.8,291.65,21505
2024-08-08 08:10:00+00:00,291.55,291.8,290.0,290.0,34693
2024-08-08 08:15:00+00:00,290.0,291.5,290.0,291.25,12618
2024-08-08 08:20:00+00:00,291.25,291.25,290.05,291.1,9413
2024-08-08 08:25:00+00:00,291.1,291.1,289.8,289.95,4771
2024-08-08 08:30:00+00:00,289.95,291.1,289.85,290.5,2645
2024-08-08 08:35:00+00:00,290.5,291.75,290.1,290.75,17815
2024-08-08 08:40:00+00:00,290.75,291.85,290.45,290.45,3608
2024-08-08 08:45:00+00:00,290.45,291.5,290.45,291.35,10810
2024-08-08 08:50:00+00:00,291.35,291.4,290.1,290.3,6499
2024-08-08 08:55:00+00:00,290.3,291.45,290.2,291.4,2548
2024-08-08 09:00:00+00:00,291.4,291.45,290.05,290.5,13532
2024-08-08 09:05:00+00:00,290.5,290.5,289.35,289.6,4051
2024-08-08 09:10:00+00:00,289.6,290.0,288.6,288.6,4644
2024-08-08 09:15:00+00:00,288.6,290.4,288.55,290.4,4135
2024-08-08 09:20:00+00:00,290.4,290.55,289.25,289.85,4900
2024-08-08 09:25:00+00:00,289.2,289.65,288.8,289.15,6185
2024-08-08 09:30:00+00:00,289.5,290.5,289.4,290.4,5350
2024-08-08 09:35:00+00:00,290.4,290.5,288.5,290.0,13538
2024-08-08 09:40:00+00:00,290.0,290.4,288.6,288.95,20743
2024-08-08 09:45:00+00:00,288.95,289.7,287.05,287.25,29733
2024-08-08 09:50:00+00:00,287.45,287.8,285.8,287.5,30060
2024-08-08 09:55:00+00:00,287.5,288.75,287.5,288.0,17216
2024-08-09 03:45:00+00:00,294.0,294.0,290.4,291.0,35646
2024-08-09 03:50:00+00:00,291.0,292.0,290.45,290.75,12235
2024-08-09 03:55:00+00:00,290.75,290.9,289.55,289.85,12576
2024-08-09 04:00:00+00:00,289.85,290.85,287.95,287.95,19782
2024-08-09 04:05:00+00:00,287.9,289.15,287.6,289.15,13380
2024-08-09 04:10:00+00:00,289.0,289.6,288.65,289.05,7595
2024-08-09 04:15:00+00:00,289.1,290.0,288.8,290.0,3601
2024-08-09 04:20:00+00:00,290.0,290.85,289.7,289.85,3947
2024-08-09 04:25:00+00:00,289.85,290.4,288.75,289.85,9217
2024-08-09 04:30:00+00:00,289.85,289.9,288.65,288.8,2253
2024-08-09 04:35:00+00:00,288.8,289.0,287.7,287.95,6522
2024-08-09 04:40:00+00:00,287.95,288.25,286.65,287.45,9030
2024-08-09 04:45:00+00:00,287.45,288.0,286.5,287.95,8692
2024-08-09 04:50:00+00:00,287.95,288.2,287.05,288.2,6211
2024-08-09 04:55:00+00:00,288.2,288.5,286.35,287.05,7556
2024-08-09 05:00:00+00:00,287.05,287.05,285.35,286.0,11474
2024-08-09 05:05:00+00:00,286.0,286.3,285.25,285.25,3367
2024-08-09 05:10:00+00:00,285.25,286.0,285.05,285.5,4797
2024-08-09 05:15:00+00:00,285.5,286.65,285.5,286.4,2474
2024-08-09 05:20:00+00:00,286.4,286.8,286.15,286.15,6802
2024-08-09 05:25:00+00:00,286.15,286.4,284.6,285.35,8327
2024-08-09 05:30:00+00:00,285.35,285.95,285.0,285.9,1730
2024-08-09 05:35:00+00:00,285.9,285.9,285.2,285.2,796
2024-08-09 05:40:00+00:00,285.2,285.8,285.2,285.5,1351
2024-08-09 05:45:00+00:00,285.5,285.65,285.0,285.15,1995
2024-08-09 05:50:00+00:00,285.15,285.65,285.0,285.65,2446
2024-08-09 05:55:00+00:00,285.65,286.05,285.05,285.3,3035
2024-08-09 06:00:00+00:00,285.3,285.75,285.0,285.0,2048
2024-08-09 06:05:00+00:00,285.0,285.45,285.0,285.05,2115
2024-08-09 06:10:00+00:00,285.05,285.5,285.05,285.1,438
2024-08-09 06:15:00+00:00,285.1,286.5,285.1,286.5,1884
2024-08-09 06:20:00+00:00,286.5,286.7,286.3,286.35,871
2024-08-09 06:25:00+00:00,286.35,286.75,286.3,286.6,1602
2024-08-09 06:30:00+00:00,286.6,286.6,285.35,285.35,1893
2024-08-09 06:35:00+00:00,285.35,285.95,285.3,285.6,2382
2024-08-09 06:40:00+00:00,285.6,286.45,285.45,286.0,1686
2024-08-09 06:45:00+00:00,286.0,286.4,285.6,285.6,383
2024-08-09 06:50:00+00:00,285.6,286.45,285.6,286.25,758
2024-08-09 06:55:00+00:00,286.25,286.75,286.25,286.7,2218
2024-08-09 07:00:00+00:00,286.7,286.7,285.5,285.7,2760
2024-08-09 07:05:00+00:00,285.7,285.85,285.4,285.4,1471
2024-08-09 07:10:00+00:00,285.4,285.8,285.3,285.3,1031
2024-08-09 07:15:00+00:00,285.3,285.65,285.05,285.05,1357
2024-08-09 07:20:00+00:00,285.05,285.2,284.2,284.85,2124
2024-08-09 07:25:00+00:00,284.85,284.9,284.0,284.05,6904
2024-08-09 07:30:00+00:00,284.05,284.05,281.95,283.0,19071
2024-08-09 07:35:00+00:00,283.0,283.5,282.95,283.25,2258
2024-08-09 07:40:00+00:00,283.25,283.6,282.75,283.05,7440
2024-08-09 07:45:00+00:00,283.05,283.4,282.75,283.15,4549
2024-08-09 07:50:00+00:00,283.15,283.2,282.0,282.8,4450
2024-08-09 07:55:00+00:00,282.8,283.05,281.5,282.85,8649
2024-08-09 08:00:00+00:00,282.85,282.9,282.35,282.55,673
2024-08-09 08:05:00+00:00,282.55,282.55,281.15,281.8,3356
2024-08-09 08:10:00+00:00,281.8,282.9,281.75,282.9,8145
2024-08-09 08:15:00+00:00,282.85,283.55,282.35,283.55,4676
2024-08-09 08:20:00+00:00,283.55,283.65,282.5,282.9,2124
2024-08-09 08:25:00+00:00,282.9,283.9,282.8,283.9,5028
2024-08-09 08:30:00+00:00,283.95,284.15,283.0,283.5,4260
2024-08-09 08:35:00+00:00,283.5,283.5,282.1,282.75,1261
2024-08-09 08:40:00+00:00,282.75,282.9,282.55,282.6,869
2024-08-09 08:45:00+00:00,282.6,282.85,281.85,282.3,3585
2024-08-09 08:50:00+00:00,282.3,282.35,281.55,282.35,1970
2024-08-09 08:55:00+00:00,282.35,282.35,281.5,281.95,1545
2024-08-09 09:00:00+00:00,281.95,282.05,281.2,281.35,4057
2024-08-09 09:05:00+00:00,281.35,282.35,281.35,282.0,1012
2024-08-09 09:10:00+00:00,282.0,282.15,281.8,281.95,366
2024-08-09 09:15:00+00:00,281.95,283.5,281.95,283.2,4573
2024-08-09 09:20:00+00:00,283.2,283.35,282.5,282.95,4298
2024-08-09 09:25:00+00:00,282.95,283.55,282.95,283.2,4341
2024-08-09 09:30:00+00:00,283.2,283.2,282.05,282.05,3267
2024-08-09 09:35:00+00:00,282.05,283.6,281.85,283.6,3636
2024-08-09 09:40:00+00:00,283.9,283.95,282.6,282.6,6598
2024-08-09 09:45:00+00:00,282.65,283.35,282.6,282.85,5475
2024-08-09 09:50:00+00:00,282.85,283.4,282.25,282.95,7035
2024-08-09 09:55:00+00:00,282.95,282.95,282.0,282.0,20440
2024-08-12 03:45:00+00:00,279.1,281.95,272.95,276.0,70939
2024-08-12 03:50:00+00:00,276.0,279.35,275.55,278.5,14823
2024-08-12 03:55:00+00:00,278.5,280.4,276.25,276.8,14321
2024-08-12 04:00:00+00:00,276.8,279.35,276.15,277.65,7426
2024-08-12 04:05:00+00:00,277.65,278.1,275.5,276.4,7015
2024-08-12 04:10:00+00:00,276.6,276.9,275.0,276.45,14954
2024-08-12 04:15:00+00:00,276.45,276.45,275.1,275.95,5360
2024-08-12 04:20:00+00:00,275.95,276.55,275.25,275.45,2949
2024-08-12 04:25:00+00:00,275.45,275.65,274.15,274.95,6532
2024-08-12 04:30:00+00:00,274.95,275.0,272.75,273.75,15346
2024-08-12 04:35:00+00:00,273.75,274.9,273.2,274.7,3503
2024-08-12 04:40:00+00:00,274.7,275.45,274.2,275.0,4499
2024-08-12 04:45:00+00:00,275.0,276.95,274.65,276.55,10292
2024-08-12 04:50:00+00:00,276.55,277.1,276.2,277.1,1837
2024-08-12 04:55:00+00:00,276.8,277.2,276.1,276.8,14590
2024-08-12 05:00:00+00:00,276.8,277.75,276.55,277.5,5276
2024-08-12 05:05:00+00:00,277.5,277.5,276.45,276.75,5288
2024-08-12 05:10:00+00:00,276.75,277.55,276.7,277.2,3819
2024-08-12 05:15:00+00:00,277.2,277.2,276.2,277.1,2152
2024-08-12 05:20:00+00:00,277.1,277.5,276.8,277.15,2193
2024-08-12 05:25:00+00:00,277.15,279.65,277.15,279.05,23316
2024-08-12 05:30:00+00:00,279.05,279.45,278.5,278.85,3160
2024-08-12 05:35:00+00:00,278.85,279.0,278.1,278.5,2385
2024-08-12 05:40:00+00:00,278.5,279.6,278.5,278.95,2888
2024-08-12 05:45:00+00:00,279.3,279.9,278.95,279.35,2492
2024-08-12 05:50:00+00:00,279.35,279.6,279.0,279.4,2203
2024-08-12 05:55:00+00:00,279.4,279.4,278.55,278.55,2114
2024-08-12 06:00:00+00:00,278.55,278.55,277.6,278.35,1398
2024-08-12 06:05:00+00:00,278.35,278.35,277.9,277.9,542
2024-08-12 06:10:00+00:00,277.9,278.5,277.55,277.55,1899
2024-08-12 06:15:00+00:00,277.55,278.15,277.55,277.95,2414
2024-08-12 06:20:00+00:00,277.95,277.95,277.2,277.2,409
2024-08-12 06:25:00+00:00,277.2,278.0,277.2,277.5,392
2024-08-12 06:30:00+00:00,277.5,278.0,277.15,277.85,1158
2024-08-12 06:35:00+00:00,277.85,278.4,277.85,278.4,492
2024-08-12 06:40:00+00:00,278.4,278.5,277.5,277.5,1715
2024-08-12 06:45:00+00:00,277.5,277.9,277.3,277.5,987
2024-08-12 06:50:00+00:00,277.5,277.5,277.0,277.45,2255
2024-08-12 06:55:00+00:00,277.45,278.0,277.15,278.0,2575
2024-08-12 07:00:00+00:00,278.0,279.95,277.9,279.35,4801
2024-08-12 07:05:00+00:00,279.35,279.95,279.35,279.9,759
2024-08-12 07:10:00+00:00,279.9,280.0,279.25,279.75,4544
2024-08-12 07:15:00+00:00,279.75,280.95,279.3,280.45,6027
2024-08-12 07:20:00+00:00,280.45,280.8,280.0,280.0,1910
2024-08-12 07:25:00+00:00,280.0,280.2,279.25,279.4,2020
2024-08-12 07:30:00+00:00,279.4,279.6,279.05,279.6,1351
2024-08-12 07:35:00+00:00,279.6,279.6,278.85,279.15,1142
2024-08-12 07:40:00+00:00,279.15,279.15,278.4,278.75,1763
2024-08-12 07:45:00+00:00,278.75,279.15,278.35,279.15,1048
2024-08-12 07:50:00+00:00,279.15,279.3,278.6,279.3,436
2024-08-12 07:55:00+00:00,279.3,279.35,279.0,279.0,217
2024-08-12 08:00:00+00:00,279.0,279.35,278.8,278.8,1017
2024-08-12 08:05:00+00:00,278.8,280.2,278.8,280.05,2138
2024-08-12 08:10:00+00:00,280.05,280.5,279.7,280.5,1378
2024-08-12 08:15:00+00:00,280.15,281.3,280.15,280.25,4748
2024-08-12 08:20:00+00:00,280.25,280.55,279.9,279.9,869
2024-08-12 08:25:00+00:00,279.9,280.0,279.7,279.7,686
2024-08-12 08:30:00+00:00,279.7,280.25,279.7,279.75,923
2024-08-12 08:35:00+00:00,279.75,280.45,279.75,280.15,2745
2024-08-12 08:40:00+00:00,280.15,280.2,280.0,280.0,312
2024-08-12 08:45:00+00:00,280.0,280.2,279.55,279.6,1252
2024-08-12 08:50:00+00:00,279.6,279.7,279.15,279.55,4895
2024-08-12 08:55:00+00:00,279.55,279.75,279.2,279.5,645
2024-08-12 09:00:00+00:00,279.5,279.7,279.25,279.65,774
2024-08-12 09:05:00+00:00,279.65,279.9,279.3,279.75,1297
2024-08-12 09:10:00+00:00,279.75,280.0,279.4,280.0,1160
2024-08-12 09:15:00+00:00,280.0,280.5,280.0,280.1,1220
2024-08-12 09:20:00+00:00,280.1,280.55,279.0,279.5,4592
2024-08-12 09:25:00+00:00,279.5,280.5,279.0,280.2,4169
2024-08-12 09:30:00+00:00,280.2,280.4,279.3,279.55,6395
2024-08-12 09:35:00+00:00,279.55,279.8,278.5,279.1,5116
2024-08-12 09:40:00+00:00,279.1,279.45,279.05,279.15,771
2024-08-12 09:45:00+00:00,279.15,279.5,279.0,279.1,4044
2024-08-12 09:50:00+00:00,279.1,279.35,278.5,278.7,4979
2024-08-12 09:55:00+00:00,278.7,280.0,278.5,280.0,8216
2024-08-13 03:45:00+00:00,276.05,278.85,276.05,278.0,15280
2024-08-13 03:50:00+00:00,278.0,285.1,277.35,283.1,27948
2024-08-13 03:55:00+00:00,282.85,283.0,281.3,281.8,13755
2024-08-13 04:00:00+00:00,281.95,282.0,280.25,280.25,8697
2024-08-13 04:05:00+00:00,280.25,280.95,280.0,280.15,4157
2024-08-13 04:10:00+00:00,280.15,280.6,279.2,280.15,4151
2024-08-13 04:15:00+00:00,280.15,280.15,278.65,279.2,9249
2024-08-13 04:20:00+00:00,279.2,280.0,278.95,279.95,5288
2024-08-13 04:25:00+00:00,279.95,279.95,278.8,279.0,1969
2024-08-13 04:30:00+00:00,279.0,279.4,279.0,279.4,171
2024-08-13 04:35:00+00:00,279.4,279.4,278.05,278.3,1787
2024-08-13 04:40:00+00:00,278.3,278.6,278.05,278.6,1331
2024-08-13 04:45:00+00:00,278.3,278.95,278.2,278.2,3649
2024-08-13 04:50:00+00:00,278.2,278.55,278.2,278.4,321
2024-08-13 04:55:00+00:00,278.4,278.5,277.85,278.4,2010
2024-08-13 05:00:00+00:00,278.4,278.7,277.6,278.2,1781
2024-08-13 05:05:00+00:00,278.2,278.9,278.2,278.9,562
2024-08-13 05:10:00+00:00,278.9,279.7,278.5,279.7,1579
2024-08-13 05:15:00+00:00,279.7,279.7,279.2,279.25,683
2024-08-13 05:20:00+00:00,279.25,279.8,278.5,278.95,3415
2024-08-13 05:25:00+00:00,278.95,278.95,278.2,278.5,1138
2024-08-13 05:30:00+00:00,278.85,278.9,278.15,278.45,576
2024-08-13 05:35:00+00:00,278.45,278.45,278.05,278.2,1261
2024-08-13 05:40:00+00:00,278.2,278.8,278.05,278.8,811
2024-08-13 05:45:00+00:00,278.8,279.25,278.75,279.2,1493
2024-08-13 05:50:00+00:00,279.2,279.2,278.85,279.15,221
2024-08-13 05:55:00+00:00,278.7,279.0,278.55,278.6,885
2024-08-13 06:00:00+00:00,278.6,278.8,278.5,278.5,385
2024-08-13 06:05:00+00:00,278.5,278.65,278.35,278.6,342
2024-08-13 06:10:00+00:00,278.55,278.55,278.05,278.05,1290
2024-08-13 06:15:00+00:00,278.05,278.65,278.05,278.65,291
2024-08-13 06:20:00+00:00,278.65,278.8,278.45,278.8,456
2024-08-13 06:25:00+00:00,278.8,278.8,277.6,278.05,7940
2024-08-13 06:30:00+00:00,277.95,277.95,277.0,277.15,2383
2024-08-13 06:35:00+00:00,277.15,277.4,276.55,276.6,3784
2024-08-13 06:40:00+00:00,276.55,276.95,276.5,276.8,590
2024-08-13 06:45:00+00:00,276.8,276.95,276.5,276.5,711
2024-08-13 06:50:00+00:00,276.55,276.95,276.55,276.6,308
2024-08-13 06:55:00+00:00,276.85,276.95,276.3,276.7,3875
2024-08-13 07:00:00+00:00,276.7,276.8,276.0,276.0,2649
2024-08-13 07:05:00+00:00,276.0,276.7,276.0,276.7,228
2024-08-13 07:10:00+00:00,276.5,276.7,276.5,276.5,561
2024-08-13 07:15:00+00:00,276.5,276.5,275.8,275.95,2587
2024-08-13 07:20:00+00:00,275.95,276.6,275.3,275.65,5324
2024-08-13 07:25:00+00:00,275.65,276.25,275.65,276.0,894
2024-08-13 07:30:00+00:00,276.0,276.4,275.7,275.75,1773
2024-08-13 07:35:00+00:00,275.8,275.95,275.5,275.85,520
2024-08-13 07:40:00+00:00,275.85,275.85,275.2,275.6,1250
2024-08-13 07:45:00+00:00,275.85,275.85,275.2,275.65,1314
2024-08-13 07:50:00+00:00,275.65,275.65,275.1,275.55,2015
2024-08-13 07:55:00+00:00,275.05,275.55,275.05,275.15,461
2024-08-13 08:00:00+00:00,275.15,275.5,275.0,275.5,3575
2024-08-13 08:05:00+00:00,275.5,276.05,275.4,276.05,329
2024-08-13 08:10:00+00:00,276.05,277.25,275.3,276.45,3730
2024-08-13 08:15:00+00:00,276.0,276.0,275.65,275.65,44
2024-08-13 08:20:00+00:00,275.65,275.65,274.45,274.8,2021
2024-08-13 08:25:00+00:00,274.65,274.85,274.4,274.7,893
2024-08-13 08:30:00+00:00,274.7,275.0,274.25,274.25,7175
2024-08-13 08:35:00+00:00,274.25,274.35,273.7,273.95,2150
2024-08-13 08:40:00+00:00,273.95,274.5,273.45,274.45,4156
2024-08-13 08:45:00+00:00,274.45,274.45,273.75,274.25,1613
2024-08-13 08:50:00+00:00,274.25,274.4,273.5,273.8,797
2024-08-13 08:55:00+00:00,273.8,273.8,272.5,273.1,9543
2024-08-13 09:00:00+00:00,273.15,273.15,272.3,272.75,2713
2024-08-13 09:05:00+00:00,272.75,273.05,272.2,272.7,1316
2024-08-13 09:10:00+00:00,272.7,273.6,272.2,273.4,3739
2024-08-13 09:15:00+00:00,273.4,273.4,273.0,273.3,1678
2024-08-13 09:20:00+00:00,273.05,273.8,273.05,273.3,2450
2024-08-13 09:25:00+00:00,273.3,273.95,273.3,273.95,3143
2024-08-13 09:30:00+00:00,273.95,273.95,273.5,273.55,1665
2024-08-13 09:35:00+00:00,273.55,274.0,272.0,272.65,11417
2024-08-13 09:40:00+00:00,272.65,272.65,270.0,270.9,11446
2024-08-13 09:45:00+00:00,270.9,270.9,269.5,270.0,10911
2024-08-13 09:50:00+00:00,270.0,271.15,270.0,271.15,9744
2024-08-13 09:55:00+00:00,271.15,271.8,270.2,271.05,7847
2024-08-14 03:45:00+00:00,271.75,272.55,269.15,269.5,16348
2024-08-14 03:50:00+00:00,269.5,269.5,268.2,268.8,9153
2024-08-14 03:55:00+00:00,269.1,269.3,268.2,268.7,14754
2024-08-14 04:00:00+00:00,268.7,268.9,265.55,267.15,17395
2024-08-14 04:05:00+00:00,267.15,267.15,265.15,265.85,10325
2024-08-14 04:10:00+00:00,265.7,266.6,265.1,265.95,13010
2024-08-14 04:15:00+00:00,266.3,268.5,265.5,267.9,12865
2024-08-14 04:20:00+00:00,267.9,269.35,267.9,268.7,3893
2024-08-14 04:25:00+00:00,268.7,269.7,268.7,269.2,7139
2024-08-14 04:30:00+00:00,269.2,269.9,267.8,269.2,7333
2024-08-14 04:35:00+00:00,269.2,269.35,268.6,269.0,3375
2024-08-14 04:40:00+00:00,269.0,269.1,268.35,268.6,1902
2024-08-14 04:45:00+00:00,268.6,268.6,267.1,268.0,5892
2024-08-14 04:50:00+00:00,267.55,268.0,267.1,268.0,4898
2024-08-14 04:55:00+00:00,268.0,268.0,267.0,267.0,1558
2024-08-14 05:00:00+00:00,267.25,267.95,267.2,267.95,519
2024-08-14 05:05:00+00:00,267.65,268.5,267.65,268.2,942
2024-08-14 05:10:00+00:00,268.45,268.6,268.15,268.5,595
2024-08-14 05:15:00+00:00,268.5,268.5,267.35,267.4,649
2024-08-14 05:20:00+00:00,267.4,267.95,267.3,267.3,3715
2024-08-14 05:25:00+00:00,267.3,267.6,266.55,266.9,2972
2024-08-14 05:30:00+00:00,266.9,267.4,266.4,266.4,872
2024-08-14 05:35:00+00:00,266.4,266.8,266.1,266.35,2047
2024-08-14 05:40:00+00:00,266.35,266.95,266.25,266.75,969
2024-08-14 05:45:00+00:00,266.75,266.85,266.15,266.65,897
2024-08-14 05:50:00+00:00,266.65,267.6,266.2,267.15,12589
2024-08-14 05:55:00+00:00,267.15,267.2,266.4,266.4,1133
2024-08-14 06:00:00+00:00,266.4,266.75,266.35,266.7,1417
2024-08-14 06:05:00+00:00,266.7,267.05,266.65,266.75,755
2024-08-14 06:10:00+00:00,266.75,266.75,266.0,266.5,1395
2024-08-14 06:15:00+00:00,266.5,266.5,266.2,266.2,725
2024-08-14 06:20:00+00:00,266.2,266.8,266.2,266.7,1576
2024-08-14 06:25:00+00:00,266.7,267.0,266.7,266.7,398
2024-08-14 06:30:00+00:00,266.7,267.45,266.5,267.45,1395
2024-08-14 06:35:00+00:00,267.45,267.9,267.05,267.8,1745
2024-08-14 06:40:00+00:00,267.8,268.1,267.8,268.1,1894
2024-08-14 06:45:00+00:00,268.1,268.95,268.1,268.5,2605
2024-08-14 06:50:00+00:00,268.5,268.5,268.15,268.45,829
2024-08-14 06:55:00+00:00,268.45,268.65,268.2,268.55,116
2024-08-14 07:00:00+00:00,268.55,268.55,267.4,268.0,2432
2024-08-14 07:05:00+00:00,268.0,268.4,267.95,267.95,743
2024-08-14 07:10:00+00:00,267.95,268.5,267.45,267.45,3839
2024-08-14 07:15:00+00:00,267.45,267.7,267.0,267.5,793
2024-08-14 07:20:00+00:00,267.5,267.95,267.2,267.9,928
2024-08-14 07:25:00+00:00,268.0,268.2,267.95,268.0,1813
2024-08-14 07:30:00+00:00,268.0,268.15,267.65,267.65,564
2024-08-14 07:35:00+00:00,267.7,268.15,267.7,267.8,442
2024-08-14 07:40:00+00:00,267.8,268.15,267.65,267.7,646
2024-08-14 07:45:00+00:00,267.7,268.15,267.5,267.7,5585
2024-08-14 07:50:00+00:00,267.7,267.7,266.55,266.8,2154
2024-08-14 07:55:00+00:00,266.8,266.95,266.55,266.9,569
2024-08-14 08:00:00+00:00,266.9,266.95,266.55,266.9,898
2024-08-14 08:05:00+00:00,266.9,267.15,266.65,266.65,1226
2024-08-14 08:10:00+00:00,267.0,267.4,266.65,267.1,2472
2024-08-14 08:15:00+00:00,267.1,267.1,266.9,266.9,353
2024-08-14 08:20:00+00:00,266.9,266.9,266.55,266.85,1280
2024-08-14 08:25:00+00:00,266.85,267.05,266.5,267.05,1697
2024-08-14 08:30:00+00:00,267.1,267.5,266.85,266.95,3615
2024-08-14 08:35:00+00:00,266.95,267.0,266.75,266.75,712
2024-08-14 08:40:00+00:00,266.75,266.8,266.6,266.8,786
2024-08-14 08:45:00+00:00,266.8,267.25,266.8,267.1,595
2024-08-14 08:50:00+00:00,267.1,267.6,267.1,267.4,1466
2024-08-14 08:55:00+00:00,267.4,267.45,266.5,266.5,5151
2024-08-14 09:00:00+00:00,266.5,266.75,266.2,266.3,1603
2024-08-14 09:05:00+00:00,266.6,266.75,266.05,266.05,2861
2024-08-14 09:10:00+00:00,266.05,266.3,265.4,265.85,3550
2024-08-14 09:15:00+00:00,265.85,266.5,265.85,266.2,4491
2024-08-14 09:20:00+00:00,266.2,266.4,266.0,266.1,1149
2024-08-14 09:25:00+00:00,266.1,266.5,266.1,266.4,3621
2024-08-14 09:30:00+00:00,266.4,266.5,266.2,266.25,4130
2024-08-14 09:35:00+00:00,266.25,266.5,266.15,266.5,6763
2024-08-14 09:40:00+00:00,266.5,266.5,265.85,265.9,5285
2024-08-14 09:45:00+00:00,266.35,266.35,265.9,266.3,3202
2024-08-14 09:50:00+00:00,266.3,267.0,265.5,266.65,12100
2024-08-14 09:55:00+00:00,266.75,267.0,265.0,267.0,7390
2024-08-16 03:45:00+00:00,269.6,272.15,268.35,271.15,15428
2024-08-16 03:50:00+00:00,271.3,272.0,271.0,271.55,8257
2024-08-16 03:55:00+00:00,271.55,271.55,269.7,270.0,6271
2024-08-16 04:00:00+00:00,270.0,270.2,268.5,270.15,3915
2024-08-16 04:05:00+00:00,270.05,270.35,269.4,270.2,2100
2024-08-16 04:10:00+00:00,270.2,270.2,269.1,269.6,2835
2024-08-16 04:15:00+00:00,269.6,270.0,269.3,269.95,4780
2024-08-16 04:20:00+00:00,269.95,269.95,269.05,269.45,1105
2024-08-16 04:25:00+00:00,269.2,269.55,268.5,268.95,9075
2024-08-16 04:30:00+00:00,268.95,269.35,267.6,269.05,3685
2024-08-16 04:35:00+00:00,269.05,269.6,269.0,269.3,1118
2024-08-16 04:40:00+00:00,269.3,269.35,268.95,268.95,878
2024-08-16 04:45:00+00:00,268.95,269.5,268.8,268.8,981
2024-08-16 04:50:00+00:00,268.8,269.9,268.7,269.9,1221
2024-08-16 04:55:00+00:00,269.9,269.95,268.85,269.2,2322
2024-08-16 05:00:00+00:00,269.35,269.5,269.0,269.25,529
2024-08-16 05:05:00+00:00,269.25,269.95,268.95,269.9,928
2024-08-16 05:10:00+00:00,269.9,269.95,269.15,269.9,200
2024-08-16 05:15:00+00:00,269.9,269.9,269.25,269.35,539
2024-08-16 05:20:00+00:00,269.35,270.0,269.35,269.75,2095
2024-08-16 05:25:00+00:00,269.75,271.5,269.65,271.5,11163
2024-08-16 05:30:00+00:00,271.5,271.5,270.4,270.45,3267
2024-08-16 05:35:00+00:00,270.45,270.65,270.45,270.65,656
2024-08-16 05:40:00+00:00,270.7,270.7,270.2,270.2,1169
2024-08-16 05:45:00+00:00,270.2,270.45,270.05,270.4,1438
2024-08-16 05:50:00+00:00,270.45,270.45,270.0,270.1,1464
2024-08-16 05:55:00+00:00,270.1,270.7,270.1,270.7,154
2024-08-16 06:00:00+00:00,270.7,270.75,270.25,270.55,289
2024-08-16 06:05:00+00:00,270.55,270.95,270.3,270.95,966
2024-08-16 06:10:00+00:00,270.95,270.95,270.7,270.7,290
2024-08-16 06:15:00+00:00,270.7,271.95,270.7,271.95,8199
2024-08-16 06:20:00+00:00,271.65,271.85,271.5,271.55,1403
2024-08-16 06:25:00+00:00,271.55,271.8,271.55,271.8,588
2024-08-16 06:30:00+00:00,271.8,272.3,271.8,272.0,2673
2024-08-16 06:35:00+00:00,272.0,272.0,271.35,271.8,1742
2024-08-16 06:40:00+00:00,271.8,271.8,271.3,271.7,988
2024-08-16 06:45:00+00:00,271.7,271.8,271.05,271.45,4482
2024-08-16 06:50:00+00:00,271.45,271.5,270.7,270.7,759
2024-08-16 06:55:00+00:00,270.7,270.7,270.1,270.5,2315
2024-08-16 07:00:00+00:00,270.5,270.8,270.45,270.75,375
2024-08-16 07:05:00+00:00,270.75,271.0,270.75,271.0,244
2024-08-16 07:10:00+00:00,271.0,271.0,270.15,270.15,1899
2024-08-16 07:15:00+00:00,270.15,270.8,270.1,270.6,1007
2024-08-16 07:20:00+00:00,270.7,270.7,270.1,270.45,637
2024-08-16 07:25:00+00:00,270.45,270.5,270.15,270.5,1121
2024-08-16 07:30:00+00:00,270.5,270.5,269.95,269.95,4307
2024-08-16 07:35:00+00:00,269.95,269.95,269.6,269.85,134
2024-08-16 07:40:00+00:00,269.9,269.9,269.7,269.7,168
2024-08-16 07:45:00+00:00,269.7,270.0,269.7,270.0,4380
2024-08-16 07:50:00+00:00,269.8,269.95,269.55,269.65,3039
2024-08-16 07:55:00+00:00,269.65,270.0,269.55,270.0,2371
2024-08-16 08:00:00+00:00,270.4,270.45,270.2,270.2,129
2024-08-16 08:05:00+00:00,270.2,270.8,270.2,270.45,1377
2024-08-16 08:10:00+00:00,270.45,270.75,270.45,270.75,69
2024-08-16 08:15:00+00:00,270.75,270.75,270.45,270.5,723
2024-08-16 08:20:00+00:00,270.5,270.5,270.1,270.45,1099
2024-08-16 08:25:00+00:00,270.45,270.45,270.25,270.3,590
2024-08-16 08:30:00+00:00,270.3,271.0,270.1,271.0,2012
2024-08-16 08:35:00+00:00,271.0,271.65,271.0,271.6,656
2024-08-16 08:40:00+00:00,271.6,271.6,270.75,271.3,1389
2024-08-16 08:45:00+00:00,270.8,271.2,270.6,271.0,1011
2024-08-16 08:50:00+00:00,271.0,271.2,270.6,270.6,494
2024-08-16 08:55:00+00:00,270.6,271.0,270.5,270.5,1083
2024-08-16 09:00:00+00:00,270.65,270.75,270.5,270.5,76
2024-08-16 09:05:00+00:00,270.5,271.0,270.5,270.95,625
2024-08-16 09:10:00+00:00,270.95,271.0,270.5,270.5,1072
2024-08-16 09:15:00+00:00,270.5,270.95,270.5,270.5,663
2024-08-16 09:20:00+00:00,270.45,270.45,270.05,270.35,806
2024-08-16 09:25:00+00:00,270.35,270.55,270.05,270.3,898
2024-08-16 09:30:00+00:00,270.3,270.75,270.15,270.55,2445
2024-08-16 09:35:00+00:00,270.55,270.55,269.75,269.75,3256
2024-08-16 09:40:00+00:00,269.75,270.25,269.75,270.0,1345
2024-08-16 09:45:00+00:00,269.95,270.3,269.7,270.25,3746
2024-08-16 09:50:00+00:00,270.25,270.35,269.7,270.0,7423
2024-08-16 09:55:00+00:00,270.0,270.85,269.7,270.05,6316
2024-08-19 03:45:00+00:00,271.9,273.6,271.9,272.65,10636
2024-08-19 03:50:00+00:00,272.4,273.6,272.0,272.85,9643
2024-08-19 03:55:00+00:00,272.85,274.05,272.45,274.05,7915
2024-08-19 04:00:00+00:00,274.05,275.15,273.8,273.8,11891
2024-08-19 04:05:00+00:00,273.8,274.1,273.15,274.1,3001
2024-08-19 04:10:00+00:00,274.65,277.9,274.25,276.5,15875
2024-08-19 04:15:00+00:00,276.5,277.45,275.35,275.9,7007
2024-08-19 04:20:00+00:00,276.2,277.15,275.85,276.2,4250
2024-08-19 04:25:00+00:00,276.2,276.7,276.0,276.7,2955
2024-08-19 04:30:00+00:00,276.7,276.95,275.35,275.75,4004
2024-08-19 04:35:00+00:00,275.75,275.75,275.2,275.75,1501
2024-08-19 04:40:00+00:00,275.75,276.35,275.5,276.3,1793
2024-08-19 04:45:00+00:00,276.3,276.75,275.85,275.95,9816
2024-08-19 04:50:00+00:00,275.95,276.7,275.95,276.3,163
2024-08-19 04:55:00+00:00,276.3,276.5,275.5,275.5,3154
2024-08-19 05:00:00+00:00,275.5,275.8,275.5,275.5,520
2024-08-19 05:05:00+00:00,275.5,276.0,275.15,275.15,3020
2024-08-19 05:10:00+00:00,275.15,275.3,274.7,274.95,1849
2024-08-19 05:15:00+00:00,274.95,275.0,274.55,274.65,1623
2024-08-19 05:20:00+00:00,274.65,274.65,274.2,274.5,802
2024-08-19 05:25:00+00:00,274.5,274.5,273.35,274.15,2093
2024-08-19 05:30:00+00:00,274.15,274.3,273.15,273.85,3145
2024-08-19 05:35:00+00:00,273.85,274.95,273.85,274.9,2238
2024-08-19 05:40:00+00:00,274.9,274.95,273.6,273.6,5227
2024-08-19 05:45:00+00:00,273.6,274.8,273.45,274.25,4741
2024-08-19 05:50:00+00:00,274.6,274.65,274.6,274.65,242
2024-08-19 05:55:00+00:00,274.65,274.65,274.15,274.45,222
2024-08-19 06:00:00+00:00,274.45,275.3,274.4,275.2,7159
2024-08-19 06:05:00+00:00,275.2,275.2,274.25,274.7,3141
2024-08-19 06:10:00+00:00,274.7,274.7,274.35,274.55,67
2024-08-19 06:15:00+00:00,274.6,274.6,274.25,274.3,448
2024-08-19 06:20:00+00:00,274.3,274.3,273.6,273.9,1192
2024-08-19 06:25:00+00:00,273.7,274.3,273.7,274.25,371
2024-08-19 06:30:00+00:00,274.55,274.55,273.6,273.85,885
2024-08-19 06:35:00+00:00,273.85,274.6,273.8,274.6,2764
2024-08-19 06:40:00+00:00,274.6,274.6,273.75,273.75,877
2024-08-19 06:45:00+00:00,273.75,274.55,273.75,274.25,3530
2024-08-19 06:50:00+00:00,274.25,274.6,273.0,274.25,4856
2024-08-19 06:55:00+00:00,274.25,274.25,273.6,273.65,302
2024-08-19 07:00:00+00:00,273.65,273.65,273.05,273.65,744
2024-08-19 07:05:00+00:00,273.65,273.65,273.0,273.35,603
2024-08-19 07:10:00+00:00,273.35,273.35,272.9,273.35,1230
2024-08-19 07:15:00+00:00,273.35,273.45,273.3,273.45,19
2024-08-19 07:20:00+00:00,273.45,273.45,273.4,273.45,13
2024-08-19 07:25:00+00:00,273.45,273.45,273.05,273.1,734
2024-08-19 07:30:00+00:00,273.1,273.45,273.0,273.45,1089
2024-08-19 07:35:00+00:00,273.45,274.0,273.45,273.45,575
2024-08-19 07:40:00+00:00,273.45,273.5,272.8,273.25,6463
2024-08-19 07:45:00+00:00,273.25,273.4,272.8,272.8,256
2024-08-19 07:50:00+00:00,272.8,272.9,272.4,272.55,2430
2024-08-19 07:55:00+00:00,272.55,272.65,272.5,272.55,878
2024-08-19 08:00:00+00:00,272.55,272.55,272.25,272.3,256
2024-08-19 08:05:00+00:00,272.3,272.55,272.15,272.15,578
2024-08-19 08:10:00+00:00,272.15,272.35,272.15,272.15,203
2024-08-19 08:15:00+00:00,272.15,272.15,271.55,271.85,2580
2024-08-19 08:20:00+00:00,271.85,272.35,271.75,271.75,1282
2024-08-19 08:25:00+00:00,271.75,272.25,271.75,271.8,493
2024-08-19 08:30:00+00:00,271.8,271.8,271.2,271.55,1319
2024-08-19 08:35:00+00:00,271.55,271.85,271.5,271.85,710
2024-08-19 08:40:00+00:00,271.85,272.0,271.5,271.9,3086
2024-08-19 08:45:00+00:00,271.95,271.95,271.3,271.55,1134
2024-08-19 08:50:00+00:00,271.55,271.7,271.4,271.5,258
2024-08-19 08:55:00+00:00,271.5,272.45,271.5,272.45,4373
2024-08-19 09:00:00+00:00,272.2,272.9,272.2,272.9,2264
2024-08-19 09:05:00+00:00,272.9,273.25,271.65,271.65,5246
2024-08-19 09:10:00+00:00,271.65,271.95,271.5,271.9,1284
2024-08-19 09:15:00+00:00,271.9,272.0,271.55,271.55,604
2024-08-19 09:20:00+00:00,271.55,271.75,271.0,271.0,5859
2024-08-19 09:25:00+00:00,271.0,271.4,270.35,271.1,4621
2024-08-19 09:30:00+00:00,271.0,271.2,270.6,270.9,1017
2024-08-19 09:35:00+00:00,270.9,271.3,270.05,270.25,7791
2024-08-19 09:40:00+00:00,270.25,270.5,269.55,270.0,11046
2024-08-19 09:45:00+00:00,270.0,270.25,269.05,269.4,9217
2024-08-19 09:50:00+00:00,269.4,270.0,269.0,269.85,8028
2024-08-19 09:55:00+00:00,269.85,270.85,269.6,270.25,12328
2024-08-20 03:45:00+00:00,271.0,273.45,271.0,272.85,23561
2024-08-20 03:50:00+00:00,272.85,273.1,271.85,273.1,8142
2024-08-20 03:55:00+00:00,273.1,273.4,272.5,272.5,3301
2024-08-20 04:00:00+00:00,272.5,272.9,271.7,271.8,3180
2024-08-20 04:05:00+00:00,271.8,271.8,271.3,271.7,1751
2024-08-20 04:10:00+00:00,271.7,271.7,271.25,271.25,1141
2024-08-20 04:15:00+00:00,271.25,271.3,270.5,270.75,3738
2024-08-20 04:20:00+00:00,270.75,270.9,269.8,270.1,4060
2024-08-20 04:25:00+00:00,270.0,270.3,269.9,269.9,1056
2024-08-20 04:30:00+00:00,269.9,269.9,269.3,269.35,2458
2024-08-20 04:35:00+00:00,269.35,269.85,268.25,269.1,8831
2024-08-20 04:40:00+00:00,269.1,270.15,268.95,270.0,3536
2024-08-20 04:45:00+00:00,270.0,270.6,269.8,269.8,2249
2024-08-20 04:50:00+00:00,269.8,270.45,269.8,270.1,1720
2024-08-20 04:55:00+00:00,270.1,270.6,270.1,270.5,355
2024-08-20 05:00:00+00:00,270.5,270.5,269.8,269.8,235
2024-08-20 05:05:00+00:00,269.8,270.2,269.15,269.35,2030
2024-08-20 05:10:00+00:00,269.35,269.9,269.3,269.55,1267
2024-08-20 05:15:00+00:00,269.5,269.7,268.9,269.4,1973
2024-08-20 05:20:00+00:00,269.4,269.6,269.3,269.6,47
2024-08-20 05:25:00+00:00,269.6,269.9,269.25,269.8,735
2024-08-20 05:30:00+00:00,269.8,270.0,269.7,270.0,210
2024-08-20 05:35:00+00:00,270.0,270.0,269.4,269.7,585
2024-08-20 05:40:00+00:00,269.7,269.7,269.4,269.4,159
2024-08-20 05:45:00+00:00,269.4,269.5,269.35,269.35,325
2024-08-20 05:50:00+00:00,269.35,269.35,269.25,269.25,208
2024-08-20 05:55:00+00:00,269.25,269.25,268.8,268.8,893
2024-08-20 06:00:00+00:00,268.8,269.15,268.8,269.15,899
2024-08-20 06:05:00+00:00,269.15,269.4,269.05,269.4,715
2024-08-20 06:10:00+00:00,269.4,269.4,268.7,268.7,1563
2024-08-20 06:15:00+00:00,268.7,269.45,268.7,268.85,1538
2024-08-20 06:20:00+00:00,268.85,269.45,268.7,269.1,765
2024-08-20 06:25:00+00:00,269.1,269.5,269.1,269.2,493
2024-08-20 06:30:00+00:00,269.2,269.2,269.1,269.2,552
2024-08-20 06:35:00+00:00,269.2,269.5,269.2,269.5,20
2024-08-20 06:40:00+00:00,269.5,269.95,269.5,269.7,0
2024-08-20 06:45:00+00:00,269.9,270.05,269.75,270.05,0
2024-08-20 06:50:00+00:00,270.2,270.35,269.9,270.05,1135
2024-08-20 06:55:00+00:00,270.05,271.1,270.05,271.1,1286
2024-08-20 07:00:00+00:00,271.55,271.65,270.75,271.4,3148
2024-08-20 07:05:00+00:00,271.4,271.4,270.8,271.2,633
2024-08-20 07:10:00+00:00,271.2,271.5,270.5,271.5,2541
2024-08-20 07:15:00+00:00,271.5,271.5,271.1,271.15,651
2024-08-20 07:20:00+00:00,271.15,275.0,271.15,275.0,11258
2024-08-20 07:25:00+00:00,274.95,274.95,273.5,273.5,4484
2024-08-20 07:30:00+00:00,273.5,273.8,273.3,273.5,580
2024-08-20 07:35:00+00:00,273.5,273.7,273.3,273.3,919
2024-08-20 07:40:00+00:00,273.3,273.75,273.25,273.6,1150
2024-08-20 07:45:00+00:00,273.6,273.6,272.0,272.3,4201
2024-08-20 07:50:00+00:00,272.3,272.55,272.1,272.1,299
2024-08-20 07:55:00+00:00,272.1,272.4,272.05,272.3,1828
2024-08-20 08:00:00+00:00,272.3,272.8,272.0,272.1,1795
2024-08-20 08:05:00+00:00,272.1,274.0,272.1,273.2,10872
2024-08-20 08:10:00+00:00,273.2,273.3,272.8,273.3,1987
2024-08-20 08:15:00+00:00,273.3,273.3,272.4,272.5,3160
2024-08-20 08:20:00+00:00,272.5,272.5,272.2,272.2,236
2024-08-20 08:25:00+00:00,272.2,272.45,271.95,272.2,2107
2024-08-20 08:30:00+00:00,272.2,272.8,271.75,272.75,2569
2024-08-20 08:35:00+00:00,272.75,272.75,272.1,272.45,317
2024-08-20 08:40:00+00:00,272.45,272.7,272.3,272.45,213
2024-08-20 08:45:00+00:00,272.45,273.1,272.45,272.85,1375
2024-08-20 08:50:00+00:00,272.85,272.85,272.0,272.0,12127
2024-08-20 08:55:00+00:00,272.0,272.35,272.0,272.0,2405
2024-08-20 09:00:00+00:00,272.0,273.0,271.75,271.9,6911
2024-08-20 09:05:00+00:00,271.9,272.25,271.4,272.2,4093
2024-08-20 09:10:00+00:00,272.2,272.4,271.8,272.25,487
2024-08-20 09:15:00+00:00,272.25,272.45,272.1,272.15,256
2024-08-20 09:20:00+00:00,272.25,272.65,272.05,272.05,1446
2024-08-20 09:25:00+00:00,272.05,272.05,271.2,271.25,3750
2024-08-20 09:30:00+00:00,271.25,271.55,270.0,270.6,10922
2024-08-20 09:35:00+00:00,270.6,270.9,270.45,270.8,1949
2024-08-20 09:40:00+00:00,270.8,271.0,270.5,270.5,1473
2024-08-20 09:45:00+00:00,270.5,270.95,269.3,270.0,4372
2024-08-20 09:50:00+00:00,270.0,270.55,270.0,270.15,3112
2024-08-20 09:55:00+00:00,270.15,271.5,270.15,271.0,4565
2024-08-21 03:45:00+00:00,271.95,281.0,271.5,279.0,62681
2024-08-21 03:50:00+00:00,279.0,279.1,275.6,276.15,30246
2024-08-21 03:55:00+00:00,276.15,277.85,276.15,276.6,6814
2024-08-21 04:00:00+00:00,276.6,277.8,276.4,276.75,9336
2024-08-21 04:05:00+00:00,276.75,276.75,275.45,275.9,8842
2024-08-21 04:10:00+00:00,275.9,275.9,275.2,275.2,4652
2024-08-21 04:15:00+00:00,275.2,277.0,275.15,276.85,5917
2024-08-21 04:20:00+00:00,276.85,277.1,275.65,275.9,12593
2024-08-21 04:25:00+00:00,275.9,276.15,275.5,275.85,1582
2024-08-21 04:30:00+00:00,275.85,275.85,273.0,275.3,49629
2024-08-21 04:35:00+00:00,275.5,277.95,274.45,276.35,66856
2024-08-21 04:40:00+00:00,276.35,276.7,276.2,276.55,1721
2024-08-21 04:45:00+00:00,276.55,277.0,276.45,276.5,3746
2024-08-21 04:50:00+00:00,276.5,276.5,275.85,276.15,3858
2024-08-21 04:55:00+00:00,276.15,276.5,275.55,275.95,2075
2024-08-21 05:00:00+00:00,275.95,277.8,275.55,277.7,11963
2024-08-21 05:05:00+00:00,277.7,277.75,277.3,277.75,981
2024-08-21 05:10:00+00:00,277.75,278.55,277.7,278.4,2417
2024-08-21 05:15:00+00:00,278.4,278.4,276.5,277.4,7005
2024-08-21 05:20:00+00:00,277.4,277.4,276.0,276.95,10634
2024-08-21 05:25:00+00:00,276.95,277.05,276.55,276.55,599
2024-08-21 05:30:00+00:00,276.55,277.05,276.2,277.05,1211
2024-08-21 05:35:00+00:00,277.05,277.2,276.05,277.2,5753
2024-08-21 05:40:00+00:00,277.2,278.1,277.05,277.75,9568
2024-08-21 05:45:00+00:00,277.75,277.95,277.2,277.35,4335
2024-08-21 05:50:00+00:00,277.35,277.85,277.35,277.55,1248
2024-08-21 05:55:00+00:00,277.4,279.5,277.4,279.5,24911
2024-08-21 06:00:00+00:00,279.5,280.0,278.4,278.4,9209
2024-08-21 06:05:00+00:00,278.4,278.85,278.4,278.8,1639
2024-08-21 06:10:00+00:00,278.8,278.8,277.5,278.4,3038
2024-08-21 06:15:00+00:00,278.4,278.7,277.4,278.05,3177
2024-08-21 06:20:00+00:00,278.05,278.65,278.05,278.65,1220
2024-08-21 06:25:00+00:00,278.25,279.0,278.2,278.25,2428
2024-08-21 06:30:00+00:00,278.25,278.8,278.0,278.55,2060
2024-08-21 06:35:00+00:00,278.55,279.2,278.3,279.2,4788
2024-08-21 06:40:00+00:00,279.2,279.75,279.0,279.55,4929
2024-08-21 06:45:00+00:00,279.55,279.55,278.55,278.55,1384
2024-08-21 06:50:00+00:00,278.55,278.95,278.1,278.95,3842
2024-08-21 06:55:00+00:00,278.95,279.0,278.5,278.95,2746
2024-08-21 07:00:00+00:00,278.95,279.5,278.55,279.25,2319
2024-08-21 07:05:00+00:00,279.25,279.45,278.8,279.45,1003
2024-08-21 07:10:00+00:00,279.45,285.65,279.2,285.65,117109
2024-08-21 07:15:00+00:00,285.65,287.3,282.3,283.5,66451
2024-08-21 07:20:00+00:00,283.55,286.95,283.0,286.9,42502
2024-08-21 07:25:00+00:00,286.9,292.45,286.0,292.45,178296
2024-08-21 07:30:00+00:00,292.2,293.0,286.4,287.05,104556
2024-08-21 07:35:00+00:00,287.05,287.4,285.2,285.75,30120
2024-08-21 07:40:00+00:00,285.75,286.1,285.15,285.5,10051
2024-08-21 07:45:00+00:00,285.9,285.9,284.1,284.1,9891
2024-08-21 07:50:00+00:00,284.1,284.95,283.0,283.75,20450
2024-08-21 07:55:00+00:00,283.75,285.7,283.6,285.0,8905
2024-08-21 08:00:00+00:00,285.0,285.55,284.85,285.15,2658
2024-08-21 08:05:00+00:00,285.15,285.65,283.25,284.25,10846
2024-08-21 08:10:00+00:00,284.25,284.6,283.8,284.05,1937
2024-08-21 08:15:00+00:00,284.05,284.45,283.9,284.05,929
2024-08-21 08:20:00+00:00,284.05,284.8,284.0,284.35,1465
2024-08-21 08:25:00+00:00,284.35,284.75,284.15,284.45,1019
2024-08-21 08:30:00+00:00,284.45,284.95,283.85,284.2,6255
2024-08-21 08:35:00+00:00,284.2,285.1,284.2,284.7,7834
2024-08-21 08:40:00+00:00,284.7,284.8,284.05,284.4,3215
2024-08-21 08:45:00+00:00,284.4,284.5,283.05,283.5,9487
2024-08-21 08:50:00+00:00,283.9,284.0,282.0,282.45,8630
2024-08-21 08:55:00+00:00,282.45,282.7,282.1,282.2,2202
2024-08-21 09:00:00+00:00,282.2,282.5,282.1,282.5,1926
2024-08-21 09:05:00+00:00,282.5,282.8,282.45,282.8,2055
2024-08-21 09:10:00+00:00,282.8,283.5,282.45,283.5,25601
2024-08-21 09:15:00+00:00,283.35,283.5,282.85,282.9,6977
2024-08-21 09:20:00+00:00,283.0,283.35,283.0,283.1,2947
2024-08-21 09:25:00+00:00,283.35,283.4,283.15,283.35,4223
2024-08-21 09:30:00+00:00,283.35,283.4,282.75,283.4,6309
2024-08-21 09:35:00+00:00,283.4,283.5,283.0,283.2,10242
2024-08-21 09:40:00+00:00,283.2,283.5,283.2,283.5,3512
2024-08-21 09:45:00+00:00,283.5,283.5,282.5,282.8,5855
2024-08-21 09:50:00+00:00,282.8,283.0,282.1,282.15,14448
2024-08-21 09:55:00+00:00,282.1,284.0,282.1,284.0,21429
2024-08-22 03:45:00+00:00,284.9,284.9,283.1,283.2,11390
2024-08-22 03:50:00+00:00,283.2,284.2,282.15,282.25,11310
2024-08-22 03:55:00+00:00,282.25,282.7,281.35,282.4,8030
2024-08-22 04:00:00+00:00,282.6,282.9,282.3,282.9,3259
2024-08-22 04:05:00+00:00,282.9,282.9,280.6,281.3,10387
2024-08-22 04:10:00+00:00,281.3,281.75,280.9,281.0,3344
2024-08-22 04:15:00+00:00,281.45,282.4,280.5,281.0,8439
2024-08-22 04:20:00+00:00,281.4,282.25,281.4,282.15,907
2024-08-22 04:25:00+00:00,282.15,282.15,281.4,281.5,2007
2024-08-22 04:30:00+00:00,281.5,282.65,281.5,282.0,1900
2024-08-22 04:35:00+00:00,282.0,282.0,281.0,281.5,3187
2024-08-22 04:40:00+00:00,281.5,281.5,281.0,281.25,1939
2024-08-22 04:45:00+00:00,281.25,281.45,281.25,281.45,557
2024-08-22 04:50:00+00:00,281.45,281.45,281.0,281.35,1602
2024-08-22 04:55:00+00:00,281.35,281.35,280.75,280.8,1436
2024-08-22 05:00:00+00:00,280.8,281.35,280.8,281.1,1911
2024-08-22 05:05:00+00:00,281.1,282.15,281.1,282.0,525
2024-08-22 05:10:00+00:00,282.0,282.45,282.0,282.4,2117
2024-08-22 05:15:00+00:00,282.4,282.4,281.6,281.95,176
2024-08-22 05:20:00+00:00,281.95,282.7,281.05,282.7,11155
2024-08-22 05:25:00+00:00,283.35,284.5,282.15,282.6,7839
2024-08-22 05:30:00+00:00,282.6,282.7,281.5,281.8,2044
2024-08-22 05:35:00+00:00,281.8,282.75,281.55,282.75,9181
2024-08-22 05:40:00+00:00,282.75,283.25,281.95,282.55,2490
2024-08-22 05:45:00+00:00,282.55,282.6,282.25,282.5,330
2024-08-22 05:50:00+00:00,282.5,283.05,282.5,282.65,2008
2024-08-22 05:55:00+00:00,282.65,283.1,282.55,282.55,460
2024-08-22 06:00:00+00:00,282.55,282.95,282.55,282.95,310
2024-08-22 06:05:00+00:00,282.95,283.2,282.65,283.0,752
2024-08-22 06:10:00+00:00,283.0,283.45,282.6,283.3,4067
2024-08-22 06:15:00+00:00,283.3,283.35,282.75,282.75,1463
2024-08-22 06:20:00+00:00,282.75,283.65,282.75,283.2,3527
2024-08-22 06:25:00+00:00,283.1,283.35,283.0,283.05,848
2024-08-22 06:30:00+00:00,283.05,283.05,283.0,283.0,727
2024-08-22 06:35:00+00:00,283.0,283.15,282.55,282.55,847
2024-08-22 06:40:00+00:00,282.55,282.8,282.5,282.8,2545
2024-08-22 06:45:00+00:00,282.65,282.8,282.65,282.65,1257
2024-08-22 06:50:00+00:00,282.65,283.0,282.65,282.8,628
2024-08-22 06:55:00+00:00,282.8,282.8,281.6,281.6,1499
2024-08-22 07:00:00+00:00,281.6,282.0,281.35,281.95,2246
2024-08-22 07:05:00+00:00,281.95,281.95,281.4,281.4,29
2024-08-22 07:10:00+00:00,281.4,282.0,281.4,281.55,1097
2024-08-22 07:15:00+00:00,281.85,282.55,281.75,282.55,815
2024-08-22 07:20:00+00:00,282.55,282.55,282.1,282.15,185
2024-08-22 07:25:00+00:00,282.15,282.4,282.05,282.05,342
2024-08-22 07:30:00+00:00,282.05,282.4,282.0,282.0,789
2024-08-22 07:35:00+00:00,282.0,282.35,281.55,281.95,289
2024-08-22 07:40:00+00:00,281.95,281.95,280.05,280.55,8247
2024-08-22 07:45:00+00:00,280.55,280.8,280.3,280.3,963
2024-08-22 07:50:00+00:00,280.3,280.75,280.3,280.5,788
2024-08-22 07:55:00+00:00,280.5,281.5,280.5,281.0,2346
2024-08-22 08:00:00+00:00,281.0,281.5,280.85,281.4,1076
2024-08-22 08:05:00+00:00,280.85,281.3,280.15,280.95,3050
2024-08-22 08:10:00+00:00,280.95,281.0,280.5,280.5,674
2024-08-22 08:15:00+00:00,280.5,280.8,280.15,280.2,1939
2024-08-22 08:20:00+00:00,280.2,281.0,280.2,281.0,1715
2024-08-22 08:25:00+00:00,281.0,281.0,279.0,279.7,8451
2024-08-22 08:30:00+00:00,279.7,280.05,279.7,280.05,349
2024-08-22 08:35:00+00:00,280.05,280.15,279.5,279.85,2069
2024-08-22 08:40:00+00:00,279.85,280.05,279.3,280.0,2115
2024-08-22 08:45:00+00:00,280.0,280.05,279.35,279.35,494
2024-08-22 08:50:00+00:00,279.65,279.65,279.0,279.0,549
2024-08-22 08:55:00+00:00,279.0,279.95,279.0,279.55,1494
2024-08-22 09:00:00+00:00,279.55,279.75,279.0,279.75,2391
2024-08-22 09:05:00+00:00,279.75,280.4,279.15,279.9,1580
2024-08-22 09:10:00+00:00,279.85,280.0,279.0,279.45,4943
2024-08-22 09:15:00+00:00,279.45,279.75,279.25,279.25,655
2024-08-22 09:20:00+00:00,279.25,280.4,279.25,279.5,4938
2024-08-22 09:25:00+00:00,279.5,279.8,279.35,279.8,1620
2024-08-22 09:30:00+00:00,279.8,279.95,279.3,279.95,1359
2024-08-22 09:35:00+00:00,279.8,280.2,278.55,280.2,7430
2024-08-22 09:40:00+00:00,280.2,280.4,279.2,279.7,5581
2024-08-22 09:45:00+00:00,279.7,279.7,278.1,278.6,3667
2024-08-22 09:50:00+00:00,278.6,279.35,278.1,279.35,3680
2024-08-22 09:55:00+00:00,279.4,280.1,278.6,280.1,3538
2024-08-23 03:45:00+00:00,276.65,280.0,276.65,279.1,12379
2024-08-23 03:50:00+00:00,279.1,279.3,278.0,278.0,8646
2024-08-23 03:55:00+00:00,278.35,279.1,278.35,278.75,2008
2024-08-23 04:00:00+00:00,278.75,279.15,278.1,278.5,7857
2024-08-23 04:05:00+00:00,278.5,279.0,277.6,278.25,3359
2024-08-23 04:10:00+00:00,278.25,279.65,278.25,279.65,7144
2024-08-23 04:15:00+00:00,279.65,279.65,278.75,279.3,1154
2024-08-23 04:20:00+00:00,279.3,279.3,278.2,278.65,2870
2024-08-23 04:25:00+00:00,278.65,279.15,278.6,278.65,605
2024-08-23 04:30:00+00:00,278.65,278.95,278.6,278.65,533
2024-08-23 04:35:00+00:00,278.65,279.25,278.5,278.85,2208
2024-08-23 04:40:00+00:00,278.85,279.7,278.8,279.6,3272
2024-08-23 04:45:00+00:00,279.6,279.9,279.45,279.8,823
2024-08-23 04:50:00+00:00,279.25,279.7,278.45,278.45,3515
2024-08-23 04:55:00+00:00,278.45,278.95,278.45,278.85,40
2024-08-23 05:00:00+00:00,278.85,279.0,278.2,279.0,1371
2024-08-23 05:05:00+00:00,279.0,279.65,278.0,279.6,10871
2024-08-23 05:10:00+00:00,279.6,279.65,279.2,279.5,1107
2024-08-23 05:15:00+00:00,279.5,279.6,279.25,279.25,644
2024-08-23 05:20:00+00:00,279.25,279.35,279.2,279.35,558
2024-08-23 05:25:00+00:00,279.35,279.45,279.05,279.05,650
2024-08-23 05:30:00+00:00,279.05,279.5,278.8,279.1,2126
2024-08-23 05:35:00+00:00,279.1,279.1,278.25,278.4,1421
2024-08-23 05:40:00+00:00,278.4,278.4,278.1,278.15,227
2024-08-23 05:45:00+00:00,278.15,278.6,278.15,278.35,395
2024-08-23 05:50:00+00:00,278.25,278.7,278.25,278.25,1420
2024-08-23 05:55:00+00:00,278.25,279.0,278.25,279.0,1468
2024-08-23 06:00:00+00:00,279.0,279.0,278.95,278.95,512
2024-08-23 06:05:00+00:00,278.95,278.95,278.05,278.6,699
2024-08-23 06:10:00+00:00,278.6,278.6,277.75,277.75,2373
2024-08-23 06:15:00+00:00,278.1,278.1,277.3,277.55,812
2024-08-23 06:20:00+00:00,277.55,277.65,277.15,277.65,1064
2024-08-23 06:25:00+00:00,277.65,277.85,277.15,277.55,391
2024-08-23 06:30:00+00:00,277.55,278.0,276.1,276.7,7960
2024-08-23 06:35:00+00:00,276.7,277.65,276.7,277.65,14670
2024-08-23 06:40:00+00:00,277.75,277.9,276.3,276.35,3168
2024-08-23 06:45:00+00:00,276.75,276.75,276.35,276.35,304
2024-08-23 06:50:00+00:00,276.35,276.75,276.35,276.7,485
2024-08-23 06:55:00+00:00,276.7,276.95,276.65,276.65,551
2024-08-23 07:00:00+00:00,276.65,276.95,276.55,276.55,657
2024-08-23 07:05:00+00:00,276.55,276.85,276.5,276.5,411
2024-08-23 07:10:00+00:00,276.5,277.1,276.5,276.7,934
2024-08-23 07:15:00+00:00,276.7,277.2,276.7,277.2,154
2024-08-23 07:20:00+00:00,277.2,277.65,276.65,277.1,2943
2024-08-23 07:25:00+00:00,277.1,277.1,276.7,276.7,101
2024-08-23 07:30:00+00:00,276.7,276.85,276.35,276.35,2429
2024-08-23 07:35:00+00:00,276.35,276.4,276.0,276.2,1444
2024-08-23 07:40:00+00:00,276.2,276.5,276.2,276.5,1491
2024-08-23 07:45:00+00:00,276.5,276.5,276.0,276.0,3822
2024-08-23 07:50:00+00:00,276.0,276.2,275.85,276.2,525
2024-08-23 07:55:00+00:00,276.2,276.2,276.0,276.15,187
2024-08-23 08:00:00+00:00,276.15,276.3,275.85,276.0,542
2024-08-23 08:05:00+00:00,276.0,276.4,276.0,276.4,122
2024-08-23 08:10:00+00:00,276.4,276.45,276.4,276.45,1207
2024-08-23 08:15:00+00:00,276.45,276.45,275.2,275.55,3064
2024-08-23 08:20:00+00:00,275.55,276.0,275.4,275.4,998
2024-08-23 08:25:00+00:00,275.4,275.95,275.4,275.7,2774
2024-08-23 08:30:00+00:00,275.7,275.9,275.4,275.4,5553
2024-08-23 08:35:00+00:00,275.8,276.0,275.4,276.0,2119
2024-08-23 08:40:00+00:00,276.0,276.0,275.4,275.5,519
2024-08-23 08:45:00+00:00,275.5,275.85,275.5,275.85,440
2024-08-23 08:50:00+00:00,275.85,275.85,275.3,275.7,2162
2024-08-23 08:55:00+00:00,275.7,275.75,275.25,275.6,1780
2024-08-23 09:00:00+00:00,275.6,275.7,275.15,275.25,2361
2024-08-23 09:05:00+00:00,275.25,275.7,275.25,275.7,571
2024-08-23 09:10:00+00:00,275.7,275.85,275.5,275.8,1247
2024-08-23 09:15:00+00:00,275.8,275.85,275.5,275.55,1471
2024-08-23 09:20:00+00:00,275.55,275.8,275.35,275.35,1728
2024-08-23 09:25:00+00:00,275.35,275.35,275.0,275.25,4178
2024-08-23 09:30:00+00:00,275.25,275.25,274.75,275.0,2636
2024-08-23 09:35:00+00:00,275.0,275.35,274.6,274.6,14268
2024-08-23 09:40:00+00:00,274.6,274.9,274.6,274.9,8941
2024-08-23 09:45:00+00:00,274.9,274.9,274.0,274.4,11433
2024-08-23 09:50:00+00:00,274.4,274.45,274.0,274.45,11158
2024-08-23 09:55:00+00:00,274.45,274.8,273.85,274.8,7592
2024-08-26 03:45:00+00:00,276.2,278.95,275.05,277.95,19102
2024-08-26 03:50:00+00:00,277.95,278.5,277.15,277.6,7916
2024-08-26 03:55:00+00:00,277.6,278.7,277.2,278.6,5417
2024-08-26 04:00:00+00:00,278.6,278.6,276.9,277.35,5898
2024-08-26 04:05:00+00:00,277.35,277.6,276.3,277.15,1740
2024-08-26 04:10:00+00:00,277.15,277.15,276.5,277.0,1783
2024-08-26 04:15:00+00:00,277.0,277.45,276.45,277.2,4418
2024-08-26 04:20:00+00:00,277.2,277.2,276.0,276.35,3674
2024-08-26 04:25:00+00:00,276.35,276.8,276.05,276.8,553
2024-08-26 04:30:00+00:00,276.8,276.95,276.0,276.0,1424
2024-08-26 04:35:00+00:00,276.0,276.35,275.95,275.95,2365
2024-08-26 04:40:00+00:00,275.95,276.6,275.65,276.3,1044
2024-08-26 04:45:00+00:00,276.3,276.9,276.25,276.9,300
2024-08-26 04:50:00+00:00,276.9,277.0,276.7,277.0,941
2024-08-26 04:55:00+00:00,277.0,277.7,276.6,277.7,1453
2024-08-26 05:00:00+00:00,277.7,278.0,277.05,277.1,3195
2024-08-26 05:05:00+00:00,277.1,277.5,277.0,277.25,1096
2024-08-26 05:10:00+00:00,277.25,277.25,276.55,276.6,2757
2024-08-26 05:15:00+00:00,276.6,276.65,276.1,276.55,2288
2024-08-26 05:20:00+00:00,276.55,276.95,276.5,276.5,456
2024-08-26 05:25:00+00:00,276.5,277.0,276.5,276.85,348
2024-08-26 05:30:00+00:00,276.85,276.85,276.3,276.7,638
2024-08-26 05:35:00+00:00,276.7,276.75,276.1,276.55,2345
2024-08-26 05:40:00+00:00,276.55,276.55,276.0,276.0,2016
2024-08-26 05:45:00+00:00,276.0,276.7,276.0,276.6,3754
2024-08-26 05:50:00+00:00,276.6,276.8,276.3,276.4,1273
2024-08-26 05:55:00+00:00,276.4,276.85,276.35,276.85,990
2024-08-26 06:00:00+00:00,276.85,276.85,274.9,275.4,5752
2024-08-26 06:05:00+00:00,275.4,276.55,275.4,275.9,2232
2024-08-26 06:10:00+00:00,275.9,276.15,275.55,276.15,2824
2024-08-26 06:15:00+00:00,276.2,276.2,275.75,275.75,366
2024-08-26 06:20:00+00:00,275.75,276.3,275.45,276.3,823
2024-08-26 06:25:00+00:00,276.3,276.8,276.3,276.35,1852
2024-08-26 06:30:00+00:00,276.35,276.75,276.3,276.45,1585
2024-08-26 06:35:00+00:00,276.45,276.45,276.0,276.0,4556
2024-08-26 06:40:00+00:00,276.0,276.1,276.0,276.0,926
2024-08-26 06:45:00+00:00,276.0,276.0,275.85,275.85,361
2024-08-26 06:50:00+00:00,275.85,275.85,275.85,275.85,0
2024-08-26 06:55:00+00:00,275.85,276.35,275.85,276.0,571
2024-08-26 07:00:00+00:00,276.0,276.25,275.8,276.1,1102
2024-08-26 07:05:00+00:00,276.1,276.3,276.0,276.0,1948
2024-08-26 07:10:00+00:00,276.0,276.35,276.0,276.25,750
2024-08-26 07:15:00+00:00,276.25,276.25,276.0,276.0,353
2024-08-26 07:20:00+00:00,276.0,276.25,276.0,276.0,262
2024-08-26 07:25:00+00:00,276.0,276.1,275.65,276.1,762
2024-08-26 07:30:00+00:00,276.1,276.15,275.6,276.05,399
2024-08-26 07:35:00+00:00,276.05,276.3,275.85,276.0,1145
2024-08-26 07:40:00+00:00,276.0,276.3,276.0,276.3,71
2024-08-26 07:45:00+00:00,276.3,277.5,276.3,276.85,4796
2024-08-26 07:50:00+00:00,276.85,277.6,276.65,276.95,3287
2024-08-26 07:55:00+00:00,276.95,277.2,276.8,277.1,61
2024-08-26 08:00:00+00:00,277.1,277.1,276.5,276.75,460
2024-08-26 08:05:00+00:00,276.75,276.8,275.9,276.4,4120
2024-08-26 08:10:00+00:00,276.4,276.8,276.2,276.35,1474
2024-08-26 08:15:00+00:00,276.35,276.35,275.95,276.2,1690
2024-08-26 08:20:00+00:00,276.2,276.2,275.6,275.75,2033
2024-08-26 08:25:00+00:00,276.1,276.2,275.85,276.15,488
2024-08-26 08:30:00+00:00,276.15,277.0,276.15,276.7,3466
2024-08-26 08:35:00+00:00,276.7,276.95,276.6,276.65,202
2024-08-26 08:40:00+00:00,276.65,276.95,276.55,276.85,495
2024-08-26 08:45:00+00:00,276.85,276.85,276.25,276.65,117
2024-08-26 08:50:00+00:00,276.65,276.75,276.25,276.25,199
2024-08-26 08:55:00+00:00,276.25,276.8,276.25,276.8,465
2024-08-26 09:00:00+00:00,276.8,276.8,276.3,276.3,855
2024-08-26 09:05:00+00:00,276.3,276.8,276.3,276.6,772
2024-08-26 09:10:00+00:00,276.6,277.2,276.3,277.2,1530
2024-08-26 09:15:00+00:00,277.2,277.2,276.5,276.5,1686
2024-08-26 09:20:00+00:00,276.5,277.1,276.5,276.8,1452
2024-08-26 09:25:00+00:00,276.8,277.05,276.5,276.8,642
2024-08-26 09:30:00+00:00,276.55,276.8,276.5,276.5,2794
2024-08-26 09:35:00+00:00,276.5,276.75,276.5,276.5,1832
2024-08-26 09:40:00+00:00,276.5,276.75,276.5,276.75,981
2024-08-26 09:45:00+00:00,276.75,276.75,276.5,276.5,2023
2024-08-26 09:50:00+00:00,276.5,277.2,276.5,277.1,2677
2024-08-26 09:55:00+00:00,277.1,277.1,276.5,276.6,2820
2024-08-27 03:45:00+00:00,277.0,279.75,277.0,278.0,10063
2024-08-27 03:50:00+00:00,277.55,278.1,277.05,278.1,10426
2024-08-27 03:55:00+00:00,278.25,278.55,277.35,278.5,4367
2024-08-27 04:00:00+00:00,278.45,278.45,277.0,277.55,6347
2024-08-27 04:05:00+00:00,277.55,277.8,277.35,277.6,1337
2024-08-27 04:10:00+00:00,277.6,277.95,277.45,277.95,965
2024-08-27 04:15:00+00:00,277.95,277.95,277.35,277.5,2228
2024-08-27 04:20:00+00:00,277.5,277.7,277.25,277.7,593
2024-08-27 04:25:00+00:00,277.7,277.95,277.3,277.3,2475
2024-08-27 04:30:00+00:00,277.3,278.4,277.25,278.4,3222
2024-08-27 04:35:00+00:00,278.15,278.5,277.8,278.2,2669
2024-08-27 04:40:00+00:00,278.2,278.45,277.8,278.45,1077
2024-08-27 04:45:00+00:00,278.45,282.1,277.9,282.1,21061
2024-08-27 04:50:00+00:00,282.0,284.6,280.25,283.35,43534
2024-08-27 04:55:00+00:00,283.65,284.6,282.15,282.5,15993
2024-08-27 05:00:00+00:00,282.5,283.45,282.35,283.15,6901
2024-08-27 05:05:00+00:00,283.15,283.3,282.35,282.7,3989
2024-08-27 05:10:00+00:00,282.7,282.9,281.85,281.85,2385
2024-08-27 05:15:00+00:00,281.85,282.5,281.85,282.1,1327
2024-08-27 05:20:00+00:00,282.1,283.25,282.1,283.25,1617
2024-08-27 05:25:00+00:00,283.25,283.8,282.75,283.65,3348
2024-08-27 05:30:00+00:00,283.65,283.65,282.4,282.4,3019
2024-08-27 05:35:00+00:00,282.4,283.1,282.15,282.5,2294
2024-08-27 05:40:00+00:00,282.5,283.35,282.5,283.35,3384
2024-08-27 05:45:00+00:00,283.35,283.35,282.55,282.6,731
2024-08-27 05:50:00+00:00,282.6,282.85,282.1,282.5,2273
2024-08-27 05:55:00+00:00,282.5,282.8,282.15,282.8,782
2024-08-27 06:00:00+00:00,282.5,282.6,282.15,282.15,1059
2024-08-27 06:05:00+00:00,282.15,282.4,281.95,281.95,4057
2024-08-27 06:10:00+00:00,281.75,281.75,281.05,281.25,4516
2024-08-27 06:15:00+00:00,281.25,281.5,281.0,281.05,1746
2024-08-27 06:20:00+00:00,281.05,282.25,281.05,281.55,10860
2024-08-27 06:25:00+00:00,281.55,281.55,281.0,281.0,1680
2024-08-27 06:30:00+00:00,281.0,281.0,279.8,280.3,11681
2024-08-27 06:35:00+00:00,280.3,280.45,279.4,279.7,3073
2024-08-27 06:40:00+00:00,279.7,280.0,279.5,279.75,3296
2024-08-27 06:45:00+00:00,279.75,280.0,279.55,279.65,889
2024-08-27 06:50:00+00:00,279.65,280.0,279.5,280.0,271
2024-08-27 06:55:00+00:00,280.0,280.35,279.55,279.55,2664
2024-08-27 07:00:00+00:00,279.55,279.55,278.95,279.2,2479
2024-08-27 07:05:00+00:00,279.2,279.55,279.1,279.45,451
2024-08-27 07:10:00+00:00,279.45,279.5,279.45,279.5,961
2024-08-27 07:15:00+00:00,279.2,279.45,279.1,279.4,105
2024-08-27 07:20:00+00:00,279.1,279.6,278.15,278.65,8057
2024-08-27 07:25:00+00:00,278.65,278.65,278.1,278.2,764
2024-08-27 07:30:00+00:00,278.2,278.9,278.2,278.9,1280
2024-08-27 07:35:00+00:00,278.9,278.9,278.5,278.5,602
2024-08-27 07:40:00+00:00,278.5,279.05,278.5,278.6,1988
2024-08-27 07:45:00+00:00,278.6,279.45,278.6,279.45,878
2024-08-27 07:50:00+00:00,279.45,279.45,278.45,278.45,3941
2024-08-27 07:55:00+00:00,278.45,279.0,278.45,279.0,1522
2024-08-27 08:00:00+00:00,279.0,279.0,278.6,278.6,233
2024-08-27 08:05:00+00:00,278.6,278.6,278.3,278.3,288
2024-08-27 08:10:00+00:00,278.2,278.65,278.2,278.3,2578
2024-08-27 08:15:00+00:00,278.3,278.7,278.25,278.7,1772
2024-08-27 08:20:00+00:00,278.7,278.9,278.6,278.85,927
2024-08-27 08:25:00+00:00,278.85,278.95,278.6,278.95,2428
2024-08-27 08:30:00+00:00,278.95,278.95,278.45,278.75,1247
2024-08-27 08:35:00+00:00,278.75,278.95,278.4,278.7,1590
2024-08-27 08:40:00+00:00,278.7,278.7,278.4,278.4,281
2024-08-27 08:45:00+00:00,278.4,278.7,278.3,278.7,802
2024-08-27 08:50:00+00:00,278.7,278.7,278.35,278.35,656
2024-08-27 08:55:00+00:00,278.35,278.65,278.35,278.4,609
2024-08-27 09:00:00+00:00,278.4,278.6,278.4,278.5,830
2024-08-27 09:05:00+00:00,278.5,278.5,278.35,278.35,5021
2024-08-27 09:10:00+00:00,278.35,278.55,278.35,278.35,1023
2024-08-27 09:15:00+00:00,278.55,278.55,277.25,277.25,5902
2024-08-27 09:20:00+00:00,277.25,277.7,277.2,277.7,2820
2024-08-27 09:25:00+00:00,277.7,277.9,277.3,277.3,1996
2024-08-27 09:30:00+00:00,277.3,277.65,277.0,277.2,4167
2024-08-27 09:35:00+00:00,277.2,279.0,277.2,279.0,4696
2024-08-27 09:40:00+00:00,279.0,279.0,277.65,278.1,1694
2024-08-27 09:45:00+00:00,278.1,278.45,277.6,277.6,2935
2024-08-27 09:50:00+00:00,277.6,278.9,277.6,278.9,1060
2024-08-27 09:55:00+00:00,278.9,279.0,277.2,278.0,9468
2024-08-28 03:45:00+00:00,279.05,281.25,278.6,279.1,15083
2024-08-28 03:50:00+00:00,279.1,279.1,277.8,278.35,3723
2024-08-28 03:55:00+00:00,278.35,279.95,278.35,278.9,1820
2024-08-28 04:00:00+00:00,279.1,279.1,277.1,277.6,3694
2024-08-28 04:05:00+00:00,277.6,278.0,277.3,277.8,2747
2024-08-28 04:10:00+00:00,277.8,278.05,277.4,277.4,1023
2024-08-28 04:15:00+00:00,277.4,277.75,277.3,277.5,3134
2024-08-28 04:20:00+00:00,277.5,277.6,276.45,277.15,5270
2024-08-28 04:25:00+00:00,277.15,277.6,276.5,276.85,2078
2024-08-28 04:30:00+00:00,276.85,276.85,276.25,276.6,851
2024-08-28 04:35:00+00:00,276.6,276.85,275.7,275.7,4246
2024-08-28 04:40:00+00:00,275.7,277.7,275.7,276.9,6883
2024-08-28 04:45:00+00:00,276.9,277.0,276.6,276.95,609
2024-08-28 04:50:00+00:00,276.9,277.6,276.5,277.4,1000
2024-08-28 04:55:00+00:00,277.4,277.4,276.35,276.8,1609
2024-08-28 05:00:00+00:00,276.8,276.8,276.0,276.4,1828
2024-08-28 05:05:00+00:00,276.4,276.4,275.7,275.85,1830
2024-08-28 05:10:00+00:00,275.85,276.3,275.65,275.65,331
2024-08-28 05:15:00+00:00,275.65,276.1,275.5,276.0,2384
2024-08-28 05:20:00+00:00,276.0,276.05,275.65,276.05,293
2024-08-28 05:25:00+00:00,276.1,276.5,276.0,276.0,1317
2024-08-28 05:30:00+00:00,276.0,276.4,275.55,276.4,684
2024-08-28 05:35:00+00:00,276.4,276.55,276.1,276.45,798
2024-08-28 05:40:00+00:00,276.45,276.55,276.0,276.0,1496
2024-08-28 05:45:00+00:00,276.0,276.25,275.7,276.1,838
2024-08-28 05:50:00+00:00,276.1,276.4,276.1,276.4,85
2024-08-28 05:55:00+00:00,276.4,276.4,276.3,276.4,546
2024-08-28 06:00:00+00:00,276.4,276.4,275.6,276.0,618
2024-08-28 06:05:00+00:00,276.0,276.6,276.0,276.6,1107
2024-08-28 06:10:00+00:00,276.6,276.65,275.8,275.8,723
2024-08-28 06:15:00+00:00,275.8,276.25,275.8,276.0,752
2024-08-28 06:20:00+00:00,276.0,276.35,276.0,276.05,215
2024-08-28 06:25:00+00:00,276.05,276.4,276.0,276.4,899
2024-08-28 06:30:00+00:00,276.4,276.85,276.35,276.35,604
2024-08-28 06:35:00+00:00,276.35,276.85,276.35,276.55,1896
2024-08-28 06:40:00+00:00,276.55,276.95,276.4,276.6,672
2024-08-28 06:45:00+00:00,276.6,276.6,275.95,275.95,961
2024-08-28 06:50:00+00:00,275.95,276.3,275.85,276.25,353
2024-08-28 06:55:00+00:00,276.25,276.25,275.85,276.2,232
2024-08-28 07:00:00+00:00,276.2,276.25,275.65,275.75,1491
2024-08-28 07:05:00+00:00,275.7,276.05,275.7,275.75,829
2024-08-28 07:10:00+00:00,276.0,276.3,275.8,275.8,1253
2024-08-28 07:15:00+00:00,275.8,276.15,275.75,276.0,648
2024-08-28 07:20:00+00:00,276.0,276.3,275.8,275.85,1494
2024-08-28 07:25:00+00:00,275.85,276.2,275.8,276.2,94
2024-08-28 07:30:00+00:00,276.2,276.25,275.7,276.0,788
2024-08-28 07:35:00+00:00,276.0,276.95,275.7,276.2,2335
2024-08-28 07:40:00+00:00,276.2,276.75,276.2,276.4,825
2024-08-28 07:45:00+00:00,276.4,276.55,276.4,276.55,637
2024-08-28 07:50:00+00:00,276.55,276.85,276.15,276.55,706
2024-08-28 07:55:00+00:00,276.55,276.55,275.8,275.8,2961
2024-08-28 08:00:00+00:00,275.8,276.15,275.8,275.8,564
2024-08-28 08:05:00+00:00,275.8,276.2,275.8,276.2,368
2024-08-28 08:10:00+00:00,276.2,277.35,275.85,277.2,3751
2024-08-28 08:15:00+00:00,277.2,277.2,276.8,276.8,1203
2024-08-28 08:20:00+00:00,276.8,276.8,276.4,276.5,405
2024-08-28 08:25:00+00:00,276.5,276.5,275.95,275.95,342
2024-08-28 08:30:00+00:00,275.95,276.5,275.95,276.5,221
2024-08-28 08:35:00+00:00,276.5,277.5,276.5,276.65,7571
2024-08-28 08:40:00+00:00,276.65,276.7,276.25,276.3,233
2024-08-28 08:45:00+00:00,276.3,276.55,276.1,276.55,960
2024-08-28 08:50:00+00:00,276.55,276.55,276.0,276.35,182
2024-08-28 08:55:00+00:00,276.35,276.35,275.8,276.2,1786
2024-08-28 09:00:00+00:00,276.2,276.2,275.6,275.6,892
2024-08-28 09:05:00+00:00,275.6,275.95,275.6,275.65,368
2024-08-28 09:10:00+00:00,275.65,275.9,275.5,275.6,768
2024-08-28 09:15:00+00:00,275.6,275.7,275.4,275.7,1284
2024-08-28 09:20:00+00:00,275.7,275.7,275.0,275.05,1826
2024-08-28 09:25:00+00:00,275.1,275.45,275.0,275.1,2373
2024-08-28 09:30:00+00:00,275.1,275.65,275.05,275.5,1312
2024-08-28 09:35:00+00:00,275.5,275.5,275.0,275.0,2726
2024-08-28 09:40:00+00:00,275.85,276.85,275.5,275.5,5100
2024-08-28 09:45:00+00:00,275.5,276.2,275.05,275.05,4910
2024-08-28 09:50:00+00:00,275.45,275.45,274.1,275.1,6785
2024-08-28 09:55:00+00:00,275.1,275.1,273.0,273.6,11089
2024-08-29 03:45:00+00:00,275.0,275.3,273.05,273.45,11226
2024-08-29 03:50:00+00:00,273.45,274.35,273.0,274.15,4404
2024-08-29 03:55:00+00:00,274.15,274.9,274.1,274.45,2694
2024-08-29 04:00:00+00:00,274.5,274.7,273.75,273.95,4632
2024-08-29 04:05:00+00:00,273.95,274.45,273.5,273.95,1741
2024-08-29 04:10:00+00:00,273.95,274.5,273.1,274.15,1965
2024-08-29 04:15:00+00:00,274.15,275.0,274.1,274.8,2003
2024-08-29 04:20:00+00:00,274.8,274.85,274.2,274.8,1496
2024-08-29 04:25:00+00:00,274.8,274.8,274.0,274.45,1285
2024-08-29 04:30:00+00:00,274.45,274.5,274.1,274.2,1261
2024-08-29 04:35:00+00:00,274.2,274.7,273.75,273.75,2699
2024-08-29 04:40:00+00:00,273.75,273.75,273.0,273.15,5286
2024-08-29 04:45:00+00:00,273.15,273.65,272.05,272.75,7839
2024-08-29 04:50:00+00:00,272.75,272.75,271.85,272.25,886
2024-08-29 04:55:00+00:00,272.25,272.6,271.5,271.75,3271
2024-08-29 05:00:00+00:00,271.75,271.85,270.55,270.6,5367
2024-08-29 05:05:00+00:00,270.6,271.15,270.1,270.4,3413
2024-08-29 05:10:00+00:00,270.4,271.05,269.25,271.0,6078
2024-08-29 05:15:00+00:00,271.0,271.3,270.55,270.75,4224
2024-08-29 05:20:00+00:00,270.75,271.15,270.3,270.3,437
2024-08-29 05:25:00+00:00,270.3,270.8,270.1,270.8,856
2024-08-29 05:30:00+00:00,270.9,271.2,270.2,270.75,2490
2024-08-29 05:35:00+00:00,270.75,271.15,270.55,270.55,425
2024-08-29 05:40:00+00:00,270.95,271.2,270.75,270.75,1097
2024-08-29 05:45:00+00:00,270.75,271.05,270.5,270.6,653
2024-08-29 05:50:00+00:00,270.5,270.95,270.5,270.7,1410
2024-08-29 05:55:00+00:00,270.7,271.1,270.55,270.7,917
2024-08-29 06:00:00+00:00,270.7,270.95,270.7,270.95,159
2024-08-29 06:05:00+00:00,270.95,271.0,270.6,270.6,697
2024-08-29 06:10:00+00:00,270.6,270.9,270.4,270.4,1803
2024-08-29 06:15:00+00:00,270.4,270.55,270.05,270.55,975
2024-08-29 06:20:00+00:00,270.55,270.55,270.0,270.35,1748
2024-08-29 06:25:00+00:00,270.35,270.35,269.55,270.2,1387
2024-08-29 06:30:00+00:00,270.2,270.7,269.85,270.0,1117
2024-08-29 06:35:00+00:00,270.0,270.35,269.85,270.35,1393
2024-08-29 06:40:00+00:00,270.7,272.0,269.5,270.05,12363
2024-08-29 06:45:00+00:00,270.05,270.55,269.65,270.55,413
2024-08-29 06:50:00+00:00,270.55,270.7,269.8,270.4,492
2024-08-29 06:55:00+00:00,270.4,270.65,269.7,270.0,3501
2024-08-29 07:00:00+00:00,270.0,270.7,270.0,270.7,1151
2024-08-29 07:05:00+00:00,270.7,270.95,270.4,270.95,302
2024-08-29 07:10:00+00:00,270.95,270.95,270.6,270.95,125
2024-08-29 07:15:00+00:00,270.95,270.95,270.2,270.2,1520
2024-08-29 07:20:00+00:00,270.2,270.45,270.2,270.2,255
2024-08-29 07:25:00+00:00,270.2,270.5,270.2,270.5,150
2024-08-29 07:30:00+00:00,270.5,270.5,270.1,270.1,532
2024-08-29 07:35:00+00:00,270.1,270.45,269.5,270.0,1430
2024-08-29 07:40:00+00:00,270.0,270.0,269.75,270.0,143
2024-08-29 07:45:00+00:00,270.0,270.0,269.75,269.75,253
2024-08-29 07:50:00+00:00,269.75,270.25,269.75,270.25,476
2024-08-29 07:55:00+00:00,270.25,270.65,270.15,270.15,381
2024-08-29 08:00:00+00:00,270.15,270.5,269.8,270.35,904
2024-08-29 08:05:00+00:00,270.35,270.35,269.75,269.8,432
2024-08-29 08:10:00+00:00,269.8,270.35,269.8,270.0,155
2024-08-29 08:15:00+00:00,270.0,270.75,270.0,270.65,1098
2024-08-29 08:20:00+00:00,270.65,270.85,270.0,270.0,1101
2024-08-29 08:25:00+00:00,270.0,270.25,270.0,270.25,219
2024-08-29 08:30:00+00:00,270.25,270.25,269.2,269.2,2066
2024-08-29 08:35:00+00:00,269.2,269.5,268.05,268.85,7439
2024-08-29 08:40:00+00:00,268.85,269.2,268.75,269.0,600
2024-08-29 08:45:00+00:00,269.0,269.45,268.75,268.95,1600
2024-08-29 08:50:00+00:00,268.95,269.1,268.6,268.95,747
2024-08-29 08:55:00+00:00,268.95,269.15,268.6,269.15,792
2024-08-29 09:00:00+00:00,269.15,269.15,267.5,267.75,6011
2024-08-29 09:05:00+00:00,267.75,268.0,267.0,267.7,3563
2024-08-29 09:10:00+00:00,267.7,268.05,267.55,267.9,2713
2024-08-29 09:15:00+00:00,267.9,268.65,267.9,268.5,908
2024-08-29 09:20:00+00:00,268.5,269.2,268.15,269.2,2749
2024-08-29 09:25:00+00:00,269.2,270.25,269.2,270.0,3622
2024-08-29 09:30:00+00:00,270.0,270.0,269.35,269.85,4449
2024-08-29 09:35:00+00:00,269.85,270.25,269.7,270.0,5545
2024-08-29 09:40:00+00:00,270.0,270.25,269.15,269.15,3343
2024-08-29 09:45:00+00:00,269.15,269.8,269.0,269.5,2022
2024-08-29 09:50:00+00:00,269.6,270.6,269.55,270.05,5672
2024-08-29 09:55:00+00:00,270.05,270.4,269.25,269.25,7361
2024-08-30 03:45:00+00:00,272.0,272.1,270.5,271.0,12596
2024-08-30 03:50:00+00:00,271.0,271.85,270.7,271.6,4054
2024-08-30 03:55:00+00:00,271.6,271.85,269.6,269.75,9723
2024-08-30 04:00:00+00:00,269.35,269.6,267.45,268.3,10121
2024-08-30 04:05:00+00:00,268.3,268.3,267.0,267.3,6936
2024-08-30 04:10:00+00:00,267.3,268.95,267.25,268.9,10540
2024-08-30 04:15:00+00:00,268.9,269.85,268.55,269.0,6690
2024-08-30 04:20:00+00:00,269.0,269.9,268.55,269.9,6695
2024-08-30 04:25:00+00:00,269.9,271.65,269.05,271.0,9590
2024-08-30 04:30:00+00:00,271.0,271.85,270.45,270.7,6478
2024-08-30 04:35:00+00:00,270.7,271.5,269.8,271.5,3243
2024-08-30 04:40:00+00:00,271.5,271.5,270.25,270.85,1692
2024-08-30 04:45:00+00:00,270.85,271.75,270.5,270.65,4563
2024-08-30 04:50:00+00:00,270.65,271.0,270.5,271.0,3332
2024-08-30 04:55:00+00:00,271.0,271.5,270.2,271.5,3260
2024-08-30 05:00:00+00:00,271.5,271.5,270.85,270.85,567
2024-08-30 05:05:00+00:00,270.85,271.3,270.85,271.0,1427
2024-08-30 05:10:00+00:00,271.0,271.95,271.0,271.85,2204
2024-08-30 05:15:00+00:00,271.85,271.85,271.15,271.5,784
2024-08-30 05:20:00+00:00,271.5,273.0,271.15,272.35,12417
2024-08-30 05:25:00+00:00,272.35,272.7,272.1,272.1,1644
2024-08-30 05:30:00+00:00,272.1,273.0,272.1,273.0,5012
2024-08-30 05:35:00+00:00,273.0,273.0,271.4,271.4,2430
2024-08-30 05:40:00+00:00,271.4,272.0,270.55,271.55,2848
2024-08-30 05:45:00+00:00,271.55,271.85,270.75,270.95,2909
2024-08-30 05:50:00+00:00,271.0,271.0,270.65,270.95,256
2024-08-30 05:55:00+00:00,270.95,271.0,270.2,270.65,1293
2024-08-30 06:00:00+00:00,270.7,270.9,270.4,270.4,526
2024-08-30 06:05:00+00:00,270.4,270.65,270.0,270.2,5516
2024-08-30 06:10:00+00:00,270.2,270.55,269.85,270.3,699
2024-08-30 06:15:00+00:00,270.3,270.3,269.4,269.95,2297
2024-08-30 06:20:00+00:00,269.95,269.95,269.55,269.9,754
2024-08-30 06:25:00+00:00,269.9,270.55,269.6,270.3,5793
2024-08-30 06:30:00+00:00,270.3,270.75,270.2,270.2,482
2024-08-30 06:35:00+00:00,270.2,270.9,269.2,269.55,5085
2024-08-30 06:40:00+00:00,269.0,269.75,269.0,269.3,4274
2024-08-30 06:45:00+00:00,269.3,269.6,269.1,269.5,2921
2024-08-30 06:50:00+00:00,269.6,269.6,269.25,269.25,259
2024-08-30 06:55:00+00:00,269.25,269.7,269.25,269.25,950
2024-08-30 07:00:00+00:00,269.25,269.6,268.9,268.9,2583
2024-08-30 07:05:00+00:00,268.9,269.1,268.5,268.5,1511
2024-08-30 07:10:00+00:00,268.5,268.85,268.45,268.85,613
2024-08-30 07:15:00+00:00,268.85,269.2,268.6,269.2,1934
2024-08-30 07:20:00+00:00,269.2,269.2,268.6,268.95,1289
2024-08-30 07:25:00+00:00,268.95,269.0,268.95,269.0,972
2024-08-30 07:30:00+00:00,269.2,269.2,269.2,269.2,4253
2024-08-30 07:35:00+00:00,269.2,270.0,269.2,270.0,1300
2024-08-30 07:40:00+00:00,270.0,270.8,269.7,270.45,1937
2024-08-30 07:45:00+00:00,270.45,270.85,270.15,270.6,662
2024-08-30 07:50:00+00:00,270.6,270.6,270.2,270.2,290
2024-08-30 07:55:00+00:00,270.2,271.15,270.2,271.0,5145
2024-08-30 08:00:00+00:00,271.0,271.4,271.0,271.35,880
2024-08-30 08:05:00+00:00,271.35,271.5,271.0,271.5,520
2024-08-30 08:10:00+00:00,271.5,271.5,270.8,271.05,1053
2024-08-30 08:15:00+00:00,271.05,271.5,270.4,270.4,3249
2024-08-30 08:20:00+00:00,270.4,270.7,270.15,270.7,598
2024-08-30 08:25:00+00:00,270.7,270.95,270.2,270.95,1398
2024-08-30 08:30:00+00:00,270.5,271.0,270.05,270.45,517
2024-08-30 08:35:00+00:00,270.45,270.65,270.25,270.3,809
2024-08-30 08:40:00+00:00,270.3,270.95,270.1,270.55,787
2024-08-30 08:45:00+00:00,270.55,270.9,270.15,270.4,1810
2024-08-30 08:50:00+00:00,270.4,270.45,270.05,270.05,617
2024-08-30 08:55:00+00:00,270.05,270.2,269.9,269.95,1693
2024-08-30 09:00:00+00:00,269.95,270.05,269.65,269.8,239
2024-08-30 09:05:00+00:00,269.8,269.95,269.3,269.7,1613
2024-08-30 09:10:00+00:00,269.7,269.7,269.05,269.5,3704
2024-08-30 09:15:00+00:00,269.5,269.6,269.05,269.05,3135
2024-08-30 09:20:00+00:00,269.05,269.8,269.05,269.3,2922
2024-08-30 09:25:00+00:00,269.3,269.5,268.6,268.6,1777
2024-08-30 09:30:00+00:00,268.6,268.95,268.35,268.95,3620
2024-08-30 09:35:00+00:00,268.95,269.45,268.75,269.4,2844
2024-08-30 09:40:00+00:00,269.4,269.95,269.25,269.8,2167
2024-08-30 09:45:00+00:00,269.5,269.9,269.0,269.5,6515
2024-08-30 09:50:00+00:00,269.5,269.55,269.0,269.35,3226
2024-08-30 09:55:00+00:00,269.3,269.5,267.1,268.8,9982
2024-09-02 03:45:00+00:00,269.9,271.75,267.3,268.55,12871
2024-09-02 03:50:00+00:00,268.55,270.1,268.35,269.8,5911
2024-09-02 03:55:00+00:00,269.8,270.2,269.45,269.95,5410
2024-09-02 04:00:00+00:00,269.85,269.85,267.8,268.25,6610
2024-09-02 04:05:00+00:00,268.25,268.25,266.5,266.95,9711
2024-09-02 04:10:00+00:00,266.95,266.95,263.95,264.9,33168
2024-09-02 04:15:00+00:00,264.9,266.0,264.7,266.0,2724
2024-09-02 04:20:00+00:00,266.0,266.85,266.0,266.1,1537
2024-09-02 04:25:00+00:00,266.1,266.75,265.95,266.05,1932
2024-09-02 04:30:00+00:00,266.05,266.55,265.95,266.05,809
2024-09-02 04:35:00+00:00,266.05,266.75,266.0,266.6,421
2024-09-02 04:40:00+00:00,266.6,266.6,265.45,266.0,2546
2024-09-02 04:45:00+00:00,266.0,266.0,265.55,265.6,890
2024-09-02 04:50:00+00:00,265.6,265.95,265.6,265.95,310
2024-09-02 04:55:00+00:00,265.95,266.0,265.2,265.25,9790
2024-09-02 05:00:00+00:00,265.25,266.05,265.05,265.35,1578
2024-09-02 05:05:00+00:00,265.35,265.8,265.15,265.6,1047
2024-09-02 05:10:00+00:00,265.6,266.2,265.6,265.65,463
2024-09-02 05:15:00+00:00,265.6,266.15,265.6,266.15,1991
2024-09-02 05:20:00+00:00,266.0,266.35,265.7,265.7,1660
2024-09-02 05:25:00+00:00,265.7,266.0,265.5,265.5,2280
2024-09-02 05:30:00+00:00,265.5,265.85,265.5,265.85,770
2024-09-02 05:35:00+00:00,265.85,265.85,265.15,265.55,976
2024-09-02 05:40:00+00:00,265.55,265.9,265.55,265.85,186
2024-09-02 05:45:00+00:00,265.55,266.0,265.45,266.0,701
2024-09-02 05:50:00+00:00,266.0,266.0,265.6,265.95,546
2024-09-02 05:55:00+00:00,265.95,265.95,265.3,265.3,379
2024-09-02 06:00:00+00:00,265.3,265.75,265.25,265.25,568
2024-09-02 06:05:00+00:00,265.25,265.65,265.2,265.6,358
2024-09-02 06:10:00+00:00,265.6,265.8,265.25,265.25,1375
2024-09-02 06:15:00+00:00,265.25,265.65,264.45,264.5,11502
2024-09-02 06:20:00+00:00,264.5,265.15,264.5,265.1,242
2024-09-02 06:25:00+00:00,265.1,265.1,264.05,264.05,6040
2024-09-02 06:30:00+00:00,264.35,264.75,263.95,264.55,11014
2024-09-02 06:35:00+00:00,264.55,264.75,264.3,264.5,265
2024-09-02 06:40:00+00:00,264.5,264.9,264.0,264.9,1309
2024-09-02 06:45:00+00:00,264.9,265.15,264.2,264.2,1134
2024-09-02 06:50:00+00:00,264.2,264.8,264.05,264.6,2053
2024-09-02 06:55:00+00:00,264.6,265.1,264.3,264.45,1398
2024-09-02 07:00:00+00:00,264.45,264.7,263.6,264.0,2627
2024-09-02 07:05:00+00:00,264.0,264.0,263.65,263.65,2891
2024-09-02 07:10:00+00:00,263.65,264.1,263.15,264.0,3609
2024-09-02 07:15:00+00:00,264.0,264.4,263.8,264.15,766
2024-09-02 07:20:00+00:00,264.15,264.35,263.85,264.2,568
2024-09-02 07:25:00+00:00,264.2,264.2,263.6,263.9,477
2024-09-02 07:30:00+00:00,263.9,263.9,263.1,263.6,4130
2024-09-02 07:35:00+00:00,263.6,264.7,263.6,264.7,1019
2024-09-02 07:40:00+00:00,264.7,264.8,264.7,264.8,20
2024-09-02 07:45:00+00:00,264.8,264.8,264.3,264.75,1311
2024-09-02 07:50:00+00:00,264.75,264.8,264.35,264.35,307
2024-09-02 07:55:00+00:00,264.35,264.65,263.9,263.9,847
2024-09-02 08:00:00+00:00,263.9,264.15,263.45,263.8,1294
2024-09-02 08:05:00+00:00,263.8,264.15,263.75,263.75,770
2024-09-02 08:10:00+00:00,263.75,264.15,263.75,264.15,208
2024-09-02 08:15:00+00:00,264.15,264.25,263.8,264.15,1778
2024-09-02 08:20:00+00:00,264.15,264.5,264.05,264.5,1085
2024-09-02 08:25:00+00:00,264.5,264.5,264.0,264.45,635
2024-09-02 08:30:00+00:00,264.45,264.65,263.85,264.65,1056
2024-09-02 08:35:00+00:00,264.6,264.6,264.0,264.0,2161
2024-09-02 08:40:00+00:00,264.0,264.25,263.4,263.65,1227
2024-09-02 08:45:00+00:00,263.75,263.75,263.15,263.6,552
2024-09-02 08:50:00+00:00,263.55,264.2,263.55,264.0,2080
2024-09-02 08:55:00+00:00,263.95,263.95,263.95,263.95,215
2024-09-02 09:00:00+00:00,263.95,263.95,263.3,263.6,3917
2024-09-02 09:05:00+00:00,264.0,264.25,264.0,264.25,2710
2024-09-02 09:10:00+00:00,264.25,264.35,264.05,264.25,2385
2024-09-02 09:15:00+00:00,264.25,264.6,263.95,263.95,3951
2024-09-02 09:20:00+00:00,263.95,264.0,263.5,263.9,1823
2024-09-02 09:25:00+00:00,263.5,263.85,263.5,263.7,1610
2024-09-02 09:30:00+00:00,263.7,263.7,263.0,263.6,3436
2024-09-02 09:35:00+00:00,263.6,264.15,263.3,264.15,8634
2024-09-02 09:40:00+00:00,264.15,264.15,263.15,263.85,2749
2024-09-02 09:45:00+00:00,263.85,264.15,263.3,263.8,5669
2024-09-02 09:50:00+00:00,263.8,264.65,263.3,263.95,10426
2024-09-02 09:55:00+00:00,263.95,264.9,263.8,264.0,4592
2024-09-03 03:45:00+00:00,264.05,264.05,262.6,263.45,9885
2024-09-03 03:50:00+00:00,263.45,263.5,262.5,263.5,4618
2024-09-03 03:55:00+00:00,263.5,267.5,261.95,266.7,31198
2024-09-03 04:00:00+00:00,267.5,267.5,265.75,266.15,7182
2024-09-03 04:05:00+00:00,266.15,266.15,265.0,265.0,4653
2024-09-03 04:10:00+00:00,265.0,265.0,264.2,264.2,6489
2024-09-03 04:15:00+00:00,264.2,264.2,263.6,263.65,1163
2024-09-03 04:20:00+00:00,263.65,263.7,263.0,263.1,6181
2024-09-03 04:25:00+00:00,263.1,263.7,262.9,263.65,1703
2024-09-03 04:30:00+00:00,263.7,264.0,263.3,263.7,2563
2024-09-03 04:35:00+00:00,263.7,264.7,263.3,264.35,2182
2024-09-03 04:40:00+00:00,264.35,264.7,264.3,264.5,754
2024-09-03 04:45:00+00:00,264.5,264.85,264.1,264.45,2109
2024-09-03 04:50:00+00:00,264.45,264.65,263.6,263.7,1830
2024-09-03 04:55:00+00:00,263.7,264.15,263.55,264.0,2685
2024-09-03 05:00:00+00:00,264.0,264.0,263.25,263.35,1699
2024-09-03 05:05:00+00:00,263.35,263.35,263.0,263.25,3355
2024-09-03 05:10:00+00:00,263.05,263.2,262.85,262.85,598
2024-09-03 05:15:00+00:00,262.85,263.2,262.8,263.15,454
2024-09-03 05:20:00+00:00,263.15,263.2,262.75,262.75,1092
2024-09-03 05:25:00+00:00,262.75,263.15,262.75,263.0,168
2024-09-03 05:30:00+00:00,263.0,263.05,262.55,262.95,550
2024-09-03 05:35:00+00:00,262.95,263.0,261.0,262.15,15648
2024-09-03 05:40:00+00:00,262.15,262.3,262.05,262.1,241
2024-09-03 05:45:00+00:00,262.1,262.4,261.85,262.2,785
2024-09-03 05:50:00+00:00,262.2,262.45,261.8,262.45,327
2024-09-03 05:55:00+00:00,262.45,262.5,262.0,262.45,1615
2024-09-03 06:00:00+00:00,262.45,262.45,261.95,262.0,5307
2024-09-03 06:05:00+00:00,262.0,262.4,262.0,262.35,625
2024-09-03 06:10:00+00:00,262.05,262.35,262.0,262.0,1065
2024-09-03 06:15:00+00:00,262.0,262.45,262.0,262.1,1004
2024-09-03 06:20:00+00:00,262.1,262.4,262.1,262.25,545
2024-09-03 06:25:00+00:00,262.25,262.25,261.85,262.0,820
2024-09-03 06:30:00+00:00,262.0,262.2,261.5,261.5,1380
2024-09-03 06:35:00+00:00,261.5,261.95,261.5,261.95,1115
2024-09-03 06:40:00+00:00,261.95,262.0,261.5,261.85,3654
2024-09-03 06:45:00+00:00,261.85,261.95,261.15,261.85,595
2024-09-03 06:50:00+00:00,261.85,262.15,261.65,262.05,1183
2024-09-03 06:55:00+00:00,262.05,262.2,261.65,261.8,632
2024-09-03 07:00:00+00:00,261.8,262.15,261.2,262.15,2448
2024-09-03 07:05:00+00:00,262.15,262.25,261.5,261.5,1688
2024-09-03 07:10:00+00:00,261.5,262.2,261.5,262.2,906
2024-09-03 07:15:00+00:00,262.2,262.3,261.75,262.1,273
2024-09-03 07:20:00+00:00,262.1,262.3,261.9,262.0,801
2024-09-03 07:25:00+00:00,262.0,262.3,262.0,262.3,352
2024-09-03 07:30:00+00:00,262.3,262.3,262.05,262.3,852
2024-09-03 07:35:00+00:00,262.3,262.35,262.0,262.35,404
2024-09-03 07:40:00+00:00,262.35,262.35,262.0,262.0,848
2024-09-03 07:45:00+00:00,262.0,262.0,261.85,262.0,366
2024-09-03 07:50:00+00:00,262.0,262.2,261.6,261.6,2028
2024-09-03 07:55:00+00:00,261.6,262.05,261.6,261.9,844
2024-09-03 08:00:00+00:00,261.9,262.2,261.9,262.0,312
2024-09-03 08:05:00+00:00,262.3,262.35,262.0,262.05,474
2024-09-03 08:10:00+00:00,262.05,262.35,261.75,262.1,644
2024-09-03 08:15:00+00:00,262.1,262.1,261.75,262.0,25
2024-09-03 08:20:00+00:00,262.0,262.0,261.6,261.95,2162
2024-09-03 08:25:00+00:00,261.95,262.25,261.6,261.65,1462
2024-09-03 08:30:00+00:00,261.65,262.0,261.65,262.0,589
2024-09-03 08:35:00+00:00,261.95,262.25,261.8,261.8,1201
2024-09-03 08:40:00+00:00,261.8,262.05,261.8,262.0,141
2024-09-03 08:45:00+00:00,262.0,262.35,261.9,262.3,1546
2024-09-03 08:50:00+00:00,262.3,262.3,261.9,262.25,87
2024-09-03 08:55:00+00:00,262.25,262.25,262.0,262.25,189
2024-09-03 09:00:00+00:00,262.25,262.25,262.0,262.1,979
2024-09-03 09:05:00+00:00,262.1,262.25,261.9,262.15,416
2024-09-03 09:10:00+00:00,262.15,262.3,262.05,262.05,685
2024-09-03 09:15:00+00:00,262.05,262.35,261.9,262.2,1496
2024-09-03 09:20:00+00:00,262.2,262.4,262.05,262.35,412
2024-09-03 09:25:00+00:00,262.35,262.4,262.1,262.15,499
2024-09-03 09:30:00+00:00,261.95,262.4,261.75,261.75,4474
2024-09-03 09:35:00+00:00,261.75,262.35,261.75,262.1,1153
2024-09-03 09:40:00+00:00,262.1,262.3,261.75,262.3,1958
2024-09-03 09:45:00+00:00,262.3,262.35,262.0,262.05,1338
2024-09-03 09:50:00+00:00,262.05,262.1,261.55,261.75,5150
2024-09-03 09:55:00+00:00,261.75,263.0,261.5,263.0,5791
2024-09-04 03:45:00+00:00,258.9,262.8,252.0,259.9,46068
2024-09-04 03:50:00+00:00,259.9,259.9,258.15,259.8,9300
2024-09-04 03:55:00+00:00,259.8,259.95,259.1,259.75,2246
2024-09-04 04:00:00+00:00,259.65,259.95,259.25,259.4,1447
2024-09-04 04:05:00+00:00,259.4,259.8,259.05,259.05,2883
2024-09-04 04:10:00+00:00,259.05,260.0,259.05,260.0,9019
2024-09-04 04:15:00+00:00,260.0,260.9,260.0,260.65,4701
2024-09-04 04:20:00+00:00,260.65,261.8,260.3,261.0,13943
2024-09-04 04:25:00+00:00,261.0,262.0,261.0,262.0,1020
2024-09-04 04:30:00+00:00,262.0,262.35,261.5,261.95,3070
2024-09-04 04:35:00+00:00,261.95,263.9,261.95,262.85,8408
2024-09-04 04:40:00+00:00,262.85,263.2,262.5,262.7,1891
2024-09-04 04:45:00+00:00,262.6,263.05,262.5,262.9,1171
2024-09-04 04:50:00+00:00,262.9,263.1,262.5,263.1,1918
2024-09-04 04:55:00+00:00,263.1,263.25,262.25,262.3,2168
2024-09-04 05:00:00+00:00,262.3,262.3,261.3,261.7,1985
2024-09-04 05:05:00+00:00,261.7,261.7,261.0,261.35,578
2024-09-04 05:10:00+00:00,261.35,261.35,260.5,260.55,1023
2024-09-04 05:15:00+00:00,260.55,260.95,260.5,260.95,785
2024-09-04 05:20:00+00:00,260.95,261.5,260.85,261.0,1784
2024-09-04 05:25:00+00:00,261.0,261.05,261.0,261.05,618
2024-09-04 05:30:00+00:00,261.05,261.45,261.05,261.1,170
2024-09-04 05:35:00+00:00,261.1,261.4,260.35,260.7,2433
2024-09-04 05:40:00+00:00,260.7,260.7,260.7,260.7,23
2024-09-04 05:45:00+00:00,260.7,261.35,260.7,261.35,498
2024-09-04 05:50:00+00:00,261.35,261.35,260.95,261.0,28
2024-09-04 05:55:00+00:00,261.0,261.45,261.0,261.3,481
2024-09-04 06:00:00+00:00,261.3,261.5,261.05,261.15,170
2024-09-04 06:05:00+00:00,261.15,261.5,261.1,261.3,529
2024-09-04 06:10:00+00:00,261.3,262.0,261.3,262.0,1009
2024-09-04 06:15:00+00:00,261.75,262.0,261.75,261.9,128
2024-09-04 06:20:00+00:00,261.9,262.45,261.9,262.35,903
2024-09-04 06:25:00+00:00,262.35,262.65,262.15,262.3,1234
2024-09-04 06:30:00+00:00,262.7,263.4,262.5,262.9,3896
2024-09-04 06:35:00+00:00,262.9,265.6,262.85,265.4,8119
2024-09-04 06:40:00+00:00,265.4,266.1,264.9,265.45,4692
2024-09-04 06:45:00+00:00,265.75,266.65,265.25,265.25,4790
2024-09-04 06:50:00+00:00,265.25,265.25,264.05,264.35,3513
2024-09-04 06:55:00+00:00,264.35,265.35,264.1,265.05,4783
2024-09-04 07:00:00+00:00,265.05,265.5,264.85,265.4,1886
2024-09-04 07:05:00+00:00,265.6,265.6,265.05,265.05,8348
2024-09-04 07:10:00+00:00,265.05,265.05,264.25,264.6,2044
2024-09-04 07:15:00+00:00,264.6,264.7,264.1,264.45,458
2024-09-04 07:20:00+00:00,264.45,264.5,264.0,264.05,662
2024-09-04 07:25:00+00:00,264.05,264.25,263.65,263.8,397
2024-09-04 07:30:00+00:00,263.8,264.9,263.7,264.65,1912
2024-09-04 07:35:00+00:00,264.95,265.15,264.6,264.8,711
2024-09-04 07:40:00+00:00,264.8,265.15,264.7,265.0,591
2024-09-04 07:45:00+00:00,265.0,265.4,264.8,264.8,1306
2024-09-04 07:50:00+00:00,264.8,265.4,264.7,265.4,655
2024-09-04 07:55:00+00:00,265.4,265.75,265.05,265.05,2273
2024-09-04 08:00:00+00:00,265.05,265.95,265.05,265.6,4217
2024-09-04 08:05:00+00:00,265.6,266.3,265.6,266.2,911
2024-09-04 08:10:00+00:00,266.2,266.25,265.7,266.05,1660
2024-09-04 08:15:00+00:00,266.05,266.05,265.6,266.0,1108
2024-09-04 08:20:00+00:00,266.0,266.0,265.5,265.5,651
2024-09-04 08:25:00+00:00,266.0,271.65,265.5,268.85,40453
2024-09-04 08:30:00+00:00,268.85,269.5,268.3,268.3,4821
2024-09-04 08:35:00+00:00,268.3,269.0,268.3,268.6,3679
2024-09-04 08:40:00+00:00,268.6,268.75,268.1,268.35,1895
2024-09-04 08:45:00+00:00,267.9,268.15,267.1,267.65,3023
2024-09-04 08:50:00+00:00,267.65,267.65,266.7,266.75,1520
2024-09-04 08:55:00+00:00,266.75,267.05,266.2,267.0,2182
2024-09-04 09:00:00+00:00,267.0,267.1,266.6,266.95,447
2024-09-04 09:05:00+00:00,266.95,266.95,266.55,266.9,302
2024-09-04 09:10:00+00:00,266.9,266.9,266.3,266.45,994
2024-09-04 09:15:00+00:00,266.45,266.95,265.45,265.45,6495
2024-09-04 09:20:00+00:00,265.45,265.85,265.0,265.5,1697
2024-09-04 09:25:00+00:00,265.5,265.95,265.5,265.6,457
2024-09-04 09:30:00+00:00,265.6,266.0,265.05,265.15,3257
2024-09-04 09:35:00+00:00,265.15,265.55,264.65,265.0,4835
2024-09-04 09:40:00+00:00,265.0,265.0,264.75,264.9,2734
2024-09-04 09:45:00+00:00,264.9,265.45,264.8,265.45,2256
2024-09-04 09:50:00+00:00,265.05,265.9,264.9,265.35,6945
2024-09-04 09:55:00+00:00,265.35,266.95,265.0,266.0,5869
2024-09-05 03:45:00+00:00,266.0,267.0,265.3,265.5,8149
2024-09-05 03:50:00+00:00,265.5,266.7,265.5,266.2,3065
2024-09-05 03:55:00+00:00,266.2,266.95,265.95,266.9,2415
2024-09-05 04:00:00+00:00,266.9,266.9,264.95,264.95,2927
2024-09-05 04:05:00+00:00,264.95,267.0,264.95,266.5,3972
2024-09-05 04:10:00+00:00,266.5,267.6,266.15,266.4,3649
2024-09-05 04:15:00+00:00,266.4,267.15,266.05,266.5,1544
2024-09-05 04:20:00+00:00,266.55,267.45,266.45,267.05,2630
2024-09-05 04:25:00+00:00,267.05,268.95,266.3,268.95,11500
2024-09-05 04:30:00+00:00,268.6,269.45,268.4,268.8,10399
2024-09-05 04:35:00+00:00,268.55,269.0,268.55,268.6,1112
2024-09-05 04:40:00+00:00,268.6,268.65,267.8,267.8,1685
2024-09-05 04:45:00+00:00,267.8,267.9,267.05,267.4,8567
2024-09-05 04:50:00+00:00,267.4,267.8,267.3,267.45,634
2024-09-05 04:55:00+00:00,267.45,267.45,266.75,266.75,621
2024-09-05 05:00:00+00:00,266.75,266.75,264.35,264.95,14509
2024-09-05 05:05:00+00:00,264.95,265.0,262.65,263.55,10282
2024-09-05 05:10:00+00:00,263.55,263.95,263.05,263.95,1975
2024-09-05 05:15:00+00:00,263.95,263.95,263.6,263.6,1029
2024-09-05 05:20:00+00:00,263.6,263.8,263.55,263.8,114
2024-09-05 05:25:00+00:00,263.8,263.8,262.8,263.6,4126
2024-09-05 05:30:00+00:00,263.6,263.65,263.0,263.4,978
2024-09-05 05:35:00+00:00,263.4,263.4,262.85,263.35,818
2024-09-05 05:40:00+00:00,263.35,263.4,263.05,263.1,544
2024-09-05 05:45:00+00:00,263.1,263.95,263.1,263.6,1462
2024-09-05 05:50:00+00:00,263.6,264.05,263.55,263.55,1815
2024-09-05 05:55:00+00:00,263.55,263.95,262.3,262.85,4824
2024-09-05 06:00:00+00:00,262.85,262.9,262.4,262.9,1630
2024-09-05 06:05:00+00:00,262.9,262.9,262.55,262.65,401
2024-09-05 06:10:00+00:00,262.65,262.85,261.05,261.5,8453
2024-09-05 06:15:00+00:00,261.7,262.3,261.7,262.3,1914
2024-09-05 06:20:00+00:00,262.3,262.55,261.8,262.25,3158
2024-09-05 06:25:00+00:00,261.9,262.55,261.8,262.0,1819
2024-09-05 06:30:00+00:00,262.0,262.75,262.0,262.75,1940
2024-09-05 06:35:00+00:00,262.75,262.8,262.05,262.8,409
2024-09-05 06:40:00+00:00,262.8,262.85,262.55,262.85,702
2024-09-05 06:45:00+00:00,262.85,262.85,262.4,262.75,589
2024-09-05 06:50:00+00:00,262.75,262.85,262.25,262.25,3894
2024-09-05 06:55:00+00:00,262.25,263.0,262.25,262.7,1280
2024-09-05 07:00:00+00:00,262.7,262.75,262.4,262.4,721
2024-09-05 07:05:00+00:00,262.4,262.7,261.0,262.55,7883
2024-09-05 07:10:00+00:00,262.55,262.55,262.1,262.5,701
2024-09-05 07:15:00+00:00,262.65,262.65,262.1,262.45,483
2024-09-05 07:20:00+00:00,262.4,262.45,262.1,262.4,353
2024-09-05 07:25:00+00:00,262.4,262.9,262.4,262.9,180
2024-09-05 07:30:00+00:00,262.9,262.9,262.35,262.35,755
2024-09-05 07:35:00+00:00,262.35,262.45,262.05,262.45,2735
2024-09-05 07:40:00+00:00,262.45,262.65,262.45,262.65,1123
2024-09-05 07:45:00+00:00,262.65,262.65,262.25,262.6,129
2024-09-05 07:50:00+00:00,262.6,263.25,262.25,262.9,2297
2024-09-05 07:55:00+00:00,262.9,263.6,262.9,263.2,744
2024-09-05 08:00:00+00:00,263.2,263.6,263.2,263.25,554
2024-09-05 08:05:00+00:00,263.25,263.55,262.75,263.0,2175
2024-09-05 08:10:00+00:00,263.0,263.45,262.4,262.9,1946
2024-09-05 08:15:00+00:00,262.9,263.3,262.9,263.05,124
2024-09-05 08:20:00+00:00,263.4,263.45,263.4,263.45,159
2024-09-05 08:25:00+00:00,263.45,263.8,263.05,263.8,1419
2024-09-05 08:30:00+00:00,263.8,263.8,263.35,263.35,897
2024-09-05 08:35:00+00:00,263.35,263.75,263.0,263.75,1945
2024-09-05 08:40:00+00:00,263.75,264.2,263.4,264.2,2727
2024-09-05 08:45:00+00:00,264.2,264.7,263.95,264.4,1731
2024-09-05 08:50:00+00:00,264.4,264.5,262.9,263.7,3878
2024-09-05 08:55:00+00:00,263.7,263.95,262.25,263.95,8659
2024-09-05 09:00:00+00:00,263.95,264.45,263.75,264.05,2366
2024-09-05 09:05:00+00:00,264.05,265.6,264.05,264.7,4594
2024-09-05 09:10:00+00:00,264.7,266.9,264.7,265.7,16604
2024-09-05 09:15:00+00:00,265.7,266.7,265.7,265.85,1633
2024-09-05 09:20:00+00:00,265.85,265.9,265.1,265.1,1125
2024-09-05 09:25:00+00:00,265.1,266.15,265.1,265.95,1384
2024-09-05 09:30:00+00:00,265.95,265.95,265.15,265.15,2866
2024-09-05 09:35:00+00:00,265.15,265.45,264.7,264.7,3652
2024-09-05 09:40:00+00:00,264.7,265.2,264.3,264.95,4489
2024-09-05 09:45:00+00:00,264.95,265.35,264.15,264.65,3551
2024-09-05 09:50:00+00:00,264.65,264.65,264.15,264.25,4347
2024-09-05 09:55:00+00:00,264.25,264.25,263.15,263.55,10404
2024-09-06 03:45:00+00:00,264.0,266.45,263.65,265.95,4100
2024-09-06 03:50:00+00:00,265.5,266.95,265.1,266.05,5646
2024-09-06 03:55:00+00:00,266.05,266.35,265.2,265.45,2159
2024-09-06 04:00:00+00:00,265.45,266.0,264.65,264.65,3624
2024-09-06 04:05:00+00:00,264.65,264.65,263.35,263.65,4144
2024-09-06 04:10:00+00:00,263.65,264.5,263.4,263.9,1484
2024-09-06 04:15:00+00:00,263.9,264.0,263.1,263.65,3806
2024-09-06 04:20:00+00:00,263.65,263.65,261.3,261.7,4034
2024-09-06 04:25:00+00:00,261.9,262.35,261.05,261.15,4287
2024-09-06 04:30:00+00:00,261.15,261.85,260.3,260.9,6202
2024-09-06 04:35:00+00:00,260.9,260.9,260.5,260.7,1995
2024-09-06 04:40:00+00:00,260.5,261.0,260.35,260.8,2262
2024-09-06 04:45:00+00:00,260.8,261.5,260.2,261.5,2805
2024-09-06 04:50:00+00:00,261.5,261.5,260.5,261.0,1199
2024-09-06 04:55:00+00:00,261.0,261.4,260.75,261.4,1483
2024-09-06 05:00:00+00:00,261.0,262.0,261.0,262.0,1338
2024-09-06 05:05:00+00:00,262.0,262.1,260.95,260.95,3078
2024-09-06 05:10:00+00:00,260.95,261.45,260.95,261.0,746
2024-09-06 05:15:00+00:00,261.0,261.95,260.95,261.95,10590
2024-09-06 05:20:00+00:00,261.95,262.0,261.3,262.0,1639
2024-09-06 05:25:00+00:00,262.0,262.0,260.8,261.0,1624
2024-09-06 05:30:00+00:00,260.5,261.0,260.5,260.55,1431
2024-09-06 05:35:00+00:00,260.55,262.05,260.55,262.05,4297
2024-09-06 05:40:00+00:00,262.05,263.15,262.0,263.15,10942
2024-09-06 05:45:00+00:00,264.25,264.3,261.5,261.55,6158
2024-09-06 05:50:00+00:00,261.55,262.1,261.55,262.1,307
2024-09-06 05:55:00+00:00,262.1,262.1,261.0,261.25,5584
2024-09-06 06:00:00+00:00,261.25,262.15,260.2,262.15,13589
2024-09-06 06:05:00+00:00,262.15,262.4,262.0,262.0,278
2024-09-06 06:10:00+00:00,262.0,262.0,261.4,261.4,1632
2024-09-06 06:15:00+00:00,261.4,262.15,261.4,261.4,1035
2024-09-06 06:20:00+00:00,261.4,261.95,261.4,261.95,264
2024-09-06 06:25:00+00:00,261.95,261.95,261.9,261.95,128
2024-09-06 06:30:00+00:00,261.45,261.95,261.45,261.95,813
2024-09-06 06:35:00+00:00,261.95,262.45,261.9,262.45,2722
2024-09-06 06:40:00+00:00,262.45,262.45,261.95,262.4,836
2024-09-06 06:45:00+00:00,262.4,262.95,262.05,262.5,2100
2024-09-06 06:50:00+00:00,262.5,263.3,261.0,261.5,10937
2024-09-06 06:55:00+00:00,261.5,261.5,261.0,261.05,1604
2024-09-06 07:00:00+00:00,261.05,261.25,259.9,260.15,15035
2024-09-06 07:05:00+00:00,260.15,260.95,260.0,260.95,2832
2024-09-06 07:10:00+00:00,260.95,261.0,260.55,260.55,1207
2024-09-06 07:15:00+00:00,260.55,261.35,260.55,261.35,2039
2024-09-06 07:20:00+00:00,261.35,261.85,261.1,261.4,839
2024-09-06 07:25:00+00:00,261.4,261.4,261.1,261.35,675
2024-09-06 07:30:00+00:00,261.35,261.35,260.75,261.0,8722
2024-09-06 07:35:00+00:00,261.0,261.0,260.5,260.5,1819
2024-09-06 07:40:00+00:00,260.5,260.9,260.15,260.45,482
2024-09-06 07:45:00+00:00,260.45,260.8,260.15,260.7,1707
2024-09-06 07:50:00+00:00,260.7,260.8,260.4,260.8,207
2024-09-06 07:55:00+00:00,260.8,260.85,260.1,260.5,895
2024-09-06 08:00:00+00:00,260.5,261.8,260.5,261.8,1893
2024-09-06 08:05:00+00:00,261.8,261.9,261.5,261.5,222
2024-09-06 08:10:00+00:00,261.85,261.85,261.2,261.65,304
2024-09-06 08:15:00+00:00,261.65,261.65,260.8,261.2,1333
2024-09-06 08:20:00+00:00,261.2,261.25,260.8,261.05,3161
2024-09-06 08:25:00+00:00,261.05,261.6,260.55,260.8,932
2024-09-06 08:30:00+00:00,260.8,261.5,260.6,261.4,2652
2024-09-06 08:35:00+00:00,261.4,261.4,260.95,261.2,110
2024-09-06 08:40:00+00:00,261.2,261.2,260.6,260.9,1083
2024-09-06 08:45:00+00:00,260.9,260.9,260.5,260.8,450
2024-09-06 08:50:00+00:00,260.3,260.75,260.3,260.5,895
2024-09-06 08:55:00+00:00,260.5,260.55,260.15,260.2,2805
2024-09-06 09:00:00+00:00,260.2,260.8,260.0,260.55,2104
2024-09-06 09:05:00+00:00,260.55,261.2,260.0,261.2,1861
2024-09-06 09:10:00+00:00,261.2,261.2,260.6,261.15,522
2024-09-06 09:15:00+00:00,261.15,261.15,260.7,261.0,701
2024-09-06 09:20:00+00:00,261.0,261.15,260.6,260.6,1887
2024-09-06 09:25:00+00:00,260.6,260.85,260.1,260.85,2287
2024-09-06 09:30:00+00:00,260.85,260.85,260.3,260.5,642
2024-09-06 09:35:00+00:00,260.5,260.95,260.3,260.95,1794
2024-09-06 09:40:00+00:00,260.95,260.95,260.05,260.05,3080
2024-09-06 09:45:00+00:00,260.05,260.5,260.0,260.15,8933
2024-09-06 09:50:00+00:00,260.65,260.65,260.05,260.25,5003
2024-09-06 09:55:00+00:00,260.25,260.85,259.9,260.75,8173
2024-09-09 03:45:00+00:00,260.0,260.0,255.05,256.95,16839
2024-09-09 03:50:00+00:00,256.9,258.9,256.05,258.2,4252
2024-09-09 03:55:00+00:00,258.2,259.45,257.3,257.3,12675
2024-09-09 04:00:00+00:00,257.3,257.7,255.25,255.5,5952
2024-09-09 04:05:00+00:00,255.8,256.85,255.25,256.25,9158
2024-09-09 04:10:00+00:00,256.65,258.75,256.05,258.1,8048
2024-09-09 04:15:00+00:00,258.1,258.5,257.6,258.05,5776
2024-09-09 04:20:00+00:00,258.05,258.3,257.0,257.05,3444
2024-09-09 04:25:00+00:00,257.05,257.4,254.25,254.85,12703
2024-09-09 04:30:00+00:00,255.0,255.75,254.5,255.6,3587
2024-09-09 04:35:00+00:00,255.6,255.75,253.4,253.7,10888
2024-09-09 04:40:00+00:00,253.7,254.55,253.1,254.3,5654
2024-09-09 04:45:00+00:00,254.3,254.55,254.1,254.5,372
2024-09-09 04:50:00+00:00,254.5,254.5,253.55,254.0,1695
2024-09-09 04:55:00+00:00,254.0,254.0,253.15,253.9,4546
2024-09-09 05:00:00+00:00,254.0,254.0,253.25,253.25,2503
2024-09-09 05:05:00+00:00,253.25,254.4,253.2,254.1,2924
2024-09-09 05:10:00+00:00,254.1,255.25,254.1,255.25,4602
2024-09-09 05:15:00+00:00,255.25,255.45,254.7,255.0,3532
2024-09-09 05:20:00+00:00,255.0,255.1,254.6,255.1,1620
2024-09-09 05:25:00+00:00,255.1,255.1,254.5,254.8,573
2024-09-09 05:30:00+00:00,254.8,255.75,254.8,255.7,1935
2024-09-09 05:35:00+00:00,255.7,255.95,255.65,255.65,276
2024-09-09 05:40:00+00:00,255.95,256.0,255.6,255.8,827
2024-09-09 05:45:00+00:00,255.8,256.0,255.1,255.35,3110
2024-09-09 05:50:00+00:00,255.35,255.7,255.35,255.4,319
2024-09-09 05:55:00+00:00,255.4,255.65,255.2,255.35,1464
2024-09-09 06:00:00+00:00,255.35,255.9,255.0,255.45,6223
2024-09-09 06:05:00+00:00,255.45,255.95,255.05,255.95,6535
2024-09-09 06:10:00+00:00,255.95,255.95,255.0,255.45,766
2024-09-09 06:15:00+00:00,255.45,255.45,254.65,254.65,4563
2024-09-09 06:20:00+00:00,254.65,255.25,254.65,255.05,108
2024-09-09 06:25:00+00:00,255.05,255.3,254.85,255.25,697
2024-09-09 06:30:00+00:00,255.25,255.5,255.25,255.5,1203
2024-09-09 06:35:00+00:00,255.5,255.55,255.05,255.55,748
2024-09-09 06:40:00+00:00,255.55,255.75,255.15,255.65,429
2024-09-09 06:45:00+00:00,255.65,255.75,255.15,255.15,1018
2024-09-09 06:50:00+00:00,255.15,255.45,255.05,255.1,490
2024-09-09 06:55:00+00:00,255.05,255.4,254.5,254.5,1879
2024-09-09 07:00:00+00:00,254.5,254.5,253.5,254.05,4337
2024-09-09 07:05:00+00:00,254.05,254.9,254.05,254.9,726
2024-09-09 07:10:00+00:00,254.9,255.1,254.7,254.7,71
2024-09-09 07:15:00+00:00,254.7,255.1,254.7,254.7,27
2024-09-09 07:20:00+00:00,254.7,254.95,254.0,254.0,1626
2024-09-09 07:25:00+00:00,254.0,254.55,254.0,254.55,226
2024-09-09 07:30:00+00:00,254.55,254.65,254.55,254.6,178
2024-09-09 07:35:00+00:00,254.6,255.1,254.6,255.0,449
2024-09-09 07:40:00+00:00,255.0,255.1,254.5,254.95,2448
2024-09-09 07:45:00+00:00,254.95,254.95,253.4,253.9,3674
2024-09-09 07:50:00+00:00,253.9,254.6,253.8,254.6,105
2024-09-09 07:55:00+00:00,254.6,254.6,253.0,253.0,5702
2024-09-09 08:00:00+00:00,253.3,254.45,253.0,254.45,1307
2024-09-09 08:05:00+00:00,254.45,254.95,254.45,254.85,846
2024-09-09 08:10:00+00:00,254.85,255.35,254.85,255.25,1236
2024-09-09 08:15:00+00:00,255.25,255.25,254.7,254.7,2520
2024-09-09 08:20:00+00:00,254.7,254.7,254.3,254.65,741
2024-09-09 08:25:00+00:00,254.65,254.75,254.15,254.15,303
2024-09-09 08:30:00+00:00,254.55,254.55,254.1,254.1,1227
2024-09-09 08:35:00+00:00,254.1,254.5,254.1,254.5,2252
2024-09-09 08:40:00+00:00,254.5,254.95,254.25,254.95,1883
2024-09-09 08:45:00+00:00,254.95,255.0,254.6,254.95,184
2024-09-09 08:50:00+00:00,254.95,255.35,254.95,255.0,667
2024-09-09 08:55:00+00:00,255.0,255.5,254.6,254.6,4746
2024-09-09 09:00:00+00:00,254.6,254.85,254.25,254.25,2141
2024-09-09 09:05:00+00:00,254.25,254.5,254.1,254.35,741
2024-09-09 09:10:00+00:00,254.35,254.35,254.1,254.25,656
2024-09-09 09:15:00+00:00,254.25,254.25,253.3,253.9,3100
2024-09-09 09:20:00+00:00,253.95,254.0,252.75,253.5,5666
2024-09-09 09:25:00+00:00,253.5,254.25,253.5,254.25,603
2024-09-09 09:30:00+00:00,254.25,254.45,253.5,253.7,3710
2024-09-09 09:35:00+00:00,253.75,253.75,253.0,253.5,7993
2024-09-09 09:40:00+00:00,253.5,255.1,253.25,254.85,8870
2024-09-09 09:45:00+00:00,254.85,254.9,254.05,254.5,2324
2024-09-09 09:50:00+00:00,254.5,254.5,253.55,254.45,3735
2024-09-09 09:55:00+00:00,254.45,254.95,253.05,254.8,4631
2024-09-10 03:45:00+00:00,255.9,261.7,255.85,259.5,17054
2024-09-10 03:50:00+00:00,259.6,262.3,259.6,260.6,11492
2024-09-10 03:55:00+00:00,260.6,263.85,260.55,263.8,11800
2024-09-10 04:00:00+00:00,263.9,266.05,263.35,264.55,25780
2024-09-10 04:05:00+00:00,264.55,264.55,262.0,262.25,3081
2024-09-10 04:10:00+00:00,262.35,262.45,261.15,261.75,4108
2024-09-10 04:15:00+00:00,261.75,261.75,260.25,260.5,3228
2024-09-10 04:20:00+00:00,260.5,260.75,259.8,260.35,3442
2024-09-10 04:25:00+00:00,260.35,260.35,259.55,259.8,2856
2024-09-10 04:30:00+00:00,259.8,259.95,259.45,259.9,1024
2024-09-10 04:35:00+00:00,259.9,260.0,259.1,259.45,1400
2024-09-10 04:40:00+00:00,259.45,259.45,259.0,259.35,1238
2024-09-10 04:45:00+00:00,259.35,260.25,259.1,259.95,2522
2024-09-10 04:50:00+00:00,259.95,261.25,259.9,261.05,3256
2024-09-10 04:55:00+00:00,261.05,262.0,260.65,261.5,1239
2024-09-10 05:00:00+00:00,261.5,261.95,261.4,261.9,519
2024-09-10 05:05:00+00:00,261.9,261.95,261.3,261.3,322
2024-09-10 05:10:00+00:00,261.65,263.2,261.4,262.15,7055
2024-09-10 05:15:00+00:00,262.15,262.65,261.95,262.0,2929
2024-09-10 05:20:00+00:00,262.0,262.9,261.9,261.9,1651
2024-09-10 05:25:00+00:00,261.9,263.0,261.9,263.0,3259
2024-09-10 05:30:00+00:00,263.0,263.55,262.9,263.3,2163
2024-09-10 05:35:00+00:00,263.3,263.7,262.05,262.4,1244
2024-09-10 05:40:00+00:00,262.4,262.4,261.7,261.7,549
2024-09-10 05:45:00+00:00,261.7,262.0,261.6,261.75,1900
2024-09-10 05:50:00+00:00,261.75,262.0,261.75,262.0,33
2024-09-10 05:55:00+00:00,262.0,263.65,262.0,262.95,3681
2024-09-10 06:00:00+00:00,262.95,263.3,262.3,263.3,1148
2024-09-10 06:05:00+00:00,263.3,263.5,262.85,262.85,882
2024-09-10 06:10:00+00:00,262.85,263.0,262.1,262.1,1386
2024-09-10 06:15:00+00:00,262.1,263.25,262.05,263.0,1059
2024-09-10 06:20:00+00:00,263.0,263.0,262.55,262.95,458
2024-09-10 06:25:00+00:00,262.95,263.4,262.75,263.25,225
2024-09-10 06:30:00+00:00,263.25,263.25,263.0,263.15,320
2024-09-10 06:35:00+00:00,263.15,263.6,262.8,263.25,2011
2024-09-10 06:40:00+00:00,263.25,263.55,262.8,262.8,1225
2024-09-10 06:45:00+00:00,262.8,263.45,262.8,263.45,212
2024-09-10 06:50:00+00:00,263.45,263.7,263.05,263.3,725
2024-09-10 06:55:00+00:00,263.3,263.3,262.75,263.25,492
2024-09-10 07:00:00+00:00,263.25,263.25,262.6,263.1,145
2024-09-10 07:05:00+00:00,263.1,263.15,262.7,263.1,182
2024-09-10 07:10:00+00:00,263.1,263.15,262.35,262.7,541
2024-09-10 07:15:00+00:00,262.7,263.15,262.7,263.05,1155
2024-09-10 07:20:00+00:00,263.05,263.15,262.75,263.0,326
2024-09-10 07:25:00+00:00,263.0,263.15,262.05,262.05,1408
2024-09-10 07:30:00+00:00,262.05,262.45,261.35,261.8,7444
2024-09-10 07:35:00+00:00,261.8,261.85,260.85,260.85,292
2024-09-10 07:40:00+00:00,260.85,261.35,260.25,260.35,2941
2024-09-10 07:45:00+00:00,260.35,260.95,259.45,259.45,5196
2024-09-10 07:50:00+00:00,259.45,260.35,259.45,260.35,283
2024-09-10 07:55:00+00:00,260.35,261.2,260.35,261.2,2230
2024-09-10 08:00:00+00:00,261.3,261.7,260.8,261.2,664
2024-09-10 08:05:00+00:00,261.2,261.55,261.2,261.25,169
2024-09-10 08:10:00+00:00,261.25,261.35,260.6,260.95,1507
2024-09-10 08:15:00+00:00,260.95,261.1,260.65,261.1,719
2024-09-10 08:20:00+00:00,261.1,261.1,260.35,260.45,2759
2024-09-10 08:25:00+00:00,260.45,260.95,260.4,260.4,523
2024-09-10 08:30:00+00:00,260.4,260.9,260.4,260.65,60
2024-09-10 08:35:00+00:00,260.65,262.1,260.65,262.05,4725
2024-09-10 08:40:00+00:00,262.05,262.2,261.75,261.75,370
2024-09-10 08:45:00+00:00,261.75,261.75,261.45,261.45,25
2024-09-10 08:50:00+00:00,261.45,261.9,261.45,261.5,496
2024-09-10 08:55:00+00:00,261.5,262.55,261.3,262.5,4438
2024-09-10 09:00:00+00:00,262.5,262.5,261.5,261.9,1449
2024-09-10 09:05:00+00:00,261.5,263.3,260.9,263.0,11809
2024-09-10 09:10:00+00:00,263.0,264.9,262.6,264.3,14444
2024-09-10 09:15:00+00:00,264.45,264.6,262.9,263.5,5345
2024-09-10 09:20:00+00:00,263.5,263.7,262.1,263.0,2890
2024-09-10 09:25:00+00:00,263.0,263.3,262.05,262.7,2213
2024-09-10 09:30:00+00:00,263.0,263.0,261.2,261.9,2890
2024-09-10 09:35:00+00:00,261.9,262.3,261.8,261.8,5522
2024-09-10 09:40:00+00:00,261.8,261.8,260.4,261.5,6088
2024-09-10 09:45:00+00:00,261.5,261.85,261.3,261.55,8397
2024-09-10 09:50:00+00:00,261.25,261.8,261.25,261.8,4604
2024-09-10 09:55:00+00:00,261.7,261.85,261.2,261.85,5815
2024-09-11 03:45:00+00:00,262.0,263.25,260.85,261.0,7925
2024-09-11 03:50:00+00:00,260.55,262.0,260.05,261.65,11218
2024-09-11 03:55:00+00:00,261.65,262.0,261.0,261.35,2113
2024-09-11 04:00:00+00:00,261.35,264.1,261.35,264.1,11981
2024-09-11 04:05:00+00:00,264.0,265.0,263.3,263.6,12567
2024-09-11 04:10:00+00:00,263.6,264.85,263.45,264.3,4988
2024-09-11 04:15:00+00:00,264.3,264.3,263.5,263.85,962
2024-09-11 04:20:00+00:00,263.85,263.85,263.2,263.45,1650
2024-09-11 04:25:00+00:00,263.45,263.45,262.2,263.25,8517
2024-09-11 04:30:00+00:00,263.05,263.05,262.4,262.6,1152
2024-09-11 04:35:00+00:00,262.6,262.6,262.2,262.6,1280
2024-09-11 04:40:00+00:00,262.6,263.0,262.35,263.0,3784
2024-09-11 04:45:00+00:00,263.0,263.5,262.55,263.1,2737
2024-09-11 04:50:00+00:00,263.1,263.4,263.05,263.25,600
2024-09-11 04:55:00+00:00,263.25,263.85,262.85,263.85,2426
2024-09-11 05:00:00+00:00,263.85,263.85,262.55,262.6,1720
2024-09-11 05:05:00+00:00,262.6,262.95,262.25,262.25,1761
2024-09-11 05:10:00+00:00,262.6,262.6,262.45,262.45,159
2024-09-11 05:15:00+00:00,262.35,262.7,262.2,262.55,822
2024-09-11 05:20:00+00:00,262.95,262.95,262.4,262.6,1220
2024-09-11 05:25:00+00:00,262.6,263.0,262.6,262.65,584
2024-09-11 05:30:00+00:00,262.95,262.95,262.95,262.95,121
2024-09-11 05:35:00+00:00,262.95,262.95,262.6,262.95,1435
2024-09-11 05:40:00+00:00,262.95,262.95,262.65,262.95,33
2024-09-11 05:45:00+00:00,262.65,262.95,262.6,262.95,1903
2024-09-11 05:50:00+00:00,263.2,263.85,263.05,263.4,2825
2024-09-11 05:55:00+00:00,263.4,263.6,263.3,263.4,330
2024-09-11 06:00:00+00:00,263.4,263.55,263.4,263.45,559
2024-09-11 06:05:00+00:00,263.45,263.85,263.45,263.85,998
2024-09-11 06:10:00+00:00,263.85,264.4,263.6,264.4,2041
2024-09-11 06:15:00+00:00,264.4,264.8,264.15,264.7,2768
2024-09-11 06:20:00+00:00,264.7,265.0,264.45,264.45,2550
2024-09-11 06:25:00+00:00,264.45,264.9,264.35,264.35,743
2024-09-11 06:30:00+00:00,264.35,264.8,264.3,264.3,450
2024-09-11 06:35:00+00:00,264.3,264.6,264.25,264.6,661
2024-09-11 06:40:00+00:00,264.6,264.7,264.0,264.5,2431
2024-09-11 06:45:00+00:00,264.25,264.4,263.75,263.75,1222
2024-09-11 06:50:00+00:00,263.75,264.1,263.65,264.1,545
2024-09-11 06:55:00+00:00,264.1,264.1,264.0,264.0,43
2024-09-11 07:00:00+00:00,264.0,264.0,263.8,264.0,40
2024-09-11 07:05:00+00:00,264.0,264.0,263.45,263.9,1126
2024-09-11 07:10:00+00:00,263.9,264.0,263.55,263.55,1560
2024-09-11 07:15:00+00:00,263.55,263.95,263.2,263.55,2349
2024-09-11 07:20:00+00:00,263.55,263.6,263.35,263.35,243
2024-09-11 07:25:00+00:00,263.35,263.55,263.2,263.55,745
2024-09-11 07:30:00+00:00,263.55,263.6,263.25,263.6,276
2024-09-11 07:35:00+00:00,263.6,263.95,263.1,263.95,596
2024-09-11 07:40:00+00:00,263.95,264.0,263.9,263.9,111
2024-09-11 07:45:00+00:00,263.9,263.9,263.3,263.3,106
2024-09-11 07:50:00+00:00,263.3,263.8,263.3,263.6,677
2024-09-11 07:55:00+00:00,263.6,263.6,263.3,263.5,241
2024-09-11 08:00:00+00:00,263.5,263.75,263.35,263.35,448
2024-09-11 08:05:00+00:00,263.35,263.35,262.75,263.25,1200
2024-09-11 08:10:00+00:00,263.25,263.3,262.8,262.8,283
2024-09-11 08:15:00+00:00,262.8,263.3,262.8,263.25,114
2024-09-11 08:20:00+00:00,263.25,263.35,262.8,262.8,766
2024-09-11 08:25:00+00:00,262.8,264.25,262.8,263.45,18604
2024-09-11 08:30:00+00:00,263.45,263.45,262.55,262.95,1033
2024-09-11 08:35:00+00:00,262.95,262.95,262.3,262.3,292
2024-09-11 08:40:00+00:00,262.25,262.4,262.0,262.4,5150
2024-09-11 08:45:00+00:00,262.4,262.4,261.8,262.0,678
2024-09-11 08:50:00+00:00,262.0,262.15,261.7,262.15,401
2024-09-11 08:55:00+00:00,262.15,262.15,261.4,261.4,2035
2024-09-11 09:00:00+00:00,261.4,261.75,261.05,261.55,2616
2024-09-11 09:05:00+00:00,261.55,261.85,261.2,261.55,367
2024-09-11 09:10:00+00:00,261.55,261.9,261.5,261.5,1370
2024-09-11 09:15:00+00:00,261.5,261.7,261.0,261.2,2377
2024-09-11 09:20:00+00:00,261.2,262.0,261.2,261.35,1102
2024-09-11 09:25:00+00:00,261.35,262.15,261.2,261.5,8122
2024-09-11 09:30:00+00:00,261.5,261.85,261.3,261.3,4061
2024-09-11 09:35:00+00:00,261.3,262.1,261.3,261.65,941
2024-09-11 09:40:00+00:00,261.65,262.6,261.65,261.8,1847
2024-09-11 09:45:00+00:00,261.8,262.55,261.8,262.1,689
2024-09-11 09:50:00+00:00,262.45,263.65,262.15,263.05,6326
2024-09-11 09:55:00+00:00,263.05,263.1,262.35,263.0,4192
2024-09-12 03:45:00+00:00,265.0,265.2,263.0,263.5,6125
2024-09-12 03:50:00+00:00,263.5,264.35,262.35,262.9,10791
2024-09-12 03:55:00+00:00,262.9,264.15,262.9,264.0,8335
2024-09-12 04:00:00+00:00,264.0,264.0,263.0,263.0,3791
2024-09-12 04:05:00+00:00,263.0,263.25,262.5,262.6,2342
2024-09-12 04:10:00+00:00,262.6,262.95,262.4,262.8,1594
2024-09-12 04:15:00+00:00,262.8,262.8,261.25,261.55,3642
2024-09-12 04:20:00+00:00,261.55,261.75,261.1,261.45,2360
2024-09-12 04:25:00+00:00,261.45,262.45,261.25,261.25,1617
2024-09-12 04:30:00+00:00,261.25,261.75,261.05,261.05,820
2024-09-12 04:35:00+00:00,261.05,261.7,260.9,261.25,7346
2024-09-12 04:40:00+00:00,261.25,261.25,260.8,261.15,2719
2024-09-12 04:45:00+00:00,261.15,261.15,260.8,260.8,206
2024-09-12 04:50:00+00:00,260.8,260.8,260.35,260.65,784
2024-09-12 04:55:00+00:00,260.65,260.7,259.6,259.9,3574
2024-09-12 05:00:00+00:00,259.9,259.95,259.4,259.75,607
2024-09-12 05:05:00+00:00,259.75,259.75,259.45,259.7,244
2024-09-12 05:10:00+00:00,259.7,259.75,259.45,259.7,1478
2024-09-12 05:15:00+00:00,259.7,259.75,259.4,259.5,650
2024-09-12 05:20:00+00:00,259.5,259.75,258.8,259.2,4276
2024-09-12 05:25:00+00:00,259.25,259.3,258.6,258.8,2477
2024-09-12 05:30:00+00:00,258.5,258.95,258.5,258.55,900
2024-09-12 05:35:00+00:00,258.55,259.7,258.55,259.35,834
2024-09-12 05:40:00+00:00,259.35,260.0,259.05,259.5,1800
2024-09-12 05:45:00+00:00,259.5,261.05,259.5,261.05,3288
2024-09-12 05:50:00+00:00,261.05,261.55,259.3,259.75,7282
2024-09-12 05:55:00+00:00,259.75,259.85,259.4,259.75,66
2024-09-12 06:00:00+00:00,259.75,259.85,259.2,259.35,560
2024-09-12 06:05:00+00:00,259.35,259.35,258.65,259.0,2052
2024-09-12 06:10:00+00:00,259.0,259.4,258.85,259.4,489
2024-09-12 06:15:00+00:00,259.4,259.5,259.0,259.3,240
2024-09-12 06:20:00+00:00,259.3,260.1,259.05,260.1,2049
2024-09-12 06:25:00+00:00,260.1,260.1,259.1,259.25,122
2024-09-12 06:30:00+00:00,259.25,259.65,259.1,259.1,1107
2024-09-12 06:35:00+00:00,259.1,259.75,259.05,259.75,1613
2024-09-12 06:40:00+00:00,259.75,259.75,259.05,259.1,2748
2024-09-12 06:45:00+00:00,259.1,259.35,259.05,259.05,2897
2024-09-12 06:50:00+00:00,259.05,259.45,259.05,259.1,193
2024-09-12 06:55:00+00:00,259.1,259.35,259.05,259.1,886
2024-09-12 07:00:00+00:00,259.1,259.35,259.1,259.1,50
2024-09-12 07:05:00+00:00,259.1,259.5,259.1,259.1,804
2024-09-12 07:10:00+00:00,259.1,260.0,259.1,260.0,786
2024-09-12 07:15:00+00:00,260.0,260.0,259.65,259.95,1348
2024-09-12 07:20:00+00:00,259.95,259.95,259.5,259.55,129
2024-09-12 07:25:00+00:00,259.55,259.85,259.55,259.85,106
2024-09-12 07:30:00+00:00,259.85,259.95,259.6,259.6,325
2024-09-12 07:35:00+00:00,259.6,260.0,259.55,260.0,7140
2024-09-12 07:40:00+00:00,260.0,261.0,259.55,260.8,16258
2024-09-12 07:45:00+00:00,260.8,260.95,260.8,260.9,226
2024-09-12 07:50:00+00:00,260.9,260.9,260.7,260.7,428
2024-09-12 07:55:00+00:00,260.7,261.0,260.7,260.75,2405
2024-09-12 08:00:00+00:00,260.75,261.5,260.75,261.5,281
2024-09-12 08:05:00+00:00,261.5,261.5,260.65,261.05,3750
2024-09-12 08:10:00+00:00,261.05,261.4,261.0,261.3,285
2024-09-12 08:15:00+00:00,261.3,261.3,261.0,261.25,1727
2024-09-12 08:20:00+00:00,261.25,261.35,261.1,261.1,3666
2024-09-12 08:25:00+00:00,260.85,260.85,260.45,260.5,5490
2024-09-12 08:30:00+00:00,260.5,260.75,260.25,260.6,1667
2024-09-12 08:35:00+00:00,260.6,261.0,260.6,261.0,1510
2024-09-12 08:40:00+00:00,261.0,261.45,260.9,261.45,1124
2024-09-12 08:45:00+00:00,261.45,261.55,260.0,260.5,5169
2024-09-12 08:50:00+00:00,260.5,260.55,259.05,259.15,3362
2024-09-12 08:55:00+00:00,259.15,260.05,259.0,259.05,3299
2024-09-12 09:00:00+00:00,259.05,259.85,259.05,259.75,1068
2024-09-12 09:05:00+00:00,259.75,260.25,259.7,260.0,833
2024-09-12 09:10:00+00:00,260.0,260.0,259.0,259.4,5237
2024-09-12 09:15:00+00:00,259.45,259.9,259.2,259.6,1491
2024-09-12 09:20:00+00:00,259.6,259.75,259.45,259.7,544
2024-09-12 09:25:00+00:00,259.7,260.6,259.7,260.0,6014
2024-09-12 09:30:00+00:00,260.0,260.5,259.55,259.85,2248
2024-09-12 09:35:00+00:00,259.85,260.0,259.2,259.3,2985
2024-09-12 09:40:00+00:00,259.4,259.7,259.25,259.5,2988
2024-09-12 09:45:00+00:00,259.5,259.9,259.05,259.1,2405
2024-09-12 09:50:00+00:00,259.1,260.0,259.1,260.0,5362
2024-09-12 09:55:00+00:00,260.0,260.0,259.0,259.9,7558
2024-09-13 03:45:00+00:00,261.05,262.95,261.05,261.5,3815
2024-09-13 03:50:00+00:00,261.5,263.0,261.5,262.5,3357
2024-09-13 03:55:00+00:00,262.65,262.65,261.75,262.25,9182
2024-09-13 04:00:00+00:00,262.5,262.9,262.35,262.5,1191
2024-09-13 04:05:00+00:00,262.5,263.0,262.3,262.7,790
2024-09-13 04:10:00+00:00,262.7,262.7,262.25,262.7,1331
2024-09-13 04:15:00+00:00,262.7,262.7,262.3,262.65,1370
2024-09-13 04:20:00+00:00,262.65,263.0,262.55,262.6,1975
2024-09-13 04:25:00+00:00,262.6,263.45,262.6,263.1,2350
2024-09-13 04:30:00+00:00,263.1,264.6,263.1,264.05,4300
2024-09-13 04:35:00+00:00,263.9,264.45,263.5,263.6,3403
2024-09-13 04:40:00+00:00,263.6,264.0,263.25,263.5,1465
2024-09-13 04:45:00+00:00,263.65,264.15,263.05,263.05,3082
2024-09-13 04:50:00+00:00,263.05,263.45,262.95,262.95,781
2024-09-13 04:55:00+00:00,262.95,262.95,262.0,262.05,2053
2024-09-13 05:00:00+00:00,262.5,262.7,261.7,262.1,3033
2024-09-13 05:05:00+00:00,262.1,262.35,261.9,262.3,989
2024-09-13 05:10:00+00:00,262.3,262.3,262.05,262.05,15
2024-09-13 05:15:00+00:00,262.05,263.3,262.05,262.95,2736
2024-09-13 05:20:00+00:00,262.95,263.25,261.75,261.75,2606
2024-09-13 05:25:00+00:00,261.75,263.05,261.7,263.05,1724
2024-09-13 05:30:00+00:00,263.1,263.4,261.95,261.95,2517
2024-09-13 05:35:00+00:00,262.35,262.55,261.65,261.65,747
2024-09-13 05:40:00+00:00,261.65,262.0,261.55,261.55,268
2024-09-13 05:45:00+00:00,261.55,261.85,261.55,261.55,466
2024-09-13 05:50:00+00:00,261.55,262.55,259.95,260.0,16970
2024-09-13 05:55:00+00:00,260.0,260.8,259.25,260.1,4632
2024-09-13 06:00:00+00:00,260.1,260.25,259.55,260.0,3042
2024-09-13 06:05:00+00:00,260.0,260.75,260.0,260.5,1053
2024-09-13 06:10:00+00:00,260.5,260.95,260.5,260.95,835
2024-09-13 06:15:00+00:00,260.95,260.95,260.05,260.4,1770
2024-09-13 06:20:00+00:00,260.4,260.4,260.0,260.3,1464
2024-09-13 06:25:00+00:00,260.3,260.4,260.15,260.4,106
2024-09-13 06:30:00+00:00,260.4,261.3,260.4,260.8,1645
2024-09-13 06:35:00+00:00,260.8,260.9,260.5,260.5,2328
2024-09-13 06:40:00+00:00,260.5,260.8,260.5,260.75,1039
2024-09-13 06:45:00+00:00,260.75,260.75,260.45,260.45,1052
2024-09-13 06:50:00+00:00,260.45,260.7,260.45,260.7,410
2024-09-13 06:55:00+00:00,260.7,260.75,260.4,260.6,406
2024-09-13 07:00:00+00:00,260.35,260.6,260.35,260.6,2365
2024-09-13 07:05:00+00:00,260.6,260.6,260.4,260.4,940
2024-09-13 07:10:00+00:00,260.8,261.45,260.6,260.95,2486
2024-09-13 07:15:00+00:00,260.95,261.4,260.95,261.4,320
2024-09-13 07:20:00+00:00,261.4,261.75,261.1,261.1,800
2024-09-13 07:25:00+00:00,261.1,261.1,260.9,260.9,128
2024-09-13 07:30:00+00:00,260.9,260.9,260.65,260.65,178
2024-09-13 07:35:00+00:00,260.65,260.75,260.35,260.75,1007
2024-09-13 07:40:00+00:00,260.75,260.75,260.3,260.3,805
2024-09-13 07:45:00+00:00,260.3,260.95,260.3,260.95,966
2024-09-13 07:50:00+00:00,261.0,261.25,260.55,260.55,2504
2024-09-13 07:55:00+00:00,260.55,261.0,260.55,260.75,897
2024-09-13 08:00:00+00:00,260.75,261.0,260.75,261.0,274
2024-09-13 08:05:00+00:00,261.0,261.0,260.6,260.6,667
2024-09-13 08:10:00+00:00,260.6,261.05,260.6,260.8,699
2024-09-13 08:15:00+00:00,260.8,261.2,260.25,260.25,3253
2024-09-13 08:20:00+00:00,260.25,260.65,260.25,260.35,666
2024-09-13 08:25:00+00:00,260.7,260.7,260.4,260.7,216
2024-09-13 08:30:00+00:00,260.7,260.9,260.5,260.8,1642
2024-09-13 08:35:00+00:00,260.8,260.8,260.15,260.25,1330
2024-09-13 08:40:00+00:00,260.25,260.55,260.25,260.55,138
2024-09-13 08:45:00+00:00,260.55,260.55,260.1,260.15,411
2024-09-13 08:50:00+00:00,260.1,260.4,260.0,260.35,3703
2024-09-13 08:55:00+00:00,260.35,260.7,260.1,260.35,423
2024-09-13 09:00:00+00:00,260.35,260.75,260.35,260.45,254
2024-09-13 09:05:00+00:00,260.45,260.7,260.2,260.2,671
2024-09-13 09:10:00+00:00,260.2,260.6,260.0,260.3,1976
2024-09-13 09:15:00+00:00,260.3,260.4,260.0,260.2,4290
2024-09-13 09:20:00+00:00,260.2,260.5,260.0,260.25,8681
2024-09-13 09:25:00+00:00,260.25,260.9,260.0,260.9,2040
2024-09-13 09:30:00+00:00,260.9,260.9,260.3,260.3,2813
2024-09-13 09:35:00+00:00,260.35,260.65,260.3,260.4,2399
2024-09-13 09:40:00+00:00,260.4,260.55,260.0,260.5,3801
2024-09-13 09:45:00+00:00,260.5,260.5,260.05,260.1,1044
2024-09-13 09:50:00+00:00,260.1,260.4,260.0,260.05,6074
2024-09-13 09:55:00+00:00,260.05,260.5,260.0,260.45,2855
2024-09-16 03:45:00+00:00,261.5,262.1,260.5,260.5,4073
2024-09-16 03:50:00+00:00,260.65,261.6,260.1,260.4,1111
2024-09-16 03:55:00+00:00,260.4,260.55,260.0,260.0,19795
2024-09-16 04:00:00+00:00,260.35,261.0,260.0,260.65,4652
2024-09-16 04:05:00+00:00,260.65,262.9,260.65,261.15,8046
2024-09-16 04:10:00+00:00,261.15,261.15,260.0,260.15,6089
2024-09-16 04:15:00+00:00,260.15,260.7,260.05,260.3,2857
2024-09-16 04:20:00+00:00,260.3,260.8,260.15,260.8,1413
2024-09-16 04:25:00+00:00,260.8,260.8,260.25,260.25,4723
2024-09-16 04:30:00+00:00,260.25,260.5,259.65,259.9,5465
2024-09-16 04:35:00+00:00,259.9,259.9,259.2,259.3,1369
2024-09-16 04:40:00+00:00,259.3,259.8,259.05,259.05,1878
2024-09-16 04:45:00+00:00,259.05,259.05,258.0,258.55,2807
2024-09-16 04:50:00+00:00,258.55,259.45,258.55,259.3,2184
2024-09-16 04:55:00+00:00,259.3,259.4,258.75,258.75,1163
2024-09-16 05:00:00+00:00,259.05,259.2,258.75,258.95,1503
2024-09-16 05:05:00+00:00,258.95,259.15,258.25,258.25,1427
2024-09-16 05:10:00+00:00,258.05,258.05,256.5,257.95,7247
2024-09-16 05:15:00+00:00,257.95,257.95,257.0,257.35,3935
2024-09-16 05:20:00+00:00,257.35,257.4,257.1,257.4,611
2024-09-16 05:25:00+00:00,257.4,257.4,257.0,257.0,443
2024-09-16 05:30:00+00:00,257.2,257.35,256.55,256.75,5649
2024-09-16 05:35:00+00:00,256.75,257.2,256.75,257.15,1699
2024-09-16 05:40:00+00:00,257.15,257.15,256.0,256.95,3810
2024-09-16 05:45:00+00:00,256.95,257.15,256.25,256.6,996
2024-09-16 05:50:00+00:00,256.65,257.0,256.65,256.7,804
2024-09-16 05:55:00+00:00,256.7,257.0,256.5,256.6,444
2024-09-16 06:00:00+00:00,256.6,256.65,256.5,256.5,414
2024-09-16 06:05:00+00:00,256.5,256.7,256.35,256.6,969
2024-09-16 06:10:00+00:00,256.6,256.6,256.1,256.1,2754
2024-09-16 06:15:00+00:00,256.1,256.6,255.45,256.25,3100
2024-09-16 06:20:00+00:00,256.25,256.55,256.05,256.5,493
2024-09-16 06:25:00+00:00,256.5,256.5,256.2,256.3,565
2024-09-16 06:30:00+00:00,256.3,256.7,256.2,256.5,647
2024-09-16 06:35:00+00:00,256.7,256.7,256.5,256.7,570
2024-09-16 06:40:00+00:00,256.7,256.95,256.5,256.5,835
2024-09-16 06:45:00+00:00,256.5,256.8,256.5,256.5,388
2024-09-16 06:50:00+00:00,256.5,256.55,256.2,256.25,606
2024-09-16 06:55:00+00:00,256.25,257.0,256.2,256.8,571
2024-09-16 07:00:00+00:00,256.8,258.8,256.8,258.8,5791
2024-09-16 07:05:00+00:00,258.8,258.8,258.15,258.45,1449
2024-09-16 07:10:00+00:00,258.45,258.45,257.6,257.6,1037
2024-09-16 07:15:00+00:00,257.6,257.6,256.25,256.85,2108
2024-09-16 07:20:00+00:00,256.85,257.0,256.25,256.25,1965
2024-09-16 07:25:00+00:00,256.25,256.85,256.25,256.35,2205
2024-09-16 07:30:00+00:00,256.3,256.75,256.15,256.25,1437
2024-09-16 07:35:00+00:00,256.25,256.65,256.2,256.6,488
2024-09-16 07:40:00+00:00,256.25,256.55,256.25,256.4,818
2024-09-16 07:45:00+00:00,256.4,257.1,256.4,257.0,4879
2024-09-16 07:50:00+00:00,256.75,257.2,256.65,257.0,1067
2024-09-16 07:55:00+00:00,257.0,257.1,256.6,257.1,439
2024-09-16 08:00:00+00:00,257.1,257.35,256.9,257.25,622
2024-09-16 08:05:00+00:00,257.25,257.25,257.1,257.1,251
2024-09-16 08:10:00+00:00,257.0,257.25,256.7,256.7,1620
2024-09-16 08:15:00+00:00,257.0,257.0,256.0,256.6,3647
2024-09-16 08:20:00+00:00,256.6,256.6,256.15,256.55,1284
2024-09-16 08:25:00+00:00,256.55,256.65,255.85,255.85,2089
2024-09-16 08:30:00+00:00,255.85,256.75,255.0,255.5,11754
2024-09-16 08:35:00+00:00,255.5,255.75,255.2,255.7,1285
2024-09-16 08:40:00+00:00,255.7,256.15,255.05,255.5,6363
2024-09-16 08:45:00+00:00,255.7,255.85,254.85,254.95,36385
2024-09-16 08:50:00+00:00,254.95,255.1,254.5,254.9,4107
2024-09-16 08:55:00+00:00,254.9,255.1,254.5,255.0,2229
2024-09-16 09:00:00+00:00,255.0,255.0,254.6,255.0,2390
2024-09-16 09:05:00+00:00,255.0,255.0,254.5,254.5,1960
2024-09-16 09:10:00+00:00,254.5,254.8,254.2,254.65,2324
2024-09-16 09:15:00+00:00,254.85,255.0,254.65,254.8,735
2024-09-16 09:20:00+00:00,254.8,255.0,254.8,254.95,824
2024-09-16 09:25:00+00:00,254.95,255.4,254.8,255.0,4855
2024-09-16 09:30:00+00:00,255.0,255.25,254.8,255.0,8005
2024-09-16 09:35:00+00:00,255.0,255.05,254.8,255.0,4780
2024-09-16 09:40:00+00:00,255.0,255.1,254.65,254.95,3407
2024-09-16 09:45:00+00:00,254.95,255.05,254.55,254.85,2173
2024-09-16 09:50:00+00:00,254.85,254.95,253.5,254.65,9715
2024-09-16 09:55:00+00:00,254.65,255.4,254.0,255.4,4571
2024-09-17 03:45:00+00:00,254.7,255.9,254.4,254.95,6489
2024-09-17 03:50:00+00:00,254.95,255.55,254.8,255.3,2416
2024-09-17 03:55:00+00:00,255.3,255.8,254.15,254.55,5756
2024-09-17 04:00:00+00:00,254.5,254.5,253.0,253.75,6515
2024-09-17 04:05:00+00:00,253.75,254.05,253.05,253.05,2794
2024-09-17 04:10:00+00:00,253.05,253.7,253.05,253.45,2299
2024-09-17 04:15:00+00:00,253.45,253.85,253.1,253.45,2928
2024-09-17 04:20:00+00:00,253.45,253.45,252.0,252.5,3957
2024-09-17 04:25:00+00:00,252.5,252.85,250.65,250.9,10373
2024-09-17 04:30:00+00:00,250.9,251.9,250.9,251.9,3473
2024-09-17 04:35:00+00:00,251.9,252.2,251.8,252.0,1012
2024-09-17 04:40:00+00:00,252.0,252.0,251.0,251.2,2799
2024-09-17 04:45:00+00:00,251.2,251.2,249.95,250.0,13600
2024-09-17 04:50:00+00:00,250.4,251.0,250.05,250.45,3025
2024-09-17 04:55:00+00:00,249.85,249.95,249.2,249.2,9595
2024-09-17 05:00:00+00:00,249.2,249.75,248.05,248.5,8471
2024-09-17 05:05:00+00:00,248.5,249.55,248.25,249.15,4718
2024-09-17 05:10:00+00:00,249.15,249.2,248.75,248.95,3127
2024-09-17 05:15:00+00:00,248.95,249.2,248.65,248.9,6811
2024-09-17 05:20:00+00:00,248.65,248.9,248.2,248.8,2856
2024-09-17 05:25:00+00:00,248.8,248.85,248.0,248.8,7799
2024-09-17 05:30:00+00:00,248.8,249.0,248.65,248.95,2288
2024-09-17 05:35:00+00:00,248.95,249.0,248.65,249.0,1957
2024-09-17 05:40:00+00:00,249.0,249.35,248.5,248.7,4920
2024-09-17 05:45:00+00:00,248.7,248.8,248.5,248.7,741
2024-09-17 05:50:00+00:00,248.7,249.15,248.7,249.15,4628
2024-09-17 05:55:00+00:00,249.15,249.15,248.5,248.85,3204
2024-09-17 06:00:00+00:00,248.85,249.0,248.5,248.95,1284
2024-09-17 06:05:00+00:00,248.95,249.0,248.5,248.55,905
2024-09-17 06:10:00+00:00,248.55,248.9,248.45,248.85,1391
2024-09-17 06:15:00+00:00,248.85,249.0,248.5,248.95,1034
2024-09-17 06:20:00+00:00,248.65,249.0,248.65,248.95,1871
2024-09-17 06:25:00+00:00,248.95,249.0,248.35,248.35,4186
2024-09-17 06:30:00+00:00,248.65,248.65,247.6,247.95,9234
2024-09-17 06:35:00+00:00,247.95,248.5,247.6,248.05,1882
2024-09-17 06:40:00+00:00,248.1,248.45,248.0,248.4,947
2024-09-17 06:45:00+00:00,248.4,248.45,247.55,247.6,4513
2024-09-17 06:50:00+00:00,247.6,248.15,247.5,248.15,2153
2024-09-17 06:55:00+00:00,248.15,248.3,247.65,248.15,1284
2024-09-17 07:00:00+00:00,248.15,248.15,247.8,248.0,356
2024-09-17 07:05:00+00:00,247.9,248.0,247.9,248.0,416
2024-09-17 07:10:00+00:00,248.0,248.1,247.95,248.05,1250
2024-09-17 07:15:00+00:00,248.05,248.05,247.7,247.8,1199
2024-09-17 07:20:00+00:00,247.8,248.1,247.8,248.0,1719
2024-09-17 07:25:00+00:00,248.0,248.9,247.8,248.7,3605
2024-09-17 07:30:00+00:00,248.7,248.85,247.85,248.5,1559
2024-09-17 07:35:00+00:00,248.5,248.5,247.35,248.0,4916
2024-09-17 07:40:00+00:00,248.0,248.4,247.95,248.25,476
2024-09-17 07:45:00+00:00,248.25,248.25,247.25,247.7,2688
2024-09-17 07:50:00+00:00,247.7,247.75,247.25,247.6,1031
2024-09-17 07:55:00+00:00,247.6,248.1,247.35,247.95,2252
2024-09-17 08:00:00+00:00,247.95,248.0,247.5,248.0,1059
2024-09-17 08:05:00+00:00,248.0,248.65,247.5,247.85,4596
2024-09-17 08:10:00+00:00,247.85,248.5,247.0,248.5,10865
2024-09-17 08:15:00+00:00,248.5,248.5,247.95,247.95,883
2024-09-17 08:20:00+00:00,247.95,248.4,247.5,247.5,910
2024-09-17 08:25:00+00:00,247.5,248.8,247.5,248.8,515
2024-09-17 08:30:00+00:00,248.8,248.8,248.25,248.7,658
2024-09-17 08:35:00+00:00,248.7,248.7,248.25,248.7,1117
2024-09-17 08:40:00+00:00,248.7,248.75,248.15,248.4,979
2024-09-17 08:45:00+00:00,248.4,248.5,248.1,248.5,755
2024-09-17 08:50:00+00:00,248.5,248.75,248.2,248.4,472
2024-09-17 08:55:00+00:00,248.4,250.75,248.1,250.5,13085
2024-09-17 09:00:00+00:00,249.75,250.0,249.45,249.75,11597
2024-09-17 09:05:00+00:00,249.75,249.75,248.95,248.95,1645
2024-09-17 09:10:00+00:00,248.95,249.0,248.95,249.0,1207
2024-09-17 09:15:00+00:00,249.0,249.0,247.7,248.25,4297
2024-09-17 09:20:00+00:00,248.25,248.25,247.7,247.95,2835
2024-09-17 09:25:00+00:00,247.95,247.95,247.15,247.65,3600
2024-09-17 09:30:00+00:00,247.65,247.95,247.65,247.65,268
2024-09-17 09:35:00+00:00,247.65,248.0,247.6,248.0,2221
2024-09-17 09:40:00+00:00,248.0,248.0,247.6,247.6,2455
2024-09-17 09:45:00+00:00,247.6,247.75,247.5,247.5,2270
2024-09-17 09:50:00+00:00,247.5,247.55,246.1,246.9,10895
2024-09-17 09:55:00+00:00,246.9,247.45,246.0,247.3,10145
2024-09-18 03:45:00+00:00,245.55,252.0,245.55,252.0,12264
2024-09-18 03:50:00+00:00,252.0,257.0,252.0,252.5,35615
2024-09-18 03:55:00+00:00,252.5,252.85,249.3,250.8,18413
2024-09-18 04:00:00+00:00,250.8,250.8,249.05,249.7,7350
2024-09-18 04:05:00+00:00,249.7,250.0,248.15,248.65,2237
2024-09-18 04:10:00+00:00,248.65,249.95,247.7,249.95,6865
2024-09-18 04:15:00+00:00,249.95,250.7,249.8,250.3,3847
2024-09-18 04:20:00+00:00,250.15,251.05,249.0,251.0,14469
2024-09-18 04:25:00+00:00,251.0,251.0,249.15,249.35,8704
2024-09-18 04:30:00+00:00,249.35,249.85,249.05,249.4,1954
2024-09-18 04:35:00+00:00,249.4,249.5,248.8,249.15,1197
2024-09-18 04:40:00+00:00,249.15,249.3,248.5,248.85,1586
2024-09-18 04:45:00+00:00,248.85,249.6,248.7,249.15,3695
2024-09-18 04:50:00+00:00,249.55,249.6,249.1,249.6,665
2024-09-18 04:55:00+00:00,249.6,249.6,248.7,248.7,2159
2024-09-18 05:00:00+00:00,248.7,249.25,248.7,249.25,481
2024-09-18 05:05:00+00:00,249.25,249.4,248.95,249.1,457
2024-09-18 05:10:00+00:00,249.1,249.4,248.0,248.6,3816
2024-09-18 05:15:00+00:00,248.6,249.0,248.5,249.0,592
2024-09-18 05:20:00+00:00,249.0,249.4,249.0,249.25,684
2024-09-18 05:25:00+00:00,249.25,249.8,249.0,249.35,1218
2024-09-18 05:30:00+00:00,249.35,249.4,248.9,249.4,1005
2024-09-18 05:35:00+00:00,249.35,249.5,248.65,248.65,1734
2024-09-18 05:40:00+00:00,248.65,248.8,248.05,248.8,2094
2024-09-18 05:45:00+00:00,248.8,248.95,248.05,248.55,384
2024-09-18 05:50:00+00:00,248.55,248.75,248.0,248.0,599
2024-09-18 05:55:00+00:00,248.0,248.0,247.25,247.85,931
2024-09-18 06:00:00+00:00,247.85,248.0,247.5,248.0,218
2024-09-18 06:05:00+00:00,248.0,248.35,247.8,248.0,1026
2024-09-18 06:10:00+00:00,248.0,248.5,248.0,248.5,297
2024-09-18 06:15:00+00:00,248.5,248.95,248.25,248.25,559
2024-09-18 06:20:00+00:00,248.25,248.25,247.05,247.3,4601
2024-09-18 06:25:00+00:00,247.3,248.1,247.1,247.15,3067
2024-09-18 06:30:00+00:00,247.15,247.2,247.15,247.2,465
2024-09-18 06:35:00+00:00,247.2,247.2,247.2,247.2,636
2024-09-18 06:40:00+00:00,247.2,247.6,247.2,247.6,88
2024-09-18 06:45:00+00:00,247.6,247.9,247.6,247.9,497
2024-09-18 06:50:00+00:00,247.9,248.05,247.65,248.0,806
2024-09-18 06:55:00+00:00,248.0,248.0,247.95,247.95,30
2024-09-18 07:00:00+00:00,247.95,247.95,247.55,247.85,473
2024-09-18 07:05:00+00:00,247.75,247.8,247.4,247.4,412
2024-09-18 07:10:00+00:00,247.4,247.7,247.4,247.55,552
2024-09-18 07:15:00+00:00,247.55,247.55,247.05,247.15,837
2024-09-18 07:20:00+00:00,247.15,248.65,247.15,248.3,6617
2024-09-18 07:25:00+00:00,248.3,248.6,248.3,248.3,324
2024-09-18 07:30:00+00:00,248.3,248.65,248.3,248.65,731
2024-09-18 07:35:00+00:00,248.3,248.3,247.2,247.2,1898
2024-09-18 07:40:00+00:00,247.2,247.5,246.05,246.55,5251
2024-09-18 07:45:00+00:00,246.5,246.9,246.5,246.5,1092
2024-09-18 07:50:00+00:00,246.5,246.95,246.5,246.95,455
2024-09-18 07:55:00+00:00,246.95,247.3,246.9,246.9,687
2024-09-18 08:00:00+00:00,246.9,246.9,246.85,246.85,100
2024-09-18 08:05:00+00:00,246.85,246.85,246.25,246.25,477
2024-09-18 08:10:00+00:00,246.25,247.35,246.25,247.0,1357
2024-09-18 08:15:00+00:00,247.0,247.05,246.5,246.9,1157
2024-09-18 08:20:00+00:00,246.95,247.25,246.65,247.25,225
2024-09-18 08:25:00+00:00,246.85,247.2,246.85,247.05,571
2024-09-18 08:30:00+00:00,247.05,247.4,247.05,247.1,156
2024-09-18 08:35:00+00:00,247.35,247.35,247.1,247.25,149
2024-09-18 08:40:00+00:00,247.1,247.25,246.85,246.85,742
2024-09-18 08:45:00+00:00,246.85,247.15,246.85,247.15,1743
2024-09-18 08:50:00+00:00,247.1,247.4,247.1,247.4,124
2024-09-18 08:55:00+00:00,247.4,247.4,246.85,246.85,1508
2024-09-18 09:00:00+00:00,246.85,246.85,246.5,246.7,635
2024-09-18 09:05:00+00:00,246.7,246.7,246.05,246.45,1881
2024-09-18 09:10:00+00:00,246.45,246.5,246.05,246.1,1034
2024-09-18 09:15:00+00:00,246.1,246.15,246.0,246.1,4291
2024-09-18 09:20:00+00:00,246.1,246.1,245.25,246.0,4740
2024-09-18 09:25:00+00:00,246.0,246.05,245.35,245.35,2411
2024-09-18 09:30:00+00:00,245.35,246.5,245.3,246.25,2601
2024-09-18 09:35:00+00:00,247.0,248.85,246.8,248.55,12671
2024-09-18 09:40:00+00:00,248.85,249.1,248.5,249.1,4706
2024-09-18 09:45:00+00:00,249.1,249.1,248.8,248.8,1968
2024-09-18 09:50:00+00:00,248.8,248.9,246.05,246.45,8893
2024-09-18 09:55:00+00:00,246.45,248.05,246.0,246.0,11165
2024-09-19 03:45:00+00:00,249.4,251.9,248.95,250.7,8077
2024-09-19 03:50:00+00:00,250.7,251.4,249.95,250.0,3769
2024-09-19 03:55:00+00:00,250.0,250.0,248.05,248.25,5755
2024-09-19 04:00:00+00:00,248.25,248.5,247.0,247.0,1178
2024-09-19 04:05:00+00:00,247.4,248.4,247.0,248.4,2048
2024-09-19 04:10:00+00:00,248.25,248.45,247.35,247.85,2630
2024-09-19 04:15:00+00:00,247.85,247.9,245.65,246.0,6135
2024-09-19 04:20:00+00:00,246.0,246.45,245.65,245.95,3416
2024-09-19 04:25:00+00:00,245.6,246.2,245.5,246.1,1681
2024-09-19 04:30:00+00:00,246.1,246.15,243.6,243.6,10854
2024-09-19 04:35:00+00:00,243.6,244.2,243.2,243.7,2364
2024-09-19 04:40:00+00:00,243.7,245.15,243.25,244.6,6719
2024-09-19 04:45:00+00:00,244.8,244.8,243.8,244.05,1949
2024-09-19 04:50:00+00:00,244.05,244.05,243.1,243.1,1516
2024-09-19 04:55:00+00:00,243.1,243.5,242.4,242.4,5927
2024-09-19 05:00:00+00:00,242.4,243.15,241.05,241.75,9736
2024-09-19 05:05:00+00:00,241.2,242.65,241.2,241.5,4549
2024-09-19 05:10:00+00:00,241.5,242.1,241.0,241.6,3731
2024-09-19 05:15:00+00:00,241.6,241.9,241.0,241.9,3108
2024-09-19 05:20:00+00:00,241.9,243.65,241.8,243.4,2313
2024-09-19 05:25:00+00:00,243.4,243.4,242.0,242.35,1005
2024-09-19 05:30:00+00:00,242.6,242.8,241.75,241.75,2406
2024-09-19 05:35:00+00:00,241.75,241.95,240.75,241.0,6533
2024-09-19 05:40:00+00:00,241.0,241.0,239.2,240.15,19716
2024-09-19 05:45:00+00:00,240.15,240.6,239.25,239.75,4250
2024-09-19 05:50:00+00:00,239.6,239.75,238.8,239.2,4406
2024-09-19 05:55:00+00:00,239.2,239.2,237.75,237.8,8759
2024-09-19 06:00:00+00:00,237.8,239.2,237.8,239.2,1942
2024-09-19 06:05:00+00:00,239.35,239.9,239.1,239.2,3879
2024-09-19 06:10:00+00:00,239.2,239.45,237.5,237.55,7201
2024-09-19 06:15:00+00:00,237.55,238.95,237.55,238.5,1849
2024-09-19 06:20:00+00:00,238.75,238.9,234.8,236.8,32240
2024-09-19 06:25:00+00:00,236.8,237.5,233.0,234.4,26856
2024-09-19 06:30:00+00:00,234.4,237.15,234.3,237.15,6542
2024-09-19 06:35:00+00:00,237.15,237.5,235.05,237.0,7231
2024-09-19 06:40:00+00:00,237.0,237.25,236.35,237.0,8257
2024-09-19 06:45:00+00:00,237.0,237.2,236.8,236.8,2817
2024-09-19 06:50:00+00:00,236.8,237.05,235.75,236.9,7321
2024-09-19 06:55:00+00:00,236.9,236.95,236.65,236.95,1787
2024-09-19 07:00:00+00:00,236.75,237.15,236.5,236.95,8443
2024-09-19 07:05:00+00:00,237.05,237.4,236.7,237.0,13608
2024-09-19 07:10:00+00:00,237.0,237.25,236.5,237.15,7423
2024-09-19 07:15:00+00:00,237.15,238.0,236.75,236.95,12771
2024-09-19 07:20:00+00:00,236.95,237.1,236.95,237.1,5910
2024-09-19 07:25:00+00:00,237.2,237.2,236.5,236.75,5077
2024-09-19 07:30:00+00:00,236.75,237.05,236.25,236.45,28382
2024-09-19 07:35:00+00:00,236.45,236.55,236.1,236.3,971
2024-09-19 07:40:00+00:00,236.3,236.4,235.6,236.05,5841
2024-09-19 07:45:00+00:00,236.0,236.4,235.6,236.05,1582
2024-09-19 07:50:00+00:00,236.05,236.4,235.7,236.4,1091
2024-09-19 07:55:00+00:00,236.45,236.65,235.9,236.4,2005
2024-09-19 08:00:00+00:00,236.45,236.6,235.9,236.6,2108
2024-09-19 08:05:00+00:00,236.6,236.6,235.85,235.85,3074
2024-09-19 08:10:00+00:00,235.85,236.4,235.65,236.0,3129
2024-09-19 08:15:00+00:00,236.0,236.35,235.8,236.05,2193
2024-09-19 08:20:00+00:00,236.05,236.5,235.8,236.3,4459
2024-09-19 08:25:00+00:00,236.3,236.5,235.1,235.45,17742
2024-09-19 08:30:00+00:00,235.45,235.95,235.45,235.9,1361
2024-09-19 08:35:00+00:00,235.9,235.9,235.3,235.4,1112
2024-09-19 08:40:00+00:00,235.4,235.7,235.4,235.65,417
2024-09-19 08:45:00+00:00,235.6,235.7,235.0,235.5,4445
2024-09-19 08:50:00+00:00,234.75,235.5,234.35,235.35,8229
2024-09-19 08:55:00+00:00,235.4,235.6,235.0,235.6,3540
2024-09-19 09:00:00+00:00,235.6,236.4,235.6,236.4,802
2024-09-19 09:05:00+00:00,236.4,236.5,235.85,236.25,2683
2024-09-19 09:10:00+00:00,236.25,236.25,235.85,236.0,884
2024-09-19 09:15:00+00:00,236.0,236.0,235.75,235.8,1251
2024-09-19 09:20:00+00:00,235.8,236.2,235.45,235.65,7195
2024-09-19 09:25:00+00:00,235.65,236.0,235.4,235.9,2203
2024-09-19 09:30:00+00:00,235.9,236.05,235.6,235.6,3295
2024-09-19 09:35:00+00:00,235.6,236.35,235.55,236.05,4721
2024-09-19 09:40:00+00:00,236.0,236.0,235.15,235.65,6236
2024-09-19 09:45:00+00:00,235.65,236.2,235.65,236.0,12036
2024-09-19 09:50:00+00:00,236.0,236.15,235.5,235.5,22255
2024-09-19 09:55:00+00:00,235.5,236.85,234.5,236.0,11877
2024-09-20 03:45:00+00:00,237.85,242.0,237.85,241.0,23755
2024-09-20 03:50:00+00:00,241.0,241.0,239.15,239.4,6400
2024-09-20 03:55:00+00:00,239.4,240.8,238.75,240.55,5111
2024-09-20 04:00:00+00:00,240.55,240.75,239.6,240.75,2283
2024-09-20 04:05:00+00:00,240.75,241.5,240.05,241.5,3244
2024-09-20 04:10:00+00:00,241.65,242.6,240.75,241.85,9966
2024-09-20 04:15:00+00:00,241.85,243.15,241.05,241.95,5675
2024-09-20 04:20:00+00:00,241.95,241.95,241.0,241.3,2638
2024-09-20 04:25:00+00:00,241.6,241.6,240.85,241.2,1566
2024-09-20 04:30:00+00:00,241.2,241.6,240.8,241.4,2931
2024-09-20 04:35:00+00:00,241.4,241.65,241.15,241.15,1007
2024-09-20 04:40:00+00:00,241.15,241.95,241.15,241.7,530
2024-09-20 04:45:00+00:00,241.9,242.0,241.1,241.5,2550
2024-09-20 04:50:00+00:00,241.5,241.8,240.25,240.25,2763
2024-09-20 04:55:00+00:00,240.25,240.95,240.1,240.95,545
2024-09-20 05:00:00+00:00,240.95,241.8,240.4,241.15,4941
2024-09-20 05:05:00+00:00,241.15,241.55,240.95,241.55,2764
2024-09-20 05:10:00+00:00,241.55,241.6,240.3,240.75,5578
2024-09-20 05:15:00+00:00,240.75,240.75,239.9,240.3,4418
2024-09-20 05:20:00+00:00,240.3,240.35,239.3,239.8,1831
2024-09-20 05:25:00+00:00,239.8,240.2,239.2,240.0,1414
2024-09-20 05:30:00+00:00,240.35,240.35,239.3,239.85,1688
2024-09-20 05:35:00+00:00,240.35,240.4,239.4,239.5,5486
2024-09-20 05:40:00+00:00,239.5,240.25,239.5,239.8,3241
2024-09-20 05:45:00+00:00,239.8,240.45,239.5,240.1,2082
2024-09-20 05:50:00+00:00,240.1,240.45,240.0,240.45,2388
2024-09-20 05:55:00+00:00,240.45,241.05,240.45,241.05,828
2024-09-20 06:00:00+00:00,241.05,242.0,241.0,241.55,3398
2024-09-20 06:05:00+00:00,241.55,241.95,240.9,241.8,1310
2024-09-20 06:10:00+00:00,241.8,242.0,241.8,242.0,1519
2024-09-20 06:15:00+00:00,242.0,242.0,241.3,241.3,1355
2024-09-20 06:20:00+00:00,241.3,241.4,240.6,241.15,1407
2024-09-20 06:25:00+00:00,241.3,241.55,241.1,241.1,251
2024-09-20 06:30:00+00:00,241.1,242.4,241.05,242.25,1870
2024-09-20 06:35:00+00:00,242.25,242.25,241.2,241.8,1799
2024-09-20 06:40:00+00:00,241.8,242.5,241.8,242.5,1822
2024-09-20 06:45:00+00:00,242.5,242.95,242.1,242.1,533
2024-09-20 06:50:00+00:00,242.1,242.5,241.8,242.5,2791
2024-09-20 06:55:00+00:00,242.5,242.5,241.85,242.2,184
2024-09-20 07:00:00+00:00,241.4,242.0,240.7,241.4,3206
2024-09-20 07:05:00+00:00,241.4,242.15,241.3,241.3,820
2024-09-20 07:10:00+00:00,241.3,241.95,241.25,241.85,1539
2024-09-20 07:15:00+00:00,241.85,241.9,240.55,241.0,1152
2024-09-20 07:20:00+00:00,241.0,241.45,241.0,241.0,150
2024-09-20 07:25:00+00:00,241.0,241.5,241.0,241.5,410
2024-09-20 07:30:00+00:00,241.5,241.9,241.5,241.5,864
2024-09-20 07:35:00+00:00,241.5,241.85,241.5,241.5,452
2024-09-20 07:40:00+00:00,241.5,241.95,241.5,241.95,810
2024-09-20 07:45:00+00:00,241.95,241.95,241.55,241.55,1310
2024-09-20 07:50:00+00:00,241.55,241.95,241.5,241.85,758
2024-09-20 07:55:00+00:00,241.85,241.85,241.0,241.1,4290
2024-09-20 08:00:00+00:00,241.1,241.8,240.65,240.65,1728
2024-09-20 08:05:00+00:00,240.65,240.65,240.0,240.2,1723
2024-09-20 08:10:00+00:00,240.0,240.25,239.55,239.6,4859
2024-09-20 08:15:00+00:00,239.6,240.5,239.6,240.5,334
2024-09-20 08:20:00+00:00,240.5,240.6,240.0,240.2,1810
2024-09-20 08:25:00+00:00,240.2,241.0,240.2,240.45,2264
2024-09-20 08:30:00+00:00,240.45,240.6,240.0,240.45,5856
2024-09-20 08:35:00+00:00,240.45,240.6,240.1,240.6,351
2024-09-20 08:40:00+00:00,240.6,240.7,240.4,240.4,497
2024-09-20 08:45:00+00:00,240.4,240.6,240.4,240.5,137
2024-09-20 08:50:00+00:00,240.8,240.8,239.6,239.8,4709
2024-09-20 08:55:00+00:00,239.8,239.95,239.25,239.6,873
2024-09-20 09:00:00+00:00,239.6,239.8,239.45,239.75,383
2024-09-20 09:05:00+00:00,239.75,239.8,239.45,239.7,233
2024-09-20 09:10:00+00:00,239.7,239.7,238.45,238.45,2546
2024-09-20 09:15:00+00:00,239.05,239.4,238.4,238.9,4769
2024-09-20 09:20:00+00:00,238.9,239.55,238.5,239.55,1989
2024-09-20 09:25:00+00:00,239.55,239.6,238.55,238.65,1697
2024-09-20 09:30:00+00:00,238.65,239.5,238.1,239.05,5702
2024-09-20 09:35:00+00:00,239.05,240.9,238.95,240.05,5051
2024-09-20 09:40:00+00:00,240.05,240.4,239.6,240.0,5694
2024-09-20 09:45:00+00:00,240.0,240.5,239.55,240.25,2940
2024-09-20 09:50:00+00:00,240.15,241.4,239.35,240.5,12271
2024-09-20 09:55:00+00:00,241.25,241.25,240.15,240.5,2163
2024-09-23 03:45:00+00:00,240.0,243.9,239.95,243.85,20583
2024-09-23 03:50:00+00:00,243.85,245.25,242.9,244.95,14391
2024-09-23 03:55:00+00:00,244.5,246.2,244.1,246.0,12242
2024-09-23 04:00:00+00:00,245.65,245.65,243.7,244.1,6411
2024-09-23 04:05:00+00:00,244.1,245.45,243.6,245.35,4513
2024-09-23 04:10:00+00:00,245.1,245.8,245.0,245.25,2554
2024-09-23 04:15:00+00:00,245.25,245.4,243.95,244.6,9410
2024-09-23 04:20:00+00:00,244.6,244.65,244.05,244.35,1143
2024-09-23 04:25:00+00:00,244.35,244.6,243.0,243.0,2464
2024-09-23 04:30:00+00:00,243.0,243.4,242.4,243.0,3169
2024-09-23 04:35:00+00:00,243.0,243.7,242.7,242.7,6456
2024-09-23 04:40:00+00:00,242.7,243.8,242.7,243.5,2917
2024-09-23 04:45:00+00:00,243.5,244.9,243.5,244.75,3264
2024-09-23 04:50:00+00:00,244.75,244.95,243.8,244.6,2279
2024-09-23 04:55:00+00:00,244.6,244.6,244.1,244.1,587
2024-09-23 05:00:00+00:00,244.1,244.45,243.55,243.6,1379
2024-09-23 05:05:00+00:00,243.6,243.95,243.0,243.95,2901
2024-09-23 05:10:00+00:00,243.95,244.1,243.0,243.2,2145
2024-09-23 05:15:00+00:00,243.2,243.95,243.1,243.1,1708
2024-09-23 05:20:00+00:00,243.1,243.35,242.2,243.0,3953
2024-09-23 05:25:00+00:00,242.95,243.75,242.6,243.65,4117
2024-09-23 05:30:00+00:00,243.65,243.65,242.85,243.65,149
2024-09-23 05:35:00+00:00,243.65,243.75,243.35,243.35,1411
2024-09-23 05:40:00+00:00,243.35,243.5,243.0,243.05,2782
2024-09-23 05:45:00+00:00,243.05,243.9,243.05,243.6,217
2024-09-23 05:50:00+00:00,243.6,244.25,243.6,244.0,913
2024-09-23 05:55:00+00:00,244.0,244.45,243.9,244.2,514
2024-09-23 06:00:00+00:00,244.2,244.85,244.2,244.65,2597
2024-09-23 06:05:00+00:00,244.3,244.6,243.5,243.5,1925
2024-09-23 06:10:00+00:00,243.4,244.2,243.4,243.65,1085
2024-09-23 06:15:00+00:00,243.65,244.2,243.65,244.2,189
2024-09-23 06:20:00+00:00,243.8,244.15,243.75,243.8,308
2024-09-23 06:25:00+00:00,243.8,244.2,243.8,244.05,83
2024-09-23 06:30:00+00:00,244.2,244.6,244.2,244.6,495
2024-09-23 06:35:00+00:00,244.6,244.6,243.25,244.55,6271
2024-09-23 06:40:00+00:00,244.55,244.55,242.0,242.55,14416
2024-09-23 06:45:00+00:00,242.55,242.95,242.35,242.95,300
2024-09-23 06:50:00+00:00,242.95,242.95,242.0,242.2,1428
2024-09-23 06:55:00+00:00,242.2,242.55,242.2,242.55,1578
2024-09-23 07:00:00+00:00,242.55,242.6,242.15,242.5,941
2024-09-23 07:05:00+00:00,242.5,242.6,242.0,242.05,417
2024-09-23 07:10:00+00:00,242.05,242.4,241.85,241.85,592
2024-09-23 07:15:00+00:00,241.85,242.15,241.55,241.55,1118
2024-09-23 07:20:00+00:00,241.55,241.85,241.05,241.55,2761
2024-09-23 07:25:00+00:00,241.55,241.65,240.95,240.95,687
2024-09-23 07:30:00+00:00,240.95,241.3,240.4,240.8,4191
2024-09-23 07:35:00+00:00,241.7,241.75,241.3,241.75,2091
2024-09-23 07:40:00+00:00,241.75,242.4,241.4,241.5,1147
2024-09-23 07:45:00+00:00,241.5,241.85,241.5,241.5,514
2024-09-23 07:50:00+00:00,242.0,242.05,241.55,242.05,1362
2024-09-23 07:55:00+00:00,242.05,242.05,241.2,241.7,1228
2024-09-23 08:00:00+00:00,241.7,242.0,241.55,242.0,723
2024-09-23 08:05:00+00:00,242.0,242.05,241.55,241.85,1779
2024-09-23 08:10:00+00:00,241.9,242.05,241.9,242.05,66
2024-09-23 08:15:00+00:00,242.05,242.35,242.0,242.1,236
2024-09-23 08:20:00+00:00,242.45,242.65,241.75,241.75,2067
2024-09-23 08:25:00+00:00,241.95,242.0,240.85,241.0,5591
2024-09-23 08:30:00+00:00,241.0,241.0,240.2,240.2,1027
2024-09-23 08:35:00+00:00,240.2,240.8,240.2,240.6,717
2024-09-23 08:40:00+00:00,240.6,241.2,240.5,240.8,2160
2024-09-23 08:45:00+00:00,240.8,241.2,240.4,240.9,1512
2024-09-23 08:50:00+00:00,241.05,241.15,240.4,240.5,1094
2024-09-23 08:55:00+00:00,240.5,240.75,240.2,240.75,2455
2024-09-23 09:00:00+00:00,240.75,241.2,240.45,241.2,1877
2024-09-23 09:05:00+00:00,241.2,241.25,239.65,239.8,8960
2024-09-23 09:10:00+00:00,239.8,239.95,239.4,239.5,979
2024-09-23 09:15:00+00:00,239.85,239.95,239.35,239.95,506
2024-09-23 09:20:00+00:00,239.95,239.95,239.15,239.95,1140
2024-09-23 09:25:00+00:00,239.95,240.1,239.4,239.8,2796
2024-09-23 09:30:00+00:00,239.8,240.45,239.75,240.2,7598
2024-09-23 09:35:00+00:00,240.2,240.2,239.2,240.0,877
2024-09-23 09:40:00+00:00,240.0,240.35,239.75,239.85,922
2024-09-23 09:45:00+00:00,239.85,240.25,238.15,239.2,7236
2024-09-23 09:50:00+00:00,239.2,240.2,239.2,240.0,4429
2024-09-23 09:55:00+00:00,240.0,240.05,239.5,239.75,5391
2024-09-24 03:45:00+00:00,239.75,242.35,239.5,241.05,8711
2024-09-24 03:50:00+00:00,241.05,242.0,240.35,241.5,3344
2024-09-24 03:55:00+00:00,241.5,241.95,240.8,241.2,1199
2024-09-24 04:00:00+00:00,240.85,241.4,240.25,240.25,1404
2024-09-24 04:05:00+00:00,240.25,241.4,240.1,240.85,3029
2024-09-24 04:10:00+00:00,240.95,240.95,240.3,240.8,992
2024-09-24 04:15:00+00:00,240.8,240.8,240.05,240.15,2261
2024-09-24 04:20:00+00:00,240.15,240.45,239.8,240.0,3031
2024-09-24 04:25:00+00:00,240.0,240.95,239.4,240.95,2838
2024-09-24 04:30:00+00:00,240.95,241.0,240.65,240.75,901
2024-09-24 04:35:00+00:00,240.75,240.95,240.4,240.75,2036
2024-09-24 04:40:00+00:00,240.25,240.25,239.55,239.8,4923
2024-09-24 04:45:00+00:00,239.3,240.45,239.3,239.85,3521
2024-09-24 04:50:00+00:00,239.85,240.05,239.05,239.5,2860
2024-09-24 04:55:00+00:00,239.5,240.05,239.25,239.6,1296
2024-09-24 05:00:00+00:00,240.1,240.1,239.1,239.65,886
2024-09-24 05:05:00+00:00,239.7,239.95,239.5,239.95,772
2024-09-24 05:10:00+00:00,239.95,239.95,239.65,239.65,99
2024-09-24 05:15:00+00:00,239.65,240.0,239.5,239.5,728
2024-09-24 05:20:00+00:00,239.5,240.3,239.5,239.9,599
2024-09-24 05:25:00+00:00,239.9,240.15,239.5,240.0,1974
2024-09-24 05:30:00+00:00,239.55,239.95,239.15,239.9,1514
2024-09-24 05:35:00+00:00,239.9,239.95,239.3,239.6,349
2024-09-24 05:40:00+00:00,239.6,240.15,239.2,239.85,1966
2024-09-24 05:45:00+00:00,239.05,239.8,239.05,239.65,3197
2024-09-24 05:50:00+00:00,239.65,239.65,238.05,238.05,1839
2024-09-24 05:55:00+00:00,238.05,238.55,238.05,238.4,1019
2024-09-24 06:00:00+00:00,238.4,238.7,238.1,238.1,561
2024-09-24 06:05:00+00:00,238.1,238.7,237.7,238.3,3617
2024-09-24 06:10:00+00:00,238.6,238.9,238.6,238.9,94
2024-09-24 06:15:00+00:00,238.9,238.9,238.4,238.8,989
2024-09-24 06:20:00+00:00,238.8,238.8,238.8,238.8,0
2024-09-24 06:25:00+00:00,238.8,239.45,238.35,238.85,1795
2024-09-24 06:30:00+00:00,238.85,238.95,238.6,238.95,74
2024-09-24 06:35:00+00:00,238.95,239.15,238.6,239.15,136
2024-09-24 06:40:00+00:00,239.2,239.2,238.75,238.75,307
2024-09-24 06:45:00+00:00,238.75,239.2,238.7,239.1,1164
2024-09-24 06:50:00+00:00,239.1,239.1,238.5,238.9,727
2024-09-24 06:55:00+00:00,238.6,239.15,238.6,238.8,590
2024-09-24 07:00:00+00:00,238.8,239.2,238.8,239.1,507
2024-09-24 07:05:00+00:00,239.1,239.1,239.0,239.0,308
2024-09-24 07:10:00+00:00,239.0,239.45,239.0,239.4,1027
2024-09-24 07:15:00+00:00,239.3,239.6,239.2,239.6,339
2024-09-24 07:20:00+00:00,239.6,239.6,239.6,239.6,0
2024-09-24 07:25:00+00:00,239.6,240.8,239.6,240.8,3275
2024-09-24 07:30:00+00:00,240.95,241.0,240.3,240.8,1407
2024-09-24 07:35:00+00:00,240.8,241.0,240.45,241.0,1441
2024-09-24 07:40:00+00:00,241.0,241.0,240.6,240.6,147
2024-09-24 07:45:00+00:00,240.6,241.2,240.6,241.05,640
2024-09-24 07:50:00+00:00,241.05,241.2,240.6,240.6,782
2024-09-24 07:55:00+00:00,241.2,241.2,241.15,241.15,4130
2024-09-24 08:00:00+00:00,241.15,241.5,240.9,240.9,754
2024-09-24 08:05:00+00:00,240.9,241.0,240.05,240.05,4201
2024-09-24 08:10:00+00:00,240.4,240.85,240.35,240.7,634
2024-09-24 08:15:00+00:00,240.7,240.7,239.5,239.65,1516
2024-09-24 08:20:00+00:00,239.65,240.2,239.65,239.9,1023
2024-09-24 08:25:00+00:00,239.9,240.05,239.7,239.7,562
2024-09-24 08:30:00+00:00,239.7,240.2,239.7,239.8,861
2024-09-24 08:35:00+00:00,239.8,240.2,239.6,240.2,2368
2024-09-24 08:40:00+00:00,240.2,240.9,240.2,240.9,849
2024-09-24 08:45:00+00:00,240.9,240.9,240.9,240.9,0
2024-09-24 08:50:00+00:00,240.9,240.9,240.25,240.7,1021
2024-09-24 08:55:00+00:00,240.7,240.7,240.05,240.3,239
2024-09-24 09:00:00+00:00,240.3,240.3,239.2,239.2,3894
2024-09-24 09:05:00+00:00,239.2,239.7,238.5,238.6,3272
2024-09-24 09:10:00+00:00,238.6,239.85,238.6,239.85,1429
2024-09-24 09:15:00+00:00,239.85,239.95,239.2,239.4,1376
2024-09-24 09:20:00+00:00,239.4,239.8,239.4,239.6,332
2024-09-24 09:25:00+00:00,239.6,239.6,238.5,238.6,2439
2024-09-24 09:30:00+00:00,238.6,239.45,238.6,239.45,1295
2024-09-24 09:35:00+00:00,239.45,239.8,239.0,239.1,3545
2024-09-24 09:40:00+00:00,239.1,239.8,238.3,238.95,3515
2024-09-24 09:45:00+00:00,238.95,239.05,238.0,238.3,5243
2024-09-24 09:50:00+00:00,238.3,239.05,238.1,239.0,4310
2024-09-24 09:55:00+00:00,239.0,240.0,238.5,239.75,5905
2024-09-25 03:45:00+00:00,238.85,243.6,238.85,243.15,10516
2024-09-25 03:50:00+00:00,243.65,244.5,243.0,244.5,12681
2024-09-25 03:55:00+00:00,244.5,247.8,244.1,247.0,27329
2024-09-25 04:00:00+00:00,247.0,249.95,245.9,246.1,38039
2024-09-25 04:05:00+00:00,246.1,249.7,245.15,249.45,21529
2024-09-25 04:10:00+00:00,249.65,252.8,248.95,252.8,53089
2024-09-25 04:15:00+00:00,252.4,253.7,248.75,253.05,90935
2024-09-25 04:20:00+00:00,253.0,255.0,253.0,254.2,27283
2024-09-25 04:25:00+00:00,254.2,255.5,253.25,254.3,18289
2024-09-25 04:30:00+00:00,254.3,255.0,252.6,253.05,19536
2024-09-25 04:35:00+00:00,253.05,254.8,252.75,253.4,24182
2024-09-25 04:40:00+00:00,253.35,255.0,253.0,253.8,21941
2024-09-25 04:45:00+00:00,253.8,254.5,252.5,253.65,19512
2024-09-25 04:50:00+00:00,253.5,254.15,252.95,253.0,8183
2024-09-25 04:55:00+00:00,253.0,254.45,252.9,254.0,7984
2024-09-25 05:00:00+00:00,254.0,255.15,253.5,254.05,11362
2024-09-25 05:05:00+00:00,254.05,255.15,253.6,254.0,9921
2024-09-25 05:10:00+00:00,254.0,254.3,253.15,254.05,7019
2024-09-25 05:15:00+00:00,254.05,254.6,252.8,253.35,8070
2024-09-25 05:20:00+00:00,253.35,253.8,253.15,253.8,1298
2024-09-25 05:25:00+00:00,253.8,253.8,252.8,253.5,4916
2024-09-25 05:30:00+00:00,253.5,253.65,252.85,253.6,2950
2024-09-25 05:35:00+00:00,253.6,253.6,253.0,253.0,3613
2024-09-25 05:40:00+00:00,253.0,253.75,252.55,253.55,4285
2024-09-25 05:45:00+00:00,253.55,253.55,252.8,253.4,2719
2024-09-25 05:50:00+00:00,253.4,253.45,252.25,253.0,6339
2024-09-25 05:55:00+00:00,253.0,253.9,252.8,253.6,3206
2024-09-25 06:00:00+00:00,253.6,253.75,253.0,253.1,1870
2024-09-25 06:05:00+00:00,253.1,253.7,253.05,253.7,988
2024-09-25 06:10:00+00:00,253.7,253.8,252.2,252.8,1921
2024-09-25 06:15:00+00:00,252.8,252.8,250.55,251.2,12246
2024-09-25 06:20:00+00:00,251.2,251.4,250.4,250.9,6651
2024-09-25 06:25:00+00:00,250.6,251.6,249.9,250.0,14384
2024-09-25 06:30:00+00:00,250.45,251.5,250.45,250.85,10595
2024-09-25 06:35:00+00:00,250.85,253.35,250.85,253.0,8303
2024-09-25 06:40:00+00:00,253.0,254.0,253.0,253.25,6598
2024-09-25 06:45:00+00:00,253.25,253.25,252.5,252.95,1496
2024-09-25 06:50:00+00:00,252.9,253.5,251.5,253.5,23220
2024-09-25 06:55:00+00:00,253.5,253.95,253.0,253.5,5829
2024-09-25 07:00:00+00:00,253.5,253.95,253.05,253.05,3014
2024-09-25 07:05:00+00:00,253.05,253.8,253.05,253.7,967
2024-09-25 07:10:00+00:00,253.7,253.7,253.0,253.0,786
2024-09-25 07:15:00+00:00,253.0,253.8,253.0,253.3,956
2024-09-25 07:20:00+00:00,253.3,254.0,252.35,253.5,5792
2024-09-25 07:25:00+00:00,253.5,253.5,252.8,252.95,4865
2024-09-25 07:30:00+00:00,252.95,253.25,252.75,253.15,1362
2024-09-25 07:35:00+00:00,252.8,253.35,252.55,253.1,3079
2024-09-25 07:40:00+00:00,253.1,253.5,253.0,253.0,1174
2024-09-25 07:45:00+00:00,253.0,253.95,253.0,253.75,1087
2024-09-25 07:50:00+00:00,253.6,253.7,253.05,253.05,479
2024-09-25 07:55:00+00:00,253.05,253.7,253.05,253.35,1485
2024-09-25 08:00:00+00:00,253.35,253.95,253.35,253.9,1745
2024-09-25 08:05:00+00:00,253.9,253.9,253.05,253.4,1642
2024-09-25 08:10:00+00:00,253.4,253.4,252.7,253.15,2697
2024-09-25 08:15:00+00:00,253.15,253.75,253.0,253.5,2901
2024-09-25 08:20:00+00:00,253.5,253.55,252.4,252.55,2050
2024-09-25 08:25:00+00:00,252.55,252.95,252.0,252.55,204992
2024-09-25 08:30:00+00:00,252.55,252.55,251.6,252.05,4891
2024-09-25 08:35:00+00:00,252.05,253.35,252.05,253.0,1934
2024-09-25 08:40:00+00:00,253.1,253.4,252.55,253.05,2043
2024-09-25 08:45:00+00:00,253.05,253.25,253.0,253.0,2154
2024-09-25 08:50:00+00:00,253.0,253.25,253.0,253.25,1365
2024-09-25 08:55:00+00:00,253.25,253.8,252.8,253.5,5114
2024-09-25 09:00:00+00:00,253.5,253.5,253.0,253.05,1945
2024-09-25 09:05:00+00:00,253.05,254.3,253.05,253.05,16592
2024-09-25 09:10:00+00:00,253.05,254.0,253.05,253.55,3077
2024-09-25 09:15:00+00:00,253.55,253.65,252.45,252.45,2807
2024-09-25 09:20:00+00:00,252.45,253.8,251.8,252.7,6593
2024-09-25 09:25:00+00:00,252.7,252.9,252.15,252.6,2074
2024-09-25 09:30:00+00:00,252.6,252.6,252.0,252.3,4873
2024-09-25 09:35:00+00:00,252.3,253.6,251.4,252.7,24335
2024-09-25 09:40:00+00:00,252.7,253.05,252.4,252.55,5132
2024-09-25 09:45:00+00:00,252.7,254.0,252.55,254.0,11695
2024-09-25 09:50:00+00:00,254.0,254.0,252.2,253.1,27756
2024-09-25 09:55:00+00:00,253.1,254.8,252.5,254.8,13342
2024-09-26 03:45:00+00:00,253.4,253.9,248.35,249.35,23014
2024-09-26 03:50:00+00:00,248.65,251.15,248.45,249.8,12090
2024-09-26 03:55:00+00:00,249.8,250.3,248.15,250.15,10277
2024-09-26 04:00:00+00:00,250.15,250.15,249.05,249.4,4299
2024-09-26 04:05:00+00:00,249.4,249.5,246.3,246.6,8177
2024-09-26 04:10:00+00:00,246.6,248.05,246.6,247.05,7936
2024-09-26 04:15:00+00:00,247.05,247.35,246.3,246.4,3296
2024-09-26 04:20:00+00:00,246.4,247.15,246.35,247.1,2017
2024-09-26 04:25:00+00:00,247.1,248.65,247.1,248.0,9178
2024-09-26 04:30:00+00:00,248.0,248.5,247.8,248.45,1617
2024-09-26 04:35:00+00:00,248.45,249.05,247.85,248.9,6167
2024-09-26 04:40:00+00:00,248.9,250.95,248.9,250.7,8309
2024-09-26 04:45:00+00:00,250.7,250.95,250.3,250.3,2695
2024-09-26 04:50:00+00:00,250.7,251.2,250.45,251.05,2483
2024-09-26 04:55:00+00:00,251.05,251.05,250.25,250.65,812
2024-09-26 05:00:00+00:00,250.3,250.65,250.25,250.55,615
2024-09-26 05:05:00+00:00,250.5,250.8,250.2,250.65,1995
2024-09-26 05:10:00+00:00,250.45,251.75,250.35,250.5,9330
2024-09-26 05:15:00+00:00,250.5,250.85,250.45,250.65,1432
2024-09-26 05:20:00+00:00,250.65,251.0,250.3,251.0,1679
2024-09-26 05:25:00+00:00,251.0,251.2,250.5,250.5,573
2024-09-26 05:30:00+00:00,250.9,251.3,250.4,251.3,2274
2024-09-26 05:35:00+00:00,251.3,251.3,250.55,250.55,1879
2024-09-26 05:40:00+00:00,251.2,251.75,251.0,251.0,2199
2024-09-26 05:45:00+00:00,251.0,251.4,250.5,251.25,877
2024-09-26 05:50:00+00:00,251.25,251.65,250.65,251.2,3495
2024-09-26 05:55:00+00:00,251.2,251.5,250.75,251.5,1103
2024-09-26 06:00:00+00:00,251.35,253.4,251.2,253.0,11543
2024-09-26 06:05:00+00:00,253.0,254.8,252.75,253.35,7678
2024-09-26 06:10:00+00:00,253.85,253.85,253.0,253.5,1027
2024-09-26 06:15:00+00:00,253.5,255.35,253.25,255.35,10017
2024-09-26 06:20:00+00:00,255.35,255.35,254.25,254.5,6107
2024-09-26 06:25:00+00:00,254.5,254.8,254.1,254.45,4426
2024-09-26 06:30:00+00:00,254.1,254.4,252.3,252.8,1851
2024-09-26 06:35:00+00:00,251.9,252.8,251.9,252.35,4158
2024-09-26 06:40:00+00:00,252.35,252.65,252.1,252.4,325
2024-09-26 06:45:00+00:00,252.2,252.5,252.05,252.2,336
2024-09-26 06:50:00+00:00,252.2,252.2,252.05,252.2,668
2024-09-26 06:55:00+00:00,252.2,252.3,252.0,252.3,232
2024-09-26 07:00:00+00:00,252.3,253.0,251.65,252.85,3818
2024-09-26 07:05:00+00:00,252.85,252.85,252.0,252.6,1903
2024-09-26 07:10:00+00:00,252.6,252.6,251.95,252.45,224
2024-09-26 07:15:00+00:00,252.45,252.45,251.95,252.3,367
2024-09-26 07:20:00+00:00,252.3,252.3,251.5,252.15,1326
2024-09-26 07:25:00+00:00,252.15,252.15,251.6,252.1,789
2024-09-26 07:30:00+00:00,252.1,252.15,251.5,252.1,1239
2024-09-26 07:35:00+00:00,252.1,252.55,251.5,252.55,2979
2024-09-26 07:40:00+00:00,252.55,252.6,251.7,252.2,276
2024-09-26 07:45:00+00:00,252.2,252.35,251.75,252.1,1095
2024-09-26 07:50:00+00:00,252.1,252.35,251.95,252.3,17
2024-09-26 07:55:00+00:00,252.3,255.45,251.5,254.8,11294
2024-09-26 08:00:00+00:00,254.8,255.35,254.8,255.0,2198
2024-09-26 08:05:00+00:00,255.0,255.2,254.85,255.0,2771
2024-09-26 08:10:00+00:00,255.0,255.2,254.8,254.8,2893
2024-09-26 08:15:00+00:00,254.8,255.1,254.8,255.1,1606
2024-09-26 08:20:00+00:00,255.1,255.1,254.8,255.0,522
2024-09-26 08:25:00+00:00,255.0,255.35,254.8,255.0,4117
2024-09-26 08:30:00+00:00,255.0,255.15,254.8,254.8,1858
2024-09-26 08:35:00+00:00,255.25,255.5,254.7,255.45,7020
2024-09-26 08:40:00+00:00,255.45,255.45,254.9,255.15,6688
2024-09-26 08:45:00+00:00,255.15,255.5,254.8,254.85,2626
2024-09-26 08:50:00+00:00,254.85,255.4,254.7,254.85,1311
2024-09-26 08:55:00+00:00,254.85,255.1,254.7,255.0,4603
2024-09-26 09:00:00+00:00,254.95,255.25,254.65,254.75,3195
2024-09-26 09:05:00+00:00,255.0,255.25,254.95,255.0,3548
2024-09-26 09:10:00+00:00,254.65,255.05,254.65,255.0,2801
2024-09-26 09:15:00+00:00,255.0,255.95,254.9,255.35,4166
2024-09-26 09:20:00+00:00,255.35,255.9,254.8,255.9,2882
2024-09-26 09:25:00+00:00,255.9,256.0,255.0,255.05,3923
2024-09-26 09:30:00+00:00,255.05,255.5,254.9,255.0,4402
2024-09-26 09:35:00+00:00,255.0,255.05,254.6,255.0,5443
2024-09-26 09:40:00+00:00,255.0,255.35,254.65,255.0,2343
2024-09-26 09:45:00+00:00,255.0,255.25,254.95,255.15,6065
2024-09-26 09:50:00+00:00,255.15,256.0,254.65,255.0,14149
2024-09-26 09:55:00+00:00,255.0,255.45,254.05,255.0,8380
2024-09-27 03:45:00+00:00,255.0,255.25,251.6,251.8,5812
2024-09-27 03:50:00+00:00,251.5,252.5,251.2,252.5,3416
2024-09-27 03:55:00+00:00,252.4,253.7,252.4,253.5,2927
2024-09-27 04:00:00+00:00,253.5,253.5,252.75,253.05,1775
2024-09-27 04:05:00+00:00,253.05,253.05,251.3,251.5,4368
2024-09-27 04:10:00+00:00,251.5,251.5,250.25,251.35,2786
2024-09-27 04:15:00+00:00,251.35,251.35,250.35,250.45,1507
2024-09-27 04:20:00+00:00,250.75,251.0,250.25,250.8,3501
2024-09-27 04:25:00+00:00,250.8,251.0,250.4,250.75,2026
2024-09-27 04:30:00+00:00,250.75,251.4,250.7,251.4,2828
2024-09-27 04:35:00+00:00,251.4,251.4,250.5,250.9,760
2024-09-27 04:40:00+00:00,250.9,251.0,250.4,250.8,1861
2024-09-27 04:45:00+00:00,250.8,251.0,250.4,250.65,2928
2024-09-27 04:50:00+00:00,250.65,251.0,250.45,250.6,1071
2024-09-27 04:55:00+00:00,250.6,250.75,250.2,250.4,2888
2024-09-27 05:00:00+00:00,250.85,251.05,250.1,250.1,5542
2024-09-27 05:05:00+00:00,250.1,250.65,250.1,250.3,440
2024-09-27 05:10:00+00:00,250.3,250.5,250.1,250.1,521
2024-09-27 05:15:00+00:00,250.1,250.1,248.65,249.05,5488
2024-09-27 05:20:00+00:00,249.05,249.6,249.0,249.6,2230
2024-09-27 05:25:00+00:00,249.6,249.75,248.8,249.1,866
2024-09-27 05:30:00+00:00,249.1,249.65,249.0,249.2,1413
2024-09-27 05:35:00+00:00,249.2,249.55,248.65,248.7,1486
2024-09-27 05:40:00+00:00,248.7,249.45,248.7,249.2,1949
2024-09-27 05:45:00+00:00,249.2,249.35,247.25,247.5,7013
2024-09-27 05:50:00+00:00,247.5,250.95,247.3,250.95,5787
2024-09-27 05:55:00+00:00,250.95,251.0,250.0,251.0,7243
2024-09-27 06:00:00+00:00,251.0,253.4,251.0,253.0,9942
2024-09-27 06:05:00+00:00,253.0,254.25,253.0,253.0,8803
2024-09-27 06:10:00+00:00,253.0,253.9,253.0,253.9,2960
2024-09-27 06:15:00+00:00,253.5,253.9,253.0,253.0,1021
2024-09-27 06:20:00+00:00,253.0,253.3,253.0,253.0,388
2024-09-27 06:25:00+00:00,253.1,253.1,253.0,253.05,849
2024-09-27 06:30:00+00:00,253.05,253.2,252.7,253.2,1861
2024-09-27 06:35:00+00:00,253.2,253.5,253.0,253.0,173
2024-09-27 06:40:00+00:00,253.0,253.25,252.65,253.0,7590
2024-09-27 06:45:00+00:00,253.0,253.05,253.0,253.0,1120
2024-09-27 06:50:00+00:00,253.05,253.3,252.8,253.2,3862
2024-09-27 06:55:00+00:00,253.2,253.4,253.0,253.05,1446
2024-09-27 07:00:00+00:00,253.05,253.95,253.0,253.95,2493
2024-09-27 07:05:00+00:00,253.35,253.5,253.05,253.05,859
2024-09-27 07:10:00+00:00,253.4,253.4,253.0,253.25,988
2024-09-27 07:15:00+00:00,253.25,253.5,253.0,253.0,725
2024-09-27 07:20:00+00:00,253.0,253.8,253.0,253.15,1283
2024-09-27 07:25:00+00:00,253.15,253.5,253.0,253.0,1438
2024-09-27 07:30:00+00:00,253.0,253.05,252.85,253.0,3262
2024-09-27 07:35:00+00:00,253.0,253.05,253.0,253.0,962
2024-09-27 07:40:00+00:00,253.0,253.0,253.0,253.0,902
2024-09-27 07:45:00+00:00,253.0,253.0,252.75,253.0,1763
2024-09-27 07:50:00+00:00,253.0,253.25,252.8,253.0,1923
2024-09-27 07:55:00+00:00,253.0,253.2,252.8,253.0,1140
2024-09-27 08:00:00+00:00,253.0,253.25,252.85,253.0,2737
2024-09-27 08:05:00+00:00,253.0,253.0,252.7,253.0,1037
2024-09-27 08:10:00+00:00,253.0,253.1,253.0,253.1,1652
2024-09-27 08:15:00+00:00,253.1,255.15,252.5,255.15,9004
2024-09-27 08:20:00+00:00,255.0,256.15,255.0,255.5,4703
2024-09-27 08:25:00+00:00,255.5,256.0,255.3,255.45,2780
2024-09-27 08:30:00+00:00,255.45,255.75,255.0,255.4,2033
2024-09-27 08:35:00+00:00,255.4,255.8,255.2,255.8,1210
2024-09-27 08:40:00+00:00,255.8,255.8,255.0,255.45,2801
2024-09-27 08:45:00+00:00,255.45,261.5,254.8,259.05,35273
2024-09-27 08:50:00+00:00,259.0,259.0,255.15,256.6,10819
2024-09-27 08:55:00+00:00,256.65,256.7,255.0,255.1,15758
2024-09-27 09:00:00+00:00,255.1,255.35,255.0,255.0,1274
2024-09-27 09:05:00+00:00,255.0,255.25,254.7,255.0,4490
2024-09-27 09:10:00+00:00,255.0,255.2,254.75,255.05,969
2024-09-27 09:15:00+00:00,255.05,255.1,255.0,255.0,1911
2024-09-27 09:20:00+00:00,255.0,255.05,255.0,255.0,3577
2024-09-27 09:25:00+00:00,255.0,255.65,255.0,255.15,12594
2024-09-27 09:30:00+00:00,255.5,255.65,254.2,255.3,17310
2024-09-27 09:35:00+00:00,255.3,255.4,254.8,255.05,5944
2024-09-27 09:40:00+00:00,255.0,255.35,254.6,255.0,5352
2024-09-27 09:45:00+00:00,255.0,255.25,254.8,255.2,10336
2024-09-27 09:50:00+00:00,255.2,255.2,254.8,255.0,6137
2024-09-27 09:55:00+00:00,255.0,256.8,254.8,254.8,8023
2024-09-30 03:45:00+00:00,264.0,267.65,261.95,262.8,120052
2024-09-30 03:50:00+00:00,262.8,267.5,262.55,266.65,82856
2024-09-30 03:55:00+00:00,266.25,269.5,265.05,269.5,99862
2024-09-30 04:00:00+00:00,269.0,269.55,267.75,268.25,48049
2024-09-30 04:05:00+00:00,268.5,272.3,267.7,271.75,101304
2024-09-30 04:10:00+00:00,272.2,276.8,269.8,270.0,159358
2024-09-30 04:15:00+00:00,270.0,271.5,268.4,270.5,56451
2024-09-30 04:20:00+00:00,270.5,271.0,269.45,270.0,40126
2024-09-30 04:25:00+00:00,270.0,271.0,270.0,270.05,29271
2024-09-30 04:30:00+00:00,270.6,270.8,270.0,270.6,17646
2024-09-30 04:35:00+00:00,270.6,270.7,270.0,270.1,24628
2024-09-30 04:40:00+00:00,270.6,270.65,269.8,270.0,9895
2024-09-30 04:45:00+00:00,270.0,270.5,269.4,270.5,15972
2024-09-30 04:50:00+00:00,270.5,272.0,269.8,271.3,21814
2024-09-30 04:55:00+00:00,271.3,272.0,270.4,270.45,12500
2024-09-30 05:00:00+00:00,270.45,271.05,270.0,270.0,13972
2024-09-30 05:05:00+00:00,270.2,270.25,269.65,270.0,21135
2024-09-30 05:10:00+00:00,270.0,271.0,270.0,270.4,5234
2024-09-30 05:15:00+00:00,270.05,270.2,269.7,270.0,5420
2024-09-30 05:20:00+00:00,270.0,270.3,269.7,270.05,4989
2024-09-30 05:25:00+00:00,270.0,270.25,270.0,270.0,4755
2024-09-30 05:30:00+00:00,270.0,270.25,269.75,269.8,17804
2024-09-30 05:35:00+00:00,269.8,270.45,269.75,270.0,8252
2024-09-30 05:40:00+00:00,270.0,271.9,270.0,271.6,11467
2024-09-30 05:45:00+00:00,271.9,273.75,271.35,273.0,36788
2024-09-30 05:50:00+00:00,273.05,274.0,271.3,271.3,24080
2024-09-30 05:55:00+00:00,271.3,271.65,270.45,270.9,6210
2024-09-30 06:00:00+00:00,270.9,271.7,270.5,271.4,4033
2024-09-30 06:05:00+00:00,271.75,271.85,270.6,271.1,4860
2024-09-30 06:10:00+00:00,271.1,271.1,270.05,270.55,5304
2024-09-30 06:15:00+00:00,270.5,270.8,270.1,270.25,6944
2024-09-30 06:20:00+00:00,270.25,270.75,270.05,270.3,6747
2024-09-30 06:25:00+00:00,270.0,270.45,269.5,270.0,10712
2024-09-30 06:30:00+00:00,270.0,270.7,270.0,270.1,3892
2024-09-30 06:35:00+00:00,270.1,270.95,270.1,270.5,4356
2024-09-30 06:40:00+00:00,270.5,271.0,270.15,270.5,5598
2024-09-30 06:45:00+00:00,270.5,270.7,270.2,270.65,929
2024-09-30 06:50:00+00:00,270.65,270.65,270.15,270.15,2677
2024-09-30 06:55:00+00:00,270.45,270.5,270.05,270.3,6403
2024-09-30 07:00:00+00:00,270.3,270.3,270.05,270.05,391
2024-09-30 07:05:00+00:00,270.05,270.65,270.0,270.1,12039
2024-09-30 07:10:00+00:00,270.1,271.45,270.1,271.45,5423
2024-09-30 07:15:00+00:00,271.45,272.5,271.2,271.9,14485
2024-09-30 07:20:00+00:00,271.9,271.9,269.85,270.1,3636
2024-09-30 07:25:00+00:00,270.1,270.65,270.1,270.45,2066
2024-09-30 07:30:00+00:00,270.45,270.9,270.05,270.45,5964
2024-09-30 07:35:00+00:00,270.45,270.45,269.7,270.45,13597
2024-09-30 07:40:00+00:00,270.25,270.4,270.0,270.3,3331
2024-09-30 07:45:00+00:00,270.3,270.3,270.05,270.1,2936
2024-09-30 07:50:00+00:00,270.1,270.25,270.0,270.25,4135
2024-09-30 07:55:00+00:00,270.25,270.25,269.75,270.0,6347
2024-09-30 08:00:00+00:00,270.0,270.3,269.75,269.8,9742
2024-09-30 08:05:00+00:00,270.0,270.25,270.0,270.25,3297
2024-09-30 08:10:00+00:00,270.25,270.35,270.05,270.05,530
2024-09-30 08:15:00+00:00,270.05,270.35,269.85,270.0,4433
2024-09-30 08:20:00+00:00,270.0,270.35,269.75,270.05,6001
2024-09-30 08:25:00+00:00,270.05,270.7,270.0,270.0,4902
2024-09-30 08:30:00+00:00,269.8,270.45,269.8,270.05,1764
2024-09-30 08:35:00+00:00,270.05,270.4,269.95,270.4,2163
2024-09-30 08:40:00+00:00,270.4,270.4,269.45,269.8,4661
2024-09-30 08:45:00+00:00,269.8,270.45,266.6,267.95,39145
2024-09-30 08:50:00+00:00,267.95,269.0,267.8,268.1,2660
2024-09-30 08:55:00+00:00,268.1,269.35,268.1,269.0,6374
2024-09-30 09:00:00+00:00,269.0,270.35,269.0,270.0,24180
2024-09-30 09:05:00+00:00,270.0,270.3,269.9,270.3,9514
2024-09-30 09:10:00+00:00,270.3,270.3,269.7,270.3,4670
2024-09-30 09:15:00+00:00,270.3,270.35,269.75,270.0,3494
2024-09-30 09:20:00+00:00,270.0,270.3,270.0,270.25,4098
2024-09-30 09:25:00+00:00,270.25,270.4,269.75,270.0,7796
2024-09-30 09:30:00+00:00,270.0,270.4,269.95,270.4,6673
2024-09-30 09:35:00+00:00,270.4,270.9,270.15,270.85,9681
2024-09-30 09:40:00+00:00,270.85,272.1,270.6,272.05,21705
2024-09-30 09:45:00+00:00,271.55,272.1,270.35,271.45,38170
2024-09-30 09:50:00+00:00,271.45,272.85,270.25,270.95,20907
2024-09-30 09:55:00+00:00,270.95,271.15,270.0,270.0,19062
2024-10-01 03:45:00+00:00,271.1,271.3,267.0,267.55,16739
2024-10-01 03:50:00+00:00,267.55,267.95,265.9,267.95,12361
2024-10-01 03:55:00+00:00,267.95,269.0,267.65,268.85,5147
2024-10-01 04:00:00+00:00,268.85,268.85,267.2,267.2,5634
2024-10-01 04:05:00+00:00,267.2,269.05,267.15,268.2,6509
2024-10-01 04:10:00+00:00,268.2,269.0,268.0,268.05,2579
2024-10-01 04:15:00+00:00,268.05,268.45,267.25,267.75,7961
2024-10-01 04:20:00+00:00,267.75,268.0,267.05,267.05,1957
2024-10-01 04:25:00+00:00,267.05,267.45,266.4,266.5,4349
2024-10-01 04:30:00+00:00,266.5,266.8,266.1,266.45,1961
2024-10-01 04:35:00+00:00,266.45,266.45,266.05,266.05,2011
2024-10-01 04:40:00+00:00,266.05,266.85,266.0,266.3,2898
2024-10-01 04:45:00+00:00,266.3,266.8,265.25,265.55,6399
2024-10-01 04:50:00+00:00,265.55,265.55,265.0,265.25,1873
2024-10-01 04:55:00+00:00,265.05,265.25,264.55,265.0,3387
2024-10-01 05:00:00+00:00,265.0,265.0,264.1,264.25,2042
2024-10-01 05:05:00+00:00,264.25,264.4,263.05,263.2,4026
2024-10-01 05:10:00+00:00,263.2,263.5,262.1,262.35,6370
2024-10-01 05:15:00+00:00,262.35,263.95,262.15,263.45,7325
2024-10-01 05:20:00+00:00,263.55,264.0,263.0,263.55,3999
2024-10-01 05:25:00+00:00,263.55,264.0,263.55,264.0,880
2024-10-01 05:30:00+00:00,264.1,265.0,264.1,264.8,1558
2024-10-01 05:35:00+00:00,264.45,265.5,264.3,264.95,3258
2024-10-01 05:40:00+00:00,264.95,265.0,264.1,264.25,1818
2024-10-01 05:45:00+00:00,264.25,265.2,264.2,265.2,1597
2024-10-01 05:50:00+00:00,265.2,265.4,265.2,265.35,1629
2024-10-01 05:55:00+00:00,265.35,266.0,265.0,266.0,3849
2024-10-01 06:00:00+00:00,266.0,266.0,264.75,265.1,4002
2024-10-01 06:05:00+00:00,265.1,268.5,265.1,267.3,11477
2024-10-01 06:10:00+00:00,267.1,269.6,266.85,268.5,9676
2024-10-01 06:15:00+00:00,268.5,270.5,267.85,270.0,13149
2024-10-01 06:20:00+00:00,270.0,273.95,270.0,273.5,12674
2024-10-01 06:25:00+00:00,273.5,273.95,271.85,272.0,8497
2024-10-01 06:30:00+00:00,272.0,282.0,272.0,277.45,93881
2024-10-01 06:35:00+00:00,277.45,277.9,275.6,276.9,16528
2024-10-01 06:40:00+00:00,276.9,281.0,276.05,277.35,49181
2024-10-01 06:45:00+00:00,277.35,280.0,277.0,279.6,17342
2024-10-01 06:50:00+00:00,279.6,281.0,279.55,280.0,33917
2024-10-01 06:55:00+00:00,279.65,279.65,278.5,278.5,14705
2024-10-01 07:00:00+00:00,278.5,279.55,277.2,277.55,11885
2024-10-01 07:05:00+00:00,278.0,279.0,277.05,277.8,14881
2024-10-01 07:10:00+00:00,277.8,279.05,277.45,278.8,7168
2024-10-01 07:15:00+00:00,278.95,279.4,278.55,279.4,4161
2024-10-01 07:20:00+00:00,279.4,279.4,278.55,278.9,3745
2024-10-01 07:25:00+00:00,278.9,278.9,278.55,278.9,3908
2024-10-01 07:30:00+00:00,278.9,280.0,278.7,279.45,8613
2024-10-01 07:35:00+00:00,279.45,279.85,278.75,278.75,5021
2024-10-01 07:40:00+00:00,279.15,279.15,278.4,278.55,4740
2024-10-01 07:45:00+00:00,278.55,278.95,277.7,277.75,5988
2024-10-01 07:50:00+00:00,277.75,277.95,277.1,277.5,2513
2024-10-01 07:55:00+00:00,277.5,278.0,277.0,277.0,3243
2024-10-01 08:00:00+00:00,277.0,277.45,276.8,277.35,2679
2024-10-01 08:05:00+00:00,277.35,278.0,276.8,277.7,1067
2024-10-01 08:10:00+00:00,277.7,278.25,277.7,278.25,7814
2024-10-01 08:15:00+00:00,278.25,278.25,277.9,278.0,3535
2024-10-01 08:20:00+00:00,278.2,278.2,276.8,277.15,5878
2024-10-01 08:25:00+00:00,277.15,277.6,277.0,277.1,1554
2024-10-01 08:30:00+00:00,277.2,277.7,277.0,277.15,1709
2024-10-01 08:35:00+00:00,277.15,277.7,277.1,277.7,779
2024-10-01 08:40:00+00:00,277.7,277.95,277.15,277.7,3270
2024-10-01 08:45:00+00:00,277.7,277.7,276.05,276.3,15765
2024-10-01 08:50:00+00:00,276.3,277.25,276.3,276.85,1994
2024-10-01 08:55:00+00:00,276.85,276.85,276.0,276.65,2605
2024-10-01 09:00:00+00:00,276.65,277.15,276.2,277.0,4678
2024-10-01 09:05:00+00:00,276.95,276.95,276.2,276.3,1624
2024-10-01 09:10:00+00:00,276.3,276.7,276.2,276.7,1762
2024-10-01 09:15:00+00:00,276.7,277.0,276.2,276.45,1787
2024-10-01 09:20:00+00:00,276.45,277.0,276.0,276.0,7357
2024-10-01 09:25:00+00:00,276.0,276.9,275.9,276.55,2667
2024-10-01 09:30:00+00:00,276.55,279.95,276.55,279.9,23550
2024-10-01 09:35:00+00:00,280.0,280.0,277.95,279.35,23294
2024-10-01 09:40:00+00:00,279.35,279.8,278.2,278.6,9216
2024-10-01 09:45:00+00:00,278.6,279.5,278.25,279.5,13551
2024-10-01 09:50:00+00:00,279.5,279.5,279.0,279.2,11054
2024-10-01 09:55:00+00:00,279.2,279.6,279.05,279.3,19335
2024-10-03 03:45:00+00:00,274.05,274.05,269.3,271.45,40446
2024-10-03 03:50:00+00:00,271.85,273.8,270.1,273.75,22861
2024-10-03 03:55:00+00:00,273.75,274.0,272.55,273.4,9790
2024-10-03 04:00:00+00:00,273.4,276.8,273.4,275.95,28948
2024-10-03 04:05:00+00:00,275.95,276.3,275.75,276.05,10210
2024-10-03 04:10:00+00:00,276.05,279.05,275.4,278.9,24495
2024-10-03 04:15:00+00:00,278.4,279.45,276.35,278.3,21755
2024-10-03 04:20:00+00:00,278.05,278.6,276.5,276.5,7034
2024-10-03 04:25:00+00:00,276.5,278.1,276.3,277.5,26127
2024-10-03 04:30:00+00:00,277.5,278.5,275.0,277.25,25191
2024-10-03 04:35:00+00:00,277.7,278.0,276.95,277.1,6825
2024-10-03 04:40:00+00:00,277.1,279.15,277.0,279.15,21933
2024-10-03 04:45:00+00:00,278.5,279.45,278.05,278.6,5468
2024-10-03 04:50:00+00:00,278.0,283.55,278.0,282.5,42884
2024-10-03 04:55:00+00:00,282.5,284.0,281.5,282.2,25638
2024-10-03 05:00:00+00:00,282.45,286.0,281.8,285.0,41136
2024-10-03 05:05:00+00:00,285.0,287.0,283.3,285.05,54392
2024-10-03 05:10:00+00:00,285.05,286.2,283.85,284.7,30870
2024-10-03 05:15:00+00:00,284.7,284.8,284.25,284.4,10360
2024-10-03 05:20:00+00:00,284.4,285.25,283.9,285.25,18899
2024-10-03 05:25:00+00:00,285.25,288.95,284.65,288.55,52820
2024-10-03 05:30:00+00:00,288.55,288.55,285.85,286.4,23200
2024-10-03 05:35:00+00:00,286.4,287.0,286.0,286.1,12960
2024-10-03 05:40:00+00:00,286.1,286.5,285.8,286.0,11471
2024-10-03 05:45:00+00:00,286.3,286.4,285.7,286.0,15861
2024-10-03 05:50:00+00:00,286.0,286.2,285.4,286.0,12487
2024-10-03 05:55:00+00:00,286.0,286.1,285.6,286.1,15747
2024-10-03 06:00:00+00:00,286.1,286.15,285.85,286.0,23074
2024-10-03 06:05:00+00:00,286.0,286.75,285.95,286.0,23420
2024-10-03 06:10:00+00:00,286.5,286.5,286.0,286.2,9273
2024-10-03 06:15:00+00:00,286.2,286.5,285.95,286.0,7238
2024-10-03 06:20:00+00:00,286.0,286.45,285.95,286.0,19765
2024-10-03 06:25:00+00:00,286.0,286.15,285.8,286.0,4228
2024-10-03 06:30:00+00:00,286.0,286.1,285.95,286.0,9225
2024-10-03 06:35:00+00:00,286.0,286.1,285.45,286.0,35285
2024-10-03 06:40:00+00:00,286.0,286.5,286.0,286.0,4598
2024-10-03 06:45:00+00:00,286.0,286.55,285.8,286.1,5183
2024-10-03 06:50:00+00:00,286.1,286.45,286.0,286.05,3879
2024-10-03 06:55:00+00:00,286.0,286.25,286.0,286.0,4346
2024-10-03 07:00:00+00:00,286.0,286.3,286.0,286.15,2155
2024-10-03 07:05:00+00:00,286.15,286.45,286.0,286.0,4228
2024-10-03 07:10:00+00:00,286.0,286.35,286.0,286.35,5094
2024-10-03 07:15:00+00:00,286.0,286.95,286.0,286.75,9025
2024-10-03 07:20:00+00:00,286.95,286.95,286.0,286.0,4728
2024-10-03 07:25:00+00:00,286.0,286.7,285.8,286.0,5784
2024-10-03 07:30:00+00:00,286.0,286.75,286.0,286.0,5222
2024-10-03 07:35:00+00:00,286.0,286.4,286.0,286.0,3693
2024-10-03 07:40:00+00:00,286.0,286.2,286.0,286.0,7196
2024-10-03 07:45:00+00:00,286.0,286.1,286.0,286.0,8547
2024-10-03 07:50:00+00:00,286.0,286.15,286.0,286.0,24096
2024-10-03 07:55:00+00:00,286.0,286.4,286.0,286.0,9194
2024-10-03 08:00:00+00:00,286.0,286.25,286.0,286.0,6168
2024-10-03 08:05:00+00:00,286.0,286.2,285.5,286.0,15422
2024-10-03 08:10:00+00:00,286.0,286.35,285.6,286.0,19463
2024-10-03 08:15:00+00:00,286.0,286.5,285.75,286.0,11907
2024-10-03 08:20:00+00:00,286.0,286.2,286.0,286.0,27298
2024-10-03 08:25:00+00:00,286.0,286.2,286.0,286.0,8974
2024-10-03 08:30:00+00:00,286.0,286.2,285.7,286.0,11282
2024-10-03 08:35:00+00:00,286.0,286.2,285.55,286.0,8447
2024-10-03 08:40:00+00:00,286.0,286.5,284.75,284.8,53495
2024-10-03 08:45:00+00:00,284.8,285.7,284.75,285.0,9858
2024-10-03 08:50:00+00:00,285.0,285.1,284.8,284.85,11932
2024-10-03 08:55:00+00:00,284.8,285.1,284.3,285.0,20027
2024-10-03 09:00:00+00:00,284.8,286.0,284.8,285.9,17943
2024-10-03 09:05:00+00:00,285.9,286.35,285.9,286.15,10260
2024-10-03 09:10:00+00:00,286.15,286.5,286.0,286.05,7350
2024-10-03 09:15:00+00:00,286.05,286.4,286.0,286.0,3056
2024-10-03 09:20:00+00:00,286.0,286.1,286.0,286.0,4894
2024-10-03 09:25:00+00:00,286.0,286.15,285.3,286.15,7803
2024-10-03 09:30:00+00:00,286.4,286.4,286.0,286.0,7350
2024-10-03 09:35:00+00:00,286.0,286.2,286.0,286.15,11520
2024-10-03 09:40:00+00:00,286.15,286.2,285.85,286.0,10561
2024-10-03 09:45:00+00:00,286.0,286.3,285.2,286.3,10128
2024-10-03 09:50:00+00:00,286.3,286.3,285.15,286.05,18419
2024-10-03 09:55:00+00:00,286.05,286.2,285.0,285.0,26934
2024-10-04 03:45:00+00:00,285.0,285.0,281.55,282.6,16935
2024-10-04 03:50:00+00:00,282.6,283.2,280.3,280.3,13552
2024-10-04 03:55:00+00:00,280.3,280.4,277.1,279.2,26446
2024-10-04 04:00:00+00:00,279.7,280.7,275.1,276.7,16641
2024-10-04 04:05:00+00:00,277.55,280.9,277.55,280.9,11864
2024-10-04 04:10:00+00:00,280.9,282.0,280.05,281.4,47563
2024-10-04 04:15:00+00:00,281.4,285.5,281.4,285.5,14879
2024-10-04 04:20:00+00:00,285.5,289.9,285.05,289.0,50083
2024-10-04 04:25:00+00:00,289.1,289.2,286.75,287.5,11125
2024-10-04 04:30:00+00:00,287.5,287.7,285.55,287.2,8464
2024-10-04 04:35:00+00:00,287.2,288.0,287.0,287.0,3939
2024-10-04 04:40:00+00:00,287.0,287.0,285.95,286.0,2249
2024-10-04 04:45:00+00:00,286.0,286.45,285.2,285.45,4301
2024-10-04 04:50:00+00:00,285.45,285.9,285.2,285.4,2184
2024-10-04 04:55:00+00:00,285.4,285.9,285.3,285.4,1222
2024-10-04 05:00:00+00:00,285.4,286.7,285.05,286.7,12117
2024-10-04 05:05:00+00:00,286.7,286.7,285.15,285.95,4710
2024-10-04 05:10:00+00:00,285.95,286.25,285.4,285.55,985
2024-10-04 05:15:00+00:00,285.55,287.0,285.45,286.6,2144
2024-10-04 05:20:00+00:00,286.6,287.5,286.0,286.6,5169
2024-10-04 05:25:00+00:00,286.95,287.4,286.5,287.0,1059
2024-10-04 05:30:00+00:00,287.0,287.0,286.0,286.3,1438
2024-10-04 05:35:00+00:00,286.3,286.3,285.15,285.25,2983
2024-10-04 05:40:00+00:00,285.25,286.1,285.2,286.1,1576
2024-10-04 05:45:00+00:00,286.1,286.1,282.75,284.0,9508
2024-10-04 05:50:00+00:00,284.0,284.0,281.5,281.95,7214
2024-10-04 05:55:00+00:00,281.95,283.0,281.0,282.95,8062
2024-10-04 06:00:00+00:00,282.95,283.6,282.5,282.5,3991
2024-10-04 06:05:00+00:00,282.5,283.15,282.0,283.15,1016
2024-10-04 06:10:00+00:00,283.5,283.65,282.9,283.1,3033
2024-10-04 06:15:00+00:00,283.1,283.65,282.9,283.5,15724
2024-10-04 06:20:00+00:00,283.5,284.95,283.5,284.95,710
2024-10-04 06:25:00+00:00,284.95,284.95,284.05,284.05,1617
2024-10-04 06:30:00+00:00,284.05,284.65,284.0,284.05,884
2024-10-04 06:35:00+00:00,284.05,284.45,283.95,283.95,180
2024-10-04 06:40:00+00:00,283.95,284.4,283.65,284.4,743
2024-10-04 06:45:00+00:00,284.4,284.65,284.15,284.15,1656
2024-10-04 06:50:00+00:00,284.15,284.9,284.15,284.9,872
2024-10-04 06:55:00+00:00,284.9,284.9,284.2,284.35,136
2024-10-04 07:00:00+00:00,284.35,284.8,284.35,284.4,132
2024-10-04 07:05:00+00:00,284.4,284.4,282.05,282.6,13872
2024-10-04 07:10:00+00:00,282.6,283.1,282.6,282.6,2634
2024-10-04 07:15:00+00:00,282.6,283.85,282.55,282.55,4512
2024-10-04 07:20:00+00:00,282.45,282.7,281.75,282.7,2187
2024-10-04 07:25:00+00:00,282.7,282.7,281.15,281.25,1585
2024-10-04 07:30:00+00:00,281.25,281.25,280.55,281.0,8695
2024-10-04 07:35:00+00:00,281.0,281.65,281.0,281.55,639
2024-10-04 07:40:00+00:00,281.55,282.0,281.55,281.8,259
2024-10-04 07:45:00+00:00,281.8,282.95,281.3,282.95,1508
2024-10-04 07:50:00+00:00,282.95,282.95,282.0,282.0,1848
2024-10-04 07:55:00+00:00,282.0,283.0,282.0,283.0,3561
2024-10-04 08:00:00+00:00,283.0,283.25,282.9,283.0,6870
2024-10-04 08:05:00+00:00,283.0,283.3,283.0,283.0,5542
2024-10-04 08:10:00+00:00,283.0,284.25,283.0,284.25,1970
2024-10-04 08:15:00+00:00,284.25,285.5,283.8,285.0,9051
2024-10-04 08:20:00+00:00,285.65,286.0,285.5,285.5,3690
2024-10-04 08:25:00+00:00,285.5,286.4,285.5,286.2,7377
2024-10-04 08:30:00+00:00,286.2,290.5,286.2,290.25,37489
2024-10-04 08:35:00+00:00,290.05,291.8,288.2,289.5,17787
2024-10-04 08:40:00+00:00,289.5,289.5,286.3,286.3,5393
2024-10-04 08:45:00+00:00,286.3,286.9,285.4,285.4,6072
2024-10-04 08:50:00+00:00,285.4,285.4,283.55,283.55,2838
2024-10-04 08:55:00+00:00,283.55,283.7,282.5,282.5,11148
2024-10-04 09:00:00+00:00,282.25,282.75,281.75,281.75,4671
2024-10-04 09:05:00+00:00,281.75,282.7,281.05,282.0,9371
2024-10-04 09:10:00+00:00,282.0,282.0,281.0,282.0,3583
2024-10-04 09:15:00+00:00,282.0,284.0,281.85,282.3,9207
2024-10-04 09:20:00+00:00,282.0,282.95,281.75,282.0,3787
2024-10-04 09:25:00+00:00,281.95,282.05,281.0,281.3,5690
2024-10-04 09:30:00+00:00,281.35,282.0,281.2,281.65,6754
2024-10-04 09:35:00+00:00,281.95,282.0,281.5,281.8,4504
2024-10-04 09:40:00+00:00,281.8,281.8,281.5,281.8,861
2024-10-04 09:45:00+00:00,281.8,281.8,281.2,281.4,4079
2024-10-04 09:50:00+00:00,281.4,281.75,281.0,281.0,10277
2024-10-04 09:55:00+00:00,281.0,282.4,281.0,282.4,7328
2024-10-07 03:45:00+00:00,279.15,282.0,279.15,280.0,12102
2024-10-07 03:50:00+00:00,280.0,280.55,278.4,279.6,9254
2024-10-07 03:55:00+00:00,279.6,279.7,276.55,276.55,16521
2024-10-07 04:00:00+00:00,276.55,276.85,273.95,274.0,13807
2024-10-07 04:05:00+00:00,273.7,273.8,271.55,271.55,22407
2024-10-07 04:10:00+00:00,271.55,272.5,271.5,272.45,5315
2024-10-07 04:15:00+00:00,272.45,275.9,270.2,275.8,40738
2024-10-07 04:20:00+00:00,275.8,275.85,273.6,275.0,50116
2024-10-07 04:25:00+00:00,275.0,275.9,274.0,275.0,10946
2024-10-07 04:30:00+00:00,275.0,275.9,274.3,275.0,3906
2024-10-07 04:35:00+00:00,275.0,275.6,274.2,275.0,8437
2024-10-07 04:40:00+00:00,275.0,275.5,274.3,275.0,7288
2024-10-07 04:45:00+00:00,275.0,275.3,274.5,275.25,14448
2024-10-07 04:50:00+00:00,275.25,275.3,274.5,275.3,3732
2024-10-07 04:55:00+00:00,275.3,277.0,274.5,275.75,6285
2024-10-07 05:00:00+00:00,275.75,276.25,274.2,275.0,5501
2024-10-07 05:05:00+00:00,275.0,275.5,274.3,275.0,14681
2024-10-07 05:10:00+00:00,275.0,275.15,274.45,275.0,20895
2024-10-07 05:15:00+00:00,275.0,275.25,274.35,275.0,32378
2024-10-07 05:20:00+00:00,275.0,275.15,274.15,275.0,15657
2024-10-07 05:25:00+00:00,275.0,275.15,274.65,275.1,6089
2024-10-07 05:30:00+00:00,275.0,275.15,274.0,275.0,18655
2024-10-07 05:35:00+00:00,275.0,275.15,273.8,275.0,32893
2024-10-07 05:40:00+00:00,275.2,276.0,274.7,275.4,10943
2024-10-07 05:45:00+00:00,275.35,275.95,275.0,275.95,3006
2024-10-07 05:50:00+00:00,275.95,275.95,274.3,275.15,4592
2024-10-07 05:55:00+00:00,275.15,275.95,275.15,275.5,1687
2024-10-07 06:00:00+00:00,275.5,276.0,275.5,275.9,930
2024-10-07 06:05:00+00:00,275.9,275.95,275.5,275.5,1103
2024-10-07 06:10:00+00:00,275.5,275.7,275.0,275.0,1427
2024-10-07 06:15:00+00:00,275.0,275.6,275.0,275.05,408
2024-10-07 06:20:00+00:00,275.05,275.3,274.25,275.0,2167
2024-10-07 06:25:00+00:00,275.0,275.2,274.85,275.0,2092
2024-10-07 06:30:00+00:00,275.2,275.2,274.6,275.0,2315
2024-10-07 06:35:00+00:00,275.0,275.6,275.0,275.0,967
2024-10-07 06:40:00+00:00,275.0,275.5,275.0,275.4,3818
2024-10-07 06:45:00+00:00,275.05,275.2,274.6,274.65,2992
2024-10-07 06:50:00+00:00,274.65,275.3,274.5,275.3,2000
2024-10-07 06:55:00+00:00,275.3,275.35,274.55,275.0,2668
2024-10-07 07:00:00+00:00,275.0,275.1,275.0,275.0,300
2024-10-07 07:05:00+00:00,275.0,275.15,274.3,275.15,2413
2024-10-07 07:10:00+00:00,275.15,275.35,274.75,275.0,1717
2024-10-07 07:15:00+00:00,275.0,275.25,274.7,275.0,10591
2024-10-07 07:20:00+00:00,275.0,275.5,274.6,275.0,6769
2024-10-07 07:25:00+00:00,275.1,275.15,273.0,274.5,10191
2024-10-07 07:30:00+00:00,274.5,275.3,274.1,274.9,5884
2024-10-07 07:35:00+00:00,274.9,275.25,274.7,274.7,7012
2024-10-07 07:40:00+00:00,274.7,275.2,274.7,275.0,2385
2024-10-07 07:45:00+00:00,275.0,275.2,273.3,274.6,19672
2024-10-07 07:50:00+00:00,274.6,275.1,274.4,274.9,9734
2024-10-07 07:55:00+00:00,274.9,275.15,274.8,275.05,1161
2024-10-07 08:00:00+00:00,275.05,275.2,274.5,274.9,3666
2024-10-07 08:05:00+00:00,274.9,275.0,274.8,274.8,2892
2024-10-07 08:10:00+00:00,274.8,275.35,274.75,274.85,4081
2024-10-07 08:15:00+00:00,274.85,275.15,274.75,275.0,3575
2024-10-07 08:20:00+00:00,275.0,275.1,274.85,274.9,1325
2024-10-07 08:25:00+00:00,274.9,275.5,274.9,275.25,2956
2024-10-07 08:30:00+00:00,275.25,275.25,274.9,275.0,1402
2024-10-07 08:35:00+00:00,275.0,275.45,274.85,275.45,2363
2024-10-07 08:40:00+00:00,275.45,275.5,274.9,275.4,927
2024-10-07 08:45:00+00:00,275.4,275.45,274.45,275.0,4678
2024-10-07 08:50:00+00:00,275.0,275.3,274.85,274.85,1971
2024-10-07 08:55:00+00:00,274.85,275.35,274.85,275.0,2339
2024-10-07 09:00:00+00:00,275.0,275.4,274.95,275.05,935
2024-10-07 09:05:00+00:00,275.05,275.3,274.85,275.05,2576
2024-10-07 09:10:00+00:00,275.05,275.05,274.8,275.05,1314
2024-10-07 09:15:00+00:00,275.05,275.05,274.4,275.05,1631
2024-10-07 09:20:00+00:00,275.05,275.3,274.85,275.25,1727
2024-10-07 09:25:00+00:00,275.0,275.55,274.9,275.1,1665
2024-10-07 09:30:00+00:00,275.05,275.15,273.55,275.0,14769
2024-10-07 09:35:00+00:00,275.0,275.65,274.8,274.85,6558
2024-10-07 09:40:00+00:00,274.85,275.3,274.1,274.5,24352
2024-10-07 09:45:00+00:00,274.5,275.3,274.3,275.3,20194
2024-10-07 09:50:00+00:00,275.3,275.4,274.7,275.0,6393
2024-10-07 09:55:00+00:00,275.0,276.0,274.2,275.55,7088
2024-10-08 03:45:00+00:00,275.0,275.85,271.05,272.55,10529
2024-10-08 03:50:00+00:00,272.55,274.8,272.55,274.8,6191
2024-10-08 03:55:00+00:00,274.8,277.35,274.8,277.35,7031
2024-10-08 04:00:00+00:00,277.35,277.5,276.45,276.45,2094
2024-10-08 04:05:00+00:00,276.45,276.8,275.05,275.8,3208
2024-10-08 04:10:00+00:00,275.8,276.4,275.0,275.95,11950
2024-10-08 04:15:00+00:00,275.95,276.7,275.8,276.7,1578
2024-10-08 04:20:00+00:00,276.35,278.6,276.35,277.5,8185
2024-10-08 04:25:00+00:00,277.5,279.0,277.1,278.95,5832
2024-10-08 04:30:00+00:00,278.95,278.95,276.95,277.0,3495
2024-10-08 04:35:00+00:00,277.0,277.0,275.35,276.45,2120
2024-10-08 04:40:00+00:00,276.45,276.45,275.7,276.3,367
2024-10-08 04:45:00+00:00,276.3,276.9,274.8,276.3,8471
2024-10-08 04:50:00+00:00,276.3,276.5,275.35,275.35,1517
2024-10-08 04:55:00+00:00,275.35,276.55,275.3,276.0,831
2024-10-08 05:00:00+00:00,276.0,276.1,275.5,275.9,334
2024-10-08 05:05:00+00:00,275.9,276.9,275.7,276.9,876
2024-10-08 05:10:00+00:00,276.9,277.45,276.55,277.1,2536
2024-10-08 05:15:00+00:00,277.1,277.1,276.5,277.1,744
2024-10-08 05:20:00+00:00,277.1,277.1,276.5,276.5,663
2024-10-08 05:25:00+00:00,276.5,276.95,276.45,276.45,217
2024-10-08 05:30:00+00:00,276.45,277.2,276.0,276.85,2768
2024-10-08 05:35:00+00:00,276.5,277.5,276.5,277.5,1772
2024-10-08 05:40:00+00:00,277.5,277.65,276.7,277.25,5442
2024-10-08 05:45:00+00:00,277.45,277.45,276.55,277.3,1403
2024-10-08 05:50:00+00:00,277.3,277.3,276.5,277.2,2336
2024-10-08 05:55:00+00:00,277.2,277.95,277.0,277.2,667
2024-10-08 06:00:00+00:00,277.2,277.2,276.6,276.6,1524
2024-10-08 06:05:00+00:00,276.6,276.95,276.45,276.45,76
2024-10-08 06:10:00+00:00,276.45,276.95,276.25,276.25,332
2024-10-08 06:15:00+00:00,276.25,277.0,276.1,276.2,1250
2024-10-08 06:20:00+00:00,276.2,276.5,275.55,276.4,1877
2024-10-08 06:25:00+00:00,276.4,276.6,275.55,275.55,367
2024-10-08 06:30:00+00:00,275.55,275.75,275.0,275.05,13302
2024-10-08 06:35:00+00:00,275.05,275.4,275.0,275.0,771
2024-10-08 06:40:00+00:00,275.0,275.45,275.0,275.05,170
2024-10-08 06:45:00+00:00,275.5,275.5,274.85,274.85,1682
2024-10-08 06:50:00+00:00,275.0,275.8,274.8,275.8,702
2024-10-08 06:55:00+00:00,275.8,276.05,275.0,275.85,915
2024-10-08 07:00:00+00:00,275.85,275.85,275.1,275.15,369
2024-10-08 07:05:00+00:00,275.15,275.15,275.15,275.15,0
2024-10-08 07:10:00+00:00,275.15,275.2,275.15,275.2,50
2024-10-08 07:15:00+00:00,275.2,275.2,275.0,275.0,4565
2024-10-08 07:20:00+00:00,275.0,275.25,275.0,275.25,365
2024-10-08 07:25:00+00:00,275.25,276.25,275.0,276.25,3212
2024-10-08 07:30:00+00:00,276.25,277.25,276.25,277.0,1204
2024-10-08 07:35:00+00:00,277.0,277.0,277.0,277.0,836
2024-10-08 07:40:00+00:00,277.0,277.25,276.9,277.25,2240
2024-10-08 07:45:00+00:00,277.25,277.7,277.0,277.0,1202
2024-10-08 07:50:00+00:00,277.0,277.15,277.0,277.15,521
2024-10-08 07:55:00+00:00,277.15,277.2,276.75,276.75,535
2024-10-08 08:00:00+00:00,276.75,277.2,276.75,277.2,2619
2024-10-08 08:05:00+00:00,277.2,279.0,277.2,278.2,4565
2024-10-08 08:10:00+00:00,278.2,278.2,277.5,278.0,2604
2024-10-08 08:15:00+00:00,278.0,278.0,277.9,277.95,157
2024-10-08 08:20:00+00:00,277.95,277.95,277.0,277.0,1198
2024-10-08 08:25:00+00:00,277.0,277.45,276.5,276.5,6557
2024-10-08 08:30:00+00:00,276.5,277.5,276.5,277.0,670
2024-10-08 08:35:00+00:00,277.0,277.35,277.0,277.0,1734
2024-10-08 08:40:00+00:00,277.0,277.25,277.0,277.0,105
2024-10-08 08:45:00+00:00,277.0,277.25,276.7,277.0,1817
2024-10-08 08:50:00+00:00,277.0,277.25,277.0,277.0,2155
2024-10-08 08:55:00+00:00,277.0,277.5,277.0,277.45,1304
2024-10-08 09:00:00+00:00,277.45,277.45,277.15,277.15,25
2024-10-08 09:05:00+00:00,277.15,277.5,277.05,277.5,1072
2024-10-08 09:10:00+00:00,277.5,277.5,277.0,277.0,1662
2024-10-08 09:15:00+00:00,277.0,277.0,277.0,277.0,658
2024-10-08 09:20:00+00:00,277.0,277.5,276.9,277.45,3156
2024-10-08 09:25:00+00:00,277.45,277.45,277.0,277.05,459
2024-10-08 09:30:00+00:00,277.05,277.45,277.0,277.0,4497
2024-10-08 09:35:00+00:00,277.0,277.45,277.0,277.0,4970
2024-10-08 09:40:00+00:00,277.0,277.5,277.0,277.0,4130
2024-10-08 09:45:00+00:00,277.0,277.4,277.0,277.0,1345
2024-10-08 09:50:00+00:00,277.0,277.3,276.95,277.1,10483
2024-10-08 09:55:00+00:00,277.1,277.85,277.0,277.0,7323
2024-10-09 03:45:00+00:00,277.0,285.7,275.2,285.7,27621
2024-10-09 03:50:00+00:00,285.7,286.65,284.0,284.05,22723
2024-10-09 03:55:00+00:00,284.05,285.9,283.1,284.3,8293
2024-10-09 04:00:00+00:00,284.3,286.0,283.3,285.0,12086
2024-10-09 04:05:00+00:00,285.0,285.45,282.0,283.45,7758
2024-10-09 04:10:00+00:00,283.45,284.25,282.8,283.1,2714
2024-10-09 04:15:00+00:00,283.1,283.6,282.0,282.8,3346
2024-10-09 04:20:00+00:00,282.4,282.8,281.6,281.75,3385
2024-10-09 04:25:00+00:00,281.75,282.2,281.65,281.65,2586
2024-10-09 04:30:00+00:00,281.65,282.2,280.9,281.15,6874
2024-10-09 04:35:00+00:00,281.15,282.2,281.1,282.2,2434
2024-10-09 04:40:00+00:00,282.1,282.8,281.65,281.65,4262
2024-10-09 04:45:00+00:00,281.65,282.0,281.65,281.95,499
2024-10-09 04:50:00+00:00,281.95,281.95,281.4,281.4,1510
2024-10-09 04:55:00+00:00,281.4,281.8,281.0,281.0,2695
2024-10-09 05:00:00+00:00,281.0,281.7,281.0,281.7,207
2024-10-09 05:05:00+00:00,281.7,281.95,281.3,281.95,1512
2024-10-09 05:10:00+00:00,281.95,281.95,281.45,281.8,752
2024-10-09 05:15:00+00:00,281.8,281.8,281.05,281.25,1642
2024-10-09 05:20:00+00:00,281.25,281.6,281.25,281.6,155
2024-10-09 05:25:00+00:00,281.6,281.6,281.0,281.4,618
2024-10-09 05:30:00+00:00,281.4,281.5,281.0,281.5,390
2024-10-09 05:35:00+00:00,281.5,281.5,281.05,281.05,1415
2024-10-09 05:40:00+00:00,281.05,282.0,281.05,281.5,2095
2024-10-09 05:45:00+00:00,281.55,281.95,281.5,281.5,328
2024-10-09 05:50:00+00:00,281.5,281.65,281.2,281.2,696
2024-10-09 05:55:00+00:00,281.2,281.55,280.7,281.0,4088
2024-10-09 06:00:00+00:00,281.0,281.0,280.15,280.15,1019
2024-10-09 06:05:00+00:00,280.1,280.8,280.1,280.3,537
2024-10-09 06:10:00+00:00,280.3,280.7,280.0,280.45,1582
2024-10-09 06:15:00+00:00,280.45,280.75,280.1,280.75,627
2024-10-09 06:20:00+00:00,280.25,280.7,280.0,280.0,1639
2024-10-09 06:25:00+00:00,280.0,280.45,279.8,280.45,1048
2024-10-09 06:30:00+00:00,280.45,280.45,279.2,279.7,2055
2024-10-09 06:35:00+00:00,279.7,280.8,279.7,280.5,585
2024-10-09 06:40:00+00:00,280.5,280.8,280.5,280.75,241
2024-10-09 06:45:00+00:00,280.75,280.75,279.2,279.8,2618
2024-10-09 06:50:00+00:00,279.8,280.0,279.8,280.0,2
2024-10-09 06:55:00+00:00,280.25,280.75,280.25,280.25,409
2024-10-09 07:00:00+00:00,280.25,280.75,280.25,280.4,1476
2024-10-09 07:05:00+00:00,280.8,280.95,280.4,280.6,505
2024-10-09 07:10:00+00:00,280.6,281.0,280.2,280.65,1978
2024-10-09 07:15:00+00:00,280.65,281.25,280.2,281.25,1420
2024-10-09 07:20:00+00:00,281.25,281.8,281.05,281.4,283
2024-10-09 07:25:00+00:00,281.4,281.4,280.75,280.75,511
2024-10-09 07:30:00+00:00,280.75,280.75,280.45,280.6,1223
2024-10-09 07:35:00+00:00,280.6,280.6,280.0,280.0,153
2024-10-09 07:40:00+00:00,280.65,281.85,280.65,281.75,1132
2024-10-09 07:45:00+00:00,281.75,281.75,281.15,281.7,255
2024-10-09 07:50:00+00:00,281.7,283.4,281.7,282.4,7725
2024-10-09 07:55:00+00:00,282.4,282.4,282.0,282.0,68
2024-10-09 08:00:00+00:00,282.0,282.0,280.65,281.25,2288
2024-10-09 08:05:00+00:00,281.25,281.25,280.8,281.0,358
2024-10-09 08:10:00+00:00,281.0,281.0,280.8,281.0,631
2024-10-09 08:15:00+00:00,281.0,281.9,281.0,281.6,1360
2024-10-09 08:20:00+00:00,281.6,281.6,281.1,281.5,5
2024-10-09 08:25:00+00:00,281.5,281.5,281.45,281.45,106
2024-10-09 08:30:00+00:00,281.45,281.45,280.9,281.2,432
2024-10-09 08:35:00+00:00,281.2,281.2,280.3,280.6,1700
2024-10-09 08:40:00+00:00,280.6,280.95,280.4,280.4,749
2024-10-09 08:45:00+00:00,280.4,280.55,280.1,280.55,221
2024-10-09 08:50:00+00:00,280.55,280.55,280.0,280.0,2894
2024-10-09 08:55:00+00:00,280.0,280.0,280.0,280.0,1557
2024-10-09 09:00:00+00:00,280.0,280.4,280.0,280.1,802
2024-10-09 09:05:00+00:00,280.1,281.0,280.05,280.1,2522
2024-10-09 09:10:00+00:00,280.1,280.45,280.05,280.05,202
2024-10-09 09:15:00+00:00,280.05,280.1,279.55,279.55,2099
2024-10-09 09:20:00+00:00,279.55,279.6,279.1,279.1,746
2024-10-09 09:25:00+00:00,279.1,279.35,278.9,279.2,1146
2024-10-09 09:30:00+00:00,279.2,279.2,278.8,279.0,2497
2024-10-09 09:35:00+00:00,278.8,282.5,278.25,282.5,5156
2024-10-09 09:40:00+00:00,282.5,282.5,281.0,281.0,5051
2024-10-09 09:45:00+00:00,281.0,281.0,279.25,279.95,3888
2024-10-09 09:50:00+00:00,279.95,279.95,279.0,279.0,5581
2024-10-09 09:55:00+00:00,279.0,279.0,276.15,276.4,10453
2024-10-10 03:45:00+00:00,286.0,287.0,277.0,279.65,23326
2024-10-10 03:50:00+00:00,279.1,280.75,277.8,280.0,5015
2024-10-10 03:55:00+00:00,279.15,279.8,278.5,279.7,7492
2024-10-10 04:00:00+00:00,279.7,280.0,278.75,279.55,3373
2024-10-10 04:05:00+00:00,279.55,280.0,278.45,278.65,4954
2024-10-10 04:10:00+00:00,278.65,280.7,277.7,280.0,11272
2024-10-10 04:15:00+00:00,280.0,280.05,278.25,278.5,2005
2024-10-10 04:20:00+00:00,278.5,278.6,277.5,277.9,1237
2024-10-10 04:25:00+00:00,277.9,280.0,277.9,279.45,6600
2024-10-10 04:30:00+00:00,279.45,279.9,279.15,279.9,620
2024-10-10 04:35:00+00:00,279.9,280.0,279.65,279.65,1489
2024-10-10 04:40:00+00:00,279.65,283.5,279.3,282.6,13799
2024-10-10 04:45:00+00:00,282.6,282.9,281.9,282.55,6293
2024-10-10 04:50:00+00:00,282.55,282.7,281.0,281.05,3257
2024-10-10 04:55:00+00:00,281.05,281.05,280.0,280.15,1006
2024-10-10 05:00:00+00:00,280.05,280.2,279.55,279.55,1879
2024-10-10 05:05:00+00:00,279.55,280.0,279.3,279.9,1307
2024-10-10 05:10:00+00:00,279.9,279.9,278.5,279.45,2951
2024-10-10 05:15:00+00:00,279.45,280.35,279.45,279.8,1085
2024-10-10 05:20:00+00:00,279.8,280.0,279.5,279.55,81
2024-10-10 05:25:00+00:00,279.55,279.55,278.5,278.6,1311
2024-10-10 05:30:00+00:00,278.6,280.5,278.6,280.5,3205
2024-10-10 05:35:00+00:00,280.5,282.4,280.0,282.0,4613
2024-10-10 05:40:00+00:00,282.0,282.3,282.0,282.0,2232
2024-10-10 05:45:00+00:00,282.0,282.5,282.0,282.5,3370
2024-10-10 05:50:00+00:00,282.5,283.85,282.45,283.45,8739
2024-10-10 05:55:00+00:00,283.45,284.0,283.0,283.0,3064
2024-10-10 06:00:00+00:00,283.0,284.0,282.95,282.95,3991
2024-10-10 06:05:00+00:00,282.95,284.95,282.1,284.6,10918
2024-10-10 06:10:00+00:00,284.6,291.75,284.3,287.25,98091
2024-10-10 06:15:00+00:00,287.25,290.25,287.0,288.9,19979
2024-10-10 06:20:00+00:00,288.9,291.4,288.55,291.4,32486
2024-10-10 06:25:00+00:00,291.0,292.6,290.35,291.0,40859
2024-10-10 06:30:00+00:00,291.0,292.0,290.5,291.0,9965
2024-10-10 06:35:00+00:00,291.0,292.5,290.5,292.3,11766
2024-10-10 06:40:00+00:00,292.3,292.3,290.05,290.05,14358
2024-10-10 06:45:00+00:00,290.05,291.45,290.05,290.6,10425
2024-10-10 06:50:00+00:00,290.6,292.3,290.6,291.7,6715
2024-10-10 06:55:00+00:00,291.7,292.2,291.0,291.8,6145
2024-10-10 07:00:00+00:00,291.3,292.0,290.05,290.05,8416
2024-10-10 07:05:00+00:00,290.05,291.0,288.0,289.0,14887
2024-10-10 07:10:00+00:00,289.0,289.0,288.0,288.55,9085
2024-10-10 07:15:00+00:00,288.55,289.35,288.0,288.45,3684
2024-10-10 07:20:00+00:00,288.45,288.65,288.1,288.65,1545
2024-10-10 07:25:00+00:00,288.65,289.3,288.2,289.1,5459
2024-10-10 07:30:00+00:00,289.1,289.5,289.0,289.25,3974
2024-10-10 07:35:00+00:00,289.25,291.85,288.7,288.7,13414
2024-10-10 07:40:00+00:00,288.7,290.4,288.7,289.85,1774
2024-10-10 07:45:00+00:00,289.85,290.4,289.5,289.5,1657
2024-10-10 07:50:00+00:00,289.5,289.95,288.4,289.0,5462
2024-10-10 07:55:00+00:00,289.0,289.8,288.4,289.8,5159
2024-10-10 08:00:00+00:00,289.8,290.75,289.3,290.15,3522
2024-10-10 08:05:00+00:00,290.2,291.6,290.0,290.75,11750
2024-10-10 08:10:00+00:00,290.75,291.05,290.2,291.0,2695
2024-10-10 08:15:00+00:00,291.0,292.15,290.9,292.15,12463
2024-10-10 08:20:00+00:00,292.15,294.2,292.0,293.75,35554
2024-10-10 08:25:00+00:00,293.9,296.0,293.7,294.0,55685
2024-10-10 08:30:00+00:00,294.0,294.4,292.1,293.7,14532
2024-10-10 08:35:00+00:00,293.7,295.25,293.7,294.55,17477
2024-10-10 08:40:00+00:00,294.0,294.4,292.1,293.4,17687
2024-10-10 08:45:00+00:00,293.4,297.55,292.4,297.0,72853
2024-10-10 08:50:00+00:00,297.0,298.95,295.1,295.65,89070
2024-10-10 08:55:00+00:00,295.65,297.2,295.5,296.95,25328
2024-10-10 09:00:00+00:00,296.15,298.0,296.0,296.65,19069
2024-10-10 09:05:00+00:00,296.5,297.0,295.15,295.2,14465
2024-10-10 09:10:00+00:00,295.2,296.8,294.4,295.7,16486
2024-10-10 09:15:00+00:00,295.7,296.6,295.1,296.0,8990
2024-10-10 09:20:00+00:00,295.7,296.6,295.7,296.1,9509
2024-10-10 09:25:00+00:00,296.1,296.4,294.6,295.45,13318
2024-10-10 09:30:00+00:00,295.45,295.45,293.65,294.2,13671
2024-10-10 09:35:00+00:00,294.2,294.9,293.8,294.9,24371
2024-10-10 09:40:00+00:00,295.0,296.7,294.9,296.15,23810
2024-10-10 09:45:00+00:00,296.15,298.2,296.15,298.0,70559
2024-10-10 09:50:00+00:00,298.0,298.95,297.2,297.7,85782
2024-10-10 09:55:00+00:00,297.95,298.4,297.0,298.0,35113
2024-10-11 03:45:00+00:00,296.75,302.0,295.55,296.0,86724
2024-10-11 03:50:00+00:00,295.5,300.85,294.9,300.6,51329
2024-10-11 03:55:00+00:00,301.35,304.5,300.1,301.0,100424
2024-10-11 04:00:00+00:00,300.95,303.0,299.0,303.0,38866
2024-10-11 04:05:00+00:00,303.0,303.0,300.8,302.65,32757
2024-10-11 04:10:00+00:00,302.7,302.9,301.75,302.15,19968
2024-10-11 04:15:00+00:00,302.5,302.6,301.5,302.25,22924
2024-10-11 04:20:00+00:00,302.25,302.25,298.7,300.45,24642
2024-10-11 04:25:00+00:00,300.45,301.35,299.5,299.5,10334
2024-10-11 04:30:00+00:00,299.5,300.0,298.05,298.05,8591
2024-10-11 04:35:00+00:00,298.8,300.6,298.1,300.2,6536
2024-10-11 04:40:00+00:00,300.2,300.6,299.25,299.25,4618
2024-10-11 04:45:00+00:00,299.25,300.0,298.35,299.3,2491
2024-10-11 04:50:00+00:00,299.3,300.6,298.2,300.4,12102
2024-10-11 04:55:00+00:00,300.4,302.0,300.0,301.2,9070
2024-10-11 05:00:00+00:00,301.0,301.25,299.2,299.55,3847
2024-10-11 05:05:00+00:00,299.55,300.0,298.8,299.25,1826
2024-10-11 05:10:00+00:00,298.85,299.5,298.65,299.5,2705
2024-10-11 05:15:00+00:00,299.5,299.6,298.6,298.65,2523
2024-10-11 05:20:00+00:00,298.7,299.3,298.55,299.3,2738
2024-10-11 05:25:00+00:00,299.3,299.5,297.1,297.25,7720
2024-10-11 05:30:00+00:00,297.15,298.2,297.0,297.0,7119
2024-10-11 05:35:00+00:00,297.0,297.0,295.0,295.4,13269
2024-10-11 05:40:00+00:00,295.4,296.4,295.3,295.8,3507
2024-10-11 05:45:00+00:00,295.8,296.4,295.8,295.85,2898
2024-10-11 05:50:00+00:00,295.85,295.95,293.25,295.05,12855
2024-10-11 05:55:00+00:00,295.45,295.45,294.5,295.15,2589
2024-10-11 06:00:00+00:00,295.15,296.4,295.1,296.0,3396
2024-10-11 06:05:00+00:00,296.0,296.0,294.95,294.95,1099
2024-10-11 06:10:00+00:00,294.95,294.95,294.1,294.95,2884
2024-10-11 06:15:00+00:00,294.95,295.3,294.05,294.95,1950
2024-10-11 06:20:00+00:00,294.95,295.8,294.5,295.5,3491
2024-10-11 06:25:00+00:00,295.85,296.4,295.6,296.2,2338
2024-10-11 06:30:00+00:00,296.2,296.2,295.65,295.65,484
2024-10-11 06:35:00+00:00,295.65,295.7,294.55,294.95,4835
2024-10-11 06:40:00+00:00,294.95,295.75,294.9,295.65,1262
2024-10-11 06:45:00+00:00,295.65,295.65,295.2,295.6,319
2024-10-11 06:50:00+00:00,295.6,295.65,295.2,295.2,640
2024-10-11 06:55:00+00:00,295.6,295.7,295.25,295.5,1486
2024-10-11 07:00:00+00:00,295.5,295.9,295.25,295.6,2690
2024-10-11 07:05:00+00:00,295.6,295.7,295.2,295.5,601
2024-10-11 07:10:00+00:00,295.5,295.5,295.0,295.0,1397
2024-10-11 07:15:00+00:00,295.0,295.4,294.6,294.9,2323
2024-10-11 07:20:00+00:00,294.9,294.9,294.6,294.6,839
2024-10-11 07:25:00+00:00,294.6,294.9,294.0,294.0,2595
2024-10-11 07:30:00+00:00,294.0,294.8,294.0,294.25,823
2024-10-11 07:35:00+00:00,294.25,294.95,294.25,294.9,423
2024-10-11 07:40:00+00:00,294.9,295.0,294.0,294.05,2302
2024-10-11 07:45:00+00:00,294.05,294.05,293.65,293.65,1235
2024-10-11 07:50:00+00:00,293.65,293.8,293.45,293.5,1013
2024-10-11 07:55:00+00:00,293.5,293.75,293.25,293.75,1442
2024-10-11 08:00:00+00:00,293.75,294.95,293.7,294.95,8559
2024-10-11 08:05:00+00:00,294.95,294.95,294.0,294.25,1240
2024-10-11 08:10:00+00:00,294.25,294.75,293.95,293.95,1010
2024-10-11 08:15:00+00:00,293.95,294.9,293.6,294.1,695
2024-10-11 08:20:00+00:00,294.1,294.5,294.0,294.45,425
2024-10-11 08:25:00+00:00,294.45,294.45,293.4,293.8,2446
2024-10-11 08:30:00+00:00,293.8,293.8,291.4,292.0,9291
2024-10-11 08:35:00+00:00,292.0,292.25,291.4,292.15,6025
2024-10-11 08:40:00+00:00,292.15,292.15,291.4,292.0,674
2024-10-11 08:45:00+00:00,292.0,292.0,287.85,288.85,19503
2024-10-11 08:50:00+00:00,288.85,291.05,288.85,290.55,11087
2024-10-11 08:55:00+00:00,290.55,290.9,290.1,290.15,1267
2024-10-11 09:00:00+00:00,290.15,290.4,288.8,290.05,4838
2024-10-11 09:05:00+00:00,290.05,291.35,288.0,291.2,6646
2024-10-11 09:10:00+00:00,291.25,291.35,290.35,290.55,1072
2024-10-11 09:15:00+00:00,290.55,290.9,290.45,290.55,1017
2024-10-11 09:20:00+00:00,290.55,290.55,289.5,290.4,1714
2024-10-11 09:25:00+00:00,290.4,291.5,290.3,290.75,2968
2024-10-11 09:30:00+00:00,290.75,290.75,290.25,290.5,5690
2024-10-11 09:35:00+00:00,290.5,290.5,289.05,289.6,9547
2024-10-11 09:40:00+00:00,289.6,289.6,288.0,288.45,12220
2024-10-11 09:45:00+00:00,288.45,288.5,284.15,284.8,45193
2024-10-11 09:50:00+00:00,284.8,287.8,284.8,287.45,21120
2024-10-11 09:55:00+00:00,287.45,288.8,286.7,287.6,18301
2024-10-14 03:45:00+00:00,288.2,288.2,283.9,284.45,15278
2024-10-14 03:50:00+00:00,284.1,284.55,282.75,283.75,12708
2024-10-14 03:55:00+00:00,283.75,283.85,281.3,281.9,13410
2024-10-14 04:00:00+00:00,281.9,281.9,280.0,281.3,16154
2024-10-14 04:05:00+00:00,281.3,281.7,280.05,280.05,7133
2024-10-14 04:10:00+00:00,280.05,281.25,279.0,280.7,7609
2024-10-14 04:15:00+00:00,280.7,281.7,280.3,281.05,5175
2024-10-14 04:20:00+00:00,281.05,282.95,281.05,282.4,6363
2024-10-14 04:25:00+00:00,282.4,282.6,279.9,280.7,8460
2024-10-14 04:30:00+00:00,280.55,283.0,280.3,282.35,6349
2024-10-14 04:35:00+00:00,282.35,282.7,282.0,282.5,2577
2024-10-14 04:40:00+00:00,282.5,282.7,282.0,282.6,6228
2024-10-14 04:45:00+00:00,282.6,282.65,282.2,282.2,2259
2024-10-14 04:50:00+00:00,282.2,283.0,282.15,282.85,2338
2024-10-14 04:55:00+00:00,282.85,283.0,282.0,282.0,351
2024-10-14 05:00:00+00:00,282.0,282.05,280.75,281.35,4061
2024-10-14 05:05:00+00:00,281.35,281.35,280.0,280.7,3067
2024-10-14 05:10:00+00:00,280.7,281.5,280.35,280.5,1887
2024-10-14 05:15:00+00:00,280.5,281.4,280.3,281.0,1098
2024-10-14 05:20:00+00:00,281.0,284.0,280.5,284.0,11824
2024-10-14 05:25:00+00:00,284.0,285.35,283.6,285.0,11093
2024-10-14 05:30:00+00:00,285.0,285.3,284.0,284.5,3436
2024-10-14 05:35:00+00:00,284.5,284.5,284.0,284.1,1667
2024-10-14 05:40:00+00:00,284.1,284.45,284.0,284.35,843
2024-10-14 05:45:00+00:00,284.35,284.4,283.8,284.0,1155
2024-10-14 05:50:00+00:00,284.0,284.6,284.0,284.15,3686
2024-10-14 05:55:00+00:00,284.15,284.4,284.0,284.0,587
2024-10-14 06:00:00+00:00,284.0,284.0,284.0,284.0,2085
2024-10-14 06:05:00+00:00,284.0,284.5,284.0,284.25,817
2024-10-14 06:10:00+00:00,284.25,284.5,284.0,284.0,2319
2024-10-14 06:15:00+00:00,284.0,284.4,284.0,284.1,1066
2024-10-14 06:20:00+00:00,284.1,284.1,284.1,284.1,12
2024-10-14 06:25:00+00:00,284.1,284.1,283.9,284.1,1183
2024-10-14 06:30:00+00:00,284.1,284.2,284.0,284.0,703
2024-10-14 06:35:00+00:00,284.15,284.15,283.9,284.0,3632
2024-10-14 06:40:00+00:00,284.0,284.5,284.0,284.35,2320
2024-10-14 06:45:00+00:00,284.35,284.35,283.9,284.0,5738
2024-10-14 06:50:00+00:00,284.0,284.4,283.8,284.4,1164
2024-10-14 06:55:00+00:00,284.4,284.7,284.0,284.0,437
2024-10-14 07:00:00+00:00,284.0,284.35,284.0,284.35,2
2024-10-14 07:05:00+00:00,284.35,284.4,284.0,284.0,155
2024-10-14 07:10:00+00:00,284.0,284.4,284.0,284.3,1740
2024-10-14 07:15:00+00:00,284.3,284.35,283.7,284.0,3588
2024-10-14 07:20:00+00:00,284.0,284.1,283.85,284.0,2342
2024-10-14 07:25:00+00:00,284.2,284.2,283.95,284.2,1067
2024-10-14 07:30:00+00:00,284.2,285.0,283.8,283.8,3492
2024-10-14 07:35:00+00:00,283.8,284.35,283.8,284.0,2809
2024-10-14 07:40:00+00:00,284.0,284.0,283.95,283.95,3017
2024-10-14 07:45:00+00:00,284.0,284.1,283.9,284.1,1680
2024-10-14 07:50:00+00:00,284.1,284.35,284.0,284.0,2113
2024-10-14 07:55:00+00:00,284.0,284.1,283.95,283.95,615
2024-10-14 08:00:00+00:00,283.95,284.1,283.95,284.1,705
2024-10-14 08:05:00+00:00,284.1,284.35,283.8,284.2,1753
2024-10-14 08:10:00+00:00,284.0,284.0,283.9,283.9,1875
2024-10-14 08:15:00+00:00,283.9,284.55,283.9,284.0,309
2024-10-14 08:20:00+00:00,284.0,284.4,284.0,284.2,26
2024-10-14 08:25:00+00:00,284.2,284.3,284.0,284.3,94
2024-10-14 08:30:00+00:00,284.3,284.45,284.1,284.45,357
2024-10-14 08:35:00+00:00,284.45,284.45,283.8,283.95,917
2024-10-14 08:40:00+00:00,283.95,284.45,283.85,284.25,1087
2024-10-14 08:45:00+00:00,284.25,285.25,284.0,285.15,4518
2024-10-14 08:50:00+00:00,285.15,285.6,284.3,284.3,3209
2024-10-14 08:55:00+00:00,284.6,284.95,284.1,284.6,1325
2024-10-14 09:00:00+00:00,284.6,284.85,284.0,284.7,3110
2024-10-14 09:05:00+00:00,284.7,284.7,284.05,284.1,796
2024-10-14 09:10:00+00:00,284.1,284.25,283.8,284.25,2168
2024-10-14 09:15:00+00:00,284.25,284.75,284.0,284.0,3302
2024-10-14 09:20:00+00:00,284.0,284.75,284.0,284.75,553
2024-10-14 09:25:00+00:00,284.75,284.9,284.15,284.6,1393
2024-10-14 09:30:00+00:00,284.3,284.45,283.95,284.35,1995
2024-10-14 09:35:00+00:00,284.35,284.35,283.95,284.0,4116
2024-10-14 09:40:00+00:00,284.0,284.35,283.5,284.0,6307
2024-10-14 09:45:00+00:00,284.0,284.3,283.85,284.05,10211
2024-10-14 09:50:00+00:00,284.05,284.95,283.3,284.95,6860
2024-10-14 09:55:00+00:00,284.95,284.95,283.6,284.8,5040
2024-10-15 03:45:00+00:00,285.9,285.9,282.75,284.05,9622
2024-10-15 03:50:00+00:00,284.05,284.5,282.7,284.25,3517
2024-10-15 03:55:00+00:00,284.25,286.45,283.9,285.7,7285
2024-10-15 04:00:00+00:00,285.65,285.65,284.1,284.4,1968
2024-10-15 04:05:00+00:00,284.35,285.1,284.25,285.0,1316
2024-10-15 04:10:00+00:00,285.0,285.0,284.0,284.3,787
2024-10-15 04:15:00+00:00,284.3,284.6,283.6,284.4,2265
2024-10-15 04:20:00+00:00,284.4,284.4,281.05,281.05,8817
2024-10-15 04:25:00+00:00,281.75,283.2,281.0,282.3,4720
2024-10-15 04:30:00+00:00,281.65,282.45,281.5,281.9,2058
2024-10-15 04:35:00+00:00,281.9,282.3,281.6,281.9,820
2024-10-15 04:40:00+00:00,281.9,282.05,281.5,281.85,5908
2024-10-15 04:45:00+00:00,281.85,283.2,281.85,282.5,2232
2024-10-15 04:50:00+00:00,282.5,282.85,282.15,282.15,511
2024-10-15 04:55:00+00:00,282.15,282.95,282.1,282.55,854
2024-10-15 05:00:00+00:00,282.55,282.55,281.0,282.05,3825
2024-10-15 05:05:00+00:00,282.05,282.1,281.3,281.65,1612
2024-10-15 05:10:00+00:00,281.65,282.15,281.3,281.3,494
2024-10-15 05:15:00+00:00,281.3,282.0,281.3,281.5,2541
2024-10-15 05:20:00+00:00,281.5,281.9,281.05,281.9,793
2024-10-15 05:25:00+00:00,281.9,281.9,281.2,281.2,540
2024-10-15 05:30:00+00:00,281.2,281.6,281.0,281.4,391
2024-10-15 05:35:00+00:00,281.5,281.5,281.0,281.4,774
2024-10-15 05:40:00+00:00,281.4,281.75,281.1,281.1,245
2024-10-15 05:45:00+00:00,281.1,281.7,281.1,281.4,557
2024-10-15 05:50:00+00:00,281.4,281.4,281.0,281.0,207
2024-10-15 05:55:00+00:00,281.0,281.0,280.55,281.0,1664
2024-10-15 06:00:00+00:00,281.0,281.1,280.7,280.7,424
2024-10-15 06:05:00+00:00,280.7,280.7,279.25,279.9,4438
2024-10-15 06:10:00+00:00,279.9,280.5,279.9,280.3,3906
2024-10-15 06:15:00+00:00,280.3,280.3,279.45,279.85,605
2024-10-15 06:20:00+00:00,279.85,280.6,279.45,280.35,463
2024-10-15 06:25:00+00:00,280.35,280.7,279.95,280.2,1336
2024-10-15 06:30:00+00:00,280.2,280.7,280.05,280.7,729
2024-10-15 06:35:00+00:00,280.7,280.7,279.95,280.1,1195
2024-10-15 06:40:00+00:00,280.1,280.25,279.1,279.15,1536
2024-10-15 06:45:00+00:00,279.15,279.75,279.0,279.25,1858
2024-10-15 06:50:00+00:00,279.25,279.25,278.4,278.4,2457
2024-10-15 06:55:00+00:00,278.4,278.7,276.05,276.65,12125
2024-10-15 07:00:00+00:00,276.65,277.0,276.15,277.0,4120
2024-10-15 07:05:00+00:00,277.0,277.7,276.85,277.7,1895
2024-10-15 07:10:00+00:00,277.7,277.95,277.2,277.75,1639
2024-10-15 07:15:00+00:00,277.75,278.0,276.3,277.15,6136
2024-10-15 07:20:00+00:00,277.15,277.6,276.8,277.6,297
2024-10-15 07:25:00+00:00,277.6,277.6,276.0,276.0,4464
2024-10-15 07:30:00+00:00,276.0,277.0,276.0,276.35,1485
2024-10-15 07:35:00+00:00,276.35,276.55,276.1,276.15,1485
2024-10-15 07:40:00+00:00,276.5,276.55,276.2,276.25,405
2024-10-15 07:45:00+00:00,276.25,276.6,276.25,276.6,928
2024-10-15 07:50:00+00:00,276.6,276.6,276.2,276.45,362
2024-10-15 07:55:00+00:00,276.45,277.7,276.45,277.6,3602
2024-10-15 08:00:00+00:00,277.6,277.95,277.5,277.5,2976
2024-10-15 08:05:00+00:00,277.5,281.0,277.25,280.7,15541
2024-10-15 08:10:00+00:00,280.7,280.7,280.0,280.1,4314
2024-10-15 08:15:00+00:00,280.1,280.45,280.1,280.2,2551
2024-10-15 08:20:00+00:00,280.2,280.3,280.0,280.3,1717
2024-10-15 08:25:00+00:00,280.3,280.75,280.3,280.6,1034
2024-10-15 08:30:00+00:00,280.6,282.55,280.5,281.85,6618
2024-10-15 08:35:00+00:00,281.85,282.0,281.5,281.5,1452
2024-10-15 08:40:00+00:00,281.5,281.7,280.85,281.7,1151
2024-10-15 08:45:00+00:00,281.7,281.7,280.25,280.5,1158
2024-10-15 08:50:00+00:00,280.5,280.5,280.0,280.4,818
2024-10-15 08:55:00+00:00,280.4,280.7,280.4,280.7,63
2024-10-15 09:00:00+00:00,280.7,280.7,280.3,280.3,200
2024-10-15 09:05:00+00:00,280.3,282.2,280.3,282.0,5627
2024-10-15 09:10:00+00:00,282.0,284.55,282.0,283.2,6624
2024-10-15 09:15:00+00:00,283.2,284.05,283.2,284.0,4614
2024-10-15 09:20:00+00:00,284.0,284.0,283.3,283.3,2011
2024-10-15 09:25:00+00:00,283.3,283.35,282.2,282.2,1822
2024-10-15 09:30:00+00:00,282.2,282.95,282.15,282.35,1691
2024-10-15 09:35:00+00:00,282.35,283.05,281.9,282.45,9119
2024-10-15 09:40:00+00:00,282.45,283.0,282.1,282.9,1872
2024-10-15 09:45:00+00:00,282.9,283.65,282.4,283.2,5996
2024-10-15 09:50:00+00:00,283.2,283.25,282.0,282.0,5285
2024-10-15 09:55:00+00:00,282.0,283.0,282.0,283.0,3307
2024-10-16 03:45:00+00:00,283.0,284.65,283.0,284.15,5874
2024-10-16 03:50:00+00:00,284.15,288.55,283.8,288.55,16019
2024-10-16 03:55:00+00:00,288.95,289.15,287.9,288.95,12012
2024-10-16 04:00:00+00:00,288.95,289.6,288.25,288.85,8247
2024-10-16 04:05:00+00:00,288.85,288.85,286.25,286.8,4350
2024-10-16 04:10:00+00:00,286.8,287.4,286.0,287.2,7139
2024-10-16 04:15:00+00:00,287.2,287.35,285.5,285.5,1848
2024-10-16 04:20:00+00:00,285.5,286.0,284.45,285.4,7215
2024-10-16 04:25:00+00:00,285.4,286.5,285.0,286.5,1084
2024-10-16 04:30:00+00:00,286.5,286.5,285.15,285.7,2043
2024-10-16 04:35:00+00:00,285.7,285.9,284.1,284.1,3097
2024-10-16 04:40:00+00:00,284.55,285.4,283.4,285.4,2379
2024-10-16 04:45:00+00:00,285.4,286.5,284.8,285.9,3905
2024-10-16 04:50:00+00:00,285.9,285.95,283.8,284.0,2766
2024-10-16 04:55:00+00:00,284.0,284.0,283.05,283.05,2350
2024-10-16 05:00:00+00:00,283.05,283.65,282.35,282.9,3646
2024-10-16 05:05:00+00:00,282.9,284.2,282.8,282.95,1033
2024-10-16 05:10:00+00:00,283.5,284.15,283.0,283.0,7390
2024-10-16 05:15:00+00:00,283.0,284.25,283.0,283.0,1708
2024-10-16 05:20:00+00:00,283.0,283.7,283.0,283.7,301
2024-10-16 05:25:00+00:00,283.7,283.8,283.7,283.8,19
2024-10-16 05:30:00+00:00,283.8,285.0,283.45,283.65,4368
2024-10-16 05:35:00+00:00,283.65,284.0,283.1,283.1,1063
2024-10-16 05:40:00+00:00,283.1,283.7,282.85,283.45,633
2024-10-16 05:45:00+00:00,283.45,284.35,282.5,284.2,1538
2024-10-16 05:50:00+00:00,284.2,284.45,283.05,283.3,2757
2024-10-16 05:55:00+00:00,283.3,283.4,282.65,282.95,771
2024-10-16 06:00:00+00:00,282.95,283.05,282.4,282.6,305
2024-10-16 06:05:00+00:00,282.6,283.0,282.5,283.0,672
2024-10-16 06:10:00+00:00,283.0,283.0,282.2,282.5,381
2024-10-16 06:15:00+00:00,282.5,283.4,282.0,283.4,4295
2024-10-16 06:20:00+00:00,283.4,284.75,282.9,284.75,7722
2024-10-16 06:25:00+00:00,284.55,284.55,283.5,283.5,3377
2024-10-16 06:30:00+00:00,283.5,283.95,283.5,283.9,11
2024-10-16 06:35:00+00:00,283.9,285.0,283.5,284.8,1678
2024-10-16 06:40:00+00:00,284.8,285.6,284.8,285.45,963
2024-10-16 06:45:00+00:00,285.45,285.45,283.6,284.3,2091
2024-10-16 06:50:00+00:00,284.3,284.6,283.9,283.9,321
2024-10-16 06:55:00+00:00,283.85,285.6,283.85,285.1,4075
2024-10-16 07:00:00+00:00,284.5,284.9,284.2,284.25,570
2024-10-16 07:05:00+00:00,284.25,284.85,284.0,284.05,384
2024-10-16 07:10:00+00:00,284.05,284.5,284.0,284.0,425
2024-10-16 07:15:00+00:00,284.0,285.5,284.0,285.0,1011
2024-10-16 07:20:00+00:00,285.0,285.45,284.7,285.2,773
2024-10-16 07:25:00+00:00,285.2,285.2,284.3,284.3,257
2024-10-16 07:30:00+00:00,284.3,285.5,284.3,285.5,1571
2024-10-16 07:35:00+00:00,285.5,287.0,285.5,287.0,1678
2024-10-16 07:40:00+00:00,287.0,287.0,286.5,286.5,147
2024-10-16 07:45:00+00:00,286.5,286.5,284.55,284.55,3548
2024-10-16 07:50:00+00:00,284.55,284.7,284.5,284.7,81
2024-10-16 07:55:00+00:00,284.7,285.0,284.6,285.0,549
2024-10-16 08:00:00+00:00,285.0,285.8,285.0,285.45,1013
2024-10-16 08:05:00+00:00,285.45,285.6,284.4,284.8,853
2024-10-16 08:10:00+00:00,284.8,284.8,284.4,284.45,118
2024-10-16 08:15:00+00:00,284.45,285.25,284.45,285.25,822
2024-10-16 08:20:00+00:00,285.25,285.3,284.9,285.3,11
2024-10-16 08:25:00+00:00,285.3,285.4,284.7,284.7,4150
2024-10-16 08:30:00+00:00,284.7,285.25,284.7,285.25,1621
2024-10-16 08:35:00+00:00,285.25,285.25,284.35,284.35,522
2024-10-16 08:40:00+00:00,284.35,284.7,284.2,284.7,338
2024-10-16 08:45:00+00:00,284.0,284.5,284.0,284.3,1918
2024-10-16 08:50:00+00:00,284.3,284.7,283.4,283.8,2720
2024-10-16 08:55:00+00:00,283.8,284.7,283.8,284.7,444
2024-10-16 09:00:00+00:00,284.7,285.2,284.7,284.9,1914
2024-10-16 09:05:00+00:00,284.9,285.1,284.5,284.5,426
2024-10-16 09:10:00+00:00,284.5,285.0,284.5,284.65,1120
2024-10-16 09:15:00+00:00,284.65,284.65,283.95,284.15,2045
2024-10-16 09:20:00+00:00,284.15,284.5,283.35,283.7,3275
2024-10-16 09:25:00+00:00,283.7,284.45,283.1,284.45,1369
2024-10-16 09:30:00+00:00,284.45,284.55,283.05,283.8,1119
2024-10-16 09:35:00+00:00,283.8,283.9,282.7,282.7,7619
2024-10-16 09:40:00+00:00,282.7,283.15,282.0,283.05,3542
2024-10-16 09:45:00+00:00,283.05,283.3,282.0,282.45,3151
2024-10-16 09:50:00+00:00,282.45,283.0,282.05,283.0,4450
2024-10-16 09:55:00+00:00,283.0,283.0,282.05,282.75,7203
2024-10-17 03:45:00+00:00,282.0,283.0,280.5,281.3,4711
2024-10-17 03:50:00+00:00,281.3,282.55,281.3,281.9,2570
2024-10-17 03:55:00+00:00,281.9,282.95,281.2,282.95,6943
2024-10-17 04:00:00+00:00,282.95,283.3,281.45,282.35,2818
2024-10-17 04:05:00+00:00,282.35,284.1,282.05,283.5,3890
2024-10-17 04:10:00+00:00,283.65,283.65,282.1,282.4,1247
2024-10-17 04:15:00+00:00,282.4,282.95,282.4,282.7,823
2024-10-17 04:20:00+00:00,282.7,282.8,277.05,277.05,16376
2024-10-17 04:25:00+00:00,278.45,279.75,277.85,278.9,2747
2024-10-17 04:30:00+00:00,279.1,280.7,279.0,279.9,972
2024-10-17 04:35:00+00:00,279.9,279.9,278.75,279.35,1225
2024-10-17 04:40:00+00:00,279.6,279.6,277.05,278.8,3201
2024-10-17 04:45:00+00:00,278.8,279.9,277.15,278.05,6521
2024-10-17 04:50:00+00:00,278.05,279.1,277.95,278.1,800
2024-10-17 04:55:00+00:00,277.0,277.95,277.0,277.7,2096
2024-10-17 05:00:00+00:00,277.7,277.8,277.35,277.8,1394
2024-10-17 05:05:00+00:00,277.6,278.5,277.6,278.4,6092
2024-10-17 05:10:00+00:00,278.4,279.75,278.4,279.75,4485
2024-10-17 05:15:00+00:00,279.75,279.75,278.55,278.9,1031
2024-10-17 05:20:00+00:00,278.9,278.9,277.0,277.75,4942
2024-10-17 05:25:00+00:00,277.75,278.1,277.6,277.65,412
2024-10-17 05:30:00+00:00,277.65,277.95,277.65,277.9,559
2024-10-17 05:35:00+00:00,277.9,278.85,277.55,278.85,3353
2024-10-17 05:40:00+00:00,278.45,278.5,277.55,277.55,279
2024-10-17 05:45:00+00:00,277.55,278.4,277.25,277.25,1703
2024-10-17 05:50:00+00:00,277.25,277.25,276.1,276.7,2810
2024-10-17 05:55:00+00:00,276.7,277.5,274.3,275.0,9566
2024-10-17 06:00:00+00:00,275.0,275.6,274.0,275.0,3551
2024-10-17 06:05:00+00:00,275.0,275.55,274.9,275.55,3079
2024-10-17 06:10:00+00:00,275.55,275.55,274.7,274.7,958
2024-10-17 06:15:00+00:00,274.7,275.2,273.5,275.2,7549
2024-10-17 06:20:00+00:00,275.2,275.3,274.8,275.05,187
2024-10-17 06:25:00+00:00,275.05,275.9,275.0,275.2,960
2024-10-17 06:30:00+00:00,274.8,275.2,274.8,275.2,433
2024-10-17 06:35:00+00:00,275.2,275.35,274.5,274.95,461
2024-10-17 06:40:00+00:00,274.95,275.55,274.95,275.45,501
2024-10-17 06:45:00+00:00,275.45,275.45,274.4,275.15,1046
2024-10-17 06:50:00+00:00,275.15,275.15,272.75,273.0,13801
2024-10-17 06:55:00+00:00,273.0,273.15,271.25,272.4,5609
2024-10-17 07:00:00+00:00,272.4,272.4,270.3,271.9,8041
2024-10-17 07:05:00+00:00,271.9,272.0,271.0,271.95,17710
2024-10-17 07:10:00+00:00,271.95,271.95,271.25,271.25,6094
2024-10-17 07:15:00+00:00,271.0,271.0,268.35,270.95,18949
2024-10-17 07:20:00+00:00,270.95,271.25,270.65,271.25,3643
2024-10-17 07:25:00+00:00,271.35,273.0,271.35,272.95,3150
2024-10-17 07:30:00+00:00,272.95,273.0,272.0,272.0,848
2024-10-17 07:35:00+00:00,272.0,272.0,271.2,271.2,6430
2024-10-17 07:40:00+00:00,271.5,271.5,270.3,270.9,3432
2024-10-17 07:45:00+00:00,270.9,272.0,270.9,272.0,2964
2024-10-17 07:50:00+00:00,272.0,272.65,271.75,272.65,7583
2024-10-17 07:55:00+00:00,272.9,272.9,272.0,272.7,2794
2024-10-17 08:00:00+00:00,272.7,273.4,272.7,273.35,702
2024-10-17 08:05:00+00:00,273.35,273.35,272.7,273.0,876
2024-10-17 08:10:00+00:00,273.0,273.0,272.7,272.85,1384
2024-10-17 08:15:00+00:00,272.85,273.0,272.05,272.45,1241
2024-10-17 08:20:00+00:00,272.45,272.65,272.1,272.1,485
2024-10-17 08:25:00+00:00,272.1,272.4,272.0,272.05,1963
2024-10-17 08:30:00+00:00,272.05,273.0,272.05,273.0,5054
2024-10-17 08:35:00+00:00,273.0,273.0,272.25,272.95,5589
2024-10-17 08:40:00+00:00,272.95,273.0,272.6,272.6,1179
2024-10-17 08:45:00+00:00,272.6,272.6,272.0,272.6,5262
2024-10-17 08:50:00+00:00,272.35,272.6,272.35,272.6,294
2024-10-17 08:55:00+00:00,272.6,273.15,272.35,272.9,1197
2024-10-17 09:00:00+00:00,272.9,273.0,272.5,272.55,822
2024-10-17 09:05:00+00:00,272.55,272.95,272.35,272.45,791
2024-10-17 09:10:00+00:00,272.45,273.2,272.4,272.9,3061
2024-10-17 09:15:00+00:00,272.9,273.0,272.2,273.0,5327
2024-10-17 09:20:00+00:00,273.0,273.25,272.4,273.0,356
2024-10-17 09:25:00+00:00,273.0,273.0,272.0,273.0,4451
2024-10-17 09:30:00+00:00,273.0,273.25,271.9,272.9,4536
2024-10-17 09:35:00+00:00,272.9,272.95,272.0,272.0,6890
2024-10-17 09:40:00+00:00,272.0,272.3,271.0,271.0,6290
2024-10-17 09:45:00+00:00,271.0,271.9,270.55,271.9,9613
2024-10-17 09:50:00+00:00,271.85,272.25,270.85,271.95,9133
2024-10-17 09:55:00+00:00,271.95,272.1,270.15,271.3,9468
2024-10-18 03:45:00+00:00,272.0,272.0,265.1,265.7,19655
2024-10-18 03:50:00+00:00,265.9,265.95,263.7,265.05,5764
2024-10-18 03:55:00+00:00,265.05,268.2,264.65,267.75,8073
2024-10-18 04:00:00+00:00,267.75,270.0,267.65,269.0,10135
2024-10-18 04:05:00+00:00,269.0,270.0,269.0,270.0,3898
2024-10-18 04:10:00+00:00,270.0,270.0,268.6,268.75,2233
2024-10-18 04:15:00+00:00,268.75,269.85,268.5,269.85,845
2024-10-18 04:20:00+00:00,269.85,270.7,268.35,268.35,4898
2024-10-18 04:25:00+00:00,268.35,269.25,267.8,268.2,1472
2024-10-18 04:30:00+00:00,268.35,268.35,266.0,266.0,1149
2024-10-18 04:35:00+00:00,266.5,268.3,265.8,267.75,16963
2024-10-18 04:40:00+00:00,267.75,268.7,267.65,268.4,3801
2024-10-18 04:45:00+00:00,268.4,269.6,267.8,269.6,2123
2024-10-18 04:50:00+00:00,269.6,270.75,268.7,270.45,4403
2024-10-18 04:55:00+00:00,270.45,271.95,270.1,271.3,1509
2024-10-18 05:00:00+00:00,271.3,271.7,271.0,271.35,1974
2024-10-18 05:05:00+00:00,271.35,272.5,271.3,272.0,3557
2024-10-18 05:10:00+00:00,272.0,272.05,270.85,270.85,2879
2024-10-18 05:15:00+00:00,270.85,272.0,270.85,272.0,482
2024-10-18 05:20:00+00:00,272.0,272.0,271.0,271.0,501
2024-10-18 05:25:00+00:00,271.0,271.0,269.65,270.05,1246
2024-10-18 05:30:00+00:00,270.05,270.15,269.5,269.5,147
2024-10-18 05:35:00+00:00,269.5,270.0,269.1,269.95,1079
2024-10-18 05:40:00+00:00,269.95,270.15,269.5,270.0,1125
2024-10-18 05:45:00+00:00,270.0,270.25,269.0,270.25,3917
2024-10-18 05:50:00+00:00,270.25,271.65,270.05,271.3,2995
2024-10-18 05:55:00+00:00,271.3,271.45,270.8,270.95,651
2024-10-18 06:00:00+00:00,270.95,271.75,270.95,271.7,2590
2024-10-18 06:05:00+00:00,271.7,272.75,271.7,271.9,1490
2024-10-18 06:10:00+00:00,271.9,273.45,271.9,272.55,2689
2024-10-18 06:15:00+00:00,272.55,273.0,272.25,272.25,1734
2024-10-18 06:20:00+00:00,272.25,272.7,271.9,272.7,1054
2024-10-18 06:25:00+00:00,272.7,273.0,272.05,273.0,3470
2024-10-18 06:30:00+00:00,273.0,273.0,272.65,273.0,167
2024-10-18 06:35:00+00:00,273.0,273.0,272.6,272.9,186
2024-10-18 06:40:00+00:00,272.9,272.95,272.3,272.7,327
2024-10-18 06:45:00+00:00,272.4,273.45,272.3,272.95,718
2024-10-18 06:50:00+00:00,272.85,272.9,272.55,272.55,187
2024-10-18 06:55:00+00:00,272.55,273.0,272.35,273.0,734
2024-10-18 07:00:00+00:00,273.0,273.0,272.65,272.65,221
2024-10-18 07:05:00+00:00,272.3,273.0,272.3,272.75,461
2024-10-18 07:10:00+00:00,272.75,272.85,272.2,272.4,2368
2024-10-18 07:15:00+00:00,272.4,272.6,272.05,272.5,1224
2024-10-18 07:20:00+00:00,272.5,272.5,271.45,271.75,872
2024-10-18 07:25:00+00:00,271.75,272.35,271.65,272.0,1010
2024-10-18 07:30:00+00:00,272.0,272.05,271.25,271.7,591
2024-10-18 07:35:00+00:00,271.7,272.15,271.3,271.8,858
2024-10-18 07:40:00+00:00,271.8,272.2,271.25,271.25,1098
2024-10-18 07:45:00+00:00,271.25,271.8,271.25,271.4,694
2024-10-18 07:50:00+00:00,271.4,272.45,271.4,271.55,1010
2024-10-18 07:55:00+00:00,271.55,272.0,271.55,272.0,57
2024-10-18 08:00:00+00:00,272.0,272.0,271.5,271.5,200
2024-10-18 08:05:00+00:00,271.5,271.7,271.05,271.7,376
2024-10-18 08:10:00+00:00,271.7,271.95,270.8,271.2,1253
2024-10-18 08:15:00+00:00,271.25,271.45,270.8,271.45,388
2024-10-18 08:20:00+00:00,271.45,271.5,270.05,270.05,3451
2024-10-18 08:25:00+00:00,270.05,270.9,270.05,270.9,1210
2024-10-18 08:30:00+00:00,270.9,270.9,270.35,270.4,608
2024-10-18 08:35:00+00:00,270.75,271.95,270.75,271.05,5774
2024-10-18 08:40:00+00:00,271.05,271.45,271.05,271.45,514
2024-10-18 08:45:00+00:00,271.45,271.5,271.4,271.4,15
2024-10-18 08:50:00+00:00,271.4,271.4,270.3,270.3,427
2024-10-18 08:55:00+00:00,270.3,270.95,270.3,270.7,970
2024-10-18 09:00:00+00:00,270.7,271.05,270.5,270.5,193
2024-10-18 09:05:00+00:00,270.5,270.5,270.2,270.2,3299
2024-10-18 09:10:00+00:00,269.6,269.8,268.6,268.6,3882
2024-10-18 09:15:00+00:00,268.6,269.0,268.5,268.85,827
2024-10-18 09:20:00+00:00,268.85,268.85,268.4,268.45,1195
2024-10-18 09:25:00+00:00,268.45,269.2,268.45,269.15,581
2024-10-18 09:30:00+00:00,269.15,269.5,268.3,268.7,2307
2024-10-18 09:35:00+00:00,268.7,268.7,267.1,267.2,5983
2024-10-18 09:40:00+00:00,267.15,268.3,267.0,267.05,4870
2024-10-18 09:45:00+00:00,267.05,268.7,266.35,268.4,6338
2024-10-18 09:50:00+00:00,268.4,269.9,268.15,269.0,9858
2024-10-18 09:55:00+00:00,268.15,268.75,264.3,266.9,19286
2024-10-21 03:45:00+00:00,268.4,270.05,265.55,266.0,11722
2024-10-21 03:50:00+00:00,266.0,266.05,264.25,265.55,8754
2024-10-21 03:55:00+00:00,265.55,266.7,265.45,266.0,8883
2024-10-21 04:00:00+00:00,265.95,266.0,264.3,265.05,6198
2024-10-21 04:05:00+00:00,265.05,266.05,264.3,264.3,3628
2024-10-21 04:10:00+00:00,264.3,265.5,264.25,264.8,3108
2024-10-21 04:15:00+00:00,264.8,265.15,264.0,265.15,4552
2024-10-21 04:20:00+00:00,265.15,266.25,265.0,265.6,1784
2024-10-21 04:25:00+00:00,266.0,266.0,263.8,264.15,4510
2024-10-21 04:30:00+00:00,264.15,265.9,264.15,265.8,1496
2024-10-21 04:35:00+00:00,265.9,267.0,265.9,267.0,1887
2024-10-21 04:40:00+00:00,267.0,267.0,265.65,265.75,3604
2024-10-21 04:45:00+00:00,265.75,266.65,265.35,265.7,2045
2024-10-21 04:50:00+00:00,265.7,265.7,264.5,265.45,1602
2024-10-21 04:55:00+00:00,265.45,265.45,264.85,264.9,633
2024-10-21 05:00:00+00:00,264.9,265.0,264.2,264.6,1377
2024-10-21 05:05:00+00:00,264.6,264.85,263.75,263.95,2816
2024-10-21 05:10:00+00:00,263.95,264.95,263.95,264.8,3099
2024-10-21 05:15:00+00:00,264.8,264.85,263.9,263.9,3921
2024-10-21 05:20:00+00:00,263.9,264.1,262.6,262.6,6746
2024-10-21 05:25:00+00:00,262.6,263.65,262.6,263.05,328
2024-10-21 05:30:00+00:00,263.05,264.3,263.05,263.85,1587
2024-10-21 05:35:00+00:00,263.85,263.9,263.2,263.8,607
2024-10-21 05:40:00+00:00,263.8,263.8,262.75,263.0,2906
2024-10-21 05:45:00+00:00,263.0,263.8,263.0,263.3,655
2024-10-21 05:50:00+00:00,263.3,263.6,262.6,262.85,2640
2024-10-21 05:55:00+00:00,262.85,263.5,262.85,263.15,6907
2024-10-21 06:00:00+00:00,263.15,263.15,262.3,262.75,2940
2024-10-21 06:05:00+00:00,262.75,263.0,262.7,262.75,498
2024-10-21 06:10:00+00:00,262.75,263.45,262.75,263.05,741
2024-10-21 06:15:00+00:00,263.05,263.05,262.2,262.5,1761
2024-10-21 06:20:00+00:00,262.5,263.05,262.45,262.45,307
2024-10-21 06:25:00+00:00,262.9,263.2,262.55,263.2,726
2024-10-21 06:30:00+00:00,263.0,263.0,262.2,262.35,1280
2024-10-21 06:35:00+00:00,262.35,262.35,262.0,262.0,684
2024-10-21 06:40:00+00:00,262.0,262.55,261.5,261.5,2313
2024-10-21 06:45:00+00:00,261.5,261.8,261.3,261.75,2687
2024-10-21 06:50:00+00:00,261.75,261.75,260.1,261.45,6754
2024-10-21 06:55:00+00:00,261.45,261.65,260.05,261.3,3660
2024-10-21 07:00:00+00:00,261.6,261.85,260.2,261.35,3024
2024-10-21 07:05:00+00:00,261.35,261.55,260.75,260.75,981
2024-10-21 07:10:00+00:00,260.75,260.75,259.0,259.25,5180
2024-10-21 07:15:00+00:00,259.7,259.9,259.0,259.3,1151
2024-10-21 07:20:00+00:00,259.3,260.0,259.3,259.8,539
2024-10-21 07:25:00+00:00,259.8,259.8,259.0,259.55,825
2024-10-21 07:30:00+00:00,259.55,259.7,259.1,259.5,1494
2024-10-21 07:35:00+00:00,259.5,259.75,259.35,259.35,249
2024-10-21 07:40:00+00:00,259.35,259.55,259.0,259.5,610
2024-10-21 07:45:00+00:00,259.5,261.0,259.5,261.0,1163
2024-10-21 07:50:00+00:00,261.0,261.75,260.9,260.9,553
2024-10-21 07:55:00+00:00,260.9,261.0,260.0,260.45,803
2024-10-21 08:00:00+00:00,260.45,260.85,260.15,260.85,1297
2024-10-21 08:05:00+00:00,260.85,261.65,260.55,261.65,1400
2024-10-21 08:10:00+00:00,261.65,261.65,260.45,260.45,1723
2024-10-21 08:15:00+00:00,260.45,261.25,260.3,260.65,3173
2024-10-21 08:20:00+00:00,260.65,261.7,260.65,260.65,2551
2024-10-21 08:25:00+00:00,260.65,261.55,260.65,261.55,600
2024-10-21 08:30:00+00:00,261.55,261.55,261.05,261.3,445
2024-10-21 08:35:00+00:00,261.3,261.3,259.6,259.7,4545
2024-10-21 08:40:00+00:00,259.7,259.75,258.45,258.95,2277
2024-10-21 08:45:00+00:00,258.8,258.8,257.35,257.8,4991
2024-10-21 08:50:00+00:00,257.8,257.95,257.4,257.5,1092
2024-10-21 08:55:00+00:00,257.5,258.5,257.5,258.25,4554
2024-10-21 09:00:00+00:00,258.25,259.15,258.25,259.05,1178
2024-10-21 09:05:00+00:00,259.05,259.05,257.95,258.45,1691
2024-10-21 09:10:00+00:00,258.45,258.5,256.9,257.05,3787
2024-10-21 09:15:00+00:00,257.05,257.45,256.3,256.8,1612
2024-10-21 09:20:00+00:00,256.8,257.45,256.8,257.45,650
2024-10-21 09:25:00+00:00,257.45,258.55,257.05,257.4,4818
2024-10-21 09:30:00+00:00,257.4,258.95,257.2,258.6,3387
2024-10-21 09:35:00+00:00,258.4,259.75,257.6,259.5,10116
2024-10-21 09:40:00+00:00,259.5,259.5,256.55,257.65,10567
2024-10-21 09:45:00+00:00,257.65,257.65,255.7,257.3,5212
2024-10-21 09:50:00+00:00,257.15,257.8,255.15,257.1,7882
2024-10-21 09:55:00+00:00,257.1,257.65,255.15,256.5,8042
2024-10-22 03:45:00+00:00,259.15,262.7,258.6,258.8,5999
2024-10-22 03:50:00+00:00,258.8,260.7,258.8,259.0,10764
2024-10-22 03:55:00+00:00,259.0,259.05,258.15,258.4,1591
2024-10-22 04:00:00+00:00,258.4,258.4,255.75,255.75,5188
2024-10-22 04:05:00+00:00,255.75,256.4,253.15,253.15,9643
2024-10-22 04:10:00+00:00,253.8,255.9,252.9,255.9,8930
2024-10-22 04:15:00+00:00,256.0,257.25,255.55,257.25,6766
2024-10-22 04:20:00+00:00,257.25,257.25,256.0,256.95,934
2024-10-22 04:25:00+00:00,256.95,256.95,254.95,254.95,2078
2024-10-22 04:30:00+00:00,254.95,255.0,253.1,253.45,2400
2024-10-22 04:35:00+00:00,253.45,254.75,253.45,254.75,1532
2024-10-22 04:40:00+00:00,254.75,254.75,253.55,254.15,1475
2024-10-22 04:45:00+00:00,254.15,254.7,253.3,253.45,1811
2024-10-22 04:50:00+00:00,253.1,254.95,253.1,254.3,2085
2024-10-22 04:55:00+00:00,254.3,254.3,252.15,252.25,4187
2024-10-22 05:00:00+00:00,252.25,252.9,251.55,251.75,3982
2024-10-22 05:05:00+00:00,251.75,252.7,251.55,251.55,1670
2024-10-22 05:10:00+00:00,251.55,252.1,250.5,251.0,2844
2024-10-22 05:15:00+00:00,251.0,251.6,250.0,251.6,5269
2024-10-22 05:20:00+00:00,251.6,251.9,251.4,251.85,1742
2024-10-22 05:25:00+00:00,251.85,254.75,251.1,253.95,10206
2024-10-22 05:30:00+00:00,253.95,255.95,253.95,255.0,1920
2024-10-22 05:35:00+00:00,255.0,255.75,254.6,254.6,1725
2024-10-22 05:40:00+00:00,254.6,255.2,253.1,254.9,6648
2024-10-22 05:45:00+00:00,254.9,255.15,254.2,254.2,809
2024-10-22 05:50:00+00:00,254.2,254.7,253.6,254.05,2297
2024-10-22 05:55:00+00:00,254.05,254.05,253.1,253.3,822
2024-10-22 06:00:00+00:00,253.3,253.7,252.05,253.0,3470
2024-10-22 06:05:00+00:00,253.0,253.4,252.35,252.35,1253
2024-10-22 06:10:00+00:00,252.35,253.3,252.1,252.8,1003
2024-10-22 06:15:00+00:00,252.75,253.0,252.05,252.05,2587
2024-10-22 06:20:00+00:00,252.05,252.05,250.95,251.6,5375
2024-10-22 06:25:00+00:00,251.6,252.1,250.2,251.75,2708
2024-10-22 06:30:00+00:00,252.2,252.5,251.8,251.8,476
2024-10-22 06:35:00+00:00,251.8,251.8,251.35,251.5,1234
2024-10-22 06:40:00+00:00,251.5,252.35,251.3,251.75,689
2024-10-22 06:45:00+00:00,251.75,251.75,251.15,251.6,638
2024-10-22 06:50:00+00:00,251.6,252.1,251.0,251.0,1147
2024-10-22 06:55:00+00:00,251.0,252.05,251.0,252.05,2120
2024-10-22 07:00:00+00:00,252.05,252.45,251.05,252.0,2304
2024-10-22 07:05:00+00:00,252.05,252.6,251.5,251.55,2722
2024-10-22 07:10:00+00:00,251.55,251.8,251.1,251.55,2200
2024-10-22 07:15:00+00:00,251.55,252.0,251.45,251.55,2061
2024-10-22 07:20:00+00:00,251.55,252.5,251.55,252.1,1158
2024-10-22 07:25:00+00:00,252.1,252.15,251.9,252.15,371
2024-10-22 07:30:00+00:00,251.75,252.15,251.5,251.65,1439
2024-10-22 07:35:00+00:00,251.65,252.15,251.65,251.65,299
2024-10-22 07:40:00+00:00,251.65,252.15,251.65,252.15,176
2024-10-22 07:45:00+00:00,252.7,252.7,252.05,252.05,734
2024-10-22 07:50:00+00:00,252.05,253.0,251.85,252.55,553
2024-10-22 07:55:00+00:00,252.55,253.05,252.5,252.7,1434
2024-10-22 08:00:00+00:00,252.7,253.6,252.7,253.6,1146
2024-10-22 08:05:00+00:00,253.6,253.6,251.95,252.3,913
2024-10-22 08:10:00+00:00,252.45,253.05,252.05,252.35,1800
2024-10-22 08:15:00+00:00,252.35,252.35,251.7,252.0,650
2024-10-22 08:20:00+00:00,252.0,252.75,252.0,252.7,282
2024-10-22 08:25:00+00:00,252.7,253.1,252.5,252.6,1305
2024-10-22 08:30:00+00:00,252.6,252.7,252.2,252.7,333
2024-10-22 08:35:00+00:00,252.7,252.7,252.3,252.3,1148
2024-10-22 08:40:00+00:00,252.3,252.3,252.0,252.3,1937
2024-10-22 08:45:00+00:00,252.3,252.5,251.7,251.75,5461
2024-10-22 08:50:00+00:00,251.75,252.45,251.7,252.45,669
2024-10-22 08:55:00+00:00,252.45,252.7,251.7,252.4,1180
2024-10-22 09:00:00+00:00,252.4,253.25,252.4,253.15,3281
2024-10-22 09:05:00+00:00,253.15,253.3,251.5,251.5,2989
2024-10-22 09:10:00+00:00,251.5,252.25,250.85,251.0,4541
2024-10-22 09:15:00+00:00,250.85,250.85,250.5,250.8,2739
2024-10-22 09:20:00+00:00,250.8,251.0,250.7,251.0,735
2024-10-22 09:25:00+00:00,251.0,251.4,248.75,249.1,10952
2024-10-22 09:30:00+00:00,249.1,249.65,247.6,248.55,7485
2024-10-22 09:35:00+00:00,248.55,250.5,248.0,250.5,9807
2024-10-22 09:40:00+00:00,250.5,251.0,249.2,249.2,1504
2024-10-22 09:45:00+00:00,249.2,250.7,248.5,248.8,4874
2024-10-22 09:50:00+00:00,248.8,250.5,245.5,249.0,19229
2024-10-22 09:55:00+00:00,249.0,249.95,245.0,249.95,17870
2024-10-23 03:45:00+00:00,248.2,255.1,248.15,254.2,16655
2024-10-23 03:50:00+00:00,254.2,255.6,252.7,253.05,8507
2024-10-23 03:55:00+00:00,252.9,253.3,250.2,250.2,8653
2024-10-23 04:00:00+00:00,250.0,250.5,249.3,250.35,8063
2024-10-23 04:05:00+00:00,250.6,250.6,247.35,248.4,6903
2024-10-23 04:10:00+00:00,248.4,248.75,246.3,246.3,2658
2024-10-23 04:15:00+00:00,246.3,246.75,245.65,246.25,4568
2024-10-23 04:20:00+00:00,246.25,250.2,246.25,250.0,3235
2024-10-23 04:25:00+00:00,250.05,250.8,249.8,250.75,2814
2024-10-23 04:30:00+00:00,250.75,251.7,249.85,251.7,6008
2024-10-23 04:35:00+00:00,251.7,252.65,251.15,252.65,1984
2024-10-23 04:40:00+00:00,252.65,253.9,252.4,253.2,6056
2024-10-23 04:45:00+00:00,253.2,254.0,252.55,254.0,7450
2024-10-23 04:50:00+00:00,254.0,254.4,252.8,252.8,5249
2024-10-23 04:55:00+00:00,252.8,252.9,251.0,252.85,3506
2024-10-23 05:00:00+00:00,252.85,253.2,252.4,252.7,2222
2024-10-23 05:05:00+00:00,252.8,253.2,252.0,252.55,920
2024-10-23 05:10:00+00:00,252.55,252.8,251.45,251.9,2693
2024-10-23 05:15:00+00:00,251.9,252.15,251.9,252.15,2333
2024-10-23 05:20:00+00:00,252.15,252.7,251.1,252.7,5875
2024-10-23 05:25:00+00:00,252.7,252.95,252.65,252.65,217
2024-10-23 05:30:00+00:00,252.65,254.0,252.65,253.8,1211
2024-10-23 05:35:00+00:00,253.8,254.7,253.5,254.4,1789
2024-10-23 05:40:00+00:00,254.4,254.6,254.2,254.25,633
2024-10-23 05:45:00+00:00,254.6,254.6,254.25,254.25,141
2024-10-23 05:50:00+00:00,254.25,254.25,253.6,254.0,2250
2024-10-23 05:55:00+00:00,254.0,254.4,253.05,254.4,1447
2024-10-23 06:00:00+00:00,254.25,254.5,253.3,254.15,2259
2024-10-23 06:05:00+00:00,254.15,254.5,253.0,253.2,2255
2024-10-23 06:10:00+00:00,253.2,253.7,252.65,252.65,1563
2024-10-23 06:15:00+00:00,252.65,253.45,252.0,252.1,4270
2024-10-23 06:20:00+00:00,252.25,252.75,251.95,252.4,2693
2024-10-23 06:25:00+00:00,252.4,252.4,251.1,251.55,1694
2024-10-23 06:30:00+00:00,251.15,251.6,250.1,251.6,2808
2024-10-23 06:35:00+00:00,251.6,251.6,250.15,250.7,1357
2024-10-23 06:40:00+00:00,250.8,251.0,250.2,250.7,355
2024-10-23 06:45:00+00:00,250.7,250.7,249.1,249.45,2816
2024-10-23 06:50:00+00:00,249.45,249.65,248.85,249.65,2737
2024-10-23 06:55:00+00:00,249.65,249.65,248.5,249.0,1717
2024-10-23 07:00:00+00:00,249.0,250.0,249.0,250.0,828
2024-10-23 07:05:00+00:00,250.0,250.4,250.0,250.0,113
2024-10-23 07:10:00+00:00,250.0,250.9,250.0,250.85,322
2024-10-23 07:15:00+00:00,250.85,251.25,250.75,250.75,1477
2024-10-23 07:20:00+00:00,250.75,250.95,250.55,250.7,334
2024-10-23 07:25:00+00:00,250.7,251.5,250.7,251.0,281
2024-10-23 07:30:00+00:00,251.55,251.6,250.7,250.7,1221
2024-10-23 07:35:00+00:00,250.7,251.0,250.55,251.0,1101
2024-10-23 07:40:00+00:00,250.85,251.2,250.55,250.8,678
2024-10-23 07:45:00+00:00,250.8,250.8,250.0,250.0,1087
2024-10-23 07:50:00+00:00,250.0,250.45,249.6,249.65,1346
2024-10-23 07:55:00+00:00,250.2,251.0,250.2,251.0,1632
2024-10-23 08:00:00+00:00,251.0,251.6,251.0,251.3,592
2024-10-23 08:05:00+00:00,251.3,252.4,251.3,252.4,798
2024-10-23 08:10:00+00:00,252.4,252.4,251.3,251.5,2921
2024-10-23 08:15:00+00:00,251.9,252.5,251.8,252.3,1149
2024-10-23 08:20:00+00:00,252.3,253.5,252.25,252.75,2860
2024-10-23 08:25:00+00:00,252.75,255.6,251.7,255.6,8814
2024-10-23 08:30:00+00:00,255.6,257.0,255.6,255.8,4430
2024-10-23 08:35:00+00:00,255.8,256.5,255.45,255.85,2214
2024-10-23 08:40:00+00:00,255.85,255.85,255.0,255.35,1849
2024-10-23 08:45:00+00:00,255.35,255.35,255.0,255.0,1953
2024-10-23 08:50:00+00:00,255.0,255.3,254.95,255.0,4919
2024-10-23 08:55:00+00:00,255.0,255.9,255.0,255.5,2562
2024-10-23 09:00:00+00:00,255.5,255.5,255.0,255.35,1872
2024-10-23 09:05:00+00:00,255.35,255.35,254.7,255.0,1333
2024-10-23 09:10:00+00:00,255.0,255.2,255.0,255.0,550
2024-10-23 09:15:00+00:00,255.0,255.2,254.6,255.15,669
2024-10-23 09:20:00+00:00,255.15,255.6,255.0,255.1,776
2024-10-23 09:25:00+00:00,255.1,255.15,254.8,255.0,2537
2024-10-23 09:30:00+00:00,255.0,255.95,255.0,255.75,730
2024-10-23 09:35:00+00:00,255.5,255.5,254.8,255.0,10824
2024-10-23 09:40:00+00:00,255.0,255.7,255.0,255.0,6201
2024-10-23 09:45:00+00:00,255.05,255.45,254.95,254.95,3255
2024-10-23 09:50:00+00:00,254.95,255.25,254.95,255.2,3907
2024-10-23 09:55:00+00:00,255.2,255.3,254.0,255.3,7567
2024-10-24 03:45:00+00:00,256.4,256.7,252.1,253.1,18663
2024-10-24 03:50:00+00:00,253.1,254.7,250.6,254.7,12029
2024-10-24 03:55:00+00:00,254.7,255.7,253.7,254.95,1688
2024-10-24 04:00:00+00:00,254.4,254.4,252.35,252.95,3139
2024-10-24 04:05:00+00:00,252.95,253.4,252.15,252.3,2180
2024-10-24 04:10:00+00:00,252.3,253.0,251.55,252.6,3144
2024-10-24 04:15:00+00:00,252.6,252.6,251.75,251.75,2476
2024-10-24 04:20:00+00:00,251.75,251.9,251.15,251.55,2402
2024-10-24 04:25:00+00:00,251.55,253.55,251.5,253.5,745
2024-10-24 04:30:00+00:00,253.5,254.95,252.95,252.95,3856
2024-10-24 04:35:00+00:00,252.95,254.3,252.95,254.3,797
2024-10-24 04:40:00+00:00,254.3,254.45,253.8,254.4,1351
2024-10-24 04:45:00+00:00,254.4,254.4,253.6,253.6,188
2024-10-24 04:50:00+00:00,253.6,253.95,252.75,253.15,2084
2024-10-24 04:55:00+00:00,252.55,254.0,250.3,254.0,10135
2024-10-24 05:00:00+00:00,254.4,255.05,254.2,254.7,3507
2024-10-24 05:05:00+00:00,254.7,254.7,253.55,254.2,1147
2024-10-24 05:10:00+00:00,254.2,255.5,253.5,255.5,1744
2024-10-24 05:15:00+00:00,255.5,258.95,255.5,258.95,12082
2024-10-24 05:20:00+00:00,258.95,258.95,256.5,257.05,2817
2024-10-24 05:25:00+00:00,257.05,257.05,256.5,256.85,1346
2024-10-24 05:30:00+00:00,256.85,257.0,256.3,256.9,4137
2024-10-24 05:35:00+00:00,256.9,257.25,256.5,256.7,2393
2024-10-24 05:40:00+00:00,256.7,256.95,256.5,256.5,2168
2024-10-24 05:45:00+00:00,256.5,256.9,256.5,256.9,1070
2024-10-24 05:50:00+00:00,256.9,257.0,256.05,256.5,842
2024-10-24 05:55:00+00:00,256.5,257.5,256.5,256.5,943
2024-10-24 06:00:00+00:00,256.5,256.55,256.5,256.5,191
2024-10-24 06:05:00+00:00,256.5,257.0,256.5,257.0,151
2024-10-24 06:10:00+00:00,257.0,257.45,257.0,257.45,364
2024-10-24 06:15:00+00:00,257.45,257.55,257.0,257.15,677
2024-10-24 06:20:00+00:00,257.15,257.75,257.15,257.4,211
2024-10-24 06:25:00+00:00,257.4,257.7,257.4,257.7,1040
2024-10-24 06:30:00+00:00,257.7,258.0,257.4,257.85,1596
2024-10-24 06:35:00+00:00,257.85,257.85,257.3,257.8,165
2024-10-24 06:40:00+00:00,257.8,257.85,257.45,257.45,152
2024-10-24 06:45:00+00:00,257.45,257.45,256.5,256.5,1821
2024-10-24 06:50:00+00:00,256.5,257.1,256.5,257.1,1698
2024-10-24 06:55:00+00:00,257.1,257.7,256.8,256.8,1140
2024-10-24 07:00:00+00:00,256.8,257.1,256.65,256.85,202
2024-10-24 07:05:00+00:00,256.85,257.8,256.85,257.8,369
2024-10-24 07:10:00+00:00,257.8,257.85,257.2,257.5,361
2024-10-24 07:15:00+00:00,257.5,257.5,257.5,257.5,12
2024-10-24 07:20:00+00:00,257.5,257.55,257.2,257.2,277
2024-10-24 07:25:00+00:00,257.2,257.2,256.65,256.7,924
2024-10-24 07:30:00+00:00,256.7,256.95,256.5,256.5,816
2024-10-24 07:35:00+00:00,256.5,257.15,256.5,256.6,846
2024-10-24 07:40:00+00:00,256.6,257.0,256.25,256.5,647
2024-10-24 07:45:00+00:00,256.5,256.5,256.5,256.5,350
2024-10-24 07:50:00+00:00,256.5,256.8,256.5,256.75,300
2024-10-24 07:55:00+00:00,256.75,257.5,256.5,256.85,1302
2024-10-24 08:00:00+00:00,256.85,257.0,256.65,257.0,495
2024-10-24 08:05:00+00:00,256.55,256.95,256.55,256.8,497
2024-10-24 08:10:00+00:00,256.8,257.0,256.5,257.0,2392
2024-10-24 08:15:00+00:00,257.0,257.0,256.1,256.1,2205
2024-10-24 08:20:00+00:00,256.1,256.8,256.1,256.5,310
2024-10-24 08:25:00+00:00,256.5,257.0,256.5,256.5,1063
2024-10-24 08:30:00+00:00,256.5,256.5,256.5,256.5,683
2024-10-24 08:35:00+00:00,256.5,256.5,256.5,256.5,0
2024-10-24 08:40:00+00:00,256.5,256.75,256.5,256.75,2089
2024-10-24 08:45:00+00:00,256.75,256.8,256.25,256.5,1905
2024-10-24 08:50:00+00:00,256.5,256.55,256.5,256.55,4588
2024-10-24 08:55:00+00:00,256.55,256.55,256.5,256.5,2727
2024-10-24 09:00:00+00:00,256.5,256.55,256.5,256.5,953
2024-10-24 09:05:00+00:00,256.5,256.7,256.5,256.7,3427
2024-10-24 09:10:00+00:00,257.1,257.1,256.7,256.7,329
2024-10-24 09:15:00+00:00,256.7,257.0,256.5,257.0,630
2024-10-24 09:20:00+00:00,257.0,257.0,256.5,256.85,460
2024-10-24 09:25:00+00:00,256.85,256.95,256.15,256.5,11687
2024-10-24 09:30:00+00:00,256.45,256.85,256.45,256.5,4130
2024-10-24 09:35:00+00:00,256.5,256.85,256.2,256.5,3522
2024-10-24 09:40:00+00:00,256.5,256.85,256.0,256.5,4553
2024-10-24 09:45:00+00:00,256.5,256.7,256.4,256.5,5553
2024-10-24 09:50:00+00:00,256.5,256.7,256.0,256.5,4251
2024-10-24 09:55:00+00:00,256.5,258.2,256.05,257.0,5881
2024-10-25 03:45:00+00:00,258.5,258.5,254.55,255.1,5994
2024-10-25 03:50:00+00:00,255.1,255.6,252.9,252.9,8747
2024-10-25 03:55:00+00:00,252.9,253.2,251.35,252.65,4572
2024-10-25 04:00:00+00:00,252.3,252.8,251.65,251.9,4543
2024-10-25 04:05:00+00:00,251.9,252.3,250.05,250.05,4405
2024-10-25 04:10:00+00:00,250.8,250.9,249.05,250.0,4088
2024-10-25 04:15:00+00:00,250.0,250.2,248.4,249.2,2105
2024-10-25 04:20:00+00:00,249.2,249.2,246.05,249.2,8881
2024-10-25 04:25:00+00:00,249.2,249.2,246.4,246.4,5792
2024-10-25 04:30:00+00:00,246.4,247.9,246.1,247.5,3384
2024-10-25 04:35:00+00:00,247.5,248.3,247.15,247.7,2236
2024-10-25 04:40:00+00:00,247.7,247.7,246.8,247.0,1875
2024-10-25 04:45:00+00:00,247.0,247.0,245.05,245.8,7043
2024-10-25 04:50:00+00:00,246.0,248.0,245.75,247.55,6722
2024-10-25 04:55:00+00:00,247.55,247.95,245.25,245.5,2557
2024-10-25 05:00:00+00:00,245.5,245.8,244.05,244.85,7217
2024-10-25 05:05:00+00:00,244.85,244.85,244.0,244.1,1489
2024-10-25 05:10:00+00:00,244.1,244.65,242.95,243.0,8306
2024-10-25 05:15:00+00:00,243.0,243.0,242.1,242.5,2850
2024-10-25 05:20:00+00:00,242.5,246.1,242.5,245.4,15625
2024-10-25 05:25:00+00:00,245.2,246.65,245.0,246.65,12620
2024-10-25 05:30:00+00:00,246.65,246.75,245.55,245.55,1521
2024-10-25 05:35:00+00:00,245.55,245.95,245.0,245.6,1234
2024-10-25 05:40:00+00:00,245.6,245.95,245.0,245.7,1471
2024-10-25 05:45:00+00:00,245.7,246.8,245.55,246.8,828
2024-10-25 05:50:00+00:00,246.8,247.25,244.95,245.5,7873
2024-10-25 05:55:00+00:00,245.5,246.6,245.5,245.95,1660
2024-10-25 06:00:00+00:00,246.5,247.25,246.15,246.75,2531
2024-10-25 06:05:00+00:00,246.75,248.0,246.6,247.45,4431
2024-10-25 06:10:00+00:00,247.45,247.95,247.0,247.3,562
2024-10-25 06:15:00+00:00,247.3,248.0,246.75,247.95,3379
2024-10-25 06:20:00+00:00,247.95,247.95,246.5,247.0,1905
2024-10-25 06:25:00+00:00,247.0,247.0,246.55,247.0,482
2024-10-25 06:30:00+00:00,247.0,248.5,246.75,248.0,1308
2024-10-25 06:35:00+00:00,248.0,248.8,247.65,248.5,995
2024-10-25 06:40:00+00:00,248.5,249.4,248.0,248.6,1903
2024-10-25 06:45:00+00:00,248.6,248.6,247.25,247.3,1732
2024-10-25 06:50:00+00:00,247.3,248.1,247.3,247.3,2250
2024-10-25 06:55:00+00:00,247.3,247.3,245.6,246.55,3237
2024-10-25 07:00:00+00:00,246.55,247.15,246.0,247.1,1337
2024-10-25 07:05:00+00:00,247.1,247.7,246.5,246.5,1541
2024-10-25 07:10:00+00:00,246.5,247.4,246.5,247.35,1201
2024-10-25 07:15:00+00:00,247.35,247.45,247.0,247.45,202
2024-10-25 07:20:00+00:00,247.45,247.45,246.25,246.25,3009
2024-10-25 07:25:00+00:00,246.25,247.0,246.15,247.0,237
2024-10-25 07:30:00+00:00,247.0,247.15,246.7,247.05,133
2024-10-25 07:35:00+00:00,247.05,247.4,247.05,247.1,330
2024-10-25 07:40:00+00:00,247.1,247.55,247.0,247.3,1304
2024-10-25 07:45:00+00:00,247.3,247.3,246.75,246.75,460
2024-10-25 07:50:00+00:00,246.75,247.0,245.0,245.25,5329
2024-10-25 07:55:00+00:00,245.3,245.55,245.1,245.45,278
2024-10-25 08:00:00+00:00,245.45,245.75,245.25,245.75,664
2024-10-25 08:05:00+00:00,245.75,246.25,245.0,245.0,1142
2024-10-25 08:10:00+00:00,245.0,245.4,244.95,245.4,4470
2024-10-25 08:15:00+00:00,245.4,245.5,245.0,245.2,4067
2024-10-25 08:20:00+00:00,245.2,245.5,245.2,245.5,660
2024-10-25 08:25:00+00:00,245.5,245.5,245.0,245.0,1347
2024-10-25 08:30:00+00:00,245.0,245.2,245.0,245.15,1118
2024-10-25 08:35:00+00:00,245.15,245.15,245.0,245.15,2205
2024-10-25 08:40:00+00:00,245.15,245.15,245.0,245.0,2867
2024-10-25 08:45:00+00:00,245.0,245.15,245.0,245.0,1808
2024-10-25 08:50:00+00:00,245.0,245.15,245.0,245.1,2889
2024-10-25 08:55:00+00:00,245.1,245.1,245.0,245.0,3139
2024-10-25 09:00:00+00:00,245.0,245.95,245.0,245.75,3034
2024-10-25 09:05:00+00:00,245.75,245.75,245.0,245.5,41848
2024-10-25 09:10:00+00:00,245.5,246.0,245.0,246.0,3903
2024-10-25 09:15:00+00:00,246.0,246.0,245.0,245.0,2200
2024-10-25 09:20:00+00:00,245.0,245.65,245.0,245.25,382
2024-10-25 09:25:00+00:00,245.55,245.55,244.65,244.95,3602
2024-10-25 09:30:00+00:00,244.95,244.95,243.3,244.0,3397
2024-10-25 09:35:00+00:00,244.0,244.45,243.65,244.45,825
2024-10-25 09:40:00+00:00,244.45,244.5,242.6,243.05,4954
2024-10-25 09:45:00+00:00,243.05,244.0,242.2,243.7,7694
2024-10-25 09:50:00+00:00,243.5,246.0,243.5,246.0,5599
2024-10-25 09:55:00+00:00,246.0,246.0,244.5,246.0,4442
2024-10-28 03:45:00+00:00,246.15,250.0,244.25,244.25,8255
2024-10-28 03:50:00+00:00,244.25,250.0,244.05,247.35,5400
2024-10-28 03:55:00+00:00,247.35,247.95,246.25,246.6,2010
2024-10-28 04:00:00+00:00,246.6,246.7,243.0,243.0,8027
2024-10-28 04:05:00+00:00,243.1,243.1,241.9,242.35,1949
2024-10-28 04:10:00+00:00,242.35,243.5,242.0,242.6,2682
2024-10-28 04:15:00+00:00,242.6,242.6,241.45,242.5,1487
2024-10-28 04:20:00+00:00,242.5,244.7,242.1,243.7,5096
2024-10-28 04:25:00+00:00,243.7,244.15,243.1,243.55,2165
2024-10-28 04:30:00+00:00,243.85,243.85,242.7,242.7,3083
2024-10-28 04:35:00+00:00,242.7,243.75,242.7,243.25,1224
2024-10-28 04:40:00+00:00,243.25,243.75,242.6,242.6,1207
2024-10-28 04:45:00+00:00,243.0,244.85,242.85,244.85,4179
2024-10-28 04:50:00+00:00,244.85,245.95,244.25,245.85,7634
2024-10-28 04:55:00+00:00,245.85,246.0,245.6,245.85,327
2024-10-28 05:00:00+00:00,245.6,246.95,245.6,245.65,1506
2024-10-28 05:05:00+00:00,246.05,246.25,245.8,245.9,579
2024-10-28 05:10:00+00:00,246.3,247.95,246.3,247.1,1042
2024-10-28 05:15:00+00:00,247.1,248.0,247.1,247.6,5700
2024-10-28 05:20:00+00:00,247.6,248.6,247.6,248.35,13453
2024-10-28 05:25:00+00:00,248.35,248.35,246.55,247.95,1084
2024-10-28 05:30:00+00:00,247.95,248.65,247.65,247.65,187
2024-10-28 05:35:00+00:00,247.65,247.95,247.05,247.5,5479
2024-10-28 05:40:00+00:00,247.5,248.4,247.1,248.4,2709
2024-10-28 05:45:00+00:00,248.4,251.0,248.4,249.6,9910
2024-10-28 05:50:00+00:00,249.6,251.6,249.6,250.35,4867
2024-10-28 05:55:00+00:00,250.35,250.5,250.0,250.4,797
2024-10-28 06:00:00+00:00,250.4,250.4,249.65,249.65,858
2024-10-28 06:05:00+00:00,249.9,250.0,249.05,249.65,2826
2024-10-28 06:10:00+00:00,249.65,250.0,249.3,249.75,555
2024-10-28 06:15:00+00:00,249.75,250.8,249.75,250.4,2007
2024-10-28 06:20:00+00:00,250.4,250.75,250.35,250.35,187
2024-10-28 06:25:00+00:00,250.35,250.75,250.0,250.35,454
2024-10-28 06:30:00+00:00,250.35,250.45,250.0,250.0,534
2024-10-28 06:35:00+00:00,250.0,250.2,249.8,249.8,196
2024-10-28 06:40:00+00:00,249.8,251.0,249.8,251.0,860
2024-10-28 06:45:00+00:00,251.0,251.85,251.0,251.8,1646
2024-10-28 06:50:00+00:00,251.8,252.2,251.15,252.0,3828
2024-10-28 06:55:00+00:00,252.0,252.65,251.55,252.2,1255
2024-10-28 07:00:00+00:00,252.2,252.2,251.05,251.6,1225
2024-10-28 07:05:00+00:00,252.0,252.45,251.85,252.1,2811
2024-10-28 07:10:00+00:00,252.45,252.45,251.0,251.0,2660
2024-10-28 07:15:00+00:00,251.0,251.0,250.25,250.25,3167
2024-10-28 07:20:00+00:00,250.25,251.2,250.25,251.2,312
2024-10-28 07:25:00+00:00,251.2,251.2,249.85,249.9,2315
2024-10-28 07:30:00+00:00,249.8,250.7,249.3,250.7,4047
2024-10-28 07:35:00+00:00,250.7,250.7,250.3,250.3,31
2024-10-28 07:40:00+00:00,250.3,250.3,250.3,250.3,108
2024-10-28 07:45:00+00:00,250.3,250.3,250.3,250.3,25
2024-10-28 07:50:00+00:00,250.3,250.9,250.3,250.9,1255
2024-10-28 07:55:00+00:00,250.9,251.55,250.9,251.5,636
2024-10-28 08:00:00+00:00,251.5,251.5,250.6,251.0,3065
2024-10-28 08:05:00+00:00,251.0,251.6,251.0,251.6,269
2024-10-28 08:10:00+00:00,251.6,251.7,250.6,251.2,652
2024-10-28 08:15:00+00:00,251.2,251.45,251.1,251.1,51
2024-10-28 08:20:00+00:00,251.1,251.1,250.6,250.65,215
2024-10-28 08:25:00+00:00,250.65,251.0,250.65,250.9,453
2024-10-28 08:30:00+00:00,250.9,250.9,250.0,250.0,1088
2024-10-28 08:35:00+00:00,250.0,250.85,250.0,250.85,828
2024-10-28 08:40:00+00:00,250.85,250.95,250.35,250.35,987
2024-10-28 08:45:00+00:00,250.35,250.35,249.85,250.0,627
2024-10-28 08:50:00+00:00,250.0,250.25,249.35,249.75,569
2024-10-28 08:55:00+00:00,249.75,250.2,249.75,250.2,37
2024-10-28 09:00:00+00:00,250.2,250.2,250.2,250.2,200
2024-10-28 09:05:00+00:00,250.2,250.95,250.1,250.95,1313
2024-10-28 09:10:00+00:00,250.95,250.95,250.6,250.6,65
2024-10-28 09:15:00+00:00,250.6,251.0,250.55,250.95,851
2024-10-28 09:20:00+00:00,250.65,250.65,249.65,249.9,3957
2024-10-28 09:25:00+00:00,249.9,249.9,248.95,248.95,961
2024-10-28 09:30:00+00:00,248.95,249.1,248.65,248.95,443
2024-10-28 09:35:00+00:00,248.95,248.95,248.2,248.65,1868
2024-10-28 09:40:00+00:00,248.35,248.75,247.0,247.1,3499
2024-10-28 09:45:00+00:00,247.1,247.8,247.1,247.1,796
2024-10-28 09:50:00+00:00,247.1,247.95,245.0,245.0,15223
2024-10-28 09:55:00+00:00,245.0,247.6,243.5,245.65,13673
2024-10-29 03:45:00+00:00,247.7,248.1,246.4,247.65,6838
2024-10-29 03:50:00+00:00,247.65,250.6,247.65,250.6,6119
2024-10-29 03:55:00+00:00,250.6,250.6,249.8,250.3,4654
2024-10-29 04:00:00+00:00,250.3,250.3,249.1,249.3,2001
2024-10-29 04:05:00+00:00,249.3,249.6,247.95,247.95,1150
2024-10-29 04:10:00+00:00,247.95,247.95,244.4,245.6,26424
2024-10-29 04:15:00+00:00,245.6,246.15,245.2,245.75,859
2024-10-29 04:20:00+00:00,245.75,246.45,245.1,245.85,2952
2024-10-29 04:25:00+00:00,245.85,245.95,243.85,244.45,10043
2024-10-29 04:30:00+00:00,244.45,244.45,243.15,244.05,2299
2024-10-29 04:35:00+00:00,244.05,244.5,243.8,244.45,945
2024-10-29 04:40:00+00:00,244.45,245.25,244.25,244.9,2794
2024-10-29 04:45:00+00:00,244.9,245.6,244.85,245.25,1284
2024-10-29 04:50:00+00:00,245.25,246.95,245.25,246.55,1906
2024-10-29 04:55:00+00:00,246.55,246.55,244.9,245.65,2765
2024-10-29 05:00:00+00:00,245.65,245.8,243.35,244.2,2296
2024-10-29 05:05:00+00:00,244.2,244.35,243.3,244.0,947
2024-10-29 05:10:00+00:00,244.0,244.0,243.55,243.55,295
2024-10-29 05:15:00+00:00,243.55,243.55,242.0,243.15,2945
2024-10-29 05:20:00+00:00,243.15,243.15,242.55,242.9,2875
2024-10-29 05:25:00+00:00,242.9,243.4,242.5,243.1,1590
2024-10-29 05:30:00+00:00,243.1,243.2,242.55,242.95,129
2024-10-29 05:35:00+00:00,242.95,243.2,242.2,243.2,2321
2024-10-29 05:40:00+00:00,243.2,243.2,242.45,243.15,810
2024-10-29 05:45:00+00:00,243.15,243.15,242.4,242.6,557
2024-10-29 05:50:00+00:00,242.6,243.15,242.6,243.15,18
2024-10-29 05:55:00+00:00,243.15,243.15,242.8,242.8,122
2024-10-29 06:00:00+00:00,242.8,243.0,242.75,242.75,1324
2024-10-29 06:05:00+00:00,242.75,243.25,242.65,243.25,182
2024-10-29 06:10:00+00:00,243.25,243.3,243.1,243.25,65
2024-10-29 06:15:00+00:00,243.25,244.35,243.25,244.35,78
2024-10-29 06:20:00+00:00,244.35,244.95,243.3,243.3,2640
2024-10-29 06:25:00+00:00,243.3,243.75,243.3,243.75,418
2024-10-29 06:30:00+00:00,243.75,244.65,243.1,244.2,2081
2024-10-29 06:35:00+00:00,244.85,244.85,243.95,244.35,546
2024-10-29 06:40:00+00:00,244.35,244.85,244.35,244.85,201
2024-10-29 06:45:00+00:00,244.85,244.95,244.85,244.85,376
2024-10-29 06:50:00+00:00,244.85,244.85,244.3,244.55,517
2024-10-29 06:55:00+00:00,244.55,244.55,244.3,244.3,2392
2024-10-29 07:00:00+00:00,244.3,244.3,243.3,244.05,620
2024-10-29 07:05:00+00:00,244.05,244.95,244.05,244.95,76
2024-10-29 07:10:00+00:00,244.95,245.75,244.95,245.3,1243
2024-10-29 07:15:00+00:00,245.3,245.3,244.4,244.4,244
2024-10-29 07:20:00+00:00,244.4,244.6,243.95,244.15,2268
2024-10-29 07:25:00+00:00,244.15,244.95,244.15,244.95,118
2024-10-29 07:30:00+00:00,244.95,245.0,244.65,244.65,401
2024-10-29 07:35:00+00:00,245.0,245.0,244.65,244.95,382
2024-10-29 07:40:00+00:00,244.95,245.6,244.95,245.2,113
2024-10-29 07:45:00+00:00,245.2,245.65,245.2,245.65,129
2024-10-29 07:50:00+00:00,245.65,245.8,244.2,244.2,1382
2024-10-29 07:55:00+00:00,244.2,244.4,244.2,244.25,609
2024-10-29 08:00:00+00:00,244.25,244.4,243.8,243.8,711
2024-10-29 08:05:00+00:00,243.8,244.1,243.65,243.65,423
2024-10-29 08:10:00+00:00,243.65,243.8,243.65,243.8,16
2024-10-29 08:15:00+00:00,243.8,244.2,243.8,244.2,70
2024-10-29 08:20:00+00:00,244.2,245.4,244.2,245.0,2250
2024-10-29 08:25:00+00:00,245.0,245.4,244.9,245.4,2094
2024-10-29 08:30:00+00:00,245.4,246.05,245.35,246.05,341
2024-10-29 08:35:00+00:00,246.05,246.55,246.0,246.55,674
2024-10-29 08:40:00+00:00,246.55,246.75,245.75,246.75,2308
2024-10-29 08:45:00+00:00,246.75,246.75,246.0,246.35,1190
2024-10-29 08:50:00+00:00,246.35,246.35,245.75,245.75,1215
2024-10-29 08:55:00+00:00,245.75,246.15,245.7,245.85,364
2024-10-29 09:00:00+00:00,245.85,246.2,245.85,246.0,525
2024-10-29 09:05:00+00:00,246.0,246.1,245.65,245.65,217
2024-10-29 09:10:00+00:00,245.65,245.9,245.45,245.75,1274
2024-10-29 09:15:00+00:00,245.75,246.75,245.65,246.15,1852
2024-10-29 09:20:00+00:00,246.15,246.5,245.95,245.95,3267
2024-10-29 09:25:00+00:00,245.95,247.0,245.6,247.0,1749
2024-10-29 09:30:00+00:00,247.0,247.0,246.3,246.95,3906
2024-10-29 09:35:00+00:00,246.95,248.85,246.7,247.05,6789
2024-10-29 09:40:00+00:00,247.05,248.15,246.9,247.95,1801
2024-10-29 09:45:00+00:00,247.95,247.95,244.65,245.4,9442
2024-10-29 09:50:00+00:00,245.4,247.8,245.4,246.6,6137
2024-10-29 09:55:00+00:00,246.6,250.0,246.3,249.0,4465
2024-10-30 03:45:00+00:00,247.6,253.85,247.6,252.2,22877
2024-10-30 03:50:00+00:00,252.2,255.45,252.2,255.05,12245
2024-10-30 03:55:00+00:00,255.05,256.5,254.8,255.9,4696
2024-10-30 04:00:00+00:00,255.9,255.9,253.15,253.55,8226
2024-10-30 04:05:00+00:00,253.55,255.55,253.3,255.0,2847
2024-10-30 04:10:00+00:00,255.0,257.05,255.0,256.9,5043
2024-10-30 04:15:00+00:00,256.4,256.45,255.15,255.65,2697
2024-10-30 04:20:00+00:00,256.1,257.5,256.0,256.45,3970
2024-10-30 04:25:00+00:00,256.95,258.4,256.95,258.4,4767
2024-10-30 04:30:00+00:00,258.4,258.4,257.55,257.85,4812
2024-10-30 04:35:00+00:00,257.85,257.85,256.55,257.35,3800
2024-10-30 04:40:00+00:00,256.7,257.2,256.1,256.75,4558
2024-10-30 04:45:00+00:00,256.75,257.0,255.45,255.75,1639
2024-10-30 04:50:00+00:00,255.7,256.2,255.55,255.7,13335
2024-10-30 04:55:00+00:00,255.7,255.75,255.1,255.35,1426
2024-10-30 05:00:00+00:00,255.35,255.95,255.3,255.4,1283
2024-10-30 05:05:00+00:00,255.4,255.9,255.4,255.9,203
2024-10-30 05:10:00+00:00,255.9,256.1,255.4,256.1,708
2024-10-30 05:15:00+00:00,256.0,256.0,255.1,255.4,1109
2024-10-30 05:20:00+00:00,255.4,255.8,255.15,255.8,865
2024-10-30 05:25:00+00:00,255.8,256.3,255.8,256.1,511
2024-10-30 05:30:00+00:00,256.1,256.1,254.0,254.6,16416
2024-10-30 05:35:00+00:00,254.6,254.9,254.3,254.7,1155
2024-10-30 05:40:00+00:00,254.7,254.8,253.85,254.6,2016
2024-10-30 05:45:00+00:00,254.6,254.6,253.8,254.5,340
2024-10-30 05:50:00+00:00,254.5,254.6,254.0,254.55,1013
2024-10-30 05:55:00+00:00,255.15,255.15,254.6,254.9,814
2024-10-30 06:00:00+00:00,254.9,255.05,254.55,255.0,833
2024-10-30 06:05:00+00:00,255.0,255.05,254.45,254.65,1326
2024-10-30 06:10:00+00:00,254.65,254.65,254.15,254.15,675
2024-10-30 06:15:00+00:00,254.15,254.6,254.15,254.55,316
2024-10-30 06:20:00+00:00,254.55,254.6,253.8,254.0,2764
2024-10-30 06:25:00+00:00,254.1,254.1,253.35,253.8,811
2024-10-30 06:30:00+00:00,253.8,253.8,253.0,253.0,1573
2024-10-30 06:35:00+00:00,253.0,253.0,252.9,252.9,215
2024-10-30 06:40:00+00:00,252.9,253.1,252.35,252.35,1263
2024-10-30 06:45:00+00:00,252.85,252.85,252.8,252.85,79
2024-10-30 06:50:00+00:00,252.85,253.3,252.55,253.3,387
2024-10-30 06:55:00+00:00,253.4,253.6,253.4,253.6,592
2024-10-30 07:00:00+00:00,253.6,253.8,253.4,253.4,64
2024-10-30 07:05:00+00:00,253.4,253.4,253.0,253.1,431
2024-10-30 07:10:00+00:00,253.1,253.6,253.1,253.6,1905
2024-10-30 07:15:00+00:00,253.6,253.75,253.4,253.75,124
2024-10-30 07:20:00+00:00,254.0,254.7,254.0,254.35,2106
2024-10-30 07:25:00+00:00,254.35,255.0,254.35,255.0,1337
2024-10-30 07:30:00+00:00,255.0,255.65,254.9,255.6,2145
2024-10-30 07:35:00+00:00,255.6,256.1,255.4,255.85,316
2024-10-30 07:40:00+00:00,255.45,255.45,254.9,254.9,379
2024-10-30 07:45:00+00:00,254.9,255.15,253.1,253.85,3108
2024-10-30 07:50:00+00:00,253.8,254.1,253.0,253.4,2356
2024-10-30 07:55:00+00:00,253.4,254.0,253.05,253.65,1640
2024-10-30 08:00:00+00:00,253.65,253.95,253.45,253.45,164
2024-10-30 08:05:00+00:00,253.45,253.9,253.45,253.75,65
2024-10-30 08:10:00+00:00,253.75,253.75,252.6,253.1,1959
2024-10-30 08:15:00+00:00,253.1,253.25,252.65,253.25,1214
2024-10-30 08:20:00+00:00,253.25,253.35,252.5,253.0,1490
2024-10-30 08:25:00+00:00,253.0,253.0,252.5,252.85,712
2024-10-30 08:30:00+00:00,252.85,252.95,252.15,252.25,1309
2024-10-30 08:35:00+00:00,252.25,252.25,252.0,252.25,2112
2024-10-30 08:40:00+00:00,252.25,252.4,251.6,251.6,1739
2024-10-30 08:45:00+00:00,251.6,252.6,251.0,252.6,3245
2024-10-30 08:50:00+00:00,252.6,253.2,252.6,253.2,262
2024-10-30 08:55:00+00:00,253.2,254.0,253.0,253.65,1533
2024-10-30 09:00:00+00:00,253.65,254.1,253.65,253.75,60
2024-10-30 09:05:00+00:00,253.75,253.9,253.2,253.2,656
2024-10-30 09:10:00+00:00,252.95,253.05,252.55,252.9,1604
2024-10-30 09:15:00+00:00,252.9,253.0,252.9,252.9,57
2024-10-30 09:20:00+00:00,252.85,253.4,252.85,252.95,572
2024-10-30 09:25:00+00:00,252.95,253.25,252.6,252.8,3746
2024-10-30 09:30:00+00:00,252.8,252.8,251.25,251.8,1678
2024-10-30 09:35:00+00:00,251.8,251.8,250.55,250.6,1145
2024-10-30 09:40:00+00:00,250.6,251.75,250.6,251.75,1051
2024-10-30 09:45:00+00:00,251.75,253.85,251.35,253.3,4522
2024-10-30 09:50:00+00:00,253.3,254.25,253.05,253.95,1392
2024-10-30 09:55:00+00:00,253.95,254.4,253.3,254.35,5845
2024-10-31 03:45:00+00:00,252.6,253.4,251.0,253.4,1070
2024-10-31 03:50:00+00:00,253.4,255.5,252.85,254.25,4822
2024-10-31 03:55:00+00:00,254.25,254.25,253.25,253.45,1959
2024-10-31 04:00:00+00:00,253.45,254.25,253.45,254.05,2020
2024-10-31 04:05:00+00:00,254.05,256.75,254.05,255.65,11787
2024-10-31 04:10:00+00:00,255.65,256.05,255.0,256.05,2199
2024-10-31 04:15:00+00:00,256.05,256.7,255.0,256.2,4597
2024-10-31 04:20:00+00:00,256.2,256.6,255.15,255.45,1399
2024-10-31 04:25:00+00:00,255.45,256.35,255.3,255.8,1852
2024-10-31 04:30:00+00:00,255.8,256.4,255.75,255.75,1313
2024-10-31 04:35:00+00:00,255.75,255.8,255.0,255.25,1202
2024-10-31 04:40:00+00:00,255.25,255.75,255.25,255.35,4839
2024-10-31 04:45:00+00:00,255.35,255.45,255.0,255.4,2604
2024-10-31 04:50:00+00:00,255.4,255.5,255.05,255.05,430
2024-10-31 04:55:00+00:00,255.05,255.5,254.05,254.5,3128
2024-10-31 05:00:00+00:00,254.5,255.1,254.5,254.7,655
2024-10-31 05:05:00+00:00,254.7,255.1,254.5,254.85,3465
2024-10-31 05:10:00+00:00,254.85,255.7,254.85,255.05,1374
2024-10-31 05:15:00+00:00,255.05,256.5,254.9,256.5,1087
2024-10-31 05:20:00+00:00,256.5,256.5,256.4,256.4,17
2024-10-31 05:25:00+00:00,256.4,257.75,256.1,257.75,2313
2024-10-31 05:30:00+00:00,257.75,259.2,257.25,259.2,3769
2024-10-31 05:35:00+00:00,259.0,260.5,258.4,258.4,12538
2024-10-31 05:40:00+00:00,258.4,260.0,258.4,258.7,3050
2024-10-31 05:45:00+00:00,258.7,259.75,258.15,259.6,3625
2024-10-31 05:50:00+00:00,259.6,260.65,259.15,259.65,3786
2024-10-31 05:55:00+00:00,259.65,259.9,259.1,259.9,419
2024-10-31 06:00:00+00:00,259.95,259.95,259.1,259.1,755
2024-10-31 06:05:00+00:00,259.1,259.65,259.1,259.65,4386
2024-10-31 06:10:00+00:00,259.65,259.65,259.1,259.1,622
2024-10-31 06:15:00+00:00,259.1,259.25,258.0,258.25,2700
2024-10-31 06:20:00+00:00,258.25,259.5,258.25,259.35,1714
2024-10-31 06:25:00+00:00,259.35,260.5,259.35,259.65,2411
2024-10-31 06:30:00+00:00,259.65,260.55,259.65,260.0,1769
2024-10-31 06:35:00+00:00,260.0,260.0,259.05,259.45,703
2024-10-31 06:40:00+00:00,259.45,259.5,258.35,258.65,95
2024-10-31 06:45:00+00:00,258.65,259.9,258.65,259.5,1973
2024-10-31 06:50:00+00:00,259.5,259.65,259.15,259.35,191
2024-10-31 06:55:00+00:00,259.35,259.55,259.0,259.15,1668
2024-10-31 07:00:00+00:00,259.15,259.4,259.0,259.0,418
2024-10-31 07:05:00+00:00,259.0,259.05,258.6,259.05,155
2024-10-31 07:10:00+00:00,259.05,259.05,258.75,258.75,67
2024-10-31 07:15:00+00:00,258.75,258.75,258.5,258.7,1938
2024-10-31 07:20:00+00:00,258.7,258.7,258.7,258.7,0
2024-10-31 07:25:00+00:00,258.7,258.95,258.5,258.95,309
2024-10-31 07:30:00+00:00,258.95,259.2,258.85,259.2,324
2024-10-31 07:35:00+00:00,259.2,259.2,258.3,258.3,1070
2024-10-31 07:40:00+00:00,258.3,258.45,258.0,258.0,1471
2024-10-31 07:45:00+00:00,258.0,258.0,257.5,257.7,409
2024-10-31 07:50:00+00:00,257.7,258.15,257.7,258.0,246
2024-10-31 07:55:00+00:00,258.0,258.15,257.9,258.15,521
2024-10-31 08:00:00+00:00,258.15,258.3,257.75,257.95,587
2024-10-31 08:05:00+00:00,257.95,258.0,257.5,257.5,529
2024-10-31 08:10:00+00:00,257.5,257.65,257.5,257.65,738
2024-10-31 08:15:00+00:00,257.65,258.15,257.65,257.85,695
2024-10-31 08:20:00+00:00,258.0,258.0,257.05,257.05,1120
2024-10-31 08:25:00+00:00,257.4,257.4,256.2,256.25,2236
2024-10-31 08:30:00+00:00,256.25,257.05,256.25,256.8,173
2024-10-31 08:35:00+00:00,256.8,257.2,256.8,257.2,222
2024-10-31 08:40:00+00:00,257.2,257.4,256.75,256.75,2924
2024-10-31 08:45:00+00:00,256.75,257.3,256.3,257.3,453
2024-10-31 08:50:00+00:00,257.3,257.45,256.05,257.0,3507
2024-10-31 08:55:00+00:00,257.0,257.45,257.0,257.45,538
2024-10-31 09:00:00+00:00,257.1,257.4,257.0,257.05,1252
2024-10-31 09:05:00+00:00,257.05,257.4,257.0,257.0,988
2024-10-31 09:10:00+00:00,257.05,257.75,257.05,257.75,428
2024-10-31 09:15:00+00:00,257.75,257.85,257.3,257.5,54
2024-10-31 09:20:00+00:00,257.55,258.6,257.55,258.5,1143
2024-10-31 09:25:00+00:00,258.5,258.5,257.0,257.3,1479
2024-10-31 09:30:00+00:00,257.3,258.2,257.2,258.15,1572
2024-10-31 09:35:00+00:00,258.15,258.2,257.2,257.7,1784
2024-10-31 09:40:00+00:00,257.7,258.5,257.6,258.0,2847
2024-10-31 09:45:00+00:00,258.0,258.0,257.7,257.8,3339
2024-10-31 09:50:00+00:00,257.95,258.0,257.5,257.65,4069
2024-10-31 09:55:00+00:00,257.7,258.75,257.5,258.75,5023
2024-11-01 12:30:00+00:00,258.75,262.2,257.05,261.95,10838
2024-11-01 12:35:00+00:00,261.95,263.0,261.15,262.95,7279
2024-11-01 12:40:00+00:00,262.95,264.7,262.95,264.5,9622
2024-11-01 12:45:00+00:00,264.5,264.85,263.0,263.95,7046
2024-11-01 12:50:00+00:00,264.0,264.8,262.5,263.9,6044
2024-11-01 12:55:00+00:00,263.9,263.9,262.15,263.5,3401
2024-11-01 13:00:00+00:00,263.5,264.0,263.05,264.0,6124
2024-11-01 13:05:00+00:00,264.0,264.0,260.25,262.55,11955
2024-11-01 13:10:00+00:00,262.6,263.0,262.0,262.8,3185
2024-11-01 13:15:00+00:00,262.15,263.2,261.05,262.2,3034
2024-11-01 13:20:00+00:00,262.2,262.95,261.15,261.8,3972
2024-11-01 13:25:00+00:00,261.8,264.0,261.55,263.5,9494
2024-11-04 03:45:00+00:00,265.35,265.35,256.3,257.2,16542
2024-11-04 03:50:00+00:00,257.2,258.15,256.3,256.3,4099
2024-11-04 03:55:00+00:00,256.3,257.0,255.1,256.1,5171
2024-11-04 04:00:00+00:00,256.6,257.1,255.9,256.2,7410
2024-11-04 04:05:00+00:00,256.2,257.3,254.0,256.95,6295
2024-11-04 04:10:00+00:00,256.95,256.95,255.5,256.0,1747
2024-11-04 04:15:00+00:00,256.0,256.0,254.75,254.75,3105
2024-11-04 04:20:00+00:00,254.75,256.0,254.65,255.45,3830
2024-11-04 04:25:00+00:00,255.45,255.6,254.1,255.0,6389
2024-11-04 04:30:00+00:00,255.0,256.0,255.0,256.0,2241
2024-11-04 04:35:00+00:00,256.0,256.0,254.3,254.45,591
2024-11-04 04:40:00+00:00,254.45,254.8,253.3,254.0,7024
2024-11-04 04:45:00+00:00,254.0,255.25,253.65,255.05,2684
2024-11-04 04:50:00+00:00,255.05,255.55,255.0,255.4,810
2024-11-04 04:55:00+00:00,255.4,255.45,254.4,254.4,1128
2024-11-04 05:00:00+00:00,254.45,255.0,254.15,254.55,241
2024-11-04 05:05:00+00:00,254.55,256.0,254.55,255.8,5100
2024-11-04 05:10:00+00:00,255.8,255.8,255.0,255.3,1508
2024-11-04 05:15:00+00:00,255.3,256.0,255.3,256.0,2935
2024-11-04 05:20:00+00:00,256.0,256.4,255.6,256.2,772
2024-11-04 05:25:00+00:00,256.2,256.2,255.45,255.6,1887
2024-11-04 05:30:00+00:00,255.6,255.75,255.1,255.75,763
2024-11-04 05:35:00+00:00,255.4,256.1,255.15,255.6,732
2024-11-04 05:40:00+00:00,255.6,255.6,255.15,255.2,278
2024-11-04 05:45:00+00:00,255.5,256.1,255.3,255.5,6939
2024-11-04 05:50:00+00:00,255.5,255.65,255.0,255.65,651
2024-11-04 05:55:00+00:00,255.65,256.75,255.6,256.7,709
2024-11-04 06:00:00+00:00,256.7,256.95,255.95,256.65,1069
2024-11-04 06:05:00+00:00,256.65,256.9,255.3,255.3,1291
2024-11-04 06:10:00+00:00,255.3,256.0,255.3,256.0,218
2024-11-04 06:15:00+00:00,256.0,256.2,255.85,255.85,135
2024-11-04 06:20:00+00:00,255.85,256.5,255.85,256.5,210
2024-11-04 06:25:00+00:00,256.5,256.5,256.05,256.45,225
2024-11-04 06:30:00+00:00,256.45,257.0,256.05,257.0,1406
2024-11-04 06:35:00+00:00,257.0,257.0,256.5,256.55,1196
2024-11-04 06:40:00+00:00,256.55,256.95,256.55,256.55,242
2024-11-04 06:45:00+00:00,256.55,256.95,256.0,256.4,983
2024-11-04 06:50:00+00:00,256.4,256.45,256.0,256.45,227
2024-11-04 06:55:00+00:00,256.45,257.0,256.45,256.55,447
2024-11-04 07:00:00+00:00,256.55,256.95,256.55,256.6,1257
2024-11-04 07:05:00+00:00,256.6,257.25,256.6,257.25,390
2024-11-04 07:10:00+00:00,257.25,257.25,257.0,257.0,25
2024-11-04 07:15:00+00:00,257.0,257.3,257.0,257.2,138
2024-11-04 07:20:00+00:00,257.2,257.3,256.9,256.95,353
2024-11-04 07:25:00+00:00,256.95,257.0,256.95,257.0,12
2024-11-04 07:30:00+00:00,257.0,257.25,256.5,256.85,995
2024-11-04 07:35:00+00:00,257.3,257.3,257.3,257.3,570
2024-11-04 07:40:00+00:00,257.3,257.3,256.6,257.0,254
2024-11-04 07:45:00+00:00,257.0,257.3,257.0,257.3,55
2024-11-04 07:50:00+00:00,257.3,257.5,257.0,257.5,1115
2024-11-04 07:55:00+00:00,257.5,257.5,257.1,257.45,201
2024-11-04 08:00:00+00:00,257.45,257.45,256.45,257.0,1518
2024-11-04 08:05:00+00:00,257.0,257.0,256.1,256.1,1472
2024-11-04 08:10:00+00:00,256.1,257.0,256.1,256.25,1365
2024-11-04 08:15:00+00:00,256.25,256.8,256.25,256.8,70
2024-11-04 08:20:00+00:00,256.8,256.8,256.35,256.35,194
2024-11-04 08:25:00+00:00,256.35,256.8,256.35,256.8,243
2024-11-04 08:30:00+00:00,256.75,256.85,256.5,256.85,84
2024-11-04 08:35:00+00:00,256.85,256.85,255.9,255.9,1433
2024-11-04 08:40:00+00:00,255.9,256.5,255.9,256.4,166
2024-11-04 08:45:00+00:00,256.4,256.4,256.35,256.4,381
2024-11-04 08:50:00+00:00,256.4,256.8,256.25,256.25,871
2024-11-04 08:55:00+00:00,256.25,256.3,255.8,256.2,115
2024-11-04 09:00:00+00:00,256.2,256.2,255.8,255.8,26
2024-11-04 09:05:00+00:00,255.8,256.15,255.35,255.35,1033
2024-11-04 09:10:00+00:00,255.15,255.9,255.15,255.75,250
2024-11-04 09:15:00+00:00,255.75,256.75,255.75,256.7,555
2024-11-04 09:20:00+00:00,256.7,256.7,256.05,256.4,722
2024-11-04 09:25:00+00:00,256.4,256.45,255.1,255.1,2191
2024-11-04 09:30:00+00:00,255.1,255.7,255.1,255.5,793
2024-11-04 09:35:00+00:00,255.5,256.15,255.5,256.15,3909
2024-11-04 09:40:00+00:00,256.15,256.5,256.15,256.2,612
2024-11-04 09:45:00+00:00,256.2,256.45,255.6,256.0,2357
2024-11-04 09:50:00+00:00,256.0,257.9,255.65,257.1,3288
2024-11-04 09:55:00+00:00,257.1,257.65,256.7,256.8,2383
2024-11-05 03:45:00+00:00,255.0,257.6,254.0,255.4,9700
2024-11-05 03:50:00+00:00,255.4,256.7,254.2,254.2,6099
2024-11-05 03:55:00+00:00,254.2,255.55,254.2,254.95,1688
2024-11-05 04:00:00+00:00,254.95,255.6,254.6,254.65,5815
2024-11-05 04:05:00+00:00,254.85,254.85,253.0,253.75,3938
2024-11-05 04:10:00+00:00,253.75,254.15,252.8,253.75,2513
2024-11-05 04:15:00+00:00,253.75,254.5,253.75,253.8,4653
2024-11-05 04:20:00+00:00,253.8,254.7,253.7,254.0,2970
2024-11-05 04:25:00+00:00,254.0,255.65,254.0,255.25,853
2024-11-05 04:30:00+00:00,255.25,255.55,254.1,254.6,6925
2024-11-05 04:35:00+00:00,254.6,254.7,254.15,254.35,165
2024-11-05 04:40:00+00:00,254.35,254.6,254.35,254.35,1573
2024-11-05 04:45:00+00:00,254.35,254.7,254.05,254.05,4470
2024-11-05 04:50:00+00:00,254.0,254.0,252.8,252.8,5478
2024-11-05 04:55:00+00:00,252.8,254.4,252.8,254.4,733
2024-11-05 05:00:00+00:00,254.4,255.15,253.0,253.5,6211
2024-11-05 05:05:00+00:00,253.5,253.8,253.4,253.4,2151
2024-11-05 05:10:00+00:00,253.4,253.75,252.8,253.0,3713
2024-11-05 05:15:00+00:00,253.0,253.2,252.35,252.95,885
2024-11-05 05:20:00+00:00,252.95,253.9,252.25,252.95,8187
2024-11-05 05:25:00+00:00,252.95,253.45,251.7,251.9,4438
2024-11-05 05:30:00+00:00,251.9,252.5,251.3,251.9,2881
2024-11-05 05:35:00+00:00,251.9,251.95,250.75,251.45,3625
2024-11-05 05:40:00+00:00,251.45,251.55,251.1,251.5,809
2024-11-05 05:45:00+00:00,251.5,252.2,251.2,251.9,1191
2024-11-05 05:50:00+00:00,251.9,252.2,251.9,252.0,506
2024-11-05 05:55:00+00:00,252.0,252.0,251.85,251.9,190
2024-11-05 06:00:00+00:00,251.9,251.9,251.55,251.55,150
2024-11-05 06:05:00+00:00,251.55,251.55,251.0,251.0,1874
2024-11-05 06:10:00+00:00,251.0,251.0,250.35,250.35,628
2024-11-05 06:15:00+00:00,250.35,250.65,250.35,250.5,223
2024-11-05 06:20:00+00:00,250.5,250.65,249.9,250.65,4909
2024-11-05 06:25:00+00:00,250.65,250.65,249.65,249.8,3398
2024-11-05 06:30:00+00:00,249.8,250.4,249.35,250.4,1619
2024-11-05 06:35:00+00:00,250.4,250.8,249.8,250.8,682
2024-11-05 06:40:00+00:00,250.8,251.0,250.2,250.2,1382
2024-11-05 06:45:00+00:00,250.2,250.2,249.0,249.85,2642
2024-11-05 06:50:00+00:00,249.85,250.35,249.25,250.35,888
2024-11-05 06:55:00+00:00,250.35,251.0,250.15,250.7,1482
2024-11-05 07:00:00+00:00,250.7,250.9,250.55,250.55,105
2024-11-05 07:05:00+00:00,250.55,250.8,250.2,250.8,1262
2024-11-05 07:10:00+00:00,250.8,250.8,250.65,250.8,349
2024-11-05 07:15:00+00:00,250.8,250.95,250.65,250.65,1505
2024-11-05 07:20:00+00:00,250.65,251.0,250.65,250.85,211
2024-11-05 07:25:00+00:00,250.85,251.25,250.7,250.75,362
2024-11-05 07:30:00+00:00,250.75,251.0,250.75,250.8,778
2024-11-05 07:35:00+00:00,250.8,251.4,250.35,250.35,3631
2024-11-05 07:40:00+00:00,250.35,250.9,250.3,250.9,975
2024-11-05 07:45:00+00:00,250.9,250.95,250.9,250.9,99
2024-11-05 07:50:00+00:00,250.9,253.95,250.45,253.95,6231
2024-11-05 07:55:00+00:00,253.95,255.4,253.5,255.0,15126
2024-11-05 08:00:00+00:00,255.0,255.0,254.0,254.0,3059
2024-11-05 08:05:00+00:00,254.0,254.05,253.95,254.0,411
2024-11-05 08:10:00+00:00,254.0,254.0,253.65,253.65,752
2024-11-05 08:15:00+00:00,253.65,254.4,253.65,254.35,354
2024-11-05 08:20:00+00:00,254.35,254.35,253.5,253.5,220
2024-11-05 08:25:00+00:00,253.5,255.0,253.5,254.7,3214
2024-11-05 08:30:00+00:00,254.7,255.0,254.7,255.0,196
2024-11-05 08:35:00+00:00,255.0,255.0,254.5,254.5,1569
2024-11-05 08:40:00+00:00,254.5,254.85,254.45,254.6,295
2024-11-05 08:45:00+00:00,254.45,254.7,254.15,254.7,815
2024-11-05 08:50:00+00:00,254.55,254.95,254.55,254.9,406
2024-11-05 08:55:00+00:00,254.9,254.9,254.7,254.9,129
2024-11-05 09:00:00+00:00,254.9,254.9,254.6,254.85,287
2024-11-05 09:05:00+00:00,254.85,254.85,254.35,254.75,1800
2024-11-05 09:10:00+00:00,254.75,255.0,254.35,254.65,8652
2024-11-05 09:15:00+00:00,254.65,255.0,254.55,254.6,1103
2024-11-05 09:20:00+00:00,254.6,254.6,254.15,254.15,2819
2024-11-05 09:25:00+00:00,254.3,254.55,254.0,254.05,1437
2024-11-05 09:30:00+00:00,254.05,254.4,253.9,254.05,2535
2024-11-05 09:35:00+00:00,254.05,254.4,254.05,254.05,282
2024-11-05 09:40:00+00:00,254.05,254.4,253.5,253.9,928
2024-11-05 09:45:00+00:00,253.9,254.4,253.65,254.4,2220
2024-11-05 09:50:00+00:00,254.4,255.6,254.25,255.25,5486
2024-11-05 09:55:00+00:00,254.85,255.7,254.7,254.95,3653
2024-11-06 03:45:00+00:00,258.0,259.95,257.25,257.25,16129
2024-11-06 03:50:00+00:00,257.05,257.6,256.0,257.4,7888
2024-11-06 03:55:00+00:00,257.4,258.2,257.3,258.2,1838
2024-11-06 04:00:00+00:00,258.2,258.45,256.85,257.25,7019
2024-11-06 04:05:00+00:00,257.25,257.6,256.65,257.4,3373
2024-11-06 04:10:00+00:00,257.4,258.4,257.4,257.9,2318
2024-11-06 04:15:00+00:00,257.9,258.5,257.55,258.3,2303
2024-11-06 04:20:00+00:00,258.3,258.4,256.9,256.9,2055
2024-11-06 04:25:00+00:00,256.9,257.1,256.2,256.55,2783
2024-11-06 04:30:00+00:00,256.55,257.0,256.55,256.55,357
2024-11-06 04:35:00+00:00,256.8,257.0,256.55,257.0,1975
2024-11-06 04:40:00+00:00,257.0,257.8,256.0,256.0,1065
2024-11-06 04:45:00+00:00,256.0,256.6,255.5,256.3,5885
2024-11-06 04:50:00+00:00,256.3,256.5,255.7,256.0,1417
2024-11-06 04:55:00+00:00,256.0,256.15,255.1,255.1,3242
2024-11-06 05:00:00+00:00,255.1,255.45,254.6,255.45,3587
2024-11-06 05:05:00+00:00,255.45,255.45,254.5,255.2,1481
2024-11-06 05:10:00+00:00,255.2,255.2,254.7,254.95,1167
2024-11-06 05:15:00+00:00,254.95,256.0,254.95,255.45,403
2024-11-06 05:20:00+00:00,255.5,255.5,255.0,255.0,5775
2024-11-06 05:25:00+00:00,255.0,255.15,254.4,255.15,1472
2024-11-06 05:30:00+00:00,255.15,255.7,254.6,255.0,4914
2024-11-06 05:35:00+00:00,255.0,255.0,254.9,254.9,75
2024-11-06 05:40:00+00:00,254.9,255.4,254.9,255.0,609
2024-11-06 05:45:00+00:00,255.0,255.55,255.0,255.25,218
2024-11-06 05:50:00+00:00,255.25,255.6,254.3,254.55,3558
2024-11-06 05:55:00+00:00,254.55,254.9,254.2,254.9,736
2024-11-06 06:00:00+00:00,254.9,254.9,253.0,254.0,8170
2024-11-06 06:05:00+00:00,254.0,255.0,253.6,253.95,5680
2024-11-06 06:10:00+00:00,253.95,254.4,253.9,254.0,1252
2024-11-06 06:15:00+00:00,254.0,254.0,253.5,253.9,543
2024-11-06 06:20:00+00:00,253.9,254.2,252.85,254.1,3658
2024-11-06 06:25:00+00:00,254.1,254.1,253.35,253.55,2023
2024-11-06 06:30:00+00:00,253.95,254.2,253.0,253.35,6063
2024-11-06 06:35:00+00:00,253.5,254.85,253.05,253.95,12568
2024-11-06 06:40:00+00:00,253.95,254.65,253.25,253.25,3537
2024-11-06 06:45:00+00:00,253.25,254.05,253.25,254.0,175
2024-11-06 06:50:00+00:00,254.0,254.0,253.6,254.0,287
2024-11-06 06:55:00+00:00,254.0,255.1,254.0,255.1,6375
2024-11-06 07:00:00+00:00,255.1,255.1,254.5,254.5,1879
2024-11-06 07:05:00+00:00,254.5,255.5,254.4,255.5,1517
2024-11-06 07:10:00+00:00,255.5,255.6,255.15,255.6,1559
2024-11-06 07:15:00+00:00,255.6,255.95,255.45,255.95,174
2024-11-06 07:20:00+00:00,255.95,255.95,255.55,255.9,1377
2024-11-06 07:25:00+00:00,255.55,255.65,255.25,255.65,1583
2024-11-06 07:30:00+00:00,255.65,255.95,255.25,255.95,629
2024-11-06 07:35:00+00:00,256.2,257.75,256.2,257.75,4770
2024-11-06 07:40:00+00:00,257.65,257.7,257.3,257.65,750
2024-11-06 07:45:00+00:00,257.65,257.65,256.9,257.15,1160
2024-11-06 07:50:00+00:00,257.15,257.4,256.6,256.7,323
2024-11-06 07:55:00+00:00,256.7,256.85,256.4,256.85,686
2024-11-06 08:00:00+00:00,256.85,257.2,256.85,257.2,250
2024-11-06 08:05:00+00:00,257.2,257.4,257.05,257.25,1391
2024-11-06 08:10:00+00:00,257.25,257.4,257.0,257.0,287
2024-11-06 08:15:00+00:00,257.0,257.15,256.55,256.95,1630
2024-11-06 08:20:00+00:00,257.15,257.35,256.3,256.8,850
2024-11-06 08:25:00+00:00,256.8,257.3,256.3,256.7,885
2024-11-06 08:30:00+00:00,256.7,258.75,256.7,258.75,10697
2024-11-06 08:35:00+00:00,258.75,258.75,258.35,258.75,2085
2024-11-06 08:40:00+00:00,258.75,259.0,258.2,258.65,6177
2024-11-06 08:45:00+00:00,258.65,258.65,257.25,257.25,2970
2024-11-06 08:50:00+00:00,257.25,257.45,256.8,257.4,2695
2024-11-06 08:55:00+00:00,257.4,259.2,257.4,258.8,2944
2024-11-06 09:00:00+00:00,258.8,260.6,258.5,260.5,23237
2024-11-06 09:05:00+00:00,260.5,260.5,259.0,259.0,5997
2024-11-06 09:10:00+00:00,259.0,259.0,258.45,258.5,1481
2024-11-06 09:15:00+00:00,258.7,258.8,258.5,258.7,1227
2024-11-06 09:20:00+00:00,258.7,258.7,257.65,258.2,3839
2024-11-06 09:25:00+00:00,258.2,258.6,258.2,258.25,699
2024-11-06 09:30:00+00:00,258.25,259.0,258.25,258.6,2970
2024-11-06 09:35:00+00:00,258.6,258.9,258.3,258.3,4742
2024-11-06 09:40:00+00:00,258.3,258.8,258.15,258.5,2075
2024-11-06 09:45:00+00:00,258.5,258.5,256.55,258.4,13491
2024-11-06 09:50:00+00:00,258.4,258.8,258.25,258.8,6586
2024-11-06 09:55:00+00:00,258.8,259.3,258.7,258.7,10038
2024-11-07 03:45:00+00:00,259.8,263.6,257.05,261.1,21691
2024-11-07 03:50:00+00:00,261.1,262.6,260.0,260.0,4331
2024-11-07 03:55:00+00:00,260.0,260.65,258.8,260.65,9400
2024-11-07 04:00:00+00:00,260.65,261.0,260.0,261.0,2981
2024-11-07 04:05:00+00:00,261.0,262.5,261.0,262.3,15712
2024-11-07 04:10:00+00:00,262.3,262.3,260.55,260.9,3465
2024-11-07 04:15:00+00:00,260.9,261.0,260.0,260.5,7956
2024-11-07 04:20:00+00:00,260.5,260.5,259.0,259.45,3846
2024-11-07 04:25:00+00:00,259.45,260.05,258.2,260.05,3487
2024-11-07 04:30:00+00:00,260.05,260.05,258.25,258.75,2042
2024-11-07 04:35:00+00:00,258.75,259.15,258.5,258.8,1998
2024-11-07 04:40:00+00:00,259.0,259.0,258.45,258.95,262
2024-11-07 04:45:00+00:00,258.95,259.75,258.55,258.75,1469
2024-11-07 04:50:00+00:00,258.75,258.95,257.5,257.8,3868
2024-11-07 04:55:00+00:00,257.8,258.5,256.8,256.8,2992
2024-11-07 05:00:00+00:00,256.95,257.0,256.2,256.55,3460
2024-11-07 05:05:00+00:00,256.55,256.55,256.0,256.4,1401
2024-11-07 05:10:00+00:00,256.4,256.6,255.25,256.6,3509
2024-11-07 05:15:00+00:00,256.6,257.0,255.25,255.25,7484
2024-11-07 05:20:00+00:00,255.25,255.5,254.3,254.55,8957
2024-11-07 05:25:00+00:00,254.55,256.25,252.7,254.0,32882
2024-11-07 05:30:00+00:00,254.0,255.0,254.0,254.55,8555
2024-11-07 05:35:00+00:00,254.55,255.25,254.55,255.25,1137
2024-11-07 05:40:00+00:00,255.65,256.2,255.25,255.75,646
2024-11-07 05:45:00+00:00,255.75,256.3,255.35,255.55,2334
2024-11-07 05:50:00+00:00,255.55,256.0,255.5,256.0,1734
2024-11-07 05:55:00+00:00,256.0,256.0,253.7,254.4,8844
2024-11-07 06:00:00+00:00,254.4,254.9,254.4,254.9,695
2024-11-07 06:05:00+00:00,254.9,254.9,254.5,254.9,292
2024-11-07 06:10:00+00:00,254.9,254.95,254.55,254.6,44
2024-11-07 06:15:00+00:00,254.6,255.5,254.6,255.5,1438
2024-11-07 06:20:00+00:00,255.5,255.7,255.2,255.6,1318
2024-11-07 06:25:00+00:00,255.6,255.6,254.65,255.15,998
2024-11-07 06:30:00+00:00,255.2,255.6,255.0,255.35,606
2024-11-07 06:35:00+00:00,255.35,255.35,255.0,255.0,119
2024-11-07 06:40:00+00:00,255.0,255.75,255.0,255.75,1010
2024-11-07 06:45:00+00:00,255.75,255.75,254.9,255.25,535
2024-11-07 06:50:00+00:00,255.25,255.6,255.25,255.6,200
2024-11-07 06:55:00+00:00,255.6,255.6,255.0,255.6,1188
2024-11-07 07:00:00+00:00,255.6,255.9,255.35,255.35,565
2024-11-07 07:05:00+00:00,255.35,255.75,255.35,255.75,65
2024-11-07 07:10:00+00:00,255.75,255.95,255.6,255.65,1840
2024-11-07 07:15:00+00:00,255.65,256.0,255.65,256.0,118
2024-11-07 07:20:00+00:00,256.0,256.0,255.4,255.4,1549
2024-11-07 07:25:00+00:00,255.4,256.1,255.4,256.05,525
2024-11-07 07:30:00+00:00,256.05,256.3,255.5,255.5,697
2024-11-07 07:35:00+00:00,255.9,256.1,255.5,256.1,929
2024-11-07 07:40:00+00:00,256.1,256.25,255.35,255.35,277
2024-11-07 07:45:00+00:00,255.35,256.0,255.15,255.15,2049
2024-11-07 07:50:00+00:00,255.15,255.45,254.75,254.75,833
2024-11-07 07:55:00+00:00,255.5,255.5,254.35,254.35,1950
2024-11-07 08:00:00+00:00,254.35,254.85,254.25,254.3,1486
2024-11-07 08:05:00+00:00,254.3,254.9,254.3,254.9,649
2024-11-07 08:10:00+00:00,254.9,254.9,254.35,254.5,323
2024-11-07 08:15:00+00:00,254.5,254.5,253.15,253.3,3230
2024-11-07 08:20:00+00:00,253.3,254.0,253.3,253.75,533
2024-11-07 08:25:00+00:00,253.75,253.8,253.5,253.7,4581
2024-11-07 08:30:00+00:00,253.7,253.7,253.45,253.65,245
2024-11-07 08:35:00+00:00,253.65,253.7,253.5,253.5,1780
2024-11-07 08:40:00+00:00,253.9,253.95,253.55,253.95,537
2024-11-07 08:45:00+00:00,253.95,254.45,253.8,253.95,2224
2024-11-07 08:50:00+00:00,254.25,254.25,253.55,253.55,98
2024-11-07 08:55:00+00:00,253.55,254.05,251.8,252.8,6109
2024-11-07 09:00:00+00:00,252.8,253.05,252.8,253.0,332
2024-11-07 09:05:00+00:00,253.0,253.0,251.0,251.8,5434
2024-11-07 09:10:00+00:00,251.8,252.7,251.3,252.45,1819
2024-11-07 09:15:00+00:00,252.45,252.65,252.2,252.35,658
2024-11-07 09:20:00+00:00,252.35,252.5,251.35,252.1,4025
2024-11-07 09:25:00+00:00,252.1,254.15,251.65,253.5,5721
2024-11-07 09:30:00+00:00,253.5,254.6,253.15,253.3,8576
2024-11-07 09:35:00+00:00,253.3,253.6,252.2,252.6,2094
2024-11-07 09:40:00+00:00,252.6,253.45,252.5,252.9,942
2024-11-07 09:45:00+00:00,252.9,252.9,252.0,252.5,2510
2024-11-07 09:50:00+00:00,252.5,253.2,252.2,253.2,2294
2024-11-07 09:55:00+00:00,253.2,254.1,252.3,253.5,9004
2024-11-08 03:45:00+00:00,255.95,255.95,250.4,250.4,12053
2024-11-08 03:50:00+00:00,250.4,251.65,249.75,250.75,6396
2024-11-08 03:55:00+00:00,250.75,252.7,250.75,251.75,3080
2024-11-08 04:00:00+00:00,251.75,253.1,251.6,252.85,12644
2024-11-08 04:05:00+00:00,252.85,252.85,250.85,251.1,2011
2024-11-08 04:10:00+00:00,251.1,252.3,251.1,251.4,1910
2024-11-08 04:15:00+00:00,251.4,252.95,251.4,252.55,3563
2024-11-08 04:20:00+00:00,252.55,252.75,251.0,251.5,10638
2024-11-08 04:25:00+00:00,251.5,251.5,250.6,251.0,2532
2024-11-08 04:30:00+00:00,251.0,251.45,251.0,251.0,583
2024-11-08 04:35:00+00:00,251.0,251.0,250.75,250.95,1014
2024-11-08 04:40:00+00:00,250.95,251.25,250.5,251.25,3133
2024-11-08 04:45:00+00:00,251.25,251.25,250.5,251.2,571
2024-11-08 04:50:00+00:00,251.2,251.25,250.75,250.8,3179
2024-11-08 04:55:00+00:00,250.8,250.9,250.5,250.5,704
2024-11-08 05:00:00+00:00,250.5,251.0,249.95,250.5,15374
2024-11-08 05:05:00+00:00,250.5,250.95,250.5,250.95,304
2024-11-08 05:10:00+00:00,250.95,250.95,250.5,250.6,1237
2024-11-08 05:15:00+00:00,250.6,251.4,250.6,251.4,2021
2024-11-08 05:20:00+00:00,251.4,251.4,250.0,250.0,4350
2024-11-08 05:25:00+00:00,250.0,250.5,250.0,250.1,376
2024-11-08 05:30:00+00:00,250.1,250.5,250.1,250.5,25
2024-11-08 05:35:00+00:00,250.5,250.5,250.05,250.45,226
2024-11-08 05:40:00+00:00,250.45,250.45,250.45,250.45,422
2024-11-08 05:45:00+00:00,250.45,250.45,249.9,249.9,1178
2024-11-08 05:50:00+00:00,249.9,250.2,249.25,249.6,1206
2024-11-08 05:55:00+00:00,249.6,249.75,249.25,249.55,726
2024-11-08 06:00:00+00:00,249.55,249.6,249.2,249.25,119
2024-11-08 06:05:00+00:00,249.25,249.3,248.9,248.9,2336
2024-11-08 06:10:00+00:00,248.9,249.7,248.9,249.7,488
2024-11-08 06:15:00+00:00,249.7,249.9,249.55,249.55,445
2024-11-08 06:20:00+00:00,249.55,249.8,247.95,247.95,9028
2024-11-08 06:25:00+00:00,248.0,248.3,247.9,248.3,821
2024-11-08 06:30:00+00:00,248.3,248.45,248.0,248.45,1670
2024-11-08 06:35:00+00:00,248.45,248.45,248.0,248.0,727
2024-11-08 06:40:00+00:00,248.0,248.05,247.0,247.5,3493
2024-11-08 06:45:00+00:00,247.5,248.1,247.5,248.1,544
2024-11-08 06:50:00+00:00,248.1,248.4,247.8,247.8,228
2024-11-08 06:55:00+00:00,247.8,248.3,247.8,248.2,442
2024-11-08 07:00:00+00:00,248.2,248.7,248.2,248.7,652
2024-11-08 07:05:00+00:00,248.7,248.95,248.7,248.95,1112
2024-11-08 07:10:00+00:00,248.95,248.95,248.0,248.4,433
2024-11-08 07:15:00+00:00,248.4,248.4,248.1,248.1,607
2024-11-08 07:20:00+00:00,248.1,249.0,248.1,249.0,1110
2024-11-08 07:25:00+00:00,249.0,249.0,248.75,249.0,146
2024-11-08 07:30:00+00:00,249.0,249.0,248.65,248.65,247
2024-11-08 07:35:00+00:00,248.65,249.0,248.6,248.6,49
2024-11-08 07:40:00+00:00,248.6,249.85,248.6,249.85,2669
2024-11-08 07:45:00+00:00,249.85,249.85,248.8,249.15,508
2024-11-08 07:50:00+00:00,249.15,249.85,249.05,249.85,814
2024-11-08 07:55:00+00:00,249.85,250.0,249.0,249.0,3853
2024-11-08 08:00:00+00:00,249.0,249.85,249.0,249.85,1542
2024-11-08 08:05:00+00:00,249.85,249.85,249.35,249.65,457
2024-11-08 08:10:00+00:00,249.65,249.8,248.4,248.8,990
2024-11-08 08:15:00+00:00,248.8,248.85,248.1,248.85,1743
2024-11-08 08:20:00+00:00,248.85,248.95,248.5,248.9,504
2024-11-08 08:25:00+00:00,248.9,248.95,247.6,247.6,5378
2024-11-08 08:30:00+00:00,247.6,247.95,247.2,247.95,1797
2024-11-08 08:35:00+00:00,247.95,248.0,247.0,247.0,1567
2024-11-08 08:40:00+00:00,247.05,247.85,247.05,247.5,235
2024-11-08 08:45:00+00:00,247.5,247.6,247.0,247.6,2271
2024-11-08 08:50:00+00:00,247.6,247.95,247.25,247.95,241
2024-11-08 08:55:00+00:00,247.95,248.0,247.95,248.0,1061
2024-11-08 09:00:00+00:00,248.0,248.0,247.5,247.5,757
2024-11-08 09:05:00+00:00,247.5,247.5,247.05,247.05,661
2024-11-08 09:10:00+00:00,247.05,248.5,247.05,248.0,371
2024-11-08 09:15:00+00:00,248.0,248.5,247.65,248.05,1289
2024-11-08 09:20:00+00:00,248.05,248.5,247.6,248.2,559
2024-11-08 09:25:00+00:00,248.2,248.45,248.0,248.35,665
2024-11-08 09:30:00+00:00,248.35,248.35,247.9,248.0,1562
2024-11-08 09:35:00+00:00,248.0,248.35,247.0,247.5,6682
2024-11-08 09:40:00+00:00,247.3,247.7,246.0,246.9,5586
2024-11-08 09:45:00+00:00,246.9,247.8,246.0,246.95,4866
2024-11-08 09:50:00+00:00,246.95,246.95,245.2,246.6,10762
2024-11-08 09:55:00+00:00,246.6,246.95,245.5,246.95,7019
2024-11-11 03:45:00+00:00,247.0,247.7,240.0,240.8,18653
2024-11-11 03:50:00+00:00,241.0,245.6,241.0,243.0,24820
2024-11-11 03:55:00+00:00,243.0,243.0,239.95,240.95,18225
2024-11-11 04:00:00+00:00,240.95,242.4,240.8,242.0,6783
2024-11-11 04:05:00+00:00,242.0,242.1,241.0,242.0,8112
2024-11-11 04:10:00+00:00,241.95,241.95,240.05,240.1,6459
2024-11-11 04:15:00+00:00,240.65,243.0,239.1,242.95,15888
2024-11-11 04:20:00+00:00,243.2,243.2,241.3,241.8,2911
2024-11-11 04:25:00+00:00,241.8,242.9,240.55,241.0,5231
2024-11-11 04:30:00+00:00,241.0,241.75,241.0,241.0,404
2024-11-11 04:35:00+00:00,241.0,242.2,240.85,241.5,5304
2024-11-11 04:40:00+00:00,241.5,242.3,241.35,241.35,3512
2024-11-11 04:45:00+00:00,241.6,241.85,241.0,241.0,2021
2024-11-11 04:50:00+00:00,240.35,241.5,240.35,240.85,474
2024-11-11 04:55:00+00:00,240.85,242.1,240.85,241.85,3217
2024-11-11 05:00:00+00:00,241.85,242.5,241.45,241.5,2495
2024-11-11 05:05:00+00:00,241.5,242.2,241.3,241.95,972
2024-11-11 05:10:00+00:00,241.95,242.4,241.8,241.8,1029
2024-11-11 05:15:00+00:00,241.8,242.0,241.8,241.8,426
2024-11-11 05:20:00+00:00,241.8,241.8,241.5,241.8,365
2024-11-11 05:25:00+00:00,241.8,242.5,241.3,242.5,2345
2024-11-11 05:30:00+00:00,242.8,243.85,242.5,243.2,2052
2024-11-11 05:35:00+00:00,243.2,243.45,242.75,243.1,1075
2024-11-11 05:40:00+00:00,243.1,244.6,243.1,244.5,3243
2024-11-11 05:45:00+00:00,244.5,245.0,244.2,245.0,1456
2024-11-11 05:50:00+00:00,245.0,245.0,244.3,244.75,262
2024-11-11 05:55:00+00:00,244.75,244.9,244.45,244.9,509
2024-11-11 06:00:00+00:00,244.9,244.9,244.4,244.4,60
2024-11-11 06:05:00+00:00,244.4,244.7,244.2,244.3,262
2024-11-11 06:10:00+00:00,244.3,244.3,243.8,244.0,2888
2024-11-11 06:15:00+00:00,244.0,244.65,243.65,244.3,1414
2024-11-11 06:20:00+00:00,244.3,244.35,243.25,244.35,706
2024-11-11 06:25:00+00:00,244.35,244.35,243.85,244.0,195
2024-11-11 06:30:00+00:00,244.0,244.0,243.1,243.15,857
2024-11-11 06:35:00+00:00,243.15,243.5,243.05,243.15,605
2024-11-11 06:40:00+00:00,243.15,243.15,240.4,241.8,26702
2024-11-11 06:45:00+00:00,241.8,242.0,240.75,240.75,2013
2024-11-11 06:50:00+00:00,240.75,241.2,240.1,240.95,1920
2024-11-11 06:55:00+00:00,240.95,241.4,240.3,241.4,1663
2024-11-11 07:00:00+00:00,241.45,241.5,241.05,241.3,405
2024-11-11 07:05:00+00:00,241.3,241.3,240.05,240.9,1244
2024-11-11 07:10:00+00:00,240.9,240.95,239.65,240.7,3629
2024-11-11 07:15:00+00:00,240.7,241.0,240.3,241.0,1454
2024-11-11 07:20:00+00:00,241.0,241.55,240.7,241.55,904
2024-11-11 07:25:00+00:00,241.55,241.75,241.2,241.2,1127
2024-11-11 07:30:00+00:00,241.25,242.0,241.2,242.0,517
2024-11-11 07:35:00+00:00,242.0,242.1,241.5,241.55,1419
2024-11-11 07:40:00+00:00,241.55,241.6,241.2,241.25,289
2024-11-11 07:45:00+00:00,241.25,241.95,241.2,241.2,808
2024-11-11 07:50:00+00:00,241.2,241.55,241.0,241.2,851
2024-11-11 07:55:00+00:00,241.2,241.75,241.2,241.45,843
2024-11-11 08:00:00+00:00,241.45,241.7,241.25,241.3,898
2024-11-11 08:05:00+00:00,241.3,241.45,241.05,241.05,554
2024-11-11 08:10:00+00:00,241.05,242.0,241.05,241.15,1342
2024-11-11 08:15:00+00:00,241.15,241.9,241.05,241.2,2515
2024-11-11 08:20:00+00:00,241.2,241.6,241.0,241.4,2081
2024-11-11 08:25:00+00:00,241.65,241.65,241.2,241.65,223
2024-11-11 08:30:00+00:00,241.65,241.85,241.2,241.25,1056
2024-11-11 08:35:00+00:00,241.25,241.25,240.15,240.9,2548
2024-11-11 08:40:00+00:00,240.9,240.95,239.7,239.7,2017
2024-11-11 08:45:00+00:00,239.7,240.35,239.0,240.25,5391
2024-11-11 08:50:00+00:00,240.25,240.4,238.0,239.7,8799
2024-11-11 08:55:00+00:00,239.7,239.9,239.3,239.7,1361
2024-11-11 09:00:00+00:00,239.7,240.2,239.45,240.2,826
2024-11-11 09:05:00+00:00,240.2,240.5,239.7,239.7,430
2024-11-11 09:10:00+00:00,240.0,240.4,239.6,240.15,2079
2024-11-11 09:15:00+00:00,240.15,240.55,240.0,240.0,565
2024-11-11 09:20:00+00:00,240.0,240.4,240.0,240.0,440
2024-11-11 09:25:00+00:00,240.0,240.0,239.3,239.45,1209
2024-11-11 09:30:00+00:00,240.0,240.0,238.8,239.75,3252
2024-11-11 09:35:00+00:00,239.75,239.75,238.8,239.3,4654
2024-11-11 09:40:00+00:00,239.3,239.65,238.8,239.45,643
2024-11-11 09:45:00+00:00,239.45,239.8,238.7,239.8,4952
2024-11-11 09:50:00+00:00,239.85,239.85,238.35,239.2,5756
2024-11-11 09:55:00+00:00,239.2,239.95,238.35,239.6,2989
2024-11-12 03:45:00+00:00,241.6,243.8,240.8,240.85,9127
2024-11-12 03:50:00+00:00,240.85,243.45,240.85,243.0,3306
2024-11-12 03:55:00+00:00,243.35,243.75,242.8,242.85,3083
2024-11-12 04:00:00+00:00,242.3,243.35,241.85,243.35,4050
2024-11-12 04:05:00+00:00,243.35,243.35,241.05,241.15,2083
2024-11-12 04:10:00+00:00,241.15,241.95,241.15,241.95,1677
2024-11-12 04:15:00+00:00,241.95,242.0,241.0,241.25,1035
2024-11-12 04:20:00+00:00,241.25,241.25,240.25,240.95,2655
2024-11-12 04:25:00+00:00,240.95,242.2,240.6,242.0,2658
2024-11-12 04:30:00+00:00,242.0,242.5,241.55,241.55,1217
2024-11-12 04:35:00+00:00,241.55,242.0,241.5,241.8,670
2024-11-12 04:40:00+00:00,241.8,242.0,241.5,242.0,258
2024-11-12 04:45:00+00:00,242.0,242.05,241.6,242.05,391
2024-11-12 04:50:00+00:00,242.05,242.95,242.05,242.15,2429
2024-11-12 04:55:00+00:00,242.15,242.9,241.95,242.9,1160
2024-11-12 05:00:00+00:00,242.9,243.0,242.7,242.7,1219
2024-11-12 05:05:00+00:00,242.7,242.7,242.3,242.55,1017
2024-11-12 05:10:00+00:00,242.55,242.55,242.15,242.15,1044
2024-11-12 05:15:00+00:00,242.15,242.15,241.9,242.15,2542
2024-11-12 05:20:00+00:00,242.15,242.15,242.05,242.05,1
2024-11-12 05:25:00+00:00,242.0,242.8,241.75,242.5,2096
2024-11-12 05:30:00+00:00,242.45,242.5,242.1,242.1,79
2024-11-12 05:35:00+00:00,242.1,243.2,242.1,242.7,1908
2024-11-12 05:40:00+00:00,242.7,243.05,242.6,242.6,194
2024-11-12 05:45:00+00:00,242.6,242.95,242.25,242.25,1499
2024-11-12 05:50:00+00:00,242.25,243.3,242.25,243.3,2313
2024-11-12 05:55:00+00:00,243.05,243.05,243.0,243.0,257
2024-11-12 06:00:00+00:00,243.0,243.0,242.45,242.45,691
2024-11-12 06:05:00+00:00,242.45,242.9,242.45,242.9,1014
2024-11-12 06:10:00+00:00,242.9,242.95,242.45,242.45,654
2024-11-12 06:15:00+00:00,242.45,242.85,242.45,242.85,414
2024-11-12 06:20:00+00:00,242.85,243.0,242.6,242.9,484
2024-11-12 06:25:00+00:00,242.9,242.9,242.25,242.25,1110
2024-11-12 06:30:00+00:00,242.6,242.6,241.55,241.55,1887
2024-11-12 06:35:00+00:00,241.55,241.85,241.25,241.25,3138
2024-11-12 06:40:00+00:00,241.25,241.6,241.05,241.05,496
2024-11-12 06:45:00+00:00,241.05,241.45,240.0,241.2,5122
2024-11-12 06:50:00+00:00,241.2,241.2,240.4,240.45,719
2024-11-12 06:55:00+00:00,240.45,240.5,240.3,240.5,566
2024-11-12 07:00:00+00:00,240.5,240.75,240.3,240.75,500
2024-11-12 07:05:00+00:00,240.75,240.95,240.65,240.95,96
2024-11-12 07:10:00+00:00,241.15,241.15,240.3,240.65,2584
2024-11-12 07:15:00+00:00,240.65,241.0,240.35,240.7,496
2024-11-12 07:20:00+00:00,240.7,240.7,240.3,240.3,243
2024-11-12 07:25:00+00:00,240.3,240.8,240.2,240.2,4051
2024-11-12 07:30:00+00:00,240.2,240.4,240.15,240.3,481
2024-11-12 07:35:00+00:00,240.3,240.6,240.0,240.6,2614
2024-11-12 07:40:00+00:00,240.6,240.75,240.5,240.6,245
2024-11-12 07:45:00+00:00,240.6,240.9,239.05,239.25,6105
2024-11-12 07:50:00+00:00,239.25,239.85,239.25,239.5,232
2024-11-12 07:55:00+00:00,239.5,239.5,239.5,239.5,16
2024-11-12 08:00:00+00:00,239.5,239.5,239.15,239.5,243
2024-11-12 08:05:00+00:00,239.5,239.75,239.5,239.5,239
2024-11-12 08:10:00+00:00,239.5,240.15,239.5,240.15,687
2024-11-12 08:15:00+00:00,240.15,240.2,239.55,239.75,864
2024-11-12 08:20:00+00:00,239.75,239.85,239.6,239.75,314
2024-11-12 08:25:00+00:00,239.75,239.95,239.6,239.95,62
2024-11-12 08:30:00+00:00,239.95,240.6,239.65,239.85,1468
2024-11-12 08:35:00+00:00,239.85,240.45,239.75,239.75,799
2024-11-12 08:40:00+00:00,239.75,240.1,239.75,239.8,162
2024-11-12 08:45:00+00:00,239.8,240.5,239.8,240.5,515
2024-11-12 08:50:00+00:00,240.5,240.5,239.75,239.75,180
2024-11-12 08:55:00+00:00,240.0,240.4,239.85,239.95,303
2024-11-12 09:00:00+00:00,239.95,239.95,239.55,239.9,270
2024-11-12 09:05:00+00:00,239.9,240.0,239.7,239.7,249
2024-11-12 09:10:00+00:00,239.7,240.05,239.6,240.05,329
2024-11-12 09:15:00+00:00,240.05,240.05,239.65,239.8,481
2024-11-12 09:20:00+00:00,239.8,239.8,239.4,239.55,1274
2024-11-12 09:25:00+00:00,239.55,239.55,239.4,239.4,658
2024-11-12 09:30:00+00:00,239.4,239.4,238.5,238.5,3047
2024-11-12 09:35:00+00:00,238.5,238.6,238.25,238.5,1331
2024-11-12 09:40:00+00:00,238.5,238.7,237.4,237.4,3539
2024-11-12 09:45:00+00:00,238.0,238.0,237.25,237.75,3868
2024-11-12 09:50:00+00:00,237.75,238.0,237.5,237.6,2375
2024-11-12 09:55:00+00:00,237.8,238.0,237.5,237.95,6084
2024-11-13 03:45:00+00:00,238.0,238.75,236.3,237.2,4877
2024-11-13 03:50:00+00:00,237.2,238.2,237.2,238.2,10377
2024-11-13 03:55:00+00:00,238.2,239.7,237.45,237.45,3789
2024-11-13 04:00:00+00:00,236.8,236.8,234.45,234.45,9903
2024-11-13 04:05:00+00:00,234.9,235.8,234.1,234.1,4379
2024-11-13 04:10:00+00:00,234.05,234.3,231.1,231.1,11146
2024-11-13 04:15:00+00:00,231.45,232.7,230.1,232.05,8203
2024-11-13 04:20:00+00:00,232.05,233.55,231.75,233.55,5416
2024-11-13 04:25:00+00:00,233.55,233.75,231.95,233.0,4341
2024-11-13 04:30:00+00:00,233.0,233.2,231.5,232.55,13238
2024-11-13 04:35:00+00:00,232.55,232.55,231.25,231.85,3162
2024-11-13 04:40:00+00:00,232.15,232.8,231.05,231.05,1976
2024-11-13 04:45:00+00:00,231.1,231.6,231.0,231.35,3219
2024-11-13 04:50:00+00:00,231.35,231.55,231.05,231.55,1120
2024-11-13 04:55:00+00:00,231.55,233.5,231.55,233.5,2209
2024-11-13 05:00:00+00:00,233.6,233.85,233.2,233.85,2778
2024-11-13 05:05:00+00:00,233.85,235.3,233.85,234.55,3223
2024-11-13 05:10:00+00:00,234.55,234.9,234.05,234.05,324
2024-11-13 05:15:00+00:00,234.05,234.1,233.75,233.75,1746
2024-11-13 05:20:00+00:00,233.75,234.1,233.5,234.05,539
2024-11-13 05:25:00+00:00,234.05,234.05,233.7,233.95,123
2024-11-13 05:30:00+00:00,233.95,234.05,233.95,234.05,142
2024-11-13 05:35:00+00:00,234.05,234.05,233.2,233.2,195
2024-11-13 05:40:00+00:00,233.2,233.6,232.75,233.15,1255
2024-11-13 05:45:00+00:00,233.15,233.9,233.0,233.05,240
2024-11-13 05:50:00+00:00,233.05,233.2,233.0,233.2,125
2024-11-13 05:55:00+00:00,233.2,233.3,231.35,231.55,5469
2024-11-13 06:00:00+00:00,231.55,231.95,231.05,231.95,845
2024-11-13 06:05:00+00:00,231.95,231.95,230.8,231.4,980
2024-11-13 06:10:00+00:00,231.4,231.4,230.65,231.0,2022
2024-11-13 06:15:00+00:00,231.0,231.3,230.75,231.3,513
2024-11-13 06:20:00+00:00,231.3,231.3,230.75,230.95,1079
2024-11-13 06:25:00+00:00,230.95,231.1,230.7,230.9,375
2024-11-13 06:30:00+00:00,230.6,231.15,230.6,230.7,2098
2024-11-13 06:35:00+00:00,230.7,231.0,230.15,230.15,3819
2024-11-13 06:40:00+00:00,230.15,230.5,229.25,230.15,8826
2024-11-13 06:45:00+00:00,230.15,231.05,230.15,230.6,506
2024-11-13 06:50:00+00:00,230.6,231.05,230.5,230.5,1027
2024-11-13 06:55:00+00:00,230.5,230.95,230.25,230.75,1519
2024-11-13 07:00:00+00:00,230.75,231.0,230.75,231.0,1
2024-11-13 07:05:00+00:00,231.2,231.2,231.0,231.0,4
2024-11-13 07:10:00+00:00,231.0,231.0,230.45,230.5,1381
2024-11-13 07:15:00+00:00,230.5,230.6,230.15,230.2,403
2024-11-13 07:20:00+00:00,230.2,230.3,230.0,230.0,1798
2024-11-13 07:25:00+00:00,230.0,230.0,229.1,229.1,556
2024-11-13 07:30:00+00:00,229.05,229.75,228.3,228.8,4335
2024-11-13 07:35:00+00:00,228.8,229.7,228.8,229.7,659
2024-11-13 07:40:00+00:00,229.7,230.25,229.7,230.25,4029
2024-11-13 07:45:00+00:00,230.25,230.25,229.1,229.7,296
2024-11-13 07:50:00+00:00,229.35,229.7,229.0,229.15,448
2024-11-13 07:55:00+00:00,229.15,229.45,228.6,229.45,494
2024-11-13 08:00:00+00:00,229.45,229.7,229.0,229.0,944
2024-11-13 08:05:00+00:00,229.0,230.2,229.0,230.0,787
2024-11-13 08:10:00+00:00,230.0,230.0,229.0,229.5,1729
2024-11-13 08:15:00+00:00,229.5,230.45,229.5,230.45,392
2024-11-13 08:20:00+00:00,230.45,230.45,229.2,229.2,2510
2024-11-13 08:25:00+00:00,229.2,230.35,229.2,230.0,1084
2024-11-13 08:30:00+00:00,230.0,230.2,230.0,230.05,435
2024-11-13 08:35:00+00:00,230.05,230.7,230.05,230.7,160
2024-11-13 08:40:00+00:00,230.7,230.7,230.0,230.0,2800
2024-11-13 08:45:00+00:00,230.0,230.0,229.6,229.6,1318
2024-11-13 08:50:00+00:00,229.6,229.85,229.55,229.85,334
2024-11-13 08:55:00+00:00,229.55,229.85,229.0,229.0,1855
2024-11-13 09:00:00+00:00,229.0,229.35,228.8,228.8,1547
2024-11-13 09:05:00+00:00,228.8,229.25,228.25,228.55,959
2024-11-13 09:10:00+00:00,228.55,229.05,228.2,228.95,1431
2024-11-13 09:15:00+00:00,228.95,228.95,228.0,228.4,2297
2024-11-13 09:20:00+00:00,228.4,228.8,228.0,228.2,473
2024-11-13 09:25:00+00:00,228.2,228.65,228.05,228.5,1058
2024-11-13 09:30:00+00:00,228.5,228.5,227.2,227.2,3143
2024-11-13 09:35:00+00:00,227.6,228.25,227.2,228.25,1968
2024-11-13 09:40:00+00:00,228.25,228.5,227.2,228.05,4731
2024-11-13 09:45:00+00:00,228.05,228.8,227.5,228.15,3173
2024-11-13 09:50:00+00:00,228.15,229.6,227.45,229.35,5397
2024-11-13 09:55:00+00:00,229.35,229.85,228.0,229.6,2650
2024-11-14 03:45:00+00:00,228.45,232.0,228.45,228.6,4800
2024-11-14 03:50:00+00:00,228.95,230.85,228.05,230.85,7417
2024-11-14 03:55:00+00:00,230.85,233.0,228.8,229.0,7706
2024-11-14 04:00:00+00:00,229.0,229.3,227.5,228.55,10627
2024-11-14 04:05:00+00:00,228.55,230.05,228.55,229.55,2695
2024-11-14 04:10:00+00:00,229.55,229.55,227.85,227.9,3709
2024-11-14 04:15:00+00:00,227.9,228.9,227.55,228.35,3179
2024-11-14 04:20:00+00:00,228.35,229.6,227.85,229.6,2142
2024-11-14 04:25:00+00:00,229.6,232.9,229.15,231.75,5052
2024-11-14 04:30:00+00:00,231.75,232.9,231.75,232.5,2686
2024-11-14 04:35:00+00:00,232.5,232.6,231.5,231.5,1734
2024-11-14 04:40:00+00:00,231.5,232.75,231.5,232.75,1470
2024-11-14 04:45:00+00:00,232.75,233.1,231.3,232.1,3405
2024-11-14 04:50:00+00:00,232.1,232.1,231.0,231.25,1098
2024-11-14 04:55:00+00:00,231.25,232.0,230.65,230.65,2295
2024-11-14 05:00:00+00:00,230.65,231.35,230.65,230.85,618
2024-11-14 05:05:00+00:00,230.85,231.25,230.3,230.3,2322
2024-11-14 05:10:00+00:00,230.3,230.3,229.5,229.5,1226
2024-11-14 05:15:00+00:00,229.5,229.7,229.0,229.7,798
2024-11-14 05:20:00+00:00,229.7,229.7,228.0,228.3,2690
2024-11-14 05:25:00+00:00,228.3,229.45,228.2,228.35,1330
2024-11-14 05:30:00+00:00,228.35,228.45,228.0,228.2,351
2024-11-14 05:35:00+00:00,228.2,228.4,226.75,228.05,5192
2024-11-14 05:40:00+00:00,228.05,228.05,227.65,227.65,244
2024-11-14 05:45:00+00:00,227.65,228.1,227.5,228.1,878
2024-11-14 05:50:00+00:00,227.05,227.95,227.05,227.85,2337
2024-11-14 05:55:00+00:00,227.85,227.9,227.65,227.75,131
2024-11-14 06:00:00+00:00,227.5,227.6,226.95,227.6,398
2024-11-14 06:05:00+00:00,227.6,227.8,227.6,227.75,123
2024-11-14 06:10:00+00:00,227.75,228.3,227.7,227.7,900
2024-11-14 06:15:00+00:00,227.7,227.8,227.2,227.6,1632
2024-11-14 06:20:00+00:00,227.6,227.9,227.25,227.4,347
2024-11-14 06:25:00+00:00,227.4,227.75,227.25,227.25,99
2024-11-14 06:30:00+00:00,227.25,228.3,227.25,227.9,1345
2024-11-14 06:35:00+00:00,227.9,229.5,227.9,228.9,1903
2024-11-14 06:40:00+00:00,228.9,229.35,228.9,229.35,1179
2024-11-14 06:45:00+00:00,229.35,230.0,229.3,229.7,3180
2024-11-14 06:50:00+00:00,229.7,229.8,229.2,229.5,539
2024-11-14 06:55:00+00:00,229.5,229.5,229.05,229.5,1551
2024-11-14 07:00:00+00:00,229.5,230.55,229.45,230.35,3532
2024-11-14 07:05:00+00:00,230.35,231.0,230.0,230.0,5938
2024-11-14 07:10:00+00:00,230.05,230.9,230.0,230.9,564
2024-11-14 07:15:00+00:00,231.0,232.0,230.6,232.0,1524
2024-11-14 07:20:00+00:00,232.0,232.0,230.6,230.8,6410
2024-11-14 07:25:00+00:00,231.2,231.2,230.25,230.25,685
2024-11-14 07:30:00+00:00,230.25,230.75,230.25,230.75,205
2024-11-14 07:35:00+00:00,230.75,231.65,230.75,231.4,3006
2024-11-14 07:40:00+00:00,231.4,232.75,231.4,232.6,1906
2024-11-14 07:45:00+00:00,232.6,233.0,232.35,233.0,3063
2024-11-14 07:50:00+00:00,233.0,233.0,232.5,232.65,385
2024-11-14 07:55:00+00:00,232.7,232.8,232.0,232.2,1038
2024-11-14 08:00:00+00:00,232.2,232.3,232.0,232.0,163
2024-11-14 08:05:00+00:00,231.8,260.0,231.8,243.9,168060
2024-11-14 08:10:00+00:00,243.9,248.3,242.2,242.6,85079
2024-11-14 08:15:00+00:00,243.25,248.55,242.0,248.55,49749
2024-11-14 08:20:00+00:00,248.6,248.6,245.6,245.6,38082
2024-11-14 08:25:00+00:00,245.6,248.0,242.7,242.85,52975
2024-11-14 08:30:00+00:00,242.85,244.0,240.35,241.85,36377
2024-11-14 08:35:00+00:00,241.85,242.6,241.15,241.7,10912
2024-11-14 08:40:00+00:00,241.7,244.0,241.7,243.7,15202
2024-11-14 08:45:00+00:00,243.05,245.5,243.05,243.95,25380
2024-11-14 08:50:00+00:00,243.95,244.8,243.0,243.7,6167
2024-11-14 08:55:00+00:00,243.7,245.0,242.55,242.85,7734
2024-11-14 09:00:00+00:00,242.85,243.7,242.25,243.05,7824
2024-11-14 09:05:00+00:00,243.05,244.75,242.65,243.7,8718
2024-11-14 09:10:00+00:00,243.7,245.0,243.7,244.6,6836
2024-11-14 09:15:00+00:00,244.6,244.8,242.3,242.3,8363
2024-11-14 09:20:00+00:00,242.3,244.0,241.0,244.0,18745
2024-11-14 09:25:00+00:00,244.0,244.0,242.25,242.8,7436
2024-11-14 09:30:00+00:00,242.8,242.95,240.1,240.15,11461
2024-11-14 09:35:00+00:00,240.15,240.7,237.55,239.5,24845
2024-11-14 09:40:00+00:00,239.5,242.3,239.5,241.7,17565
2024-11-14 09:45:00+00:00,241.7,241.7,239.85,240.25,14992
2024-11-14 09:50:00+00:00,240.25,244.0,240.25,241.7,24587
2024-11-14 09:55:00+00:00,241.45,241.85,240.0,240.15,25765
2024-11-18 03:45:00+00:00,242.05,242.1,234.3,234.95,14525
2024-11-18 03:50:00+00:00,234.95,236.55,234.95,236.05,6353
2024-11-18 03:55:00+00:00,236.05,236.4,232.55,232.55,11323
2024-11-18 04:00:00+00:00,232.85,233.8,231.55,232.1,12596
2024-11-18 04:05:00+00:00,232.1,232.7,230.9,230.9,6384
2024-11-18 04:10:00+00:00,230.9,231.4,230.1,230.25,8563
2024-11-18 04:15:00+00:00,230.2,232.85,229.8,232.1,13513
2024-11-18 04:20:00+00:00,232.1,233.85,232.05,232.95,8052
2024-11-18 04:25:00+00:00,232.95,234.4,231.05,231.05,14341
2024-11-18 04:30:00+00:00,231.05,232.85,231.05,232.5,6473
2024-11-18 04:35:00+00:00,232.5,234.8,232.1,234.0,8887
2024-11-18 04:40:00+00:00,234.0,234.95,234.0,234.05,4847
2024-11-18 04:45:00+00:00,234.05,234.75,233.85,234.3,3928
2024-11-18 04:50:00+00:00,234.3,234.8,234.25,234.4,2583
2024-11-18 04:55:00+00:00,234.4,234.55,234.0,234.0,1935
2024-11-18 05:00:00+00:00,234.0,234.45,233.4,233.9,1875
2024-11-18 05:05:00+00:00,233.9,233.95,233.2,233.2,1116
2024-11-18 05:10:00+00:00,233.2,233.25,232.35,233.25,7275
2024-11-18 05:15:00+00:00,233.25,233.25,232.3,232.5,1290
2024-11-18 05:20:00+00:00,232.5,232.95,231.6,231.6,6770
2024-11-18 05:25:00+00:00,231.6,231.85,230.6,230.9,13164
2024-11-18 05:30:00+00:00,231.35,232.65,230.9,232.0,2764
2024-11-18 05:35:00+00:00,232.3,232.3,232.05,232.3,1044
2024-11-18 05:40:00+00:00,232.3,232.3,232.0,232.3,164
2024-11-18 05:45:00+00:00,232.3,232.8,232.3,232.8,526
2024-11-18 05:50:00+00:00,232.8,234.0,232.55,234.0,873
2024-11-18 05:55:00+00:00,234.0,234.0,232.95,233.45,3097
2024-11-18 06:00:00+00:00,233.45,233.45,232.85,232.85,1051
2024-11-18 06:05:00+00:00,232.85,233.3,232.85,233.3,111
2024-11-18 06:10:00+00:00,233.3,233.4,233.0,233.0,498
2024-11-18 06:15:00+00:00,233.0,233.6,233.0,233.6,827
2024-11-18 06:20:00+00:00,233.6,233.85,233.4,233.4,1227
2024-11-18 06:25:00+00:00,233.4,233.85,233.3,233.85,290
2024-11-18 06:30:00+00:00,233.85,234.55,233.65,234.1,3207
2024-11-18 06:35:00+00:00,234.1,234.55,234.1,234.5,1498
2024-11-18 06:40:00+00:00,234.5,235.8,234.4,235.3,5140
2024-11-18 06:45:00+00:00,235.3,237.65,235.0,236.95,8882
2024-11-18 06:50:00+00:00,236.95,237.0,236.5,236.85,1557
2024-11-18 06:55:00+00:00,236.9,237.55,236.5,237.2,1991
2024-11-18 07:00:00+00:00,237.2,240.4,237.1,238.45,34899
2024-11-18 07:05:00+00:00,238.45,238.5,237.75,238.0,4559
2024-11-18 07:10:00+00:00,238.0,238.2,237.45,238.2,1694
2024-11-18 07:15:00+00:00,238.2,238.6,237.5,238.6,2770
2024-11-18 07:20:00+00:00,238.6,238.6,236.4,236.45,4189
2024-11-18 07:25:00+00:00,236.6,237.55,236.5,237.35,1520
2024-11-18 07:30:00+00:00,237.35,238.2,236.4,237.55,1882
2024-11-18 07:35:00+00:00,237.55,237.9,237.0,237.6,1365
2024-11-18 07:40:00+00:00,237.6,237.6,236.55,236.8,671
2024-11-18 07:45:00+00:00,237.0,237.7,237.0,237.05,1077
2024-11-18 07:50:00+00:00,237.05,237.05,236.4,236.5,220
2024-11-18 07:55:00+00:00,236.5,236.9,236.25,236.65,1761
2024-11-18 08:00:00+00:00,236.65,236.65,236.3,236.6,113
2024-11-18 08:05:00+00:00,236.6,237.4,236.6,237.4,496
2024-11-18 08:10:00+00:00,237.4,237.4,237.0,237.3,83
2024-11-18 08:15:00+00:00,237.3,237.4,237.0,237.4,113
2024-11-18 08:20:00+00:00,237.4,237.65,237.05,237.05,6583
2024-11-18 08:25:00+00:00,237.05,238.0,237.05,237.55,1789
2024-11-18 08:30:00+00:00,237.55,239.9,237.45,239.9,9128
2024-11-18 08:35:00+00:00,239.85,239.85,238.55,239.85,1746
2024-11-18 08:40:00+00:00,239.85,239.85,238.15,238.85,1087
2024-11-18 08:45:00+00:00,238.85,239.05,238.5,239.05,1731
2024-11-18 08:50:00+00:00,238.95,239.0,238.05,238.4,1215
2024-11-18 08:55:00+00:00,238.4,238.65,237.15,237.15,2357
2024-11-18 09:00:00+00:00,237.15,237.35,236.5,236.5,807
2024-11-18 09:05:00+00:00,236.5,237.0,236.4,236.6,592
2024-11-18 09:10:00+00:00,236.6,237.2,236.45,236.95,935
2024-11-18 09:15:00+00:00,236.95,237.35,236.85,236.85,80
2024-11-18 09:20:00+00:00,236.85,237.5,236.75,237.5,339
2024-11-18 09:25:00+00:00,237.5,237.5,236.9,236.9,1305
2024-11-18 09:30:00+00:00,236.9,238.5,236.9,238.15,1774
2024-11-18 09:35:00+00:00,238.15,239.55,238.0,239.55,4909
2024-11-18 09:40:00+00:00,239.55,239.7,237.0,237.0,4989
2024-11-18 09:45:00+00:00,237.0,237.75,236.2,236.65,8203
2024-11-18 09:50:00+00:00,236.0,238.0,236.0,236.3,5394
2024-11-18 09:55:00+00:00,236.3,236.7,235.5,235.5,4748
2024-11-19 03:45:00+00:00,237.0,241.15,236.85,239.9,9107
2024-11-19 03:50:00+00:00,239.9,241.7,239.15,239.65,4778
2024-11-19 03:55:00+00:00,239.25,240.25,238.4,240.1,3504
2024-11-19 04:00:00+00:00,240.1,240.7,239.05,240.5,3402
2024-11-19 04:05:00+00:00,240.5,240.7,239.75,240.4,2797
2024-11-19 04:10:00+00:00,240.4,240.9,239.5,240.85,1268
2024-11-19 04:15:00+00:00,240.85,241.95,240.8,241.55,3914
2024-11-19 04:20:00+00:00,241.55,241.6,240.25,240.95,2889
2024-11-19 04:25:00+00:00,240.95,241.95,240.3,241.0,3055
2024-11-19 04:30:00+00:00,241.0,241.55,240.55,241.05,1545
2024-11-19 04:35:00+00:00,241.05,241.05,239.55,240.0,4712
2024-11-19 04:40:00+00:00,240.0,240.45,239.55,240.45,1533
2024-11-19 04:45:00+00:00,240.45,240.45,239.5,240.1,516
2024-11-19 04:50:00+00:00,240.0,240.0,239.5,239.6,92
2024-11-19 04:55:00+00:00,239.6,240.8,239.6,240.55,1413
2024-11-19 05:00:00+00:00,240.55,242.95,240.55,241.55,9397
2024-11-19 05:05:00+00:00,241.55,243.4,241.4,242.5,3814
2024-11-19 05:10:00+00:00,241.8,243.5,241.8,242.5,3138
2024-11-19 05:15:00+00:00,242.5,242.5,240.5,240.5,3277
2024-11-19 05:20:00+00:00,240.5,241.95,240.5,240.6,2203
2024-11-19 05:25:00+00:00,240.6,240.85,237.05,237.25,21328
2024-11-19 05:30:00+00:00,237.25,237.85,237.05,237.8,7708
2024-11-19 05:35:00+00:00,237.8,238.0,237.15,238.0,1896
2024-11-19 05:40:00+00:00,238.0,238.4,237.95,238.4,2350
2024-11-19 05:45:00+00:00,238.65,238.9,238.3,238.6,897
2024-11-19 05:50:00+00:00,238.6,239.95,238.6,239.2,5865
2024-11-19 05:55:00+00:00,239.15,239.9,239.0,239.0,1490
2024-11-19 06:00:00+00:00,239.0,239.55,238.8,239.1,857
2024-11-19 06:05:00+00:00,239.1,239.95,239.1,239.2,1341
2024-11-19 06:10:00+00:00,239.2,239.6,237.9,238.4,6095
2024-11-19 06:15:00+00:00,238.4,238.5,237.6,238.5,2088
2024-11-19 06:20:00+00:00,238.5,238.5,237.6,238.0,2977
2024-11-19 06:25:00+00:00,238.0,238.0,237.05,237.05,3443
2024-11-19 06:30:00+00:00,237.05,237.8,237.05,237.7,277
2024-11-19 06:35:00+00:00,237.85,237.9,237.5,237.85,2010
2024-11-19 06:40:00+00:00,237.95,237.95,237.5,237.5,781
2024-11-19 06:45:00+00:00,237.5,238.25,237.1,238.25,606
2024-11-19 06:50:00+00:00,238.25,238.5,237.9,237.95,379
2024-11-19 06:55:00+00:00,237.65,238.0,237.1,237.5,207
2024-11-19 07:00:00+00:00,237.1,238.0,237.1,237.6,3364
2024-11-19 07:05:00+00:00,237.6,238.0,237.1,237.45,1523
2024-11-19 07:10:00+00:00,237.45,237.45,236.9,237.1,2907
2024-11-19 07:15:00+00:00,237.0,237.4,236.95,236.95,343
2024-11-19 07:20:00+00:00,236.95,237.35,236.8,237.35,353
2024-11-19 07:25:00+00:00,237.35,238.0,237.1,237.95,4727
2024-11-19 07:30:00+00:00,237.95,238.0,237.7,237.7,2043
2024-11-19 07:35:00+00:00,237.7,238.0,237.6,237.75,169
2024-11-19 07:40:00+00:00,237.75,237.95,237.75,237.95,200
2024-11-19 07:45:00+00:00,237.95,237.95,237.0,237.65,1032
2024-11-19 07:50:00+00:00,237.7,237.7,237.1,237.1,525
2024-11-19 07:55:00+00:00,237.1,237.45,236.8,237.35,880
2024-11-19 08:00:00+00:00,237.35,238.5,237.35,238.4,2846
2024-11-19 08:05:00+00:00,238.4,238.4,238.0,238.4,1061
2024-11-19 08:10:00+00:00,238.4,238.9,238.4,238.4,306
2024-11-19 08:15:00+00:00,238.4,238.6,238.35,238.4,301
2024-11-19 08:20:00+00:00,238.4,238.4,238.0,238.35,173
2024-11-19 08:25:00+00:00,238.3,238.7,238.15,238.5,1079
2024-11-19 08:30:00+00:00,238.5,238.5,238.0,238.0,1104
2024-11-19 08:35:00+00:00,238.0,238.4,238.0,238.0,512
2024-11-19 08:40:00+00:00,238.0,238.25,238.0,238.0,2363
2024-11-19 08:45:00+00:00,238.0,238.35,238.0,238.35,1219
2024-11-19 08:50:00+00:00,238.35,238.35,238.0,238.0,1102
2024-11-19 08:55:00+00:00,238.0,238.6,238.0,238.3,1790
2024-11-19 09:00:00+00:00,238.3,238.6,238.3,238.3,509
2024-11-19 09:05:00+00:00,238.3,238.7,238.0,238.4,601
2024-11-19 09:10:00+00:00,238.4,238.45,238.0,238.45,2170
2024-11-19 09:15:00+00:00,238.45,238.7,238.0,238.3,1024
2024-11-19 09:20:00+00:00,238.3,238.5,237.4,238.0,5344
2024-11-19 09:25:00+00:00,238.0,238.35,236.2,238.0,11035
2024-11-19 09:30:00+00:00,238.0,238.6,238.0,238.2,2853
2024-11-19 09:35:00+00:00,238.2,238.3,238.0,238.0,5110
2024-11-19 09:40:00+00:00,238.0,238.2,238.0,238.0,27976
2024-11-19 09:45:00+00:00,238.0,238.1,238.0,238.0,6563
2024-11-19 09:50:00+00:00,238.0,238.05,235.75,236.15,8303
2024-11-19 09:55:00+00:00,236.15,236.6,235.1,235.5,5813
2024-11-21 03:45:00+00:00,236.0,236.45,232.85,233.5,8269
2024-11-21 03:50:00+00:00,233.0,235.5,232.7,232.7,4891
2024-11-21 03:55:00+00:00,232.1,232.8,231.05,232.1,7411
2024-11-21 04:00:00+00:00,232.1,232.65,230.6,230.8,8630
2024-11-21 04:05:00+00:00,230.8,231.3,230.15,230.15,1289
2024-11-21 04:10:00+00:00,230.15,232.3,230.0,231.45,4042
2024-11-21 04:15:00+00:00,231.45,233.4,231.45,232.85,1559
2024-11-21 04:20:00+00:00,232.8,233.3,232.3,232.6,3023
2024-11-21 04:25:00+00:00,232.6,233.25,231.8,231.8,6094
2024-11-21 04:30:00+00:00,231.8,233.1,231.35,232.8,757
2024-11-21 04:35:00+00:00,232.8,234.85,232.8,234.5,3864
2024-11-21 04:40:00+00:00,234.5,234.5,232.95,232.95,3696
2024-11-21 04:45:00+00:00,232.95,233.0,231.9,231.9,1566
2024-11-21 04:50:00+00:00,231.9,232.25,231.6,232.1,971
2024-11-21 04:55:00+00:00,232.1,232.7,231.8,232.6,1040
2024-11-21 05:00:00+00:00,232.6,232.65,232.3,232.6,1161
2024-11-21 05:05:00+00:00,232.6,232.65,232.0,232.0,338
2024-11-21 05:10:00+00:00,232.0,232.25,231.25,231.8,2636
2024-11-21 05:15:00+00:00,231.8,231.8,231.4,231.7,382
2024-11-21 05:20:00+00:00,231.7,232.7,231.4,232.7,2831
2024-11-21 05:25:00+00:00,232.7,233.05,232.7,232.95,131
2024-11-21 05:30:00+00:00,232.95,234.0,232.95,233.05,2816
2024-11-21 05:35:00+00:00,232.6,233.15,232.35,232.75,963
2024-11-21 05:40:00+00:00,232.75,233.4,232.75,233.4,60
2024-11-21 05:45:00+00:00,233.4,233.55,233.15,233.55,21
2024-11-21 05:50:00+00:00,233.55,234.0,233.3,234.0,1081
2024-11-21 05:55:00+00:00,234.0,234.0,233.2,233.2,2576
2024-11-21 06:00:00+00:00,233.2,233.55,233.15,233.5,475
2024-11-21 06:05:00+00:00,233.5,233.5,232.75,232.95,1685
2024-11-21 06:10:00+00:00,232.95,233.5,232.2,233.4,3599
2024-11-21 06:15:00+00:00,233.4,233.85,233.35,233.35,1068
2024-11-21 06:20:00+00:00,233.35,233.45,233.0,233.45,894
2024-11-21 06:25:00+00:00,233.45,233.45,233.0,233.0,259
2024-11-21 06:30:00+00:00,233.0,233.4,232.5,232.5,2079
2024-11-21 06:35:00+00:00,232.5,232.9,232.5,232.85,256
2024-11-21 06:40:00+00:00,232.85,232.85,231.7,232.05,1480
2024-11-21 06:45:00+00:00,232.05,232.05,231.7,232.0,417
2024-11-21 06:50:00+00:00,232.0,232.3,231.7,232.05,827
2024-11-21 06:55:00+00:00,232.05,232.05,231.35,231.95,1289
2024-11-21 07:00:00+00:00,231.95,231.95,231.25,231.35,927
2024-11-21 07:05:00+00:00,231.35,232.05,231.35,231.8,1949
2024-11-21 07:10:00+00:00,231.8,232.1,231.3,232.1,1522
2024-11-21 07:15:00+00:00,232.1,232.1,231.15,231.45,1532
2024-11-21 07:20:00+00:00,231.45,233.0,228.85,231.2,19200
2024-11-21 07:25:00+00:00,231.2,231.2,230.3,230.4,2631
2024-11-21 07:30:00+00:00,230.0,230.0,229.1,229.6,2621
2024-11-21 07:35:00+00:00,229.6,230.0,229.5,230.0,785
2024-11-21 07:40:00+00:00,230.0,230.0,229.65,229.8,625
2024-11-21 07:45:00+00:00,229.8,229.95,229.8,229.95,165
2024-11-21 07:50:00+00:00,229.95,230.45,229.9,230.4,1496
2024-11-21 07:55:00+00:00,230.4,231.0,230.4,231.0,2011
2024-11-21 08:00:00+00:00,231.0,231.4,230.3,231.4,2595
2024-11-21 08:05:00+00:00,231.4,231.4,230.5,230.5,158
2024-11-21 08:10:00+00:00,230.5,231.0,230.5,231.0,260
2024-11-21 08:15:00+00:00,231.0,231.05,230.5,231.05,788
2024-11-21 08:20:00+00:00,231.05,231.05,231.0,231.0,90
2024-11-21 08:25:00+00:00,231.0,231.55,230.9,231.05,1882
2024-11-21 08:30:00+00:00,231.05,231.25,230.95,231.25,181
2024-11-21 08:35:00+00:00,231.25,231.4,230.5,230.5,991
2024-11-21 08:40:00+00:00,230.5,230.8,230.5,230.8,356
2024-11-21 08:45:00+00:00,230.8,230.8,228.05,229.0,8868
2024-11-21 08:50:00+00:00,229.0,229.0,228.5,228.5,1225
2024-11-21 08:55:00+00:00,228.5,228.9,228.5,228.75,87
2024-11-21 09:00:00+00:00,228.75,228.75,228.6,228.6,483
2024-11-21 09:05:00+00:00,228.6,229.0,228.6,229.0,583
2024-11-21 09:10:00+00:00,229.0,229.0,228.7,228.95,998
2024-11-21 09:15:00+00:00,228.95,229.0,228.7,228.8,790
2024-11-21 09:20:00+00:00,228.8,229.0,228.7,228.85,4071
2024-11-21 09:25:00+00:00,228.85,228.85,228.3,228.7,1380
2024-11-21 09:30:00+00:00,227.95,228.5,227.95,228.15,13680
2024-11-21 09:35:00+00:00,228.45,228.5,227.6,228.35,2694
2024-11-21 09:40:00+00:00,228.35,228.45,227.65,228.1,1355
2024-11-21 09:45:00+00:00,228.15,228.3,227.65,228.15,4204
2024-11-21 09:50:00+00:00,228.15,228.3,227.65,227.9,3710
2024-11-21 09:55:00+00:00,227.9,227.9,227.2,227.9,5999
2024-11-22 03:45:00+00:00,230.0,230.0,226.8,228.7,6635
2024-11-22 03:50:00+00:00,228.7,233.7,228.7,230.6,7309
2024-11-22 03:55:00+00:00,230.6,231.1,229.0,230.75,7027
2024-11-22 04:00:00+00:00,230.6,231.6,230.25,231.05,4178
2024-11-22 04:05:00+00:00,231.05,231.3,228.9,228.9,9425
2024-11-22 04:10:00+00:00,228.9,229.3,228.2,229.3,5002
2024-11-22 04:15:00+00:00,228.75,229.4,228.4,228.4,1080
2024-11-22 04:20:00+00:00,228.4,229.0,228.0,229.0,1773
2024-11-22 04:25:00+00:00,229.0,229.65,228.7,229.6,2248
2024-11-22 04:30:00+00:00,229.6,231.0,229.3,230.75,841
2024-11-22 04:35:00+00:00,230.75,230.75,230.45,230.5,356
2024-11-22 04:40:00+00:00,230.5,230.5,229.4,229.4,396
2024-11-22 04:45:00+00:00,229.4,230.65,229.4,230.6,440
2024-11-22 04:50:00+00:00,230.6,230.65,229.55,230.0,688
2024-11-22 04:55:00+00:00,230.0,230.4,229.0,229.9,2041
2024-11-22 05:00:00+00:00,229.9,230.0,229.7,230.0,815
2024-11-22 05:05:00+00:00,230.0,230.0,229.4,229.85,307
2024-11-22 05:10:00+00:00,229.85,229.85,229.45,229.45,189
2024-11-22 05:15:00+00:00,229.45,229.95,229.25,229.7,1613
2024-11-22 05:20:00+00:00,229.7,229.85,229.4,229.85,315
2024-11-22 05:25:00+00:00,229.85,230.35,229.85,230.35,165
2024-11-22 05:30:00+00:00,230.35,230.45,229.65,229.65,907
2024-11-22 05:35:00+00:00,229.65,229.65,228.0,229.25,6143
2024-11-22 05:40:00+00:00,229.25,229.25,226.0,228.05,8986
2024-11-22 05:45:00+00:00,228.05,228.25,225.15,226.8,10145
2024-11-22 05:50:00+00:00,226.8,227.05,226.0,226.75,8251
2024-11-22 05:55:00+00:00,226.75,227.6,226.75,227.6,559
2024-11-22 06:00:00+00:00,227.6,228.0,227.0,227.5,1019
2024-11-22 06:05:00+00:00,227.5,227.85,226.65,227.0,1040
2024-11-22 06:10:00+00:00,227.0,227.4,227.0,227.35,1153
2024-11-22 06:15:00+00:00,227.35,227.75,227.35,227.55,2140
2024-11-22 06:20:00+00:00,227.55,227.55,227.55,227.55,15
2024-11-22 06:25:00+00:00,227.55,228.35,225.7,226.9,19435
2024-11-22 06:30:00+00:00,226.9,227.7,226.35,227.7,9207
2024-11-22 06:35:00+00:00,227.7,227.8,226.6,227.4,2491
2024-11-22 06:40:00+00:00,227.4,227.4,227.0,227.0,215
2024-11-22 06:45:00+00:00,227.0,227.3,226.5,226.5,271
2024-11-22 06:50:00+00:00,226.5,227.3,226.4,226.95,1128
2024-11-22 06:55:00+00:00,226.95,227.9,226.95,227.7,1073
2024-11-22 07:00:00+00:00,227.5,227.5,227.0,227.5,942
2024-11-22 07:05:00+00:00,227.5,227.5,227.1,227.4,266
2024-11-22 07:10:00+00:00,227.4,227.8,227.0,227.4,539
2024-11-22 07:15:00+00:00,227.4,227.65,227.2,227.65,257
2024-11-22 07:20:00+00:00,227.65,227.8,227.35,227.45,1222
2024-11-22 07:25:00+00:00,227.45,227.45,226.5,227.3,1429
2024-11-22 07:30:00+00:00,227.3,227.85,227.3,227.8,140
2024-11-22 07:35:00+00:00,227.8,227.95,227.6,227.6,636
2024-11-22 07:40:00+00:00,227.95,228.0,227.55,227.55,366
2024-11-22 07:45:00+00:00,227.55,227.8,227.4,227.4,123
2024-11-22 07:50:00+00:00,227.4,227.4,226.85,226.95,411
2024-11-22 07:55:00+00:00,226.95,227.5,226.5,226.5,2024
2024-11-22 08:00:00+00:00,226.5,227.2,226.5,227.2,499
2024-11-22 08:05:00+00:00,227.4,227.65,227.05,227.65,415
2024-11-22 08:10:00+00:00,227.65,227.95,227.2,227.5,867
2024-11-22 08:15:00+00:00,227.5,227.5,227.35,227.4,227
2024-11-22 08:20:00+00:00,227.4,227.85,227.35,227.85,540
2024-11-22 08:25:00+00:00,227.85,227.85,227.35,227.85,646
2024-11-22 08:30:00+00:00,227.85,228.6,227.75,227.75,1744
2024-11-22 08:35:00+00:00,227.75,227.95,227.5,227.5,315
2024-11-22 08:40:00+00:00,227.5,228.35,227.4,228.0,2379
2024-11-22 08:45:00+00:00,227.95,227.95,227.5,227.95,482
2024-11-22 08:50:00+00:00,227.95,228.3,227.7,228.3,540
2024-11-22 08:55:00+00:00,228.3,228.3,227.5,227.5,647
2024-11-22 09:00:00+00:00,227.5,227.5,227.0,227.35,1197
2024-11-22 09:05:00+00:00,227.35,227.55,227.05,227.4,1050
2024-11-22 09:10:00+00:00,227.5,227.5,227.0,227.0,789
2024-11-22 09:15:00+00:00,227.0,227.7,227.0,227.2,243
2024-11-22 09:20:00+00:00,227.2,228.95,227.2,227.7,5189
2024-11-22 09:25:00+00:00,227.7,228.95,227.7,228.45,1748
2024-11-22 09:30:00+00:00,228.45,230.8,228.2,230.25,11974
2024-11-22 09:35:00+00:00,230.25,230.7,228.55,230.7,12235
2024-11-22 09:40:00+00:00,230.7,231.5,230.1,231.5,4530
2024-11-22 09:45:00+00:00,231.5,231.5,230.8,231.4,3397
2024-11-22 09:50:00+00:00,231.4,233.0,230.9,231.0,6295
2024-11-22 09:55:00+00:00,230.95,231.95,230.9,230.9,3596
2024-11-25 03:45:00+00:00,240.95,240.95,233.35,238.05,16921
2024-11-25 03:50:00+00:00,238.05,238.05,235.25,235.95,11866
2024-11-25 03:55:00+00:00,235.95,236.75,235.25,236.4,3570
2024-11-25 04:00:00+00:00,236.4,237.35,236.0,236.5,6815
2024-11-25 04:05:00+00:00,236.5,236.5,235.25,236.5,2863
2024-11-25 04:10:00+00:00,236.1,237.5,235.9,236.0,3999
2024-11-25 04:15:00+00:00,236.0,236.55,235.6,236.1,563
2024-11-25 04:20:00+00:00,236.1,236.35,234.45,234.45,5287
2024-11-25 04:25:00+00:00,234.45,235.2,234.25,234.65,2175
2024-11-25 04:30:00+00:00,234.65,236.65,234.65,235.65,4180
2024-11-25 04:35:00+00:00,235.65,235.9,234.6,234.6,3047
2024-11-25 04:40:00+00:00,234.6,235.3,234.5,235.3,4016
2024-11-25 04:45:00+00:00,235.3,235.7,234.9,235.4,1715
2024-11-25 04:50:00+00:00,235.4,237.0,235.35,237.0,1096
2024-11-25 04:55:00+00:00,237.0,237.45,236.6,236.6,1797
2024-11-25 05:00:00+00:00,236.6,236.95,236.6,236.95,520
2024-11-25 05:05:00+00:00,236.95,237.0,236.5,237.0,7974
2024-11-25 05:10:00+00:00,237.0,237.0,236.7,237.0,114
2024-11-25 05:15:00+00:00,237.0,237.0,236.55,236.55,932
2024-11-25 05:20:00+00:00,236.55,236.95,236.1,236.35,2369
2024-11-25 05:25:00+00:00,236.35,236.7,236.35,236.5,305
2024-11-25 05:30:00+00:00,236.5,236.95,236.5,236.95,780
2024-11-25 05:35:00+00:00,236.95,236.95,236.35,236.5,1453
2024-11-25 05:40:00+00:00,236.5,237.25,236.5,237.0,547
2024-11-25 05:45:00+00:00,237.0,237.0,235.85,236.6,3826
2024-11-25 05:50:00+00:00,236.6,236.6,236.3,236.3,1534
2024-11-25 05:55:00+00:00,236.3,236.95,236.3,236.95,618
2024-11-25 06:00:00+00:00,236.95,236.95,236.5,236.5,233
2024-11-25 06:05:00+00:00,236.5,236.65,236.5,236.5,1269
2024-11-25 06:10:00+00:00,236.65,236.85,236.5,236.85,2246
2024-11-25 06:15:00+00:00,236.3,236.8,236.3,236.75,1612
2024-11-25 06:20:00+00:00,236.75,236.75,236.4,236.5,1210
2024-11-25 06:25:00+00:00,236.5,236.5,236.5,236.5,2266
2024-11-25 06:30:00+00:00,236.5,236.7,236.5,236.7,487
2024-11-25 06:35:00+00:00,236.7,236.9,236.5,236.85,440
2024-11-25 06:40:00+00:00,236.85,236.85,236.85,236.85,19
2024-11-25 06:45:00+00:00,236.85,236.9,236.85,236.9,281
2024-11-25 06:50:00+00:00,236.9,245.0,236.9,241.05,50942
2024-11-25 06:55:00+00:00,240.8,242.8,240.45,241.5,9417
2024-11-25 07:00:00+00:00,241.5,242.0,240.95,240.95,2117
2024-11-25 07:05:00+00:00,240.95,241.1,240.5,240.7,1665
2024-11-25 07:10:00+00:00,240.7,241.3,240.4,240.7,2233
2024-11-25 07:15:00+00:00,240.7,242.5,240.2,240.2,3333
2024-11-25 07:20:00+00:00,240.2,240.2,238.95,239.2,4911
2024-11-25 07:25:00+00:00,239.2,239.2,238.2,238.5,1931
2024-11-25 07:30:00+00:00,238.5,239.0,238.2,238.65,939
2024-11-25 07:35:00+00:00,238.65,238.65,238.15,238.65,636
2024-11-25 07:40:00+00:00,238.65,239.8,238.65,239.8,116
2024-11-25 07:45:00+00:00,239.8,239.8,239.5,239.5,235
2024-11-25 07:50:00+00:00,239.5,239.5,238.0,238.3,2281
2024-11-25 07:55:00+00:00,238.3,239.35,238.3,238.8,527
2024-11-25 08:00:00+00:00,238.8,238.8,238.6,238.8,32
2024-11-25 08:05:00+00:00,238.8,238.8,238.0,238.0,778
2024-11-25 08:10:00+00:00,238.0,238.45,238.0,238.4,89
2024-11-25 08:15:00+00:00,238.4,238.4,238.0,238.0,24
2024-11-25 08:20:00+00:00,238.0,238.4,237.8,237.8,357
2024-11-25 08:25:00+00:00,237.8,238.4,237.7,238.4,544
2024-11-25 08:30:00+00:00,238.4,238.55,238.35,238.4,211
2024-11-25 08:35:00+00:00,238.4,238.4,237.55,237.55,480
2024-11-25 08:40:00+00:00,237.55,238.3,237.55,237.9,600
2024-11-25 08:45:00+00:00,237.9,238.5,237.8,238.35,3127
2024-11-25 08:50:00+00:00,238.35,238.7,238.35,238.7,316
2024-11-25 08:55:00+00:00,238.7,239.9,238.35,239.75,4464
2024-11-25 09:00:00+00:00,239.95,240.35,239.5,239.95,570
2024-11-25 09:05:00+00:00,239.95,240.95,239.75,240.8,1055
2024-11-25 09:10:00+00:00,240.8,240.8,239.7,239.7,3875
2024-11-25 09:15:00+00:00,239.7,239.85,239.1,239.8,296
2024-11-25 09:20:00+00:00,239.8,239.8,239.35,239.35,668
2024-11-25 09:25:00+00:00,239.35,239.65,239.05,239.4,165
2024-11-25 09:30:00+00:00,239.4,239.5,239.0,239.3,764
2024-11-25 09:35:00+00:00,239.3,240.0,238.8,240.0,2672
2024-11-25 09:40:00+00:00,240.0,240.0,239.15,239.25,7200
2024-11-25 09:45:00+00:00,239.25,239.25,237.0,237.6,7482
2024-11-25 09:50:00+00:00,237.6,239.0,237.6,238.55,2210
2024-11-25 09:55:00+00:00,238.55,238.75,237.05,237.2,3893
2024-11-26 03:45:00+00:00,240.95,244.5,240.45,243.5,14822
2024-11-26 03:50:00+00:00,243.5,244.5,242.4,243.35,12365
2024-11-26 03:55:00+00:00,243.3,243.95,242.0,243.2,7805
2024-11-26 04:00:00+00:00,243.2,243.55,243.0,243.55,336
2024-11-26 04:05:00+00:00,243.55,243.55,242.0,242.4,1677
2024-11-26 04:10:00+00:00,242.4,243.05,241.25,242.2,7323
2024-11-26 04:15:00+00:00,242.2,242.6,241.2,241.4,4709
2024-11-26 04:20:00+00:00,241.4,242.5,241.2,241.2,1822
2024-11-26 04:25:00+00:00,241.2,241.95,241.0,241.5,4076
2024-11-26 04:30:00+00:00,241.5,242.85,241.1,242.4,1481
2024-11-26 04:35:00+00:00,242.4,242.9,242.35,242.9,535
2024-11-26 04:40:00+00:00,242.95,243.1,242.05,242.05,740
2024-11-26 04:45:00+00:00,242.05,242.4,241.3,241.75,767
2024-11-26 04:50:00+00:00,241.75,242.3,241.75,242.0,677
2024-11-26 04:55:00+00:00,242.0,243.35,241.7,243.15,1421
2024-11-26 05:00:00+00:00,243.15,243.15,242.0,242.85,872
2024-11-26 05:05:00+00:00,242.85,242.85,241.4,242.0,1584
2024-11-26 05:10:00+00:00,242.0,242.15,242.0,242.15,1080
2024-11-26 05:15:00+00:00,242.15,242.45,242.15,242.15,252
2024-11-26 05:20:00+00:00,242.15,243.1,242.05,242.65,821
2024-11-26 05:25:00+00:00,242.65,243.1,242.45,243.0,1984
2024-11-26 05:30:00+00:00,243.0,243.1,242.5,242.95,1278
2024-11-26 05:35:00+00:00,242.8,243.0,242.0,242.0,1139
2024-11-26 05:40:00+00:00,242.0,242.35,241.9,241.9,585
2024-11-26 05:45:00+00:00,241.9,242.0,241.9,242.0,140
2024-11-26 05:50:00+00:00,242.0,242.25,241.9,241.9,724
2024-11-26 05:55:00+00:00,241.9,241.9,241.5,241.5,371
2024-11-26 06:00:00+00:00,241.5,242.2,241.05,242.2,1718
2024-11-26 06:05:00+00:00,242.2,242.25,241.7,241.7,637
2024-11-26 06:10:00+00:00,241.7,242.3,241.45,242.3,704
2024-11-26 06:15:00+00:00,242.3,242.5,242.05,242.5,860
2024-11-26 06:20:00+00:00,242.5,243.35,242.05,243.35,3380
2024-11-26 06:25:00+00:00,243.35,243.8,242.55,243.05,8781
2024-11-26 06:30:00+00:00,243.05,243.8,243.05,243.05,733
2024-11-26 06:35:00+00:00,243.05,243.55,243.0,243.55,1352
2024-11-26 06:40:00+00:00,243.55,243.55,242.9,243.4,659
2024-11-26 06:45:00+00:00,243.4,243.8,243.4,243.75,1126
2024-11-26 06:50:00+00:00,243.75,243.75,243.0,243.0,709
2024-11-26 06:55:00+00:00,243.0,243.45,243.0,243.3,350
2024-11-26 07:00:00+00:00,243.3,244.6,243.3,244.05,4571
2024-11-26 07:05:00+00:00,244.05,244.45,244.05,244.45,1310
2024-11-26 07:10:00+00:00,244.45,245.45,244.15,245.0,9409
2024-11-26 07:15:00+00:00,245.0,247.45,245.0,247.0,21983
2024-11-26 07:20:00+00:00,246.6,247.2,246.3,246.5,1937
2024-11-26 07:25:00+00:00,246.5,246.5,244.9,244.9,2525
2024-11-26 07:30:00+00:00,244.9,245.25,244.55,245.25,782
2024-11-26 07:35:00+00:00,245.25,245.65,245.25,245.65,297
2024-11-26 07:40:00+00:00,245.65,245.65,244.6,245.45,3774
2024-11-26 07:45:00+00:00,245.45,246.0,245.05,245.95,1029
2024-11-26 07:50:00+00:00,245.95,245.95,245.05,245.5,318
2024-11-26 07:55:00+00:00,245.5,245.5,244.9,244.9,1265
2024-11-26 08:00:00+00:00,244.9,244.9,244.4,244.55,377
2024-11-26 08:05:00+00:00,244.1,244.55,244.0,244.0,1179
2024-11-26 08:10:00+00:00,244.0,244.9,244.0,244.3,1590
2024-11-26 08:15:00+00:00,244.3,244.5,244.3,244.5,124
2024-11-26 08:20:00+00:00,244.5,244.5,243.6,244.05,1030
2024-11-26 08:25:00+00:00,244.05,244.1,244.05,244.1,105
2024-11-26 08:30:00+00:00,244.1,244.55,243.65,244.05,426
2024-11-26 08:35:00+00:00,244.05,244.45,243.4,244.0,1416
2024-11-26 08:40:00+00:00,244.4,244.4,244.0,244.35,283
2024-11-26 08:45:00+00:00,244.35,244.5,244.0,244.3,2685
2024-11-26 08:50:00+00:00,244.75,244.9,244.15,244.15,3447
2024-11-26 08:55:00+00:00,244.15,244.35,244.0,244.35,3351
2024-11-26 09:00:00+00:00,244.35,244.7,244.0,244.7,483
2024-11-26 09:05:00+00:00,244.7,244.75,244.3,244.75,670
2024-11-26 09:10:00+00:00,244.75,245.0,244.1,244.1,4982
2024-11-26 09:15:00+00:00,244.1,244.95,244.1,244.7,1368
2024-11-26 09:20:00+00:00,244.7,245.5,244.35,245.5,2234
2024-11-26 09:25:00+00:00,245.8,246.0,245.1,245.35,4083
2024-11-26 09:30:00+00:00,245.35,245.7,245.1,245.35,655
2024-11-26 09:35:00+00:00,245.35,245.7,245.0,245.7,5300
2024-11-26 09:40:00+00:00,245.7,245.8,245.0,245.0,6876
2024-11-26 09:45:00+00:00,245.0,245.2,245.0,245.15,1807
2024-11-26 09:50:00+00:00,245.15,246.9,245.15,246.7,11298
2024-11-26 09:55:00+00:00,246.65,246.75,242.8,244.0,9654
2024-11-27 03:45:00+00:00,243.6,247.7,241.05,247.35,13442
2024-11-27 03:50:00+00:00,247.35,247.7,246.0,246.05,4852
2024-11-27 03:55:00+00:00,246.05,246.8,246.0,246.8,529
2024-11-27 04:00:00+00:00,246.8,246.8,245.1,245.4,1032
2024-11-27 04:05:00+00:00,245.4,245.5,244.6,244.75,1903
2024-11-27 04:10:00+00:00,244.75,245.55,244.4,245.55,643
2024-11-27 04:15:00+00:00,245.55,247.0,245.55,246.15,2567
2024-11-27 04:20:00+00:00,246.15,246.95,246.1,246.45,2425
2024-11-27 04:25:00+00:00,246.45,246.55,245.75,246.55,2060
2024-11-27 04:30:00+00:00,246.6,247.0,246.3,246.5,530
2024-11-27 04:35:00+00:00,246.2,247.45,246.2,247.45,3515
2024-11-27 04:40:00+00:00,247.45,247.45,246.65,246.65,4250
2024-11-27 04:45:00+00:00,246.65,246.95,246.0,246.8,1071
2024-11-27 04:50:00+00:00,246.2,246.65,246.05,246.5,733
2024-11-27 04:55:00+00:00,246.5,246.5,245.05,245.1,2215
2024-11-27 05:00:00+00:00,245.1,245.45,245.1,245.4,415
2024-11-27 05:05:00+00:00,245.4,246.0,245.4,246.0,203
2024-11-27 05:10:00+00:00,246.0,247.05,245.7,247.0,2320
2024-11-27 05:15:00+00:00,247.0,249.4,246.4,248.95,11396
2024-11-27 05:20:00+00:00,248.95,249.7,248.5,249.2,10152
2024-11-27 05:25:00+00:00,249.2,250.0,248.6,249.0,6963
2024-11-27 05:30:00+00:00,249.0,251.7,249.0,250.15,5986
2024-11-27 05:35:00+00:00,250.15,251.2,249.9,250.35,3418
2024-11-27 05:40:00+00:00,250.35,251.95,250.35,251.95,2278
2024-11-27 05:45:00+00:00,251.45,251.45,249.9,250.2,9350
2024-11-27 05:50:00+00:00,250.2,250.95,250.0,250.0,422
2024-11-27 05:55:00+00:00,250.0,250.25,249.45,250.25,1172
2024-11-27 06:00:00+00:00,250.25,252.0,250.25,251.4,3100
2024-11-27 06:05:00+00:00,251.4,251.6,250.65,250.65,431
2024-11-27 06:10:00+00:00,250.65,251.0,250.6,251.0,578
2024-11-27 06:15:00+00:00,251.0,251.35,249.9,251.2,8376
2024-11-27 06:20:00+00:00,250.7,251.05,249.25,249.65,3149
2024-11-27 06:25:00+00:00,249.8,250.55,249.4,250.55,713
2024-11-27 06:30:00+00:00,250.55,250.85,249.95,250.65,8937
2024-11-27 06:35:00+00:00,250.65,250.65,249.9,250.3,162
2024-11-27 06:40:00+00:00,250.3,251.45,250.3,250.6,1079
2024-11-27 06:45:00+00:00,250.6,250.7,250.3,250.3,377
2024-11-27 06:50:00+00:00,250.3,250.65,250.2,250.3,562
2024-11-27 06:55:00+00:00,250.3,250.7,249.95,249.95,915
2024-11-27 07:00:00+00:00,249.8,250.95,249.8,250.6,459
2024-11-27 07:05:00+00:00,250.6,250.9,250.55,250.55,231
2024-11-27 07:10:00+00:00,250.55,251.0,250.55,250.65,570
2024-11-27 07:15:00+00:00,250.65,250.75,250.55,250.75,101
2024-11-27 07:20:00+00:00,250.75,251.0,250.55,250.7,458
2024-11-27 07:25:00+00:00,250.7,251.0,250.0,250.25,2437
2024-11-27 07:30:00+00:00,250.25,250.65,250.0,250.2,607
2024-11-27 07:35:00+00:00,250.2,250.55,249.5,249.5,854
2024-11-27 07:40:00+00:00,249.5,249.8,249.2,249.6,401
2024-11-27 07:45:00+00:00,249.6,249.7,249.2,249.2,692
2024-11-27 07:50:00+00:00,249.2,249.55,249.0,249.35,950
2024-11-27 07:55:00+00:00,249.35,249.4,249.0,249.0,124
2024-11-27 08:00:00+00:00,249.0,249.0,248.05,248.35,1434
2024-11-27 08:05:00+00:00,248.25,249.0,248.25,248.6,666
2024-11-27 08:10:00+00:00,248.6,249.6,248.55,249.1,678
2024-11-27 08:15:00+00:00,249.1,249.55,249.1,249.3,275
2024-11-27 08:20:00+00:00,249.3,249.65,249.2,249.45,214
2024-11-27 08:25:00+00:00,249.45,249.5,249.1,249.1,491
2024-11-27 08:30:00+00:00,249.45,249.55,249.1,249.55,1075
2024-11-27 08:35:00+00:00,249.6,249.9,249.1,249.1,2454
2024-11-27 08:40:00+00:00,249.1,254.9,249.1,254.9,24509
2024-11-27 08:45:00+00:00,254.25,256.0,253.7,253.95,21174
2024-11-27 08:50:00+00:00,253.55,255.0,253.4,254.8,6312
2024-11-27 08:55:00+00:00,254.8,254.8,254.15,254.2,2316
2024-11-27 09:00:00+00:00,254.2,254.4,253.05,253.6,4621
2024-11-27 09:05:00+00:00,253.6,254.0,253.15,253.95,2894
2024-11-27 09:10:00+00:00,253.95,254.15,253.4,253.8,778
2024-11-27 09:15:00+00:00,253.8,253.8,253.05,253.6,1209
2024-11-27 09:20:00+00:00,253.6,253.85,253.25,253.25,1544
2024-11-27 09:25:00+00:00,253.25,254.5,253.25,254.0,5436
2024-11-27 09:30:00+00:00,254.0,254.5,253.1,253.1,7663
2024-11-27 09:35:00+00:00,254.0,254.0,253.1,254.0,3230
2024-11-27 09:40:00+00:00,254.0,254.35,253.35,254.35,4950
2024-11-27 09:45:00+00:00,254.35,254.45,253.5,254.2,4997
2024-11-27 09:50:00+00:00,254.2,254.35,253.5,254.35,6106
2024-11-27 09:55:00+00:00,254.35,255.0,254.0,255.0,9269
2024-11-28 03:45:00+00:00,254.0,255.65,250.0,255.6,12506
2024-11-28 03:50:00+00:00,256.85,257.1,254.35,255.55,9760
2024-11-28 03:55:00+00:00,255.55,257.7,255.0,257.35,6633
2024-11-28 04:00:00+00:00,257.35,258.0,256.55,256.65,2900
2024-11-28 04:05:00+00:00,256.65,256.9,255.75,256.6,996
2024-11-28 04:10:00+00:00,256.6,257.0,256.1,256.6,819
2024-11-28 04:15:00+00:00,256.6,256.6,255.15,255.75,3496
2024-11-28 04:20:00+00:00,255.75,256.55,255.7,256.5,882
2024-11-28 04:25:00+00:00,256.5,258.65,256.25,258.55,7864
2024-11-28 04:30:00+00:00,258.55,261.4,258.4,260.6,20883
2024-11-28 04:35:00+00:00,260.6,260.6,259.35,259.45,10964
2024-11-28 04:40:00+00:00,259.45,259.65,258.8,259.5,9271
2024-11-28 04:45:00+00:00,259.5,259.5,258.05,258.8,8354
2024-11-28 04:50:00+00:00,258.8,259.7,258.65,259.65,3092
2024-11-28 04:55:00+00:00,259.65,261.1,259.5,260.35,7286
2024-11-28 05:00:00+00:00,260.35,260.35,258.05,258.05,3594
2024-11-28 05:05:00+00:00,258.05,258.45,255.35,256.8,9906
2024-11-28 05:10:00+00:00,256.8,257.9,256.0,257.9,1922
2024-11-28 05:15:00+00:00,257.9,258.25,256.25,256.25,3827
2024-11-28 05:20:00+00:00,256.25,257.15,256.2,256.5,1600
2024-11-28 05:25:00+00:00,256.5,256.5,255.45,256.5,2754
2024-11-28 05:30:00+00:00,256.5,257.6,256.5,257.3,3379
2024-11-28 05:35:00+00:00,257.3,257.3,255.95,255.95,2759
2024-11-28 05:40:00+00:00,255.95,256.7,255.9,256.7,82
2024-11-28 05:45:00+00:00,256.7,256.7,255.9,255.95,525
2024-11-28 05:50:00+00:00,255.95,257.9,255.15,257.85,18458
2024-11-28 05:55:00+00:00,257.85,257.85,257.0,257.05,902
2024-11-28 06:00:00+00:00,257.05,257.3,256.8,256.9,455
2024-11-28 06:05:00+00:00,256.9,257.75,256.9,257.65,1226
2024-11-28 06:10:00+00:00,257.65,258.05,257.5,257.5,555
2024-11-28 06:15:00+00:00,257.5,258.25,257.2,258.15,1492
2024-11-28 06:20:00+00:00,258.15,258.75,257.8,258.2,2583
2024-11-28 06:25:00+00:00,258.2,258.55,257.3,257.3,1209
2024-11-28 06:30:00+00:00,257.3,257.8,255.4,255.4,13581
2024-11-28 06:35:00+00:00,254.95,255.65,254.95,255.65,2709
2024-11-28 06:40:00+00:00,255.65,256.0,255.55,255.55,2127
2024-11-28 06:45:00+00:00,255.55,255.55,255.0,255.35,1109
2024-11-28 06:50:00+00:00,255.35,256.2,255.0,256.0,3579
2024-11-28 06:55:00+00:00,256.0,256.0,255.15,256.0,1500
2024-11-28 07:00:00+00:00,255.85,255.9,255.5,255.9,959
2024-11-28 07:05:00+00:00,255.9,255.9,254.95,254.95,1517
2024-11-28 07:10:00+00:00,254.95,255.4,254.95,255.15,294
2024-11-28 07:15:00+00:00,255.15,255.5,255.05,255.05,201
2024-11-28 07:20:00+00:00,255.05,255.05,255.05,255.05,0
2024-11-28 07:25:00+00:00,255.05,255.05,254.95,254.95,1521
2024-11-28 07:30:00+00:00,254.95,254.95,254.0,254.0,1272
2024-11-28 07:35:00+00:00,254.0,254.3,253.85,254.3,196
2024-11-28 07:40:00+00:00,253.9,254.1,253.35,253.35,2284
2024-11-28 07:45:00+00:00,253.35,253.8,253.0,253.0,1940
2024-11-28 07:50:00+00:00,253.0,253.45,252.05,253.45,6296
2024-11-28 07:55:00+00:00,253.45,253.85,253.3,253.55,325
2024-11-28 08:00:00+00:00,253.55,253.95,253.35,253.5,814
2024-11-28 08:05:00+00:00,253.5,254.5,253.0,253.0,2348
2024-11-28 08:10:00+00:00,253.0,253.55,253.0,253.55,285
2024-11-28 08:15:00+00:00,253.55,253.55,253.2,253.55,100
2024-11-28 08:20:00+00:00,253.55,253.55,253.05,253.5,266
2024-11-28 08:25:00+00:00,253.5,255.2,253.15,254.9,1134
2024-11-28 08:30:00+00:00,254.9,255.5,254.8,254.8,868
2024-11-28 08:35:00+00:00,254.8,254.8,253.9,253.9,711
2024-11-28 08:40:00+00:00,253.9,253.9,252.25,253.45,2616
2024-11-28 08:45:00+00:00,253.45,253.45,251.85,252.55,3857
2024-11-28 08:50:00+00:00,252.55,252.55,252.35,252.35,451
2024-11-28 08:55:00+00:00,252.35,253.0,252.1,252.95,1541
2024-11-28 09:00:00+00:00,252.95,253.2,252.1,252.35,1916
2024-11-28 09:05:00+00:00,252.35,253.0,252.35,252.7,701
2024-11-28 09:10:00+00:00,252.7,252.7,252.2,252.4,1498
2024-11-28 09:15:00+00:00,252.4,252.75,252.35,252.6,1287
2024-11-28 09:20:00+00:00,252.6,252.6,252.05,252.6,1958
2024-11-28 09:25:00+00:00,252.6,252.8,252.15,252.75,860
2024-11-28 09:30:00+00:00,252.75,252.75,251.8,252.25,2467
2024-11-28 09:35:00+00:00,252.25,252.25,251.0,251.95,4183
2024-11-28 09:40:00+00:00,251.95,252.3,251.4,251.5,2769
2024-11-28 09:45:00+00:00,251.5,252.25,251.0,251.1,9060
2024-11-28 09:50:00+00:00,251.1,252.75,251.0,252.75,5208
2024-11-28 09:55:00+00:00,252.75,252.75,251.65,252.3,6895
2024-11-29 03:45:00+00:00,253.15,253.5,251.65,252.9,4005
2024-11-29 03:50:00+00:00,252.6,253.0,251.55,252.0,5705
2024-11-29 03:55:00+00:00,252.0,253.0,251.6,253.0,3922
2024-11-29 04:00:00+00:00,253.3,253.5,251.4,252.4,3792
2024-11-29 04:05:00+00:00,252.3,254.05,252.15,253.2,7219
2024-11-29 04:10:00+00:00,252.95,253.5,252.8,252.85,2893
2024-11-29 04:15:00+00:00,252.85,253.35,252.45,252.55,1796
2024-11-29 04:20:00+00:00,252.55,254.0,252.55,254.0,722
2024-11-29 04:25:00+00:00,254.0,254.55,253.5,253.8,3157
2024-11-29 04:30:00+00:00,253.8,254.45,253.8,254.0,2143
2024-11-29 04:35:00+00:00,254.0,254.0,252.8,253.2,1212
2024-11-29 04:40:00+00:00,253.75,253.75,252.1,252.1,490
2024-11-29 04:45:00+00:00,252.0,252.35,251.2,251.6,2133
2024-11-29 04:50:00+00:00,251.6,252.0,250.7,250.8,1880
2024-11-29 04:55:00+00:00,250.8,252.5,250.7,252.5,1065
2024-11-29 05:00:00+00:00,252.5,253.9,252.1,253.3,1185
2024-11-29 05:05:00+00:00,253.3,253.3,252.75,253.3,591
2024-11-29 05:10:00+00:00,253.3,253.3,252.05,252.4,1445
2024-11-29 05:15:00+00:00,252.4,252.9,252.4,252.5,220
2024-11-29 05:20:00+00:00,252.5,252.9,252.35,252.35,949
2024-11-29 05:25:00+00:00,252.35,252.35,251.35,251.75,549
2024-11-29 05:30:00+00:00,251.75,252.2,251.75,252.1,2708
2024-11-29 05:35:00+00:00,252.1,252.25,251.1,251.1,509
2024-11-29 05:40:00+00:00,251.1,251.2,250.3,251.0,1077
2024-11-29 05:45:00+00:00,251.0,251.0,251.0,251.0,99
2024-11-29 05:50:00+00:00,251.0,251.8,250.75,251.8,1067
2024-11-29 05:55:00+00:00,251.8,253.15,251.55,251.85,2617
2024-11-29 06:00:00+00:00,251.85,252.4,251.85,252.4,43
2024-11-29 06:05:00+00:00,252.4,252.5,251.6,252.5,1310
2024-11-29 06:10:00+00:00,252.5,252.5,251.85,252.05,661
2024-11-29 06:15:00+00:00,252.05,252.05,250.6,250.6,536
2024-11-29 06:20:00+00:00,250.6,250.6,250.5,250.5,19
2024-11-29 06:25:00+00:00,250.9,252.0,250.9,251.6,875
2024-11-29 06:30:00+00:00,252.0,252.0,249.2,249.7,5843
2024-11-29 06:35:00+00:00,249.7,250.5,249.55,249.9,2592
2024-11-29 06:40:00+00:00,249.6,250.0,249.6,249.65,302
2024-11-29 06:45:00+00:00,249.65,250.0,249.6,249.95,244
2024-11-29 06:50:00+00:00,249.95,250.0,249.6,249.9,51
2024-11-29 06:55:00+00:00,249.9,250.0,249.9,250.0,977
2024-11-29 07:00:00+00:00,250.0,250.0,247.95,248.15,8211
2024-11-29 07:05:00+00:00,248.15,248.8,248.1,248.5,1345
2024-11-29 07:10:00+00:00,248.45,248.65,247.75,248.5,936
2024-11-29 07:15:00+00:00,248.9,248.95,248.9,248.95,66
2024-11-29 07:20:00+00:00,248.95,249.25,248.65,249.25,155
2024-11-29 07:25:00+00:00,249.25,249.6,248.85,249.45,1699
2024-11-29 07:30:00+00:00,249.45,249.9,249.45,249.5,27
2024-11-29 07:35:00+00:00,249.5,249.8,249.1,249.55,979
2024-11-29 07:40:00+00:00,249.55,249.55,249.55,249.55,0
2024-11-29 07:45:00+00:00,249.55,249.65,249.05,249.05,211
2024-11-29 07:50:00+00:00,249.05,249.85,248.65,248.8,1534
2024-11-29 07:55:00+00:00,249.1,249.25,248.65,249.25,821
2024-11-29 08:00:00+00:00,248.6,249.0,248.6,248.95,620
2024-11-29 08:05:00+00:00,248.95,249.3,248.7,249.3,124
2024-11-29 08:10:00+00:00,249.3,249.75,249.3,249.35,325
2024-11-29 08:15:00+00:00,249.35,250.0,249.35,250.0,2223
2024-11-29 08:20:00+00:00,249.45,249.8,249.3,249.45,323
2024-11-29 08:25:00+00:00,249.45,249.7,249.0,249.0,1888
2024-11-29 08:30:00+00:00,249.0,250.0,249.0,250.0,1034
2024-11-29 08:35:00+00:00,250.0,250.95,250.0,250.5,2078
2024-11-29 08:40:00+00:00,250.5,250.5,250.2,250.2,1098
2024-11-29 08:45:00+00:00,250.2,250.4,249.85,250.0,734
2024-11-29 08:50:00+00:00,250.0,250.0,250.0,250.0,179
2024-11-29 08:55:00+00:00,250.0,250.75,250.0,250.4,2080
2024-11-29 09:00:00+00:00,250.4,250.7,250.35,250.4,604
2024-11-29 09:05:00+00:00,250.4,250.4,250.05,250.05,592
2024-11-29 09:10:00+00:00,250.2,250.2,250.2,250.2,17
2024-11-29 09:15:00+00:00,250.2,250.35,249.55,250.0,1381
2024-11-29 09:20:00+00:00,250.0,250.4,249.8,249.8,443
2024-11-29 09:25:00+00:00,249.8,250.05,249.05,249.75,4474
2024-11-29 09:30:00+00:00,250.0,250.45,249.45,249.8,1846
2024-11-29 09:35:00+00:00,249.8,251.05,249.05,250.95,3655
2024-11-29 09:40:00+00:00,250.95,250.95,249.8,249.8,1512
2024-11-29 09:45:00+00:00,249.8,249.8,249.2,249.6,2007
2024-11-29 09:50:00+00:00,249.6,251.9,249.6,251.45,4561
2024-11-29 09:55:00+00:00,251.45,252.45,250.15,251.15,7261
2024-12-02 03:45:00+00:00,250.75,251.6,249.0,249.75,7471
2024-12-02 03:50:00+00:00,249.75,251.4,249.35,250.6,2278
2024-12-02 03:55:00+00:00,250.6,252.45,249.5,250.3,10918
2024-12-02 04:00:00+00:00,250.3,254.35,250.3,254.35,6535
2024-12-02 04:05:00+00:00,254.35,254.7,253.45,253.7,6212
2024-12-02 04:10:00+00:00,253.7,253.7,252.15,253.0,2036
2024-12-02 04:15:00+00:00,253.0,253.9,252.2,252.7,3418
2024-12-02 04:20:00+00:00,252.7,252.8,251.95,252.0,876
2024-12-02 04:25:00+00:00,252.0,253.15,252.0,253.1,1103
2024-12-02 04:30:00+00:00,253.1,253.45,252.0,252.55,523
2024-12-02 04:35:00+00:00,252.55,253.3,252.55,253.3,1028
2024-12-02 04:40:00+00:00,253.3,253.5,251.9,252.45,6265
2024-12-02 04:45:00+00:00,252.45,254.35,252.45,253.65,2341
2024-12-02 04:50:00+00:00,253.65,253.65,253.05,253.05,214
2024-12-02 04:55:00+00:00,253.05,253.05,252.4,252.4,658
2024-12-02 05:00:00+00:00,252.4,253.05,251.0,251.55,12431
2024-12-02 05:05:00+00:00,251.55,251.55,250.8,250.85,1145
2024-12-02 05:10:00+00:00,250.85,251.5,250.5,250.55,4288
2024-12-02 05:15:00+00:00,250.5,251.3,250.05,250.8,3585
2024-12-02 05:20:00+00:00,250.8,251.5,250.6,250.7,650
2024-12-02 05:25:00+00:00,250.7,251.45,250.3,250.7,5149
2024-12-02 05:30:00+00:00,250.7,251.2,250.7,251.2,182
2024-12-02 05:35:00+00:00,251.2,251.5,251.1,251.5,356
2024-12-02 05:40:00+00:00,251.5,251.6,250.4,250.55,1929
2024-12-02 05:45:00+00:00,250.55,251.35,250.3,251.2,1878
2024-12-02 05:50:00+00:00,251.6,251.95,251.15,251.55,1328
2024-12-02 05:55:00+00:00,251.95,251.95,251.55,251.8,378
2024-12-02 06:00:00+00:00,251.8,251.85,250.8,251.55,1264
2024-12-02 06:05:00+00:00,251.55,251.6,251.0,251.4,1001
2024-12-02 06:10:00+00:00,251.4,251.85,251.2,251.55,526
2024-12-02 06:15:00+00:00,251.6,251.6,250.25,250.5,2561
2024-12-02 06:20:00+00:00,250.5,251.5,250.5,251.5,977
2024-12-02 06:25:00+00:00,251.5,251.5,251.05,251.5,607
2024-12-02 06:30:00+00:00,251.5,251.5,249.75,249.75,3285
2024-12-02 06:35:00+00:00,249.75,250.75,248.4,250.4,5926
2024-12-02 06:40:00+00:00,250.0,250.5,249.8,250.5,1434
2024-12-02 06:45:00+00:00,250.5,250.6,249.7,250.2,1944
2024-12-02 06:50:00+00:00,250.2,250.7,249.55,250.7,2202
2024-12-02 06:55:00+00:00,250.7,250.7,250.35,250.5,48
2024-12-02 07:00:00+00:00,250.5,251.0,250.35,251.0,1206
2024-12-02 07:05:00+00:00,251.0,251.0,250.4,250.4,521
2024-12-02 07:10:00+00:00,250.4,251.65,250.05,250.85,4249
2024-12-02 07:15:00+00:00,250.75,251.0,250.7,250.7,825
2024-12-02 07:20:00+00:00,250.7,251.1,249.7,250.6,3384
2024-12-02 07:25:00+00:00,250.6,250.6,249.7,249.7,447
2024-12-02 07:30:00+00:00,249.7,250.3,249.7,250.3,528
2024-12-02 07:35:00+00:00,250.3,250.65,250.25,250.65,344
2024-12-02 07:40:00+00:00,250.65,250.65,250.25,250.4,104
2024-12-02 07:45:00+00:00,250.4,251.15,250.4,251.15,210
2024-12-02 07:50:00+00:00,251.15,251.25,250.4,250.7,6749
2024-12-02 07:55:00+00:00,250.7,251.25,250.7,250.9,1703
2024-12-02 08:00:00+00:00,250.7,250.7,250.6,250.65,213
2024-12-02 08:05:00+00:00,251.0,251.45,251.0,251.4,808
2024-12-02 08:10:00+00:00,251.4,253.75,251.4,253.6,6766
2024-12-02 08:15:00+00:00,253.6,253.9,250.75,252.75,6704
2024-12-02 08:20:00+00:00,252.75,254.35,252.7,254.0,6179
2024-12-02 08:25:00+00:00,254.0,254.25,253.5,254.25,1730
2024-12-02 08:30:00+00:00,254.25,254.6,254.25,254.35,1386
2024-12-02 08:35:00+00:00,254.35,254.4,254.0,254.35,62
2024-12-02 08:40:00+00:00,254.35,254.35,253.1,253.1,973
2024-12-02 08:45:00+00:00,253.1,253.1,252.0,252.0,774
2024-12-02 08:50:00+00:00,252.0,252.7,252.0,252.2,1731
2024-12-02 08:55:00+00:00,252.2,253.05,251.3,251.6,3648
2024-12-02 09:00:00+00:00,251.6,253.0,251.6,252.1,1562
2024-12-02 09:05:00+00:00,252.1,252.45,252.0,252.45,297
2024-12-02 09:10:00+00:00,252.45,252.85,252.0,252.0,1789
2024-12-02 09:15:00+00:00,252.0,252.2,251.8,252.0,950
2024-12-02 09:20:00+00:00,252.0,252.4,252.0,252.0,1808
2024-12-02 09:25:00+00:00,252.0,253.8,252.0,253.8,5070
2024-12-02 09:30:00+00:00,253.8,253.8,253.0,253.35,2150
2024-12-02 09:35:00+00:00,253.35,253.65,252.6,252.7,2198
2024-12-02 09:40:00+00:00,252.05,253.45,252.05,253.45,1621
2024-12-02 09:45:00+00:00,253.1,257.0,253.1,256.35,13294
2024-12-02 09:50:00+00:00,256.3,259.7,255.15,257.5,20723
2024-12-02 09:55:00+00:00,257.5,257.9,256.5,256.7,7431
2024-12-03 03:45:00+00:00,258.4,261.8,256.8,260.35,23406
2024-12-03 03:50:00+00:00,260.35,263.0,258.9,262.5,26988
2024-12-03 03:55:00+00:00,262.8,267.0,262.45,265.75,65972
2024-12-03 04:00:00+00:00,265.75,266.5,264.3,265.55,28698
2024-12-03 04:05:00+00:00,265.55,265.8,263.1,263.3,16158
2024-12-03 04:10:00+00:00,263.0,264.85,262.3,263.85,16283
2024-12-03 04:15:00+00:00,263.85,263.85,261.0,261.6,11328
2024-12-03 04:20:00+00:00,261.6,261.6,260.55,261.0,14536
2024-12-03 04:25:00+00:00,261.0,262.65,260.2,262.0,10233
2024-12-03 04:30:00+00:00,262.0,262.15,261.6,262.0,2439
2024-12-03 04:35:00+00:00,262.0,262.0,260.5,261.05,5134
2024-12-03 04:40:00+00:00,261.05,262.0,261.05,261.7,1807
2024-12-03 04:45:00+00:00,262.1,262.6,261.75,262.4,3800
2024-12-03 04:50:00+00:00,262.4,262.4,261.25,261.25,630
2024-12-03 04:55:00+00:00,261.25,262.0,261.25,261.95,2270
2024-12-03 05:00:00+00:00,261.95,261.95,261.25,261.8,3197
2024-12-03 05:05:00+00:00,261.8,261.8,260.3,261.15,9433
2024-12-03 05:10:00+00:00,261.15,261.65,261.15,261.25,1755
2024-12-03 05:15:00+00:00,261.25,261.65,261.1,261.25,260
2024-12-03 05:20:00+00:00,261.25,261.25,260.5,260.5,948
2024-12-03 05:25:00+00:00,260.5,261.4,260.5,260.95,1554
2024-12-03 05:30:00+00:00,260.95,260.95,260.45,260.8,729
2024-12-03 05:35:00+00:00,260.8,260.95,260.55,260.9,426
2024-12-03 05:40:00+00:00,260.9,261.15,260.6,261.15,448
2024-12-03 05:45:00+00:00,261.15,261.5,261.0,261.5,449
2024-12-03 05:50:00+00:00,261.5,261.5,260.85,260.85,1016
2024-12-03 05:55:00+00:00,260.85,260.95,260.05,260.3,1608
2024-12-03 06:00:00+00:00,260.3,261.2,260.2,261.2,966
2024-12-03 06:05:00+00:00,261.2,261.2,260.7,260.7,380
2024-12-03 06:10:00+00:00,260.7,261.0,260.4,261.0,670
2024-12-03 06:15:00+00:00,261.0,261.0,260.45,260.9,469
2024-12-03 06:20:00+00:00,260.9,261.1,260.5,261.0,1720
2024-12-03 06:25:00+00:00,261.0,261.0,260.3,260.35,2236
2024-12-03 06:30:00+00:00,260.35,260.85,260.35,260.85,69
2024-12-03 06:35:00+00:00,260.95,261.0,260.5,260.5,1119
2024-12-03 06:40:00+00:00,260.5,260.8,260.5,260.5,282
2024-12-03 06:45:00+00:00,260.5,261.4,260.4,261.4,4683
2024-12-03 06:50:00+00:00,261.4,261.7,261.0,261.3,3582
2024-12-03 06:55:00+00:00,261.3,261.3,260.95,260.95,539
2024-12-03 07:00:00+00:00,260.95,261.0,260.5,260.7,3828
2024-12-03 07:05:00+00:00,260.7,261.1,260.65,260.7,2771
2024-12-03 07:10:00+00:00,260.7,261.7,260.7,261.7,2069
2024-12-03 07:15:00+00:00,261.7,261.7,261.25,261.6,158
2024-12-03 07:20:00+00:00,261.6,261.7,261.1,261.7,1142
2024-12-03 07:25:00+00:00,261.7,261.7,261.15,261.65,954
2024-12-03 07:30:00+00:00,261.65,262.0,261.65,262.0,1400
2024-12-03 07:35:00+00:00,262.0,262.0,261.5,261.5,200
2024-12-03 07:40:00+00:00,261.1,261.1,260.8,260.85,729
2024-12-03 07:45:00+00:00,260.85,261.3,260.85,261.3,225
2024-12-03 07:50:00+00:00,261.3,261.8,261.3,261.7,1132
2024-12-03 07:55:00+00:00,261.7,261.9,261.4,261.9,953
2024-12-03 08:00:00+00:00,261.9,261.9,261.55,261.9,456
2024-12-03 08:05:00+00:00,261.9,262.2,261.7,262.2,5026
2024-12-03 08:10:00+00:00,262.2,262.2,261.1,261.5,574
2024-12-03 08:15:00+00:00,261.7,261.7,261.1,261.1,778
2024-12-03 08:20:00+00:00,261.1,261.3,261.0,261.0,821
2024-12-03 08:25:00+00:00,261.0,261.4,261.0,261.0,904
2024-12-03 08:30:00+00:00,261.0,261.05,260.65,261.0,4506
2024-12-03 08:35:00+00:00,261.0,261.05,260.65,261.05,1901
2024-12-03 08:40:00+00:00,261.05,261.05,260.45,260.9,1275
2024-12-03 08:45:00+00:00,260.9,260.9,260.3,260.9,2550
2024-12-03 08:50:00+00:00,260.9,261.4,260.8,261.1,2233
2024-12-03 08:55:00+00:00,261.1,261.15,260.5,260.85,907
2024-12-03 09:00:00+00:00,260.85,260.85,260.25,260.5,1483
2024-12-03 09:05:00+00:00,260.5,260.5,260.2,260.5,2385
2024-12-03 09:10:00+00:00,260.5,260.5,260.05,260.05,6565
2024-12-03 09:15:00+00:00,260.05,260.5,260.0,260.0,3449
2024-12-03 09:20:00+00:00,260.0,261.45,260.0,261.45,5519
2024-12-03 09:25:00+00:00,261.45,261.45,261.1,261.45,401
2024-12-03 09:30:00+00:00,261.45,262.0,261.15,261.6,1457
2024-12-03 09:35:00+00:00,261.6,261.9,260.5,261.9,1937
2024-12-03 09:40:00+00:00,261.9,261.9,261.5,261.6,2580
2024-12-03 09:45:00+00:00,261.6,261.6,260.0,260.25,7022
2024-12-03 09:50:00+00:00,260.25,260.5,260.2,260.2,6603
2024-12-03 09:55:00+00:00,260.2,262.0,260.2,261.0,6997
2024-12-04 03:45:00+00:00,262.1,262.4,260.1,261.0,4899
2024-12-04 03:50:00+00:00,261.0,261.2,259.35,260.5,6060
2024-12-04 03:55:00+00:00,260.5,262.75,260.5,262.5,7364
2024-12-04 04:00:00+00:00,262.5,263.65,262.3,262.3,3082
2024-12-04 04:05:00+00:00,262.3,262.75,261.15,261.3,2768
2024-12-04 04:10:00+00:00,261.4,262.3,261.4,261.5,1873
2024-12-04 04:15:00+00:00,261.5,262.1,261.5,262.1,566
2024-12-04 04:20:00+00:00,262.1,262.1,261.3,261.8,1435
2024-12-04 04:25:00+00:00,261.8,262.0,261.4,261.8,1175
2024-12-04 04:30:00+00:00,261.8,261.8,261.0,261.0,2510
2024-12-04 04:35:00+00:00,261.0,261.65,261.0,261.5,1243
2024-12-04 04:40:00+00:00,261.5,261.5,260.85,260.85,390
2024-12-04 04:45:00+00:00,260.85,260.95,260.5,260.85,566
2024-12-04 04:50:00+00:00,260.5,260.5,259.15,259.2,7975
2024-12-04 04:55:00+00:00,259.2,259.65,258.8,259.0,6085
2024-12-04 05:00:00+00:00,259.0,259.3,258.9,259.2,8037
2024-12-04 05:05:00+00:00,259.2,260.0,259.2,259.95,1377
2024-12-04 05:10:00+00:00,259.95,260.0,259.8,259.95,2103
2024-12-04 05:15:00+00:00,259.95,259.95,259.1,259.7,582
2024-12-04 05:20:00+00:00,259.7,259.9,259.3,259.8,1382
2024-12-04 05:25:00+00:00,259.8,259.8,259.1,259.4,2074
2024-12-04 05:30:00+00:00,259.4,259.6,259.15,259.6,660
2024-12-04 05:35:00+00:00,259.6,259.6,259.05,259.2,754
2024-12-04 05:40:00+00:00,259.2,259.5,258.7,259.5,2193
2024-12-04 05:45:00+00:00,259.5,259.5,258.5,259.3,3465
2024-12-04 05:50:00+00:00,259.3,259.65,259.3,259.6,1289
2024-12-04 05:55:00+00:00,259.6,259.6,259.0,259.45,172
2024-12-04 06:00:00+00:00,259.45,259.6,258.85,258.85,639
2024-12-04 06:05:00+00:00,258.85,259.7,258.85,259.7,1465
2024-12-04 06:10:00+00:00,259.7,259.7,259.05,259.4,329
2024-12-04 06:15:00+00:00,259.4,259.85,258.0,258.0,16146
2024-12-04 06:20:00+00:00,258.0,258.6,258.0,258.4,1941
2024-12-04 06:25:00+00:00,258.4,258.4,256.15,256.9,2165
2024-12-04 06:30:00+00:00,256.9,257.4,256.4,257.4,583
2024-12-04 06:35:00+00:00,257.4,257.9,257.0,257.9,683
2024-12-04 06:40:00+00:00,257.9,258.2,257.6,258.1,160
2024-12-04 06:45:00+00:00,258.1,258.25,257.85,257.85,122
2024-12-04 06:50:00+00:00,257.85,258.2,257.0,257.9,3282
2024-12-04 06:55:00+00:00,257.9,257.9,257.15,257.6,776
2024-12-04 07:00:00+00:00,257.6,258.35,257.6,258.0,313
2024-12-04 07:05:00+00:00,258.0,258.35,258.0,258.05,921
2024-12-04 07:10:00+00:00,258.05,258.05,257.75,258.05,1033
2024-12-04 07:15:00+00:00,258.05,258.05,257.15,258.05,2561
2024-12-04 07:20:00+00:00,258.05,258.05,257.7,257.7,309
2024-12-04 07:25:00+00:00,257.7,257.7,257.1,257.55,1333
2024-12-04 07:30:00+00:00,257.55,258.05,257.55,257.95,1456
2024-12-04 07:35:00+00:00,257.95,257.95,257.3,257.95,996
2024-12-04 07:40:00+00:00,257.95,258.5,257.8,258.2,306
2024-12-04 07:45:00+00:00,258.2,258.55,258.2,258.3,1139
2024-12-04 07:50:00+00:00,258.3,258.3,258.2,258.3,720
2024-12-04 07:55:00+00:00,258.3,258.6,258.2,258.6,514
2024-12-04 08:00:00+00:00,258.6,258.6,258.2,258.2,250
2024-12-04 08:05:00+00:00,258.6,258.9,258.6,258.8,402
2024-12-04 08:10:00+00:00,258.8,260.0,258.6,260.0,11909
2024-12-04 08:15:00+00:00,260.0,260.9,260.0,260.3,876
2024-12-04 08:20:00+00:00,260.3,260.65,260.0,260.0,550
2024-12-04 08:25:00+00:00,260.0,260.35,260.0,260.35,627
2024-12-04 08:30:00+00:00,260.35,260.35,260.0,260.0,595
2024-12-04 08:35:00+00:00,260.0,260.3,260.0,260.3,765
2024-12-04 08:40:00+00:00,260.3,260.3,259.75,260.0,1538
2024-12-04 08:45:00+00:00,260.0,260.3,259.65,260.0,1681
2024-12-04 08:50:00+00:00,260.0,260.2,259.55,260.2,6117
2024-12-04 08:55:00+00:00,260.0,260.2,260.0,260.0,557
2024-12-04 09:00:00+00:00,260.0,260.2,260.0,260.0,305
2024-12-04 09:05:00+00:00,260.0,260.2,260.0,260.2,1061
2024-12-04 09:10:00+00:00,260.0,260.2,260.0,260.2,109
2024-12-04 09:15:00+00:00,260.2,260.2,260.0,260.15,140
2024-12-04 09:20:00+00:00,260.15,260.15,260.0,260.15,2823
2024-12-04 09:25:00+00:00,260.15,260.8,260.0,260.6,2560
2024-12-04 09:30:00+00:00,260.6,260.6,260.0,260.05,2111
2024-12-04 09:35:00+00:00,260.3,260.3,259.9,260.25,2189
2024-12-04 09:40:00+00:00,260.25,260.25,259.7,260.1,1823
2024-12-04 09:45:00+00:00,260.1,260.4,260.0,260.0,2459
2024-12-04 09:50:00+00:00,260.0,260.4,260.0,260.0,4113
2024-12-04 09:55:00+00:00,260.45,261.0,259.25,261.0,4323
2024-12-05 03:45:00+00:00,261.05,262.0,259.5,260.55,3995
2024-12-05 03:50:00+00:00,260.15,260.85,260.15,260.7,2552
2024-12-05 03:55:00+00:00,260.7,260.9,259.0,259.6,8507
2024-12-05 04:00:00+00:00,259.6,260.95,259.6,260.2,2296
2024-12-05 04:05:00+00:00,260.2,260.65,259.05,259.05,1847
2024-12-05 04:10:00+00:00,259.05,260.0,259.05,260.0,293
2024-12-05 04:15:00+00:00,260.0,260.0,258.95,259.25,6060
2024-12-05 04:20:00+00:00,259.25,259.55,259.05,259.35,494
2024-12-05 04:25:00+00:00,259.35,259.45,259.05,259.05,868
2024-12-05 04:30:00+00:00,259.05,259.8,259.05,259.75,348
2024-12-05 04:35:00+00:00,259.75,259.95,259.75,259.95,689
2024-12-05 04:40:00+00:00,260.0,260.0,259.55,259.55,181
2024-12-05 04:45:00+00:00,259.55,260.0,259.05,259.05,611
2024-12-05 04:50:00+00:00,259.05,259.7,259.05,259.7,411
2024-12-05 04:55:00+00:00,259.7,260.5,259.7,260.2,1202
2024-12-05 05:00:00+00:00,260.2,262.45,260.2,262.0,6197
2024-12-05 05:05:00+00:00,262.0,262.85,261.55,262.85,3065
2024-12-05 05:10:00+00:00,262.85,263.5,262.3,262.9,5057
2024-12-05 05:15:00+00:00,262.9,262.95,262.5,262.5,1119
2024-12-05 05:20:00+00:00,262.5,262.75,262.05,262.3,585
2024-12-05 05:25:00+00:00,262.3,262.9,261.35,261.9,1905
2024-12-05 05:30:00+00:00,261.9,262.85,261.55,261.8,3286
2024-12-05 05:35:00+00:00,261.8,262.9,261.8,262.9,1737
2024-12-05 05:40:00+00:00,262.9,262.9,262.05,262.7,1073
2024-12-05 05:45:00+00:00,262.7,262.7,262.0,262.5,585
2024-12-05 05:50:00+00:00,262.5,262.65,261.6,262.0,1305
2024-12-05 05:55:00+00:00,262.0,262.1,261.55,261.9,398
2024-12-05 06:00:00+00:00,261.9,261.95,261.35,261.35,978
2024-12-05 06:05:00+00:00,261.35,261.55,261.35,261.5,1013
2024-12-05 06:10:00+00:00,261.5,261.85,261.4,261.85,1046
2024-12-05 06:15:00+00:00,261.85,261.85,261.45,261.8,775
2024-12-05 06:20:00+00:00,261.8,261.8,261.35,261.35,1993
2024-12-05 06:25:00+00:00,261.35,261.75,261.35,261.75,297
2024-12-05 06:30:00+00:00,261.75,262.0,261.7,261.95,1827
2024-12-05 06:35:00+00:00,261.95,262.5,261.95,262.5,119
2024-12-05 06:40:00+00:00,262.5,262.8,262.15,262.15,660
2024-12-05 06:45:00+00:00,262.15,262.15,261.75,261.75,631
2024-12-05 06:50:00+00:00,261.75,261.9,261.1,261.9,2332
2024-12-05 06:55:00+00:00,261.9,262.0,261.7,262.0,1576
2024-12-05 07:00:00+00:00,262.0,262.0,261.8,261.8,807
2024-12-05 07:05:00+00:00,261.8,262.6,261.8,262.6,1431
2024-12-05 07:10:00+00:00,262.6,262.6,261.8,261.8,784
2024-12-05 07:15:00+00:00,261.8,262.3,261.8,262.3,678
2024-12-05 07:20:00+00:00,262.3,262.6,261.65,261.65,502
2024-12-05 07:25:00+00:00,261.65,262.4,261.0,261.55,10776
2024-12-05 07:30:00+00:00,261.55,261.55,260.8,261.4,591
2024-12-05 07:35:00+00:00,261.4,261.9,260.9,261.65,895
2024-12-05 07:40:00+00:00,262.0,262.0,261.0,261.0,117
2024-12-05 07:45:00+00:00,261.0,261.3,260.7,260.7,674
2024-12-05 07:50:00+00:00,261.1,261.5,260.75,261.5,1829
2024-12-05 07:55:00+00:00,261.5,261.5,261.0,261.45,1705
2024-12-05 08:00:00+00:00,261.45,262.15,261.05,262.0,5484
2024-12-05 08:05:00+00:00,261.55,261.9,261.55,261.9,511
2024-12-05 08:10:00+00:00,261.9,262.0,261.55,262.0,3521
2024-12-05 08:15:00+00:00,262.0,262.9,262.0,262.5,1246
2024-12-05 08:20:00+00:00,262.35,262.4,261.85,262.4,1114
2024-12-05 08:25:00+00:00,262.45,262.95,262.05,262.7,1832
2024-12-05 08:30:00+00:00,262.7,264.0,262.15,263.2,7765
2024-12-05 08:35:00+00:00,263.2,263.5,263.15,263.2,390
2024-12-05 08:40:00+00:00,263.2,263.5,262.7,262.7,1100
2024-12-05 08:45:00+00:00,262.7,263.95,262.05,263.95,4874
2024-12-05 08:50:00+00:00,263.95,266.65,263.5,265.55,20361
2024-12-05 08:55:00+00:00,265.55,266.0,264.45,265.9,19300
2024-12-05 09:00:00+00:00,265.9,266.0,265.0,265.5,7733
2024-12-05 09:05:00+00:00,265.5,265.65,264.0,264.0,7859
2024-12-05 09:10:00+00:00,264.0,264.5,263.9,264.5,8648
2024-12-05 09:15:00+00:00,264.5,265.9,264.5,264.5,4071
2024-12-05 09:20:00+00:00,264.5,264.6,263.75,264.5,2620
2024-12-05 09:25:00+00:00,264.5,264.7,263.8,264.5,5413
2024-12-05 09:30:00+00:00,264.5,264.95,264.5,264.95,2115
2024-12-05 09:35:00+00:00,264.95,266.3,264.5,266.3,5251
2024-12-05 09:40:00+00:00,266.1,266.1,265.1,265.45,3032
2024-12-05 09:45:00+00:00,265.4,265.95,265.4,265.95,4283
2024-12-05 09:50:00+00:00,265.95,266.6,265.75,266.05,11928
2024-12-05 09:55:00+00:00,265.65,266.05,265.2,266.0,8178
2024-12-06 03:45:00+00:00,267.7,267.7,265.2,266.65,9820
2024-12-06 03:50:00+00:00,266.65,268.3,265.8,267.3,8108
2024-12-06 03:55:00+00:00,267.3,267.4,265.85,266.4,4306
2024-12-06 04:00:00+00:00,266.55,267.0,265.1,265.6,4228
2024-12-06 04:05:00+00:00,265.6,266.55,265.6,266.55,1765
2024-12-06 04:10:00+00:00,266.55,267.0,266.45,266.95,565
2024-12-06 04:15:00+00:00,266.95,267.35,266.2,266.95,2355
2024-12-06 04:20:00+00:00,266.95,266.95,266.1,266.6,1965
2024-12-06 04:25:00+00:00,266.6,266.6,265.6,266.15,4252
2024-12-06 04:30:00+00:00,266.15,268.0,265.6,268.0,9588
2024-12-06 04:35:00+00:00,268.0,268.0,265.5,266.25,6817
2024-12-06 04:40:00+00:00,266.5,266.95,266.0,266.35,5256
2024-12-06 04:45:00+00:00,266.35,267.6,266.1,266.7,2390
2024-12-06 04:50:00+00:00,266.7,269.05,266.7,268.55,4307
2024-12-06 04:55:00+00:00,267.95,269.5,267.85,268.5,8360
2024-12-06 05:00:00+00:00,268.5,268.5,267.35,267.8,1687
2024-12-06 05:05:00+00:00,267.8,267.9,266.8,267.45,1280
2024-12-06 05:10:00+00:00,267.45,268.0,266.7,267.95,4109
2024-12-06 05:15:00+00:00,267.95,268.4,267.35,267.55,1562
2024-12-06 05:20:00+00:00,267.55,268.0,267.25,267.25,564
2024-12-06 05:25:00+00:00,267.0,267.25,266.45,266.45,1640
2024-12-06 05:30:00+00:00,266.45,267.7,266.45,267.0,514
2024-12-06 05:35:00+00:00,267.0,267.0,266.0,266.1,5212
2024-12-06 05:40:00+00:00,266.65,267.0,265.8,265.8,1014
2024-12-06 05:45:00+00:00,265.8,265.95,265.5,265.55,1125
2024-12-06 05:50:00+00:00,265.55,265.9,265.3,265.3,2006
2024-12-06 05:55:00+00:00,265.3,265.85,265.3,265.7,2610
2024-12-06 06:00:00+00:00,265.7,266.1,265.6,265.6,1176
2024-12-06 06:05:00+00:00,265.6,266.1,265.6,265.95,248
2024-12-06 06:10:00+00:00,265.65,265.65,265.3,265.3,3707
2024-12-06 06:15:00+00:00,265.3,265.6,265.1,265.1,1034
2024-12-06 06:20:00+00:00,265.1,265.5,264.7,264.7,8880
2024-12-06 06:25:00+00:00,264.7,265.35,264.7,265.0,3367
2024-12-06 06:30:00+00:00,265.0,265.0,264.75,264.75,530
2024-12-06 06:35:00+00:00,264.75,264.75,264.1,264.1,3077
2024-12-06 06:40:00+00:00,264.5,264.55,264.1,264.15,956
2024-12-06 06:45:00+00:00,264.15,264.35,262.9,263.0,5023
2024-12-06 06:50:00+00:00,263.0,263.65,262.4,263.5,2205
2024-12-06 06:55:00+00:00,263.5,264.1,263.5,263.75,924
2024-12-06 07:00:00+00:00,263.75,263.9,263.2,263.2,499
2024-12-06 07:05:00+00:00,263.2,264.4,263.1,263.65,2806
2024-12-06 07:10:00+00:00,263.65,263.95,263.5,263.6,1127
2024-12-06 07:15:00+00:00,263.6,264.55,263.5,264.55,1685
2024-12-06 07:20:00+00:00,264.55,264.55,264.45,264.45,358
2024-12-06 07:25:00+00:00,264.45,264.45,263.75,263.75,946
2024-12-06 07:30:00+00:00,263.65,263.7,263.05,263.25,706
2024-12-06 07:35:00+00:00,263.25,263.75,263.25,263.75,95
2024-12-06 07:40:00+00:00,263.75,263.9,263.35,263.6,1225
2024-12-06 07:45:00+00:00,263.6,264.0,263.55,263.55,369
2024-12-06 07:50:00+00:00,263.25,263.65,263.25,263.5,155
2024-12-06 07:55:00+00:00,263.5,264.35,263.5,264.35,826
2024-12-06 08:00:00+00:00,264.35,264.4,264.0,264.0,466
2024-12-06 08:05:00+00:00,264.0,264.0,263.85,263.85,289
2024-12-06 08:10:00+00:00,263.85,263.95,263.5,263.6,294
2024-12-06 08:15:00+00:00,263.6,264.5,263.6,264.2,1053
2024-12-06 08:20:00+00:00,264.2,264.7,264.2,264.7,383
2024-12-06 08:25:00+00:00,264.7,264.7,262.55,262.55,22208
2024-12-06 08:30:00+00:00,262.55,263.4,262.55,263.4,806
2024-12-06 08:35:00+00:00,263.4,265.6,263.4,265.0,5134
2024-12-06 08:40:00+00:00,265.0,266.8,264.8,266.8,3860
2024-12-06 08:45:00+00:00,266.8,266.8,265.3,265.3,1225
2024-12-06 08:50:00+00:00,265.3,265.7,265.3,265.3,197
2024-12-06 08:55:00+00:00,265.3,265.95,265.0,265.0,6763
2024-12-06 09:00:00+00:00,265.0,265.65,265.0,265.1,2181
2024-12-06 09:05:00+00:00,265.1,265.95,265.1,265.5,2608
2024-12-06 09:10:00+00:00,265.5,265.75,265.5,265.75,281
2024-12-06 09:15:00+00:00,265.75,265.75,264.8,265.0,865
2024-12-06 09:20:00+00:00,265.0,265.45,265.0,265.0,203
2024-12-06 09:25:00+00:00,265.0,265.4,265.0,265.4,892
2024-12-06 09:30:00+00:00,265.4,265.4,264.55,265.0,3415
2024-12-06 09:35:00+00:00,264.45,265.4,264.45,265.0,2698
2024-12-06 09:40:00+00:00,265.0,265.35,264.15,264.4,9337
2024-12-06 09:45:00+00:00,265.0,265.15,264.3,265.15,9829
2024-12-06 09:50:00+00:00,265.15,265.25,265.0,265.1,11560
2024-12-06 09:55:00+00:00,265.1,265.35,262.6,264.0,29078
2024-12-09 03:45:00+00:00,264.0,265.8,262.75,264.5,6525
2024-12-09 03:50:00+00:00,264.5,264.5,263.0,263.55,2291
2024-12-09 03:55:00+00:00,263.55,263.9,262.85,262.85,4524
2024-12-09 04:00:00+00:00,262.85,264.45,262.05,263.3,12367
2024-12-09 04:05:00+00:00,263.3,263.75,261.85,262.05,3152
2024-12-09 04:10:00+00:00,262.05,263.7,262.05,262.4,1904
2024-12-09 04:15:00+00:00,262.55,264.15,262.25,263.15,2219
2024-12-09 04:20:00+00:00,263.15,263.95,263.0,263.6,2502
2024-12-09 04:25:00+00:00,263.4,263.45,262.75,263.1,559
2024-12-09 04:30:00+00:00,263.1,263.1,262.7,262.7,3238
2024-12-09 04:35:00+00:00,262.7,262.7,261.15,261.15,4198
2024-12-09 04:40:00+00:00,261.15,262.15,261.15,261.45,561
2024-12-09 04:45:00+00:00,261.6,262.7,261.15,262.7,1634
2024-12-09 04:50:00+00:00,262.7,263.15,261.65,262.1,5244
2024-12-09 04:55:00+00:00,262.1,262.7,261.35,261.4,3822
2024-12-09 05:00:00+00:00,261.85,262.2,261.1,261.1,974
2024-12-09 05:05:00+00:00,261.1,262.6,261.1,261.95,1658
2024-12-09 05:10:00+00:00,261.95,261.95,261.35,261.35,1747
2024-12-09 05:15:00+00:00,261.35,261.9,261.35,261.9,731
2024-12-09 05:20:00+00:00,261.9,261.9,261.5,261.5,732
2024-12-09 05:25:00+00:00,261.5,261.9,261.5,261.55,691
2024-12-09 05:30:00+00:00,261.9,262.3,261.9,261.9,109
2024-12-09 05:35:00+00:00,262.0,262.0,261.2,261.2,1487
2024-12-09 05:40:00+00:00,261.2,261.6,260.5,260.5,1483
2024-12-09 05:45:00+00:00,260.5,262.0,260.5,261.75,2138
2024-12-09 05:50:00+00:00,261.75,262.0,261.45,262.0,928
2024-12-09 05:55:00+00:00,262.0,262.4,262.0,262.35,410
2024-12-09 06:00:00+00:00,262.35,262.35,262.2,262.2,662
2024-12-09 06:05:00+00:00,262.2,262.2,262.0,262.0,438
2024-12-09 06:10:00+00:00,262.0,262.3,261.6,261.6,538
2024-12-09 06:15:00+00:00,261.6,261.9,261.3,261.75,501
2024-12-09 06:20:00+00:00,261.75,261.75,261.25,261.7,200
2024-12-09 06:25:00+00:00,261.7,261.7,261.1,261.1,1117
2024-12-09 06:30:00+00:00,261.1,261.65,261.1,261.65,411
2024-12-09 06:35:00+00:00,261.4,261.45,261.1,261.45,329
2024-12-09 06:40:00+00:00,261.45,261.55,260.5,261.0,1532
2024-12-09 06:45:00+00:00,261.0,261.4,261.0,261.0,29
2024-12-09 06:50:00+00:00,261.0,261.15,261.0,261.0,979
2024-12-09 06:55:00+00:00,260.6,260.7,260.3,260.3,2080
2024-12-09 07:00:00+00:00,260.3,260.3,259.0,259.0,4214
2024-12-09 07:05:00+00:00,259.0,259.25,258.4,259.1,2060
2024-12-09 07:10:00+00:00,259.1,259.1,258.7,259.0,112
2024-12-09 07:15:00+00:00,259.0,259.0,258.45,258.85,763
2024-12-09 07:20:00+00:00,258.85,258.9,258.65,258.9,475
2024-12-09 07:25:00+00:00,259.0,259.55,258.8,259.3,5943
2024-12-09 07:30:00+00:00,259.3,259.45,259.0,259.0,772
2024-12-09 07:35:00+00:00,259.1,259.3,258.9,258.9,316
2024-12-09 07:40:00+00:00,258.9,259.3,258.3,258.9,1600
2024-12-09 07:45:00+00:00,258.9,259.6,258.7,259.15,1448
2024-12-09 07:50:00+00:00,259.15,259.6,259.0,259.45,1229
2024-12-09 07:55:00+00:00,259.45,259.5,259.0,259.0,760
2024-12-09 08:00:00+00:00,259.0,259.5,258.5,258.8,1913
2024-12-09 08:05:00+00:00,258.8,259.35,258.8,259.35,170
2024-12-09 08:10:00+00:00,259.35,259.35,258.35,258.35,524
2024-12-09 08:15:00+00:00,258.8,258.8,258.8,258.8,171
2024-12-09 08:20:00+00:00,258.8,258.8,258.6,258.6,281
2024-12-09 08:25:00+00:00,258.1,259.25,258.1,258.7,1751
2024-12-09 08:30:00+00:00,258.7,259.2,258.3,258.55,813
2024-12-09 08:35:00+00:00,258.55,258.65,258.55,258.65,17
2024-12-09 08:40:00+00:00,258.65,259.5,258.65,259.05,760
2024-12-09 08:45:00+00:00,258.85,259.4,258.65,259.0,1240
2024-12-09 08:50:00+00:00,259.0,259.15,258.7,258.7,189
2024-12-09 08:55:00+00:00,259.1,259.5,258.7,258.75,4307
2024-12-09 09:00:00+00:00,258.75,259.6,258.65,258.7,1340
2024-12-09 09:05:00+00:00,258.7,259.05,258.7,259.0,41
2024-12-09 09:10:00+00:00,258.8,259.5,258.65,258.95,1341
2024-12-09 09:15:00+00:00,258.95,259.6,258.95,259.15,1652
2024-12-09 09:20:00+00:00,259.5,259.55,258.7,259.0,993
2024-12-09 09:25:00+00:00,258.8,259.15,258.65,258.8,2610
2024-12-09 09:30:00+00:00,259.4,259.45,258.7,258.7,1479
2024-12-09 09:35:00+00:00,258.7,259.25,258.7,258.9,2605
2024-12-09 09:40:00+00:00,258.9,259.3,258.65,259.3,1865
2024-12-09 09:45:00+00:00,259.3,259.3,258.65,259.25,2565
2024-12-09 09:50:00+00:00,259.25,259.55,258.65,258.65,2967
2024-12-09 09:55:00+00:00,258.65,260.5,258.65,260.15,7546
2024-12-10 03:45:00+00:00,260.0,261.0,258.45,259.05,6771
2024-12-10 03:50:00+00:00,259.05,260.0,258.85,259.25,2504
2024-12-10 03:55:00+00:00,259.25,259.35,257.0,257.45,5993
2024-12-10 04:00:00+00:00,257.45,258.5,257.45,258.5,2478
2024-12-10 04:05:00+00:00,258.5,259.7,258.45,258.85,3490
2024-12-10 04:10:00+00:00,258.85,258.85,256.75,258.05,14913
2024-12-10 04:15:00+00:00,258.05,258.05,257.25,257.4,909
2024-12-10 04:20:00+00:00,257.4,257.4,256.35,257.3,5902
2024-12-10 04:25:00+00:00,257.3,257.55,256.8,256.8,1930
2024-12-10 04:30:00+00:00,256.8,257.25,256.65,256.8,860
2024-12-10 04:35:00+00:00,256.8,256.9,256.1,256.55,1187
2024-12-10 04:40:00+00:00,256.55,257.2,254.85,255.5,16407
2024-12-10 04:45:00+00:00,255.5,256.2,255.1,256.05,4439
2024-12-10 04:50:00+00:00,256.05,256.8,255.95,256.5,2351
2024-12-10 04:55:00+00:00,256.5,256.9,256.2,256.9,713
2024-12-10 05:00:00+00:00,256.9,256.9,256.65,256.85,605
2024-12-10 05:05:00+00:00,256.6,256.6,255.9,255.9,2527
2024-12-10 05:10:00+00:00,255.9,255.9,255.5,255.5,4268
2024-12-10 05:15:00+00:00,255.5,255.5,254.6,255.0,6342
2024-12-10 05:20:00+00:00,255.0,255.0,254.75,255.0,1704
2024-12-10 05:25:00+00:00,254.95,254.95,254.5,254.75,749
2024-12-10 05:30:00+00:00,254.75,255.1,254.75,254.9,6137
2024-12-10 05:35:00+00:00,254.95,254.95,254.65,254.75,705
2024-12-10 05:40:00+00:00,254.75,255.0,254.75,254.95,400
2024-12-10 05:45:00+00:00,254.95,254.95,254.5,254.55,1655
2024-12-10 05:50:00+00:00,254.55,255.05,254.55,254.9,421
2024-12-10 05:55:00+00:00,254.9,255.0,254.55,254.9,388
2024-12-10 06:00:00+00:00,254.9,255.2,254.75,254.75,5344
2024-12-10 06:05:00+00:00,254.75,255.0,254.65,254.95,1259
2024-12-10 06:10:00+00:00,254.95,254.95,254.4,254.4,915
2024-12-10 06:15:00+00:00,254.4,254.7,253.45,253.8,4152
2024-12-10 06:20:00+00:00,253.8,254.55,253.8,254.0,1059
2024-12-10 06:25:00+00:00,254.0,254.3,253.8,253.9,1244
2024-12-10 06:30:00+00:00,253.9,254.0,253.45,253.45,1189
2024-12-10 06:35:00+00:00,253.85,253.95,253.45,253.75,738
2024-12-10 06:40:00+00:00,253.75,253.75,252.95,253.35,2532
2024-12-10 06:45:00+00:00,253.35,253.6,252.05,253.25,2666
2024-12-10 06:50:00+00:00,253.25,253.35,252.8,253.1,764
2024-12-10 06:55:00+00:00,253.1,253.1,252.9,252.9,66
2024-12-10 07:00:00+00:00,252.9,253.0,252.5,252.95,1148
2024-12-10 07:05:00+00:00,252.95,252.95,252.15,252.4,2729
2024-12-10 07:10:00+00:00,252.4,252.65,250.4,251.3,15020
2024-12-10 07:15:00+00:00,251.3,252.15,251.3,252.15,1536
2024-12-10 07:20:00+00:00,252.15,252.15,251.25,251.85,1592
2024-12-10 07:25:00+00:00,251.3,252.55,251.3,252.35,3519
2024-12-10 07:30:00+00:00,252.35,252.5,252.15,252.45,968
2024-12-10 07:35:00+00:00,252.45,252.6,252.0,252.55,660
2024-12-10 07:40:00+00:00,252.55,252.55,252.15,252.5,205
2024-12-10 07:45:00+00:00,252.5,252.5,251.3,251.3,1939
2024-12-10 07:50:00+00:00,251.3,251.95,251.3,251.9,540
2024-12-10 07:55:00+00:00,251.9,252.3,251.65,251.75,527
2024-12-10 08:00:00+00:00,251.75,252.6,251.7,252.6,319
2024-12-10 08:05:00+00:00,252.6,252.65,252.55,252.65,608
2024-12-10 08:10:00+00:00,252.65,253.1,252.5,252.6,1344
2024-12-10 08:15:00+00:00,252.6,252.6,251.35,251.8,1741
2024-12-10 08:20:00+00:00,251.8,252.7,251.75,252.7,1023
2024-12-10 08:25:00+00:00,252.7,252.8,251.5,251.6,3906
2024-12-10 08:30:00+00:00,251.6,252.35,251.6,252.35,138
2024-12-10 08:35:00+00:00,252.35,252.35,252.0,252.25,401
2024-12-10 08:40:00+00:00,252.25,252.25,251.65,251.65,191
2024-12-10 08:45:00+00:00,251.65,252.5,251.65,252.5,181
2024-12-10 08:50:00+00:00,252.5,252.5,251.8,251.8,902
2024-12-10 08:55:00+00:00,251.8,252.25,251.8,251.8,430
2024-12-10 09:00:00+00:00,251.8,252.6,251.8,252.0,757
2024-12-10 09:05:00+00:00,252.0,252.0,251.5,251.85,1169
2024-12-10 09:10:00+00:00,251.85,252.0,251.6,252.0,1244
2024-12-10 09:15:00+00:00,252.25,252.8,252.2,252.6,3212
2024-12-10 09:20:00+00:00,252.6,252.95,252.55,252.95,1599
2024-12-10 09:25:00+00:00,252.95,253.0,252.65,253.0,289
2024-12-10 09:30:00+00:00,253.0,253.5,252.8,253.1,1888
2024-12-10 09:35:00+00:00,253.1,254.0,253.0,253.5,6921
2024-12-10 09:40:00+00:00,253.5,254.5,253.5,254.05,3444
2024-12-10 09:45:00+00:00,254.05,254.75,253.9,254.25,6818
2024-12-10 09:50:00+00:00,254.25,254.5,253.55,253.85,8645
2024-12-10 09:55:00+00:00,253.85,254.5,253.0,254.45,5346
2024-12-11 03:45:00+00:00,255.4,255.95,254.05,255.0,4459
2024-12-11 03:50:00+00:00,255.0,255.6,252.65,255.6,7583
2024-12-11 03:55:00+00:00,255.6,256.9,255.05,255.75,11942
2024-12-11 04:00:00+00:00,255.75,255.95,254.35,254.35,3991
2024-12-11 04:05:00+00:00,254.35,254.65,253.85,253.95,1816
2024-12-11 04:10:00+00:00,253.95,254.0,252.8,252.95,2730
2024-12-11 04:15:00+00:00,252.95,253.9,252.65,253.0,2100
2024-12-11 04:20:00+00:00,253.0,253.1,252.6,253.1,778
2024-12-11 04:25:00+00:00,253.1,254.2,252.6,254.2,1822
2024-12-11 04:30:00+00:00,254.2,254.65,252.85,253.2,2834
2024-12-11 04:35:00+00:00,253.2,253.75,252.85,252.85,899
2024-12-11 04:40:00+00:00,252.85,253.25,252.6,252.95,1554
2024-12-11 04:45:00+00:00,252.95,253.7,252.65,252.9,3843
2024-12-11 04:50:00+00:00,252.9,252.95,251.1,251.8,7399
2024-12-11 04:55:00+00:00,251.5,253.4,251.5,253.0,3575
2024-12-11 05:00:00+00:00,253.0,253.0,251.9,251.9,1661
2024-12-11 05:05:00+00:00,251.9,252.85,251.85,251.85,3354
2024-12-11 05:10:00+00:00,251.85,252.45,251.85,252.35,355
2024-12-11 05:15:00+00:00,252.35,252.95,252.0,252.7,1444
2024-12-11 05:20:00+00:00,252.7,252.75,251.8,251.9,2854
2024-12-11 05:25:00+00:00,251.9,252.65,251.9,252.5,1046
2024-12-11 05:30:00+00:00,252.05,252.8,252.05,252.8,603
2024-12-11 05:35:00+00:00,252.8,252.9,252.25,252.6,240
2024-12-11 05:40:00+00:00,252.6,252.65,252.3,252.65,82
2024-12-11 05:45:00+00:00,252.65,252.65,252.05,252.3,460
2024-12-11 05:50:00+00:00,252.3,252.3,252.3,252.3,50
2024-12-11 05:55:00+00:00,252.3,252.3,252.0,252.3,459
2024-12-11 06:00:00+00:00,252.3,252.65,252.3,252.35,1093
2024-12-11 06:05:00+00:00,252.35,252.45,252.0,252.05,263
2024-12-11 06:10:00+00:00,252.05,252.4,251.5,252.0,722
2024-12-11 06:15:00+00:00,252.0,252.0,251.3,251.3,453
2024-12-11 06:20:00+00:00,251.3,252.0,251.3,251.95,4655
2024-12-11 06:25:00+00:00,251.95,252.0,251.45,251.45,1096
2024-12-11 06:30:00+00:00,251.45,251.65,251.3,251.65,827
2024-12-11 06:35:00+00:00,251.65,251.85,251.1,251.1,1163
2024-12-11 06:40:00+00:00,251.1,251.55,251.1,251.15,337
2024-12-11 06:45:00+00:00,251.55,251.65,251.2,251.2,574
2024-12-11 06:50:00+00:00,251.2,251.65,251.15,251.15,278
2024-12-11 06:55:00+00:00,251.6,251.6,250.55,250.55,4968
2024-12-11 07:00:00+00:00,250.55,250.9,250.45,250.8,3679
2024-12-11 07:05:00+00:00,250.8,250.95,250.45,250.95,1253
2024-12-11 07:10:00+00:00,250.95,251.0,250.95,251.0,651
2024-12-11 07:15:00+00:00,251.0,251.0,250.4,250.5,714
2024-12-11 07:20:00+00:00,250.5,250.55,250.5,250.5,565
2024-12-11 07:25:00+00:00,250.5,250.85,250.5,250.7,768
2024-12-11 07:30:00+00:00,250.7,250.7,250.25,250.6,1863
2024-12-11 07:35:00+00:00,250.6,250.6,250.0,250.5,1368
2024-12-11 07:40:00+00:00,250.5,250.7,250.45,250.45,989
2024-12-11 07:45:00+00:00,250.45,250.7,250.45,250.7,155
2024-12-11 07:50:00+00:00,250.7,250.7,250.0,250.05,3226
2024-12-11 07:55:00+00:00,250.05,250.4,250.05,250.4,362
2024-12-11 08:00:00+00:00,250.4,250.55,250.2,250.55,225
2024-12-11 08:05:00+00:00,250.55,250.7,250.1,250.1,1024
2024-12-11 08:10:00+00:00,250.1,250.65,250.1,250.65,612
2024-12-11 08:15:00+00:00,250.65,250.85,250.65,250.85,546
2024-12-11 08:20:00+00:00,250.85,251.0,250.85,251.0,1520
2024-12-11 08:25:00+00:00,251.0,251.0,250.6,250.9,326
2024-12-11 08:30:00+00:00,250.9,250.9,250.6,250.75,791
2024-12-11 08:35:00+00:00,250.75,250.85,250.5,250.6,784
2024-12-11 08:40:00+00:00,250.6,250.65,250.6,250.65,1289
2024-12-11 08:45:00+00:00,250.65,250.8,250.6,250.8,2313
2024-12-11 08:50:00+00:00,250.8,250.95,250.4,250.4,784
2024-12-11 08:55:00+00:00,250.4,250.5,250.0,250.5,3098
2024-12-11 09:00:00+00:00,250.5,250.5,250.0,250.2,914
2024-12-11 09:05:00+00:00,250.2,251.0,250.1,251.0,6587
2024-12-11 09:10:00+00:00,251.0,251.0,250.65,250.65,254
2024-12-11 09:15:00+00:00,250.65,250.75,249.9,250.3,5686
2024-12-11 09:20:00+00:00,250.3,250.45,250.0,250.45,316
2024-12-11 09:25:00+00:00,250.45,251.1,250.0,250.45,704
2024-12-11 09:30:00+00:00,250.45,250.9,250.0,250.0,891
2024-12-11 09:35:00+00:00,250.0,250.95,249.95,250.6,643
2024-12-11 09:40:00+00:00,250.6,250.8,250.1,250.7,1022
2024-12-11 09:45:00+00:00,250.7,251.0,250.3,250.95,7181
2024-12-11 09:50:00+00:00,250.95,251.95,249.8,251.7,4827
2024-12-11 09:55:00+00:00,251.65,251.7,250.1,250.85,4106
2024-12-12 03:45:00+00:00,251.55,251.95,248.1,248.15,6994
2024-12-12 03:50:00+00:00,248.15,250.15,248.15,250.15,4337
2024-12-12 03:55:00+00:00,250.15,250.9,249.65,250.0,3213
2024-12-12 04:00:00+00:00,250.0,250.0,249.5,249.5,4522
2024-12-12 04:05:00+00:00,249.5,249.9,249.5,249.8,1404
2024-12-12 04:10:00+00:00,249.85,249.85,248.7,249.05,5716
2024-12-12 04:15:00+00:00,249.05,249.3,248.7,248.75,3172
2024-12-12 04:20:00+00:00,248.75,249.1,248.75,249.1,915
2024-12-12 04:25:00+00:00,249.3,249.5,248.9,249.2,795
2024-12-12 04:30:00+00:00,249.2,249.3,248.8,249.25,589
2024-12-12 04:35:00+00:00,249.25,249.3,248.65,248.65,543
2024-12-12 04:40:00+00:00,248.65,248.8,248.1,248.3,3990
2024-12-12 04:45:00+00:00,248.3,248.4,247.55,247.8,4058
2024-12-12 04:50:00+00:00,247.8,248.0,246.6,247.15,5684
2024-12-12 04:55:00+00:00,247.15,248.35,247.15,247.7,7048
2024-12-12 05:00:00+00:00,247.7,248.2,247.5,247.5,483
2024-12-12 05:05:00+00:00,247.5,247.95,247.3,247.45,640
2024-12-12 05:10:00+00:00,247.45,248.3,247.4,248.3,1642
2024-12-12 05:15:00+00:00,248.3,248.3,247.65,247.65,752
2024-12-12 05:20:00+00:00,248.05,248.05,247.5,247.5,1314
2024-12-12 05:25:00+00:00,247.5,247.6,247.5,247.6,667
2024-12-12 05:30:00+00:00,247.6,247.6,247.1,247.4,562
2024-12-12 05:35:00+00:00,247.4,247.4,247.05,247.05,1067
2024-12-12 05:40:00+00:00,247.05,247.4,247.05,247.4,194
2024-12-12 05:45:00+00:00,247.4,247.6,247.35,247.6,1027
2024-12-12 05:50:00+00:00,247.6,247.6,247.15,247.15,213
2024-12-12 05:55:00+00:00,247.45,247.45,246.95,247.1,677
2024-12-12 06:00:00+00:00,247.1,247.2,246.95,247.2,267
2024-12-12 06:05:00+00:00,247.2,247.2,247.2,247.2,5
2024-12-12 06:10:00+00:00,247.2,247.2,247.0,247.0,389
2024-12-12 06:15:00+00:00,247.0,247.2,246.75,247.0,588
2024-12-12 06:20:00+00:00,247.0,247.15,246.65,247.15,556
2024-12-12 06:25:00+00:00,247.15,247.15,247.15,247.15,26
2024-12-12 06:30:00+00:00,247.2,247.2,246.8,247.1,661
2024-12-12 06:35:00+00:00,247.1,247.15,246.65,247.15,595
2024-12-12 06:40:00+00:00,246.75,247.05,245.1,245.6,3667
2024-12-12 06:45:00+00:00,245.6,246.2,245.4,246.0,833
2024-12-12 06:50:00+00:00,246.0,246.35,246.0,246.35,759
2024-12-12 06:55:00+00:00,246.35,247.0,246.35,247.0,347
2024-12-12 07:00:00+00:00,247.0,247.0,246.35,246.65,754
2024-12-12 07:05:00+00:00,246.65,246.65,246.05,246.3,438
2024-12-12 07:10:00+00:00,246.3,246.9,246.15,246.9,312
2024-12-12 07:15:00+00:00,246.9,246.9,246.5,246.8,120
2024-12-12 07:20:00+00:00,246.8,246.8,246.0,246.5,3438
2024-12-12 07:25:00+00:00,246.5,246.65,246.1,246.25,1460
2024-12-12 07:30:00+00:00,246.25,246.35,245.8,245.9,311
2024-12-12 07:35:00+00:00,245.9,246.35,245.9,245.9,207
2024-12-12 07:40:00+00:00,245.9,246.4,245.9,246.4,130
2024-12-12 07:45:00+00:00,246.4,246.45,245.9,245.95,671
2024-12-12 07:50:00+00:00,245.95,245.95,245.7,245.7,1168
2024-12-12 07:55:00+00:00,245.7,245.7,245.7,245.7,57
2024-12-12 08:00:00+00:00,245.7,245.9,245.7,245.9,5
2024-12-12 08:05:00+00:00,245.9,245.9,245.5,245.9,870
2024-12-12 08:10:00+00:00,245.9,245.9,245.5,245.5,253
2024-12-12 08:15:00+00:00,245.5,245.85,245.5,245.85,84
2024-12-12 08:20:00+00:00,245.85,245.85,245.55,245.85,1161
2024-12-12 08:25:00+00:00,245.85,245.85,245.85,245.85,68
2024-12-12 08:30:00+00:00,245.85,245.85,245.4,245.4,1045
2024-12-12 08:35:00+00:00,245.4,245.85,245.4,245.85,105
2024-12-12 08:40:00+00:00,245.85,245.85,245.5,245.7,444
2024-12-12 08:45:00+00:00,245.5,245.8,245.5,245.8,2543
2024-12-12 08:50:00+00:00,245.8,246.0,245.55,246.0,2766
2024-12-12 08:55:00+00:00,246.25,246.55,246.0,246.05,1841
2024-12-12 09:00:00+00:00,246.05,246.05,245.75,245.9,261
2024-12-12 09:05:00+00:00,246.05,246.05,245.7,245.9,356
2024-12-12 09:10:00+00:00,245.9,246.0,245.5,245.5,527
2024-12-12 09:15:00+00:00,245.5,246.0,245.5,246.0,589
2024-12-12 09:20:00+00:00,246.0,246.0,245.6,245.7,336
2024-12-12 09:25:00+00:00,245.7,245.8,245.55,245.8,418
2024-12-12 09:30:00+00:00,245.8,245.8,245.2,245.2,3299
2024-12-12 09:35:00+00:00,245.2,245.4,244.8,244.9,6106
2024-12-12 09:40:00+00:00,244.9,245.0,244.8,244.95,926
2024-12-12 09:45:00+00:00,244.95,245.0,244.0,244.5,4448
2024-12-12 09:50:00+00:00,244.5,244.95,244.2,244.5,2952
2024-12-12 09:55:00+00:00,244.5,245.4,244.2,245.4,5449
2024-12-13 03:45:00+00:00,252.95,263.55,252.05,261.0,267486
2024-12-13 03:50:00+00:00,261.55,268.0,261.15,264.0,387412
2024-12-13 03:55:00+00:00,263.45,269.7,263.45,267.95,397026
2024-12-13 04:00:00+00:00,267.95,268.0,263.8,265.25,181397
2024-12-13 04:05:00+00:00,265.3,267.5,264.25,266.35,116412
2024-12-13 04:10:00+00:00,266.5,266.5,263.55,263.85,89742
2024-12-13 04:15:00+00:00,263.85,265.0,261.25,264.0,134170
2024-12-13 04:20:00+00:00,264.2,264.5,262.8,264.0,45869
2024-12-13 04:25:00+00:00,263.65,267.5,263.65,266.25,110481
2024-12-13 04:30:00+00:00,266.25,268.0,264.8,265.4,134557
2024-12-13 04:35:00+00:00,265.4,265.75,263.2,263.6,70792
2024-12-13 04:40:00+00:00,263.75,263.75,261.35,262.0,133111
2024-12-13 04:45:00+00:00,262.0,262.0,259.15,261.2,92574
2024-12-13 04:50:00+00:00,261.2,264.75,260.55,263.7,107255
2024-12-13 04:55:00+00:00,264.05,264.6,262.5,263.0,51517
2024-12-13 05:00:00+00:00,263.05,266.15,263.0,265.65,54447
2024-12-13 05:05:00+00:00,265.55,265.85,263.3,264.7,53933
2024-12-13 05:10:00+00:00,264.55,265.75,263.75,264.95,38963
2024-12-13 05:15:00+00:00,264.95,264.95,262.65,263.0,30755
2024-12-13 05:20:00+00:00,263.0,264.9,262.8,264.45,28884
2024-12-13 05:25:00+00:00,264.65,267.8,264.4,267.65,87412
2024-12-13 05:30:00+00:00,267.8,267.8,264.05,264.65,64688
2024-12-13 05:35:00+00:00,264.65,265.4,263.5,265.4,32883
2024-12-13 05:40:00+00:00,265.4,265.5,264.35,264.45,14004
2024-12-13 05:45:00+00:00,264.45,264.7,263.4,264.0,19370
2024-12-13 05:50:00+00:00,263.65,264.85,263.4,263.4,23861
2024-12-13 05:55:00+00:00,263.4,265.0,263.4,264.15,16198
2024-12-13 06:00:00+00:00,264.15,264.5,264.0,264.35,16786
2024-12-13 06:05:00+00:00,264.35,265.9,264.35,265.05,36562
2024-12-13 06:10:00+00:00,265.05,269.6,265.0,268.95,167875
2024-12-13 06:15:00+00:00,268.9,269.0,266.5,267.0,130403
2024-12-13 06:20:00+00:00,267.0,268.0,266.05,267.35,36462
2024-12-13 06:25:00+00:00,267.1,271.5,266.9,270.45,241130
2024-12-13 06:30:00+00:00,270.75,274.0,270.75,273.6,288075
2024-12-13 06:35:00+00:00,273.6,277.0,272.3,276.65,253483
2024-12-13 06:40:00+00:00,276.65,278.4,276.1,276.85,336316
2024-12-13 06:45:00+00:00,276.45,279.5,276.1,277.95,269845
2024-12-13 06:50:00+00:00,277.8,277.9,276.1,277.15,88379
2024-12-13 06:55:00+00:00,277.45,282.8,277.15,280.5,365842
2024-12-13 07:00:00+00:00,280.5,280.5,277.25,279.0,248072
2024-12-13 07:05:00+00:00,279.2,279.65,277.9,278.75,117510
2024-12-13 07:10:00+00:00,278.65,278.7,276.55,277.5,110643
2024-12-13 07:15:00+00:00,277.6,279.4,276.65,278.25,91816
2024-12-13 07:20:00+00:00,278.3,282.0,278.3,280.3,219955
2024-12-13 07:25:00+00:00,280.3,281.55,280.0,280.65,110700
2024-12-13 07:30:00+00:00,280.75,281.3,278.6,279.2,118405
2024-12-13 07:35:00+00:00,278.5,280.0,278.5,279.55,42127
2024-12-13 07:40:00+00:00,279.6,279.95,277.65,279.35,77560
2024-12-13 07:45:00+00:00,279.35,281.0,278.5,280.25,76699
2024-12-13 07:50:00+00:00,280.25,284.4,279.6,283.0,134340
2024-12-13 07:55:00+00:00,283.7,286.85,282.9,284.55,342178
2024-12-13 08:00:00+00:00,284.55,285.4,283.0,283.7,109302
2024-12-13 08:05:00+00:00,284.1,284.4,281.35,282.0,71395
2024-12-13 08:10:00+00:00,282.0,285.5,281.9,282.45,92527
2024-12-13 08:15:00+00:00,282.65,286.3,282.5,285.55,89560
2024-12-13 08:20:00+00:00,285.3,288.7,285.0,286.9,261586
2024-12-13 08:25:00+00:00,286.9,289.0,286.5,286.55,133987
2024-12-13 08:30:00+00:00,286.55,287.1,284.15,285.4,116126
2024-12-13 08:35:00+00:00,285.35,285.7,283.15,284.05,91239
2024-12-13 08:40:00+00:00,284.05,284.95,283.5,283.8,33114
2024-12-13 08:45:00+00:00,283.55,285.0,282.05,283.6,87211
2024-12-13 08:50:00+00:00,284.0,286.7,283.7,286.3,92711
2024-12-13 08:55:00+00:00,286.6,287.45,284.2,286.75,94890
2024-12-13 09:00:00+00:00,286.25,287.55,285.1,287.5,51712
2024-12-13 09:05:00+00:00,287.3,289.45,287.05,287.75,255682
2024-12-13 09:10:00+00:00,287.95,293.0,287.5,291.6,579362
2024-12-13 09:15:00+00:00,291.25,293.9,291.25,293.9,404541
2024-12-13 09:20:00+00:00,293.9,293.9,293.9,293.9,24994
2024-12-13 09:25:00+00:00,293.9,293.9,293.9,293.9,5623
2024-12-13 09:30:00+00:00,293.9,293.9,293.9,293.9,11039
2024-12-13 09:35:00+00:00,293.9,293.9,293.9,293.9,10471
2024-12-13 09:40:00+00:00,293.9,293.9,293.9,293.9,3703
2024-12-13 09:45:00+00:00,293.9,293.9,293.9,293.9,8142
2024-12-13 09:50:00+00:00,293.9,293.9,293.9,293.9,5303
2024-12-13 09:55:00+00:00,293.9,293.9,293.9,293.9,5312
2024-12-16 03:45:00+00:00,302.3,307.8,293.0,299.35,906820
2024-12-16 03:50:00+00:00,299.1,299.1,292.55,295.5,306839
2024-12-16 03:55:00+00:00,295.8,301.3,295.25,300.05,216715
2024-12-16 04:00:00+00:00,300.35,300.35,290.0,291.35,220796
2024-12-16 04:05:00+00:00,291.35,292.65,288.3,291.95,124807
2024-12-16 04:10:00+00:00,291.9,295.35,291.9,294.0,47492
2024-12-16 04:15:00+00:00,293.95,294.1,291.8,291.8,40106
2024-12-16 04:20:00+00:00,291.8,292.6,290.3,291.55,58726
2024-12-16 04:25:00+00:00,291.55,292.95,290.0,292.3,47513
2024-12-16 04:30:00+00:00,292.6,292.75,290.6,291.1,29579
2024-12-16 04:35:00+00:00,291.4,292.3,290.0,291.9,32917
2024-12-16 04:40:00+00:00,291.9,292.25,290.0,290.65,28531
2024-12-16 04:45:00+00:00,290.8,292.95,290.25,291.0,26532
2024-12-16 04:50:00+00:00,291.0,291.7,290.5,291.15,10832
2024-12-16 04:55:00+00:00,291.15,291.45,290.0,290.25,31484
2024-12-16 05:00:00+00:00,290.25,290.7,290.0,290.3,18284
2024-12-16 05:05:00+00:00,290.3,290.3,285.55,288.35,107419
2024-12-16 05:10:00+00:00,288.85,290.7,288.0,290.2,21266
2024-12-16 05:15:00+00:00,290.2,290.25,288.0,288.0,17065
2024-12-16 05:20:00+00:00,287.65,288.85,287.35,287.8,14059
2024-12-16 05:25:00+00:00,287.8,288.0,287.0,287.1,12919
2024-12-16 05:30:00+00:00,287.1,289.5,287.1,288.5,18470
2024-12-16 05:35:00+00:00,288.5,288.5,287.35,287.6,5492
2024-12-16 05:40:00+00:00,287.6,288.65,285.2,286.9,21144
2024-12-16 05:45:00+00:00,286.9,287.0,285.85,286.1,35249
2024-12-16 05:50:00+00:00,286.4,287.0,285.4,286.8,36520
2024-12-16 05:55:00+00:00,286.8,287.0,286.0,286.2,6937
2024-12-16 06:00:00+00:00,286.2,287.8,286.2,287.5,26574
2024-12-16 06:05:00+00:00,287.5,289.35,287.5,287.85,21314
2024-12-16 06:10:00+00:00,287.85,288.5,287.85,287.9,9105
2024-12-16 06:15:00+00:00,287.9,288.65,287.25,287.7,9759
2024-12-16 06:20:00+00:00,287.7,288.65,287.7,288.65,3356
2024-12-16 06:25:00+00:00,288.65,288.95,287.45,288.05,7462
2024-12-16 06:30:00+00:00,288.05,289.6,288.05,289.4,7505
2024-12-16 06:35:00+00:00,289.35,289.45,288.25,288.5,11024
2024-12-16 06:40:00+00:00,288.5,289.6,288.4,289.2,6722
2024-12-16 06:45:00+00:00,289.2,290.65,288.7,290.0,22508
2024-12-16 06:50:00+00:00,289.75,289.9,287.6,288.8,22601
2024-12-16 06:55:00+00:00,288.75,288.75,288.2,288.5,5046
2024-12-16 07:00:00+00:00,288.5,288.7,288.15,288.7,2337
2024-12-16 07:05:00+00:00,288.7,289.8,288.6,289.5,8440
2024-12-16 07:10:00+00:00,289.5,292.4,288.35,288.35,50911
2024-12-16 07:15:00+00:00,288.65,289.1,288.0,288.55,7220
2024-12-16 07:20:00+00:00,288.55,288.55,287.5,288.05,14590
2024-12-16 07:25:00+00:00,288.05,289.2,288.05,288.65,12937
2024-12-16 07:30:00+00:00,288.6,288.8,287.1,287.55,17524
2024-12-16 07:35:00+00:00,287.55,288.0,287.25,288.0,5193
2024-12-16 07:40:00+00:00,288.0,289.4,288.0,288.3,5717
2024-12-16 07:45:00+00:00,288.3,289.35,288.25,288.65,5452
2024-12-16 07:50:00+00:00,288.65,289.0,288.35,288.85,3955
2024-12-16 07:55:00+00:00,288.85,288.85,288.3,288.45,2290
2024-12-16 08:00:00+00:00,288.35,291.3,288.25,290.35,31903
2024-12-16 08:05:00+00:00,289.95,292.75,288.9,292.45,36470
2024-12-16 08:10:00+00:00,292.3,293.0,291.15,292.15,68179
2024-12-16 08:15:00+00:00,292.15,292.9,289.95,292.5,33009
2024-12-16 08:20:00+00:00,292.5,293.0,292.1,292.7,31371
2024-12-16 08:25:00+00:00,292.7,292.85,291.6,292.05,6926
2024-12-16 08:30:00+00:00,292.05,292.65,291.6,292.25,6439
2024-12-16 08:35:00+00:00,292.25,293.0,291.55,292.45,24068
2024-12-16 08:40:00+00:00,292.45,294.4,292.25,294.0,51088
2024-12-16 08:45:00+00:00,294.0,294.25,293.05,293.05,13105
2024-12-16 08:50:00+00:00,293.05,294.0,292.8,293.3,18199
2024-12-16 08:55:00+00:00,293.3,294.0,293.3,294.0,12447
2024-12-16 09:00:00+00:00,294.0,298.4,294.0,297.0,169242
2024-12-16 09:05:00+00:00,297.0,297.0,294.25,294.45,44560
2024-12-16 09:10:00+00:00,294.85,297.8,294.55,295.25,94074
2024-12-16 09:15:00+00:00,297.0,297.45,295.55,296.2,47706
2024-12-16 09:20:00+00:00,296.2,299.35,296.15,297.5,68254
2024-12-16 09:25:00+00:00,297.65,297.65,294.2,294.2,94565
2024-12-16 09:30:00+00:00,294.25,294.6,287.0,288.4,272995
2024-12-16 09:35:00+00:00,288.4,289.25,287.1,287.75,37329
2024-12-16 09:40:00+00:00,287.5,287.7,286.1,286.65,63428
2024-12-16 09:45:00+00:00,286.2,286.95,283.45,285.25,93124
2024-12-16 09:50:00+00:00,285.4,285.95,280.0,283.2,135572
2024-12-16 09:55:00+00:00,283.2,283.9,282.05,283.15,41070
