,open,high,low,close,volume
2016-12-16,1257.05,1290.0,1256.1,1260.25,239
2016-12-19,1247.6,1263.0,1223.0,1237.55,895
2016-12-20,1226.0,1305.0,1206.1,1223.0,2766
2016-12-21,1221.0,1239.95,1190.0,1199.05,1422
2016-12-22,1185.0,1200.85,1165.0,1172.65,877
2016-12-23,1155.1,1177.5,1151.0,1156.2,758
2016-12-26,1150.0,1150.0,1111.0,1113.05,1248
2016-12-27,1103.2,1173.0,1103.2,1151.8,1946
2016-12-28,1140.05,1185.05,1140.05,1168.55,1798
2016-12-29,1156.85,1185.0,1155.0,1178.4,1404
2016-12-30,1170.05,1192.5,1170.05,1182.7,1517
2017-01-02,1165.2,1225.0,1165.2,1184.3,1267
2017-01-03,1210.0,1225.0,1181.5,1203.65,1332
2017-01-04,1193.0,1200.0,1160.0,1174.7,2755
2017-01-05,1170.1,1235.0,1170.1,1225.85,2657
2017-01-06,1230.0,1242.9,1190.0,1191.65,1181
2017-01-09,1200.0,1206.0,1180.15,1190.9,1010
2017-01-10,1173.0,1213.0,1173.0,1199.05,661
2017-01-11,1191.05,1235.0,1190.0,1203.95,2441
2017-01-12,1222.4,1226.95,1193.0,1203.85,2692
2017-01-13,1222.0,1238.85,1201.25,1209.45,717
2017-01-16,1193.0,1209.5,1190.0,1194.15,1520
2017-01-17,1185.05,1205.0,1181.0,1200.2,2326
2017-01-18,1188.15,1200.0,1173.4,1179.9,1412
2017-01-19,1171.0,1188.7,1171.0,1176.9,997
2017-01-20,1177.3,1195.0,1165.3,1189.0,1855
2017-01-23,1177.1,1211.05,1168.0,1200.0,2427
2017-01-24,1183.0,1234.95,1182.0,1223.75,1227
2017-01-25,1221.2,1259.0,1215.0,1250.85,1566
2017-01-27,1288.4,1349.0,1283.1,1323.6,7248
2017-01-30,1344.0,1430.0,1344.0,1413.15,17036
2017-01-31,1438.0,1438.0,1360.0,1408.2,3954
2017-02-01,1435.0,1436.4,1385.3,1415.6,2858
2017-02-02,1416.0,1530.0,1401.55,1487.75,10499
2017-02-03,1470.05,1530.0,1470.05,1513.95,3826
2017-02-06,1539.0,1575.0,1530.5,1547.05,2585
2017-02-07,1547.0,1570.0,1470.3,1496.55,1427
2017-02-08,1487.0,1529.9,1411.0,1453.85,2247
2017-02-09,1462.95,1480.05,1430.0,1457.1,5352
2017-02-10,1489.0,1519.45,1450.0,1458.05,1214
2017-02-13,1451.75,1501.8,1450.1,1495.5,1382
2017-02-14,1511.95,1530.0,1490.0,1490.3,2283
2017-02-15,1475.05,1495.0,1450.0,1459.85,1835
2017-02-16,1450.5,1530.0,1440.05,1520.25,1844
2017-02-17,1517.45,1548.75,1493.1,1512.0,857
2017-02-20,1545.0,1549.95,1486.0,1496.25,1074
2017-02-21,1500.95,1537.9,1500.0,1507.65,858
2017-02-22,1501.95,1524.95,1497.75,1510.8,712
2017-02-23,1501.0,1516.9,1495.1,1503.7,389
2017-02-27,1500.0,1548.8,1500.0,1532.9,1384
2017-02-28,1520.8,1544.9,1520.0,1540.5,1139
2017-03-01,1550.0,1555.0,1530.65,1534.2,1371
2017-03-02,1534.0,1560.0,1525.0,1533.15,2065
2017-03-03,1511.5,1548.9,1511.5,1537.75,1069
2017-03-06,1550.0,1641.0,1538.2,1590.2,8426
2017-03-07,1637.8,1640.0,1598.95,1611.25,3693
2017-03-08,1639.9,1649.9,1606.0,1637.0,1435
2017-03-09,1646.45,1659.95,1620.0,1629.15,1036
2017-03-10,1635.0,1652.0,1616.1,1647.0,2025
2017-03-14,1660.0,1680.0,1598.0,1620.4,1529
2017-03-15,1611.55,1650.0,1593.0,1610.65,828
2017-03-16,1630.0,1635.0,1600.0,1616.2,840
2017-03-17,1632.75,1675.0,1625.0,1636.7,2708
2017-03-20,1651.0,1715.0,1622.05,1673.0,3759
2017-03-21,1689.6,1690.0,1651.0,1655.2,1098
2017-03-22,1651.0,1661.05,1626.25,1632.5,1952
2017-03-23,1663.95,1664.0,1625.05,1650.45,1787
2017-03-24,1654.0,1659.95,1631.0,1646.85,1090
2017-03-27,1647.05,1655.0,1612.5,1646.55,1072
2017-03-28,1665.95,1675.0,1635.0,1650.95,565
2017-03-29,1650.1,1674.95,1630.05,1637.45,619
2017-03-30,1662.95,1669.95,1623.0,1630.5,5647
2017-03-31,1628.15,1648.0,1620.05,1627.55,1243
2017-04-03,1620.05,1657.0,1620.05,1649.1,863
2017-04-05,1660.0,1665.0,1636.05,1652.95,808
2017-04-06,1652.05,1740.0,1651.0,1721.9,2442
2017-04-07,1740.0,1740.0,1707.0,1707.2,670
2017-04-10,1738.75,1738.8,1708.5,1732.7,1560
2017-04-11,1723.1,1745.0,1712.0,1740.9,2422
2017-04-12,1747.2,1747.2,1685.0,1697.2,1442
2017-04-13,1691.15,1720.0,1690.0,1694.65,1517
2017-04-17,1671.0,1704.9,1670.5,1703.15,926
2017-04-18,1724.0,1734.0,1692.0,1694.8,2240
2017-04-19,1695.05,1707.5,1677.55,1685.1,1146
2017-04-20,1699.95,1720.0,1690.0,1702.9,2160
2017-04-21,1693.3,1716.0,1693.3,1700.0,1156
2017-04-24,1700.0,1738.0,1689.95,1734.45,1240
2017-04-25,1737.0,1871.0,1737.0,1830.1,6192
2017-04-26,1801.4,1834.95,1780.0,1799.55,2658
2017-04-27,1781.0,1816.0,1770.0,1800.15,1088
2017-04-28,1812.9,1813.5,1755.05,1769.25,833
2017-05-02,1820.0,1822.35,1769.3,1790.9,1570
2017-05-03,1801.65,1840.0,1789.85,1797.2,966
2017-05-04,1831.85,1831.9,1771.0,1771.6,428
2017-05-05,1792.6,1794.8,1755.0,1755.05,502
2017-05-08,1778.1,1800.0,1760.0,1782.05,663
2017-05-09,1760.1,1781.2,1728.85,1774.6,345
2017-05-10,1798.8,1822.2,1785.0,1794.2,1290
2017-05-11,1797.05,1815.9,1760.0,1777.2,713
2017-05-12,1795.0,1810.0,1752.0,1759.2,1240
2017-05-15,1799.9,1805.0,1771.0,1799.8,593
2017-05-16,1800.0,1810.8,1790.2,1809.8,792
2017-05-17,1800.0,1834.0,1780.1,1830.35,1633
2017-05-18,1837.85,1837.85,1795.0,1799.9,6533
2017-05-19,1792.0,1835.0,1792.0,1799.4,968
2017-05-22,1805.05,1808.05,1798.4,1800.0,4502
2017-05-23,1800.0,1805.0,1780.05,1799.1,2863
2017-05-24,1800.0,1843.8,1795.0,1803.35,2598
2017-05-25,1819.95,1836.4,1810.0,1827.35,680
2017-05-26,1810.6,1843.0,1805.0,1830.8,803
2017-05-29,1795.05,1847.0,1795.05,1835.1,1434
2017-05-30,1810.05,1840.0,1810.0,1820.0,1110
2017-05-31,1820.0,1840.0,1820.0,1822.15,277
2017-06-01,1823.0,2075.0,1822.15,1989.2,24797
2017-06-02,1990.0,2067.95,1990.0,2055.5,4950
2017-06-05,2081.0,2081.0,2000.2,2022.9,1109
2017-06-06,2044.0,2048.9,1950.1,1980.0,499
2017-06-07,1977.2,1998.75,1950.1,1958.65,744
2017-06-08,1956.05,1980.0,1940.0,1964.65,404
2017-06-09,1960.0,2043.0,1960.0,2014.75,1495
2017-06-12,2004.0,2090.0,2004.0,2077.25,1489
2017-06-13,2077.0,2077.0,2002.5,2004.3,1045
2017-06-14,2024.95,2025.0,1990.0,2001.6,471
2017-06-15,2030.0,2030.0,1959.25,1968.25,731
2017-06-16,1999.9,2014.9,1950.1,1962.75,300
2017-06-19,1998.15,1998.15,1930.0,1952.3,1070
2017-06-20,1945.2,1989.5,1936.5,1948.35,592
2017-06-21,1949.75,1949.75,1900.0,1917.9,711
2017-06-22,1927.95,1930.05,1821.55,1880.15,674
2017-06-23,1882.0,1899.5,1830.0,1830.25,1084
2017-06-27,1880.0,1880.0,1825.1,1845.3,312
2017-06-28,1880.0,1898.0,1825.35,1865.0,4178
2017-06-29,1865.5,1892.0,1865.05,1890.4,408
2017-06-30,1836.0,1890.0,1836.0,1875.85,678
2017-07-03,1842.25,1930.0,1842.2,1899.0,285
2017-07-04,1944.25,1944.25,1842.05,1861.4,219
2017-07-05,1899.0,1899.85,1846.1,1880.15,579
2017-07-06,1880.0,1912.45,1880.0,1899.0,469
2017-07-07,1880.0,1944.45,1880.0,1887.6,779
2017-07-10,1881.1,1881.1,1845.0,1845.0,44
2017-07-11,1851.05,1875.0,1828.0,1833.35,520
2017-07-12,1830.05,1849.0,1791.95,1814.45,1114
2017-07-13,1850.0,1937.9,1780.15,1902.8,1759
2017-07-14,1889.95,1912.0,1850.0,1854.25,913
2017-07-17,1854.0,1887.0,1854.0,1872.8,48
2017-07-18,1847.35,1904.9,1802.6,1866.7,1556
2017-07-19,1871.0,1884.0,1851.1,1855.15,66
2017-07-20,1841.25,1889.95,1802.6,1815.3,642
2017-07-21,1830.0,1840.0,1810.0,1830.15,602
2017-07-24,1812.05,1849.25,1802.5,1814.9,1165
2017-07-25,1850.05,1850.05,1802.0,1845.5,949
2017-07-26,1845.5,1877.95,1805.6,1814.95,305
2017-07-27,1814.95,1859.95,1787.8,1815.0,1216
2017-07-28,1810.05,1832.5,1810.0,1821.65,297
2017-07-31,1832.45,1833.05,1810.05,1820.0,1623
2017-08-01,1825.15,1830.0,1803.8,1812.35,1051
2017-08-02,1812.35,1860.0,1800.0,1801.1,1409
2017-08-03,1801.0,1825.0,1789.5,1794.9,403
2017-08-04,1815.0,1823.85,1774.95,1785.3,246
2017-08-07,1786.0,1817.95,1785.0,1799.85,312
2017-08-08,1766.4,1823.65,1766.4,1820.25,827
2017-08-09,1818.95,1825.0,1800.0,1820.35,1630
2017-08-10,1767.05,1847.0,1700.0,1722.7,2004
2017-08-11,1800.0,1800.0,1650.0,1760.55,2185
2017-08-14,1760.05,1790.95,1755.0,1760.3,342
2017-08-16,1710.2,1800.0,1701.0,1798.8,1049
2017-08-17,1800.0,1814.05,1775.0,1789.0,646
2017-08-18,1809.05,1809.05,1755.0,1759.25,941
2017-08-21,1800.0,1800.0,1725.0,1731.3,711
2017-08-22,1681.55,1770.05,1680.5,1733.25,347
2017-08-23,1774.0,1779.95,1713.6,1761.05,1639
2017-08-24,1734.0,1776.55,1701.0,1724.85,497
2017-08-28,1770.0,1788.0,1721.3,1745.3,1300
2017-08-29,1751.9,1772.25,1706.55,1762.35,346
2017-08-30,1772.0,1797.95,1731.0,1775.0,974
2017-08-31,1779.9,1799.15,1746.25,1761.55,933
2017-09-01,1775.05,1790.0,1759.95,1775.95,4584
2017-09-04,1777.05,1786.4,1730.0,1747.35,958
2017-09-05,1780.0,1800.0,1779.95,1783.6,1191
2017-09-06,1755.05,1781.0,1730.0,1756.85,925
2017-09-07,1800.0,1820.0,1770.0,1800.05,2815
2017-09-08,1810.05,1909.0,1810.0,1891.2,2102
2017-09-11,1925.0,1925.0,1850.0,1884.5,737
2017-09-12,1900.05,1925.0,1860.0,1915.2,1371
2017-09-13,1928.0,1949.45,1860.0,1911.95,4895
2017-09-14,1902.4,1922.7,1899.0,1907.45,204
2017-09-15,1935.0,1995.0,1890.0,1949.75,2308
2017-09-18,1937.55,2030.0,1937.55,1991.05,3796
2017-09-19,2010.0,2048.9,2000.0,2029.65,3235
2017-09-20,2010.0,2057.0,2000.0,2001.65,1851
2017-09-21,2002.0,2011.0,1970.1,1972.65,1068
2017-09-22,1940.65,1946.05,1896.0,1903.35,676
2017-09-25,1866.0,1909.0,1866.0,1897.4,1420
2017-09-26,1910.0,1935.0,1880.0,1924.4,1121
2017-09-27,1970.0,1970.0,1885.0,1892.05,963
2017-09-28,1920.0,1945.0,1855.6,1891.55,775
2017-09-29,1875.0,1900.0,1826.0,1876.15,1993
2017-10-03,1929.8,1929.8,1846.7,1890.1,809
2017-10-04,1852.2,1935.0,1835.1,1900.0,2141
2017-10-05,1910.0,1940.05,1900.0,1933.0,979
2017-10-06,1950.0,1975.0,1916.55,1942.8,717
2017-10-09,1974.95,1975.0,1939.0,1965.6,985
2017-10-10,1965.0,1989.45,1925.05,1941.4,897
2017-10-11,1927.0,1974.0,1900.0,1902.45,3120
2017-10-12,1913.65,1918.55,1849.95,1879.25,2431
2017-10-13,1919.0,1919.0,1868.5,1883.55,396
2017-10-16,1921.95,1922.0,1867.0,1870.4,919
2017-10-17,1899.95,1900.0,1865.0,1866.35,426
2017-10-18,1897.95,1937.95,1875.0,1922.45,1096
2017-10-23,1949.0,1969.0,1932.0,1935.05,1345
2017-10-24,1930.7,1967.0,1915.0,1964.95,1762
2017-10-25,1930.15,1987.65,1881.0,1907.0,2406
2017-10-26,1934.05,1934.05,1900.0,1910.05,430
2017-10-27,1948.9,1980.0,1900.1,1910.0,1366
2017-10-30,1855.1,1966.1,1855.1,1950.8,1642
2017-10-31,1960.1,2140.0,1960.1,2089.55,7181
2017-11-01,2126.25,2152.2,2050.0,2090.5,2604
2017-11-02,2103.8,2149.0,2070.4,2072.7,1157
2017-11-03,2119.9,2196.9,2099.7,2182.5,2927
2017-11-06,2140.0,2340.0,2131.4,2321.8,5345
2017-11-07,2325.0,2445.0,2262.5,2336.5,5851
2017-11-08,2320.05,2387.95,2260.0,2290.0,1366
2017-11-09,2320.0,2325.0,2275.0,2295.05,1011
2017-11-10,2310.0,2310.0,2240.05,2264.5,1166
2017-11-13,2215.25,2249.8,2150.0,2172.5,1340
2017-11-14,2131.1,2219.95,2115.0,2163.8,1675
2017-11-15,2184.15,2200.0,2096.5,2123.9,1090
2017-11-16,2123.05,2164.85,2095.0,2138.15,1355
2017-11-17,2177.85,2200.0,2151.0,2159.2,1270
2017-11-20,2175.0,2221.95,2165.0,2190.15,3501
2017-11-21,2192.0,2268.0,2190.0,2213.45,2405
2017-11-22,2249.0,2425.0,2225.0,2394.95,8013
2017-11-23,2450.0,2570.0,2405.0,2470.6,15028
2017-11-24,2544.6,2549.0,2440.0,2496.8,6370
2017-11-27,2525.0,2525.0,2455.05,2483.05,2066
2017-11-28,2493.8,2500.25,2475.0,2478.6,693
2017-11-29,2417.0,2476.5,2417.0,2439.4,1685
2017-11-30,2405.0,2440.0,2357.6,2379.75,1909
2017-12-01,2390.05,2484.0,2390.05,2410.65,1042
2017-12-04,2420.0,2420.0,2340.0,2359.0,154
2017-12-05,2330.05,2390.0,2312.0,2353.95,477
2017-12-06,2389.95,2414.35,2328.7,2340.0,1004
2017-12-07,2340.0,2378.8,2306.05,2343.35,233
2017-12-08,2397.0,2425.0,2350.0,2366.05,1649
2017-12-11,2404.95,2406.05,2327.0,2338.65,1145
2017-12-12,2331.1,2386.25,2300.05,2305.05,567
2017-12-13,2305.05,2320.0,2284.0,2294.4,152
2017-12-14,2309.8,2309.8,2269.0,2278.95,345
2017-12-15,2307.0,2319.0,2231.1,2261.05,1479
2017-12-18,2275.05,2499.0,2232.0,2288.3,602
2017-12-19,2300.0,2343.3,2288.35,2310.15,1253
2017-12-20,2350.0,2355.4,2298.0,2344.2,3629
2017-12-21,2340.05,2398.0,2335.0,2347.05,2587
2017-12-22,2385.0,2404.0,2325.1,2345.45,2564
2017-12-26,2389.0,2814.5,2375.0,2734.3,42363
2017-12-27,2759.95,2949.0,2570.2,2727.5,24676
2017-12-28,2799.9,2810.4,2610.0,2627.6,7467
2017-12-29,2698.0,2768.35,2594.95,2689.85,3737
2018-01-01,2690.95,2788.7,2675.0,2688.55,3777
2018-01-02,2651.0,2730.0,2599.7,2627.45,4481
2018-01-03,2679.9,2729.95,2615.0,2632.7,3407
2018-01-04,2600.1,2694.95,2600.1,2672.65,2939
2018-01-05,2700.0,2740.0,2633.0,2707.4,4810
2018-01-08,2707.0,2780.0,2647.0,2741.85,6648
2018-01-09,2741.85,2785.0,2684.95,2701.5,6821
2018-01-10,2730.0,2769.95,2658.1,2675.55,3599
2018-01-11,2677.1,2730.0,2590.6,2666.1,6250
2018-01-12,2699.0,2720.0,2650.0,2672.55,2265
2018-01-15,2646.0,2720.0,2646.0,2688.7,1328
2018-01-16,2710.0,2710.1,2524.0,2550.45,3199
2018-01-17,2550.5,2640.0,2550.0,2604.65,1738
2018-01-18,2579.0,2617.95,2511.0,2517.05,1271
2018-01-19,2492.0,2521.95,2455.0,2499.45,1178
2018-01-22,2474.0,2559.95,2474.0,2550.4,868
2018-01-23,2525.0,2567.9,2522.05,2535.5,480
2018-01-24,2510.0,2531.95,2500.0,2510.55,1423
2018-01-25,2542.7,2549.95,2478.1,2510.2,1876
2018-01-29,2486.3,2541.95,2461.05,2474.25,1001
2018-01-30,2439.85,2455.95,2409.95,2421.15,907
2018-01-31,2400.05,2442.6,2350.15,2375.7,684
2018-02-01,2424.0,2518.2,2371.0,2427.15,2217
2018-02-02,2427.15,2427.2,2220.0,2253.3,2455
2018-02-05,2253.3,2280.0,2016.7,2226.6,3479
2018-02-06,2148.75,2270.0,2050.0,2235.85,2922
2018-02-07,2320.0,2325.25,2241.05,2272.05,1390
2018-02-08,2330.0,2446.05,2291.2,2413.95,1768
2018-02-09,2315.0,2540.0,2312.25,2516.8,1649
2018-02-12,2549.95,2570.15,2517.35,2531.6,1357
2018-02-14,2570.0,2595.0,2491.45,2493.35,1337
2018-02-15,2529.95,2530.0,2387.65,2404.35,3019
2018-02-16,2425.75,2425.75,2305.0,2315.55,1652
2018-02-19,2315.0,2374.0,2246.1,2295.7,698
2018-02-20,2359.6,2359.6,2299.95,2300.15,1187
2018-02-21,2347.75,2365.0,2300.0,2327.75,593
2018-02-22,2325.0,2360.0,2300.3,2309.65,431
2018-02-23,2305.85,2360.0,2305.2,2346.15,228
2018-02-26,2340.0,2399.0,2340.0,2385.45,345
2018-02-27,2398.0,2425.9,2350.0,2394.9,380
2018-02-28,2355.3,2424.95,2355.3,2400.9,1256
2018-03-01,2540.0,2540.0,2367.6,2402.5,1623
2018-03-05,2400.1,2414.95,2360.05,2385.35,4453
2018-03-06,2447.6,2447.6,2316.0,2350.25,10329
2018-03-07,2303.2,2363.7,2280.0,2325.0,1045
2018-03-08,2363.0,2363.0,2329.0,2350.5,2513
2018-03-09,2328.05,2394.45,2328.05,2350.0,10753
2018-03-12,2335.0,2365.0,2314.05,2345.15,6479
2018-03-13,2340.35,2389.45,2340.3,2371.9,6490
2018-03-14,2351.2,2390.0,2350.0,2374.45,6115
2018-03-15,2353.4,2396.9,2353.4,2366.1,8214
2018-03-16,2370.4,2450.0,2355.7,2425.2,9732
2018-03-19,2499.95,2499.95,2370.0,2370.15,12891
2018-03-20,2359.9,2384.85,2359.9,2375.3,10034
2018-03-21,2362.9,2419.45,2360.5,2376.05,11365
2018-03-22,2382.05,2399.45,2351.0,2370.05,13437
2018-03-23,2350.0,2369.0,2292.05,2343.65,8793
2018-03-26,2350.0,2410.0,2340.0,2396.65,4802
2018-03-27,2390.95,2417.95,2380.05,2407.15,1278
2018-03-28,2424.95,2429.85,2370.0,2377.85,833
2018-04-02,2438.0,2438.0,2372.05,2400.4,402
2018-04-03,2410.0,2410.0,2380.0,2385.4,473
2018-04-04,2423.9,2429.0,2395.0,2401.3,825
2018-04-05,2435.0,2435.0,2380.0,2403.6,203
2018-04-06,2400.0,2448.65,2380.0,2397.35,1081
2018-04-09,2446.0,2446.0,2400.8,2416.2,332
2018-04-10,2454.3,2490.0,2416.7,2480.65,664
2018-04-11,2488.15,2518.1,2440.0,2499.2,644
2018-04-12,2521.5,2525.0,2471.2,2502.7,571
2018-04-13,2519.95,2519.95,2303.5,2453.0,2965
2018-04-16,2428.0,2525.95,2410.3,2496.35,856
2018-04-17,2504.0,2546.95,2486.05,2535.5,851
2018-04-18,2553.95,2574.0,2500.2,2534.05,578
2018-04-19,2539.95,2570.0,2507.4,2531.85,220
2018-04-20,2510.0,2590.0,2510.0,2548.6,569
2018-04-23,2532.0,2590.0,2519.25,2562.4,390
2018-04-24,2562.4,2562.4,2500.0,2535.7,179
2018-04-25,2569.8,2569.8,2492.65,2499.7,191
2018-04-26,2559.95,2625.0,2512.0,2579.05,1763
2018-04-27,2623.95,2649.95,2551.0,2615.85,636
2018-04-30,2592.65,2620.0,2525.2,2610.55,971
2018-05-02,2635.0,2640.0,2573.85,2582.95,739
2018-05-03,2544.4,2609.0,2544.4,2584.55,449
2018-05-04,2520.0,2624.0,2519.55,2537.25,1606
2018-05-07,2570.0,2570.0,2483.2,2546.4,493
2018-05-08,2575.0,2575.0,2521.0,2547.5,466
2018-05-09,2570.0,2590.0,2528.4,2554.55,677
2018-05-10,2590.0,2590.0,2481.2,2536.55,425
2018-05-11,2476.15,2560.0,2452.0,2506.0,756
2018-05-14,2545.0,2545.05,2500.0,2519.55,1899
2018-05-15,2585.0,2624.0,2471.1,2541.1,2897
2018-05-16,2500.1,2550.0,2500.1,2537.1,732
2018-05-17,2560.0,2574.95,2506.6,2523.75,1094
2018-05-18,2525.9,2525.9,2425.0,2448.9,1438
2018-05-21,2500.0,2500.0,2348.0,2371.8,1731
2018-05-22,2354.05,2400.0,2350.0,2372.85,974
2018-05-23,2335.05,2410.15,2305.0,2354.05,1240
2018-05-24,2350.0,2350.4,2291.05,2331.85,2118
2018-05-25,2330.0,2376.9,2325.0,2343.3,590
2018-05-28,2386.85,2400.0,2355.0,2399.3,2374
2018-05-29,2399.3,2423.2,2398.9,2416.55,513
2018-05-30,2404.0,2437.75,2375.05,2434.9,635
2018-05-31,2434.0,2450.0,2365.15,2438.6,673
2018-06-01,2440.0,2450.0,2300.05,2318.35,1223
2018-06-04,2323.75,2330.2,2254.0,2276.75,1485
2018-06-05,2320.0,2320.0,2191.95,2214.85,5872
2018-06-06,2226.0,2370.0,2199.55,2298.55,834
2018-06-07,2236.1,2350.0,2236.0,2332.15,260
2018-06-08,2346.0,2357.0,2331.55,2357.0,590
2018-06-11,2397.75,2397.75,2360.0,2362.0,642
2018-06-12,2393.95,2393.95,2363.35,2379.4,330
2018-06-13,2384.9,2387.75,2358.6,2380.35,793
2018-06-14,2378.0,2404.0,2330.0,2397.3,1400
2018-06-15,2351.3,2377.2,2310.0,2315.4,878
2018-06-18,2364.85,2364.85,2222.25,2276.5,762
2018-06-19,2299.9,2300.05,2242.4,2273.75,1260
2018-06-20,2270.05,2280.0,2249.95,2270.0,186
2018-06-21,2260.05,2278.95,2250.0,2251.85,543
2018-06-22,2249.95,2289.95,2249.95,2266.35,870
2018-06-25,2260.0,2280.0,2248.55,2251.85,2592
2018-06-26,2255.0,2255.0,2225.1,2248.55,953
2018-06-27,2250.0,2250.0,2160.0,2211.25,935
2018-06-28,2230.0,2230.0,2139.6,2194.75,1601
2018-06-29,2150.9,2237.0,2150.9,2227.0,563
2018-07-02,2246.95,2247.0,2159.8,2210.0,1001
2018-07-03,2230.0,2230.05,2168.5,2172.5,910
2018-07-04,2140.45,2224.0,2140.35,2195.95,849
2018-07-05,2199.55,2202.0,2178.85,2198.95,805
2018-07-06,2133.05,2202.0,2133.05,2200.0,899
2018-07-09,2220.0,2220.0,2153.9,2199.9,1401
2018-07-10,2220.0,2220.35,2192.0,2207.9,858
2018-07-11,2218.45,2218.45,2150.0,2167.1,62
2018-07-12,2152.45,2208.9,2151.0,2171.6,99
2018-07-13,2155.0,2155.0,2125.0,2141.25,215
2018-07-16,2115.0,2115.0,1975.05,2038.65,353
2018-07-17,2048.0,2059.1,2000.0,2016.1,193
2018-07-18,2011.25,2015.0,1980.05,1989.5,286
2018-07-19,1949.1,2003.95,1949.1,1985.95,848
2018-07-20,2004.95,2044.0,1999.25,2024.15,589
2018-07-23,2044.0,2050.0,1945.05,2050.0,519
2018-07-24,2089.8,2100.0,2065.4,2091.8,216
2018-07-25,2100.0,2139.4,2055.05,2107.95,467
2018-07-26,2107.95,2150.0,2100.0,2125.0,216
2018-07-27,2198.95,2198.95,2112.4,2138.75,149
2018-07-30,2179.85,2179.85,2125.0,2151.5,134
2018-07-31,2109.95,2279.8,2107.05,2198.75,1225
2018-08-01,2224.85,2225.0,2154.2,2185.5,1065
2018-08-02,2182.8,2200.05,2150.1,2196.7,806
2018-08-03,2200.0,2200.0,2165.0,2182.55,636
2018-08-06,2191.0,2200.0,2190.0,2199.15,552
2018-08-07,2200.0,2200.0,2170.0,2170.0,219
2018-08-08,2150.0,2195.0,2110.05,2150.0,140
2018-08-09,2150.0,2189.95,2124.0,2131.65,217
2018-08-10,2189.75,2230.0,2145.0,2224.5,7463
2018-08-13,2250.0,2300.0,2182.5,2295.4,1101
2018-08-14,2335.0,2335.0,2260.0,2299.65,124
2018-08-16,2298.85,2599.0,2298.85,2471.1,17270
2018-08-17,2470.0,2528.8,2460.0,2496.45,1719
2018-08-20,2475.0,2475.0,2369.1,2408.15,4236
2018-08-21,2425.0,2425.0,2377.0,2390.8,5612
2018-08-23,2350.1,2410.0,2350.1,2369.5,1053
2018-08-24,2375.0,2397.1,2303.25,2340.05,270
2018-08-27,2319.95,2400.0,2319.95,2374.05,690
2018-08-28,2400.0,2400.0,2335.2,2398.75,1407
2018-08-29,2420.0,2420.0,2376.3,2395.55,1420
2018-08-30,2400.0,2400.0,2371.0,2385.75,962
2018-08-31,2400.0,2400.0,2389.65,2396.9,839
2018-09-03,2400.0,2450.0,2389.95,2390.0,2326
2018-09-04,2410.05,2410.05,2286.1,2360.8,934
2018-09-05,2369.9,2370.0,2232.0,2357.6,965
2018-09-06,2380.05,2599.95,2365.65,2386.6,1644
2018-09-07,2400.0,2450.0,2365.0,2443.4,1017
2018-09-10,2419.9,2420.0,2358.6,2399.7,1174
2018-09-11,2385.1,2399.65,2351.0,2375.95,1444
2018-09-12,2375.05,2400.0,2372.05,2391.65,902
2018-09-14,2395.0,2419.9,2375.1,2396.95,649
2018-09-17,2396.95,2397.25,2365.0,2384.55,1650
2018-09-18,2342.45,2370.0,2314.0,2321.9,431
2018-09-19,2366.9,2366.95,2300.0,2333.5,744
2018-09-21,2350.05,2384.95,2256.7,2341.9,684
2018-09-24,2201.4,2409.95,2131.1,2207.95,930
2018-09-25,2249.0,2249.0,2152.0,2207.25,720
2018-09-26,2285.0,2349.0,2192.5,2244.4,996
2018-09-27,2266.05,2278.0,2209.95,2261.9,818
2018-09-28,2240.0,2240.0,2061.25,2087.95,2125
2018-10-01,1941.85,2166.0,1941.85,2099.75,1193
2018-10-03,2050.05,2183.65,2050.05,2178.1,158
2018-10-04,2178.0,2178.0,2092.1,2162.0,803
2018-10-05,2075.05,2129.0,1772.8,1903.75,3642
2018-10-08,1903.75,1950.0,1822.05,1900.7,496
2018-10-09,1900.85,1948.85,1831.0,1860.0,191
2018-10-10,1806.55,2002.15,1806.55,1999.3,656
2018-10-11,1929.35,1995.05,1929.35,1940.85,215
2018-10-12,1920.95,2038.0,1920.95,2003.7,390
2018-10-15,2003.65,2009.0,2000.0,2006.7,47
2018-10-16,2008.05,2084.45,2000.0,2003.6,337
2018-10-17,2034.95,2034.95,1915.5,1989.75,948
2018-10-19,1989.0,1993.0,1975.65,1989.75,352
2018-10-22,1950.05,2000.0,1945.0,1945.05,1177
2018-10-23,2080.8,2200.0,1893.0,1910.85,469
2018-10-24,1911.0,2120.95,1875.0,1917.5,227
2018-10-25,1906.35,1947.0,1882.05,1902.35,355
2018-10-26,1903.95,1978.0,1850.5,1895.2,200
2018-10-29,1895.05,1935.95,1885.0,1901.0,201
2018-10-30,1920.0,1942.0,1889.15,1923.7,420
2018-10-31,1947.9,1973.0,1929.8,1967.35,405
2018-11-01,1967.35,2032.0,1963.0,1988.85,253
2018-11-02,1999.0,2028.8,1985.0,2018.1,1356
2018-11-05,2018.45,2038.25,1995.05,2029.25,346
2018-11-06,2022.4,2029.0,1985.0,1987.85,1450
2018-11-09,2009.8,2049.1,2000.0,2020.0,274
2018-11-12,2034.4,2040.0,1994.35,1999.7,622
2018-11-13,2000.05,2030.0,1985.15,1999.55,1841
2018-11-14,2049.95,2049.95,1993.1,2009.1,1833
2018-11-15,1984.5,2009.0,1928.7,1968.55,589
2018-11-16,1999.85,2024.0,1988.0,2003.15,274
2018-11-19,2004.0,2015.0,1978.95,1979.75,614
2018-11-20,1991.65,2000.0,1964.0,1965.3,654
2018-11-21,1969.95,1979.0,1956.0,1973.8,218
2018-11-22,1999.85,1999.9,1965.0,1984.0,193
2018-11-26,1975.4,1997.95,1961.0,1970.0,347
2018-11-27,1979.95,1999.0,1975.45,1990.85,103
2018-11-28,1999.9,1999.9,1965.0,1974.9,74
2018-11-29,1965.05,1973.0,1965.0,1972.45,46
2018-11-30,1930.05,1980.0,1929.95,1967.25,326
2018-12-03,1945.05,1995.0,1945.0,1982.3,89
2018-12-04,1990.2,1994.75,1923.0,1960.05,175
2018-12-05,1962.35,1972.0,1896.15,1915.4,760
2018-12-06,1900.0,1945.0,1886.05,1895.7,52
2018-12-07,1883.4,1896.15,1829.95,1848.95,423
2018-12-10,1801.5,1842.4,1800.0,1810.2,225
2018-12-11,1750.05,1809.0,1746.85,1804.8,410
2018-12-12,1874.95,1875.0,1800.0,1814.75,251
2018-12-13,1812.1,1860.0,1805.0,1834.2,288
2018-12-14,1849.95,1850.0,1815.0,1831.0,183
2018-12-17,1849.95,1886.45,1805.55,1858.0,491
2018-12-18,1859.95,1860.0,1845.0,1854.1,60
2018-12-19,1853.1,1860.0,1839.95,1843.4,168
2018-12-20,1801.05,1853.05,1801.05,1827.4,193
2018-12-21,1875.05,1875.05,1811.0,1820.0,186
2018-12-24,1910.55,1910.55,1820.1,1823.05,186
2018-12-26,1832.05,1835.05,1768.45,1795.0,331
2018-12-27,1850.05,1850.05,1785.1,1799.85,211
2018-12-28,1804.0,1823.95,1787.0,1791.55,14645
2018-12-31,1773.95,1848.8,1773.95,1822.5,346
2019-01-01,1786.0,1830.05,1786.0,1800.85,122
2019-01-02,1825.05,1825.05,1790.0,1795.15,104
2019-01-03,1804.95,1858.5,1785.0,1813.25,532
2019-01-04,1834.6,1869.9,1805.8,1853.5,629
2019-01-07,1826.05,1845.0,1790.0,1791.95,646
2019-01-08,1839.0,1839.0,1751.4,1771.95,416
2019-01-09,1880.0,1880.0,1788.0,1794.85,1340
2019-01-10,1804.75,1804.75,1763.6,1772.6,203
2019-01-11,1770.2,1793.95,1758.1,1789.85,439
2019-01-14,1789.85,1800.0,1780.0,1796.85,871
2019-01-15,1799.5,1800.0,1773.4,1789.35,360
2019-01-16,1825.05,1825.05,1729.75,1737.25,818
2019-01-17,1762.05,1769.9,1680.0,1697.4,839
2019-01-18,1732.05,1748.9,1640.0,1649.95,1007
2019-01-21,1650.05,1650.05,1569.0,1576.2,1666
2019-01-22,1582.05,1582.05,1528.0,1534.05,1149
2019-01-23,1544.85,1663.0,1518.0,1561.95,532
2019-01-24,1563.05,1564.05,1535.6,1543.25,751
2019-01-25,1562.05,1563.05,1518.0,1536.7,778
2019-01-28,1535.0,1544.05,1466.8,1490.9,1114
2019-01-29,1475.0,1520.05,1450.1,1503.45,669
2019-01-30,1508.05,1515.05,1495.0,1502.95,644
2019-01-31,1505.05,1548.1,1491.05,1545.35,731
2019-02-01,1528.05,1590.0,1514.95,1546.35,957
2019-02-04,1561.0,1582.05,1532.0,1543.4,610
2019-02-05,1542.05,1553.0,1514.95,1527.55,735
2019-02-06,1536.05,1539.0,1499.85,1521.45,603
2019-02-07,1530.05,1532.05,1490.1,1493.8,687
2019-02-08,1522.05,1522.05,1464.0,1472.4,707
2019-02-11,1480.05,1480.05,1435.95,1449.8,672
2019-02-12,1422.55,1459.05,1422.55,1439.0,973
2019-02-13,1470.05,1470.05,1423.0,1423.15,717
2019-02-14,1438.05,1444.05,1424.95,1435.0,1015
2019-02-15,1445.05,1450.05,1418.3,1444.85,728
2019-02-18,1438.05,1444.05,1412.2,1443.25,805
2019-02-19,1459.85,1459.95,1415.6,1419.3,144
2019-02-20,1430.05,1430.05,1399.95,1407.75,634
2019-02-21,1418.05,1580.0,1395.0,1475.4,2055
2019-02-22,1500.0,1524.45,1456.85,1480.9,1156
2019-02-25,1494.3,1540.0,1487.05,1495.35,1249
2019-02-26,1489.9,1610.0,1478.35,1584.4,1066
2019-02-27,1590.05,1610.0,1586.0,1598.9,698
2019-02-28,1590.05,1654.0,1579.95,1648.5,519
2019-03-01,1635.05,1668.0,1631.0,1666.45,351
2019-03-05,1690.05,1703.0,1646.0,1664.95,2473
2019-03-06,1685.05,1701.0,1646.65,1646.9,1046
2019-03-07,1694.95,1695.0,1606.45,1623.95,1845
2019-03-08,1614.95,1621.05,1575.05,1602.85,1022
2019-03-11,1615.05,1650.0,1554.85,1609.65,3693
2019-03-12,1625.0,1650.0,1592.5,1609.9,2937
2019-03-13,1625.0,1650.0,1555.0,1601.25,3199
2019-03-14,1600.0,1627.05,1590.1,1602.35,2158
2019-03-15,1618.05,1674.0,1604.95,1656.1,2741
2019-03-18,1680.05,1680.05,1623.0,1634.95,542
2019-03-19,1650.0,1650.0,1615.5,1620.1,395
2019-03-20,1625.05,1625.05,1595.0,1602.15,696
2019-03-22,1620.05,1620.05,1571.65,1584.3,877
2019-03-25,1570.5,1592.85,1520.0,1530.4,1287
2019-03-26,1540.0,1578.95,1474.95,1506.0,4255
2019-03-27,1510.55,1545.0,1464.4,1512.65,5891
2019-03-28,1530.05,1544.8,1500.0,1511.3,2388
2019-03-29,1530.45,1610.0,1525.95,1589.85,1875
2019-04-01,1610.0,1845.0,1604.85,1735.1,10836
2019-04-02,1740.0,1786.0,1740.0,1751.9,2629
2019-04-03,1721.1,1793.35,1716.9,1764.15,1230
2019-04-04,1764.9,1772.0,1748.0,1766.05,1185
2019-04-05,1789.05,1789.05,1759.15,1778.3,546
2019-04-08,1777.0,1784.05,1714.65,1735.75,1275
2019-04-09,1716.15,1780.0,1712.3,1764.05,2533
2019-04-10,1752.9,1760.0,1724.05,1739.5,1555
2019-04-11,1764.05,1781.55,1748.05,1762.85,615
2019-04-12,1789.85,1789.85,1730.2,1760.9,672
2019-04-15,1799.9,1799.9,1756.95,1765.05,565
2019-04-16,1765.1,1785.95,1758.95,1772.65,544
2019-04-18,1775.05,1785.9,1741.1,1769.7,1281
2019-04-22,1740.1,1771.05,1740.1,1770.0,1278
2019-04-23,1750.0,1794.5,1750.0,1772.35,689
2019-04-24,1772.4,1783.0,1763.8,1775.4,724
2019-04-25,1776.7,1786.05,1770.1,1775.35,595
2019-04-26,1789.95,1789.95,1745.0,1773.8,392
2019-04-30,1787.95,1791.5,1740.0,1784.7,1312
2019-05-02,1786.2,1847.95,1777.95,1792.2,1001
2019-05-03,1793.1,1807.05,1782.05,1791.3,452
2019-05-06,1791.3,1811.05,1701.2,1789.7,922
2019-05-07,1790.8,1798.05,1784.0,1790.15,463
2019-05-08,1790.15,1790.2,1673.6,1706.3,2137
2019-05-09,1697.95,1769.95,1685.05,1742.15,1168
2019-05-10,1707.35,1737.0,1691.2,1718.2,2277
2019-05-13,1699.95,1732.55,1699.95,1700.7,361
2019-05-14,1685.6,1753.0,1685.6,1740.9,1327
2019-05-15,1723.85,1739.35,1716.05,1723.3,363
2019-05-16,1764.0,1770.0,1701.45,1755.7,1099
2019-05-17,1722.0,1755.0,1722.0,1734.85,336
2019-05-20,1752.2,1791.0,1693.6,1734.7,685
2019-05-21,1774.95,1774.95,1701.0,1714.45,717
2019-05-22,1725.0,1748.05,1703.0,1723.85,187
2019-05-23,1735.05,1741.1,1706.0,1732.55,731
2019-05-24,1718.65,1744.25,1718.65,1732.55,356
2019-05-27,1732.55,1755.0,1726.0,1736.15,369
2019-05-28,1772.0,1772.0,1755.95,1759.05,178
2019-05-29,1759.05,1796.9,1752.25,1789.7,1216
2019-05-30,1799.0,1840.0,1772.0,1827.15,1100
2019-05-31,1827.2,1875.0,1827.2,1869.1,886
2019-06-03,1875.0,1889.95,1790.0,1830.95,1501
2019-06-04,1800.05,1874.95,1800.05,1866.05,587
2019-06-06,1900.0,1900.0,1841.05,1893.25,1180
2019-06-07,1890.0,1902.0,1868.0,1891.6,287
2019-06-10,1935.0,1935.0,1891.6,1896.4,160
2019-06-11,1902.0,1902.0,1839.55,1889.5,602
2019-06-12,1908.05,1915.0,1872.95,1887.9,195
2019-06-13,1878.05,1899.25,1861.95,1887.5,315
2019-06-14,1850.05,1890.05,1850.05,1880.5,366
2019-06-17,1862.35,1884.35,1851.05,1877.75,1171
2019-06-18,1890.0,1890.0,1830.05,1859.9,1572
2019-06-19,1860.0,1861.2,1770.0,1770.85,248
2019-06-20,1750.0,1848.95,1720.0,1787.3,351
2019-06-21,1774.95,1800.05,1757.95,1779.25,350
2019-06-24,1726.55,1794.9,1726.5,1729.3,136
2019-06-25,1730.0,1734.05,1701.0,1723.5,9669
2019-06-26,1735.0,1775.05,1705.15,1726.4,452
2019-06-27,1724.0,1830.0,1718.1,1751.4,9298
2019-06-28,1752.0,1819.95,1752.0,1803.65,2919
2019-07-01,1780.0,1800.0,1768.0,1784.7,6963
2019-07-02,1778.5,1799.0,1725.05,1773.65,6957
2019-07-03,1766.45,1766.45,1753.0,1756.85,5195
2019-07-04,1756.85,1815.0,1756.85,1780.5,145
2019-07-05,1750.1,1781.0,1748.8,1778.7,800
2019-07-08,1725.0,1789.9,1725.0,1784.0,839
2019-07-09,1741.7,1790.0,1741.7,1782.55,373
2019-07-10,1795.0,1796.0,1730.1,1744.5,286
2019-07-11,1790.05,1790.05,1737.95,1769.8,131
2019-07-12,1769.8,1788.05,1720.0,1769.15,733
2019-07-15,1769.2,1780.05,1715.3,1766.25,351
2019-07-16,1800.05,1800.05,1759.95,1769.6,128
2019-07-17,1771.0,1795.0,1757.0,1767.75,78
2019-07-18,1761.25,1786.75,1742.15,1766.35,679
2019-07-19,1753.0,1766.4,1731.05,1749.45,829
2019-07-22,1711.4,1764.0,1685.05,1730.55,1385
2019-07-23,1799.0,1799.0,1712.55,1730.55,158
2019-07-24,1781.0,1781.0,1720.85,1734.0,174
2019-07-25,1685.15,1769.0,1685.15,1737.6,215
2019-07-26,1734.0,1749.75,1716.45,1746.95,302
2019-07-29,1740.0,1740.0,1716.5,1736.65,888
2019-07-30,1735.0,1740.0,1715.65,1734.75,793
2019-07-31,1701.4,1734.75,1691.0,1729.1,1271
2019-08-01,1729.1,1729.1,1682.55,1726.0,1196
2019-08-02,1695.15,1725.0,1674.25,1690.7,1771
2019-08-05,1641.05,1696.6,1641.05,1655.05,222
2019-08-06,1695.9,1695.9,1641.0,1647.9,120
2019-08-07,1684.7,1684.7,1631.0,1635.4,338
2019-08-08,1705.0,1705.0,1630.0,1640.35,217
2019-08-09,1669.75,1680.0,1637.0,1676.6,430
2019-08-13,1631.2,1693.9,1631.2,1646.0,112
2019-08-14,1699.9,1699.9,1615.0,1615.65,209
2019-08-16,1629.95,1660.05,1610.55,1632.7,240
2019-08-19,1640.0,1669.8,1615.0,1615.35,317
2019-08-20,1580.35,1615.0,1580.35,1595.55,369
2019-08-21,1581.3,1610.0,1570.0,1578.2,904
2019-08-22,1579.0,1600.0,1569.95,1582.75,705
2019-08-23,1597.0,1598.6,1559.95,1595.5,1204
2019-08-26,1598.0,1619.95,1580.1,1594.0,809
2019-08-27,1615.0,1615.0,1602.95,1607.4,242
2019-08-28,1623.45,1640.0,1608.65,1625.0,334
2019-08-29,1649.9,1649.9,1581.55,1629.1,1197
2019-08-30,1615.2,1660.0,1615.2,1644.45,977
2019-09-03,1615.0,1714.45,1605.15,1656.85,1125
2019-09-04,1633.5,1673.9,1633.5,1665.6,1266
2019-09-05,1695.0,1695.0,1668.2,1680.15,798
2019-09-06,1672.6,1699.0,1650.25,1672.8,344
2019-09-09,1662.05,1695.0,1662.05,1681.2,347
2019-09-11,1658.15,1719.9,1658.15,1699.95,787
2019-09-12,1716.0,1720.0,1690.15,1699.05,1057
2019-09-13,1699.0,1800.0,1692.15,1713.95,1140
2019-09-16,1717.5,1750.0,1702.6,1731.45,310
2019-09-17,1714.15,1715.0,1679.5,1679.75,228
2019-09-18,1715.4,1735.45,1690.0,1704.85,506
2019-09-19,1700.0,1700.0,1650.0,1654.05,236
2019-09-20,1631.5,1749.0,1631.5,1722.75,424
2019-09-23,1790.0,1790.0,1702.5,1726.5,277
2019-09-24,1721.15,1749.45,1711.0,1737.15,480
2019-09-25,1727.55,1745.05,1675.75,1687.15,870
2019-09-26,1725.05,1725.05,1696.1,1705.0,1002
2019-09-27,1740.0,1797.85,1697.95,1734.0,1133
2019-09-30,1730.0,1741.95,1699.7,1734.25,970
2019-10-01,1717.0,1749.0,1625.0,1650.6,489
2019-10-03,1721.95,1721.95,1626.05,1634.0,258
2019-10-04,1669.95,1669.95,1615.0,1651.2,209
2019-10-07,1635.0,1697.0,1552.15,1608.9,244
2019-10-09,1596.0,1687.95,1593.0,1620.4,357
2019-10-10,1699.85,1699.85,1580.0,1604.5,331
2019-10-11,1669.85,1669.85,1580.0,1624.3,379
2019-10-14,1626.05,1648.0,1535.6,1604.45,800
2019-10-15,1625.0,1668.0,1561.3,1651.15,995
2019-10-16,1659.0,1675.0,1632.0,1649.05,387
2019-10-17,1599.6,1682.95,1585.0,1616.05,552
2019-10-18,1692.95,1692.95,1610.1,1643.0,822
2019-10-22,1585.0,1650.0,1585.0,1624.35,790
2019-10-23,1608.0,1641.0,1608.0,1623.75,405
2019-10-24,1636.65,1669.85,1600.0,1610.95,346
2019-10-25,1608.0,1630.0,1570.0,1611.6,529
2019-10-27,1603.95,1674.7,1601.05,1643.8,84
2019-10-29,1703.0,1716.95,1585.0,1639.9,727
2019-10-30,1669.0,1688.95,1650.0,1672.0,407
2019-10-31,1672.0,1720.0,1661.0,1699.55,709
2019-11-01,1720.0,1744.95,1682.4,1730.0,172
2019-11-04,1699.95,1740.0,1671.0,1680.75,942
2019-11-05,1719.0,1737.95,1649.95,1656.65,750
2019-11-06,1672.0,1675.0,1638.05,1651.4,1134
2019-11-07,1633.5,1675.05,1633.5,1634.25,663
2019-11-08,1618.0,1678.95,1585.0,1594.15,559
2019-11-11,1580.05,1610.05,1580.05,1595.05,248
2019-11-13,1603.05,1618.95,1570.0,1574.4,339
2019-11-14,1599.0,1616.95,1562.0,1566.45,352
2019-11-15,1566.0,1593.95,1562.0,1581.6,256
2019-11-18,1581.6,1581.6,1550.0,1567.95,346
2019-11-19,1555.0,1555.0,1529.6,1533.0,652
2019-11-20,1535.05,1604.0,1530.0,1591.15,742
2019-11-21,1596.05,1596.05,1551.0,1554.0,415
2019-11-22,1630.0,1735.0,1554.95,1716.6,2623
2019-11-25,1663.65,1799.3,1663.65,1729.9,1364
2019-11-26,1739.0,1740.0,1680.4,1688.9,297
2019-11-27,1700.0,1750.0,1688.5,1716.2,864
2019-11-28,1735.05,1751.4,1694.05,1750.0,1391
2019-11-29,1711.05,1799.95,1701.05,1771.1,764
2019-12-02,1736.6,1760.0,1711.0,1718.4,617
2019-12-03,1691.2,1728.05,1691.2,1705.05,227
2019-12-04,1698.05,1729.0,1640.0,1656.95,494
2019-12-05,1654.0,1674.0,1631.0,1646.5,185
2019-12-06,1631.0,1685.0,1613.0,1622.9,695
2019-12-09,1640.0,1686.8,1640.0,1663.45,421
2019-12-10,1699.0,1699.0,1625.0,1628.0,243
2019-12-11,1625.0,1650.0,1592.0,1620.1,285
2019-12-12,1600.1,1610.0,1598.05,1599.0,732
2019-12-13,1563.0,1663.0,1563.0,1608.4,645
2019-12-16,1595.0,1649.0,1595.0,1630.95,725
2019-12-17,1625.0,1663.2,1615.25,1654.2,493
2019-12-18,1656.0,1714.0,1651.0,1689.55,589
2019-12-19,1688.9,1719.0,1668.5,1712.6,660
2019-12-20,1701.05,1718.0,1660.0,1691.85,1569
2019-12-23,1711.95,1712.0,1676.35,1697.25,635
2019-12-24,1703.75,1710.0,1680.2,1681.35,189
2019-12-26,1689.95,1710.0,1678.65,1709.0,1023
2019-12-27,1698.65,1749.85,1698.65,1742.55,563
2019-12-30,1767.95,1779.0,1675.0,1776.05,1142
2019-12-31,1760.0,1849.0,1760.0,1843.05,1440
2020-01-01,1850.0,1881.5,1766.0,1781.75,391
2020-01-02,1787.95,1800.85,1755.0,1771.55,432
2020-01-03,1746.05,1780.05,1715.0,1723.75,422
2020-01-06,1715.0,1715.0,1662.0,1673.25,229
2020-01-07,1720.0,1749.95,1705.1,1746.85,621
2020-01-08,1691.05,1719.95,1691.05,1704.65,351
2020-01-09,1749.0,1780.0,1736.1,1770.15,691
2020-01-10,1730.05,1810.0,1730.05,1796.35,652
2020-01-13,1809.0,1819.0,1781.0,1805.75,182
2020-01-14,1806.0,1832.0,1806.0,1824.55,538
2020-01-15,1796.0,1829.0,1796.0,1812.2,388
2020-01-16,1811.1,1836.05,1810.05,1824.6,311
2020-01-17,1830.0,1830.0,1790.65,1815.85,370
2020-01-20,1839.0,1850.0,1756.2,1796.65,431
2020-01-21,1815.0,1815.0,1748.1,1757.45,358
2020-01-22,1755.5,1800.05,1755.5,1797.25,172
2020-01-23,1815.0,1815.0,1765.55,1780.2,344
2020-01-24,1804.95,1816.6,1761.2,1795.6,745
2020-01-27,1816.6,1816.6,1770.0,1775.25,662
2020-01-28,1776.0,1791.0,1764.6,1784.55,356
2020-01-29,1783.0,1783.0,1750.0,1756.5,581
2020-01-30,1764.0,1764.0,1717.0,1720.2,498
2020-01-31,1753.0,1753.0,1717.35,1743.85,161
2020-02-01,1701.65,1740.0,1701.1,1716.15,116
2020-02-03,1749.95,1749.95,1678.5,1707.25,180
2020-02-04,1740.05,1740.05,1660.05,1715.0,204
2020-02-05,1692.0,1735.0,1692.0,1718.85,987
2020-02-06,1745.05,1789.95,1730.0,1767.75,627
2020-02-07,1790.05,1790.05,1724.0,1763.2,237
2020-02-10,1782.05,1782.05,1726.0,1726.0,357
2020-02-11,1726.05,1726.05,1660.05,1664.85,282
2020-02-12,1664.1,1664.1,1599.15,1613.05,567
2020-02-13,1561.05,1659.9,1561.05,1613.45,77
2020-02-14,1640.0,1787.0,1602.05,1648.0,411
2020-02-17,1637.05,1640.0,1575.6,1612.55,524
2020-02-18,1664.85,1664.9,1610.0,1610.05,342
2020-02-19,1570.0,1645.05,1567.0,1639.95,174
2020-02-20,1675.05,1675.05,1585.1,1609.65,1754
2020-02-24,1600.0,1628.05,1533.1,1566.75,602
2020-02-25,1595.0,1595.0,1529.95,1548.75,779
2020-02-26,1529.0,1545.05,1516.0,1541.1,315
2020-02-27,1598.65,1598.65,1530.0,1537.0,181
2020-02-28,1500.0,1550.0,1470.0,1500.95,299
2020-03-02,1545.95,1589.0,1512.05,1559.45,606
2020-03-03,1532.0,1551.0,1464.0,1496.9,593
2020-03-04,1541.8,1587.95,1501.0,1532.3,2436
2020-03-05,1515.05,1555.0,1480.0,1495.4,1546
2020-03-06,1499.8,1518.9,1455.0,1508.5,996
2020-03-09,1455.15,1489.8,1401.05,1429.4,572
2020-03-11,1422.65,1478.9,1375.0,1382.35,629
2020-03-12,1332.0,1332.0,1142.95,1211.25,997
2020-03-13,1160.0,1429.3,970.0,1244.65,1394
2020-03-16,1200.0,1275.0,1195.8,1235.45,684
2020-03-17,1203.2,1289.65,1203.05,1219.15,351
2020-03-18,1185.0,1230.0,1173.0,1200.4,640
2020-03-19,1153.0,1153.0,1010.2,1089.2,1852
2020-03-20,1067.4,1130.0,1030.5,1061.35,510
2020-03-23,1050.0,1050.0,849.1,849.1,1396
2020-03-24,895.9,895.9,761.25,806.7,406
2020-03-25,820.0,865.0,790.0,808.0,380
2020-03-26,884.0,888.0,784.0,871.25,447
2020-03-27,888.0,900.0,811.05,871.5,226
2020-03-30,870.0,934.0,816.05,868.65,94349
2020-03-31,910.0,955.5,910.0,955.5,994
2020-04-01,1051.0,1051.05,956.3,1051.05,1189
2020-04-03,1103.1,1103.6,1053.7,1100.1,2454
2020-04-07,1154.8,1154.8,1050.0,1079.85,2229
2020-04-08,1061.0,1080.0,1050.0,1056.7,1261
2020-04-09,1056.05,1073.9,1005.0,1014.05,1462
2020-04-13,1002.95,1002.95,963.35,975.45,1218
2020-04-15,969.95,1022.85,951.95,995.55,1082
2020-04-16,1000.0,1026.55,971.95,1008.6,808
2020-04-17,1011.05,1059.0,1011.05,1059.0,647
2020-04-20,1089.95,1111.5,1059.95,1111.5,808
2020-04-21,1111.5,1111.5,1057.0,1061.1,381
2020-04-22,1081.1,1081.1,1020.5,1057.3,565
2020-04-23,1070.05,1088.0,1039.95,1072.3,745
2020-04-24,1051.05,1078.0,1050.95,1067.35,902
2020-04-27,1069.9,1110.25,1051.4,1059.2,624
2020-04-28,1065.05,1065.05,1011.1,1019.1,788
2020-04-29,1054.9,1054.9,990.05,1018.75,1016
2020-04-30,1025.0,1069.6,1020.0,1065.1,1623
2020-05-04,1114.95,1114.95,1017.05,1027.3,349
2020-05-05,1022.05,1048.0,999.0,1042.35,1057
2020-05-06,1048.9,1060.0,1042.0,1056.0,501
2020-05-07,1056.0,1056.0,1023.2,1038.7,38
2020-05-08,1040.0,1072.95,1001.15,1010.65,394
2020-05-11,999.0,1056.9,999.0,1027.9,1003
2020-05-12,1048.9,1074.95,1005.05,1064.3,565
2020-05-13,1075.4,1095.0,1037.0,1089.35,1273
2020-05-14,1121.0,1139.95,1052.2,1096.6,351
2020-05-15,1052.05,1151.4,1052.05,1121.4,1011
2020-05-18,1130.05,1164.0,1101.7,1118.0,325
2020-05-19,1168.0,1168.0,1111.05,1115.1,295
2020-05-20,1071.2,1143.0,1071.2,1138.65,275
2020-05-21,1157.9,1162.0,1102.55,1144.95,1072
2020-05-22,1131.05,1149.95,1090.0,1099.95,1340
2020-05-26,1100.0,1117.9,1061.65,1100.0,958
2020-05-27,1099.95,1148.0,1061.75,1140.45,920
2020-05-28,1144.95,1159.95,1130.05,1150.9,833
2020-05-29,1124.05,1190.0,1124.05,1151.2,2146
2020-06-01,1149.95,1180.0,1138.65,1176.35,1725
2020-06-02,1165.0,1185.0,1151.25,1175.6,904
2020-06-03,1160.0,1211.95,1160.0,1198.45,296
2020-06-04,1198.9,1200.0,1185.0,1185.0,10
2020-06-05,1249.95,1250.0,1186.0,1212.3,328
2020-06-08,1312.25,1447.9,1212.05,1288.8,720
2020-06-09,1291.0,1348.95,1252.75,1267.5,580
2020-06-10,1399.0,1399.0,1245.0,1272.5,578
2020-06-11,1250.05,1323.3,1232.0,1275.0,418
2020-06-12,1237.15,1265.0,1205.15,1265.0,413
2020-06-15,1235.15,1338.0,1235.15,1253.2,418
2020-06-16,1270.0,1290.0,1260.0,1271.3,257
2020-06-17,1240.65,1316.45,1240.65,1270.5,31
2020-06-18,1240.3,1324.0,1240.3,1295.0,178
2020-06-19,1300.0,1329.95,1263.05,1270.1,1152
2020-06-22,1270.1,1325.0,1255.0,1286.85,723
2020-06-23,1320.0,1350.0,1280.05,1318.35,732
2020-06-24,1310.0,1409.0,1290.0,1305.1,374
2020-06-25,1270.05,1319.9,1270.0,1301.4,117
2020-06-26,1290.0,1385.0,1260.05,1340.2,751
2020-06-29,1340.0,1340.0,1250.0,1285.6,723
2020-06-30,1260.0,1299.0,1255.15,1281.35,1297
2020-07-01,1281.35,1297.0,1264.95,1277.1,224
2020-07-02,1325.8,1325.85,1269.0,1272.0,431
2020-07-03,1273.5,1290.0,1250.0,1261.45,433
2020-07-06,1251.1,1289.0,1225.05,1253.45,648
2020-07-07,1255.0,1317.0,1215.0,1280.65,504
2020-07-08,1300.0,1315.0,1263.05,1270.15,615
2020-07-09,1260.0,1295.0,1250.2,1285.95,331
2020-07-10,1291.95,1349.9,1275.0,1280.0,2952
2020-07-13,1290.0,1313.9,1265.0,1293.4,478
2020-07-14,1300.0,1320.0,1290.0,1305.9,1085
2020-07-15,1319.9,1320.0,1260.0,1277.15,857
2020-07-16,1253.15,1298.0,1253.15,1297.35,353
2020-07-17,1350.95,1350.95,1271.15,1283.0,495
2020-07-20,1272.15,1294.95,1252.75,1291.95,662
2020-07-21,1292.0,1306.95,1290.05,1300.0,836
2020-07-22,1276.5,1299.5,1276.5,1280.0,189
2020-07-23,1306.95,1306.95,1281.75,1293.6,556
2020-07-24,1285.0,1298.0,1270.0,1295.2,260
2020-07-27,1293.95,1293.95,1277.0,1280.0,28
2020-07-28,1299.95,1299.95,1254.15,1270.5,392
2020-07-29,1299.95,1299.95,1264.1,1264.7,126
2020-07-30,1271.05,1271.55,1251.15,1263.9,166
2020-07-31,1253.15,1276.5,1251.5,1267.25,965
2020-08-03,1299.0,1299.0,1230.0,1249.9,209
2020-08-04,1275.0,1275.0,1239.95,1248.55,282
2020-08-05,1275.0,1275.0,1215.0,1232.8,550
2020-08-06,1265.0,1287.95,1245.0,1276.65,151
2020-08-07,1251.4,1275.0,1251.35,1268.7,372
2020-08-10,1309.0,1344.5,1280.0,1285.45,1205
2020-08-11,1302.15,1302.5,1250.0,1278.85,681
2020-08-12,1255.35,1298.0,1255.25,1286.0,945
2020-08-13,1299.0,1435.0,1280.1,1413.55,4133
2020-08-14,1494.95,1600.0,1440.0,1479.65,3691
2020-08-17,1525.0,1599.9,1411.2,1435.7,1198
2020-08-18,1435.7,1477.85,1414.2,1443.4,1142
2020-08-19,1450.0,1464.95,1424.0,1443.6,695
2020-08-20,1477.15,1477.2,1428.0,1437.8,608
2020-08-21,1432.0,1485.0,1425.0,1447.45,530
2020-08-24,1520.0,1520.0,1443.0,1480.25,749
2020-08-25,1518.95,1518.95,1467.0,1470.7,170
2020-08-26,1467.0,1590.0,1456.05,1572.15,2265
2020-08-27,1536.0,1680.0,1301.15,1460.25,64785
2020-08-28,1520.0,1520.0,1425.0,1469.05,4989
2020-08-31,1465.0,1499.05,1361.0,1386.45,1983
2020-09-01,1386.45,1427.65,1372.0,1378.3,812
2020-09-02,1375.05,1415.05,1361.4,1368.95,203
2020-09-03,1378.0,1420.0,1350.0,1373.0,842
2020-09-04,1370.05,1400.0,1332.35,1366.2,755
2020-09-07,1377.85,1392.05,1351.0,1365.35,483
2020-09-08,1370.0,1379.95,1330.0,1331.65,254
2020-09-09,1313.95,1345.95,1305.0,1310.6,363
2020-09-10,1301.0,1347.0,1301.0,1327.2,497
2020-09-11,1325.95,1339.25,1317.0,1317.75,446
2020-09-14,1348.95,1348.95,1302.95,1321.8,482
2020-09-15,1340.05,1377.7,1312.95,1329.5,245
2020-09-16,1350.05,1352.0,1323.0,1334.5,301
2020-09-17,1339.95,1385.0,1283.0,1304.85,1050
2020-09-18,1287.1,1338.0,1287.1,1331.95,800
2020-09-21,1329.05,1342.0,1295.0,1295.15,454
2020-09-22,1295.15,1300.0,1265.5,1290.05,143
2020-09-23,1312.05,1316.05,1279.0,1281.6,222
2020-09-24,1278.05,1498.8,1231.1,1359.1,441
2020-09-25,1420.05,1420.05,1312.0,1334.0,325
2020-09-28,1305.0,1340.0,1305.0,1320.7,502
2020-09-29,1335.05,1351.0,1266.55,1269.7,526
2020-09-30,1319.85,1320.0,1265.0,1294.85,841
2020-10-01,1305.05,1320.0,1264.1,1273.45,309
2020-10-05,1284.95,1306.05,1275.0,1277.55,170
2020-10-06,1294.95,1315.05,1275.05,1282.5,492
2020-10-07,1315.05,1322.8,1259.95,1291.2,359
2020-10-08,1285.95,1351.0,1277.7,1346.3,717
2020-10-09,1360.05,1360.05,1304.95,1306.9,242
2020-10-12,1333.05,1333.05,1275.0,1277.35,202
2020-10-13,1305.05,1305.05,1267.1,1280.35,75
2020-10-14,1290.05,1293.05,1265.0,1280.0,112
2020-10-15,1320.05,1320.05,1260.4,1291.95,253
2020-10-16,1300.05,1305.95,1267.0,1271.75,67
2020-10-19,1299.0,1299.0,1255.6,1278.1,377
2020-10-20,1253.2,1299.0,1250.0,1268.15,392
2020-10-21,1299.05,1299.05,1231.1,1248.5,1228
2020-10-22,1269.95,1269.95,1230.5,1241.0,227
2020-10-23,1255.05,1304.95,1230.0,1294.5,956
2020-10-26,1330.05,1394.0,1250.05,1273.0,26282
2020-10-27,1285.05,1289.6,1256.2,1262.5,401
2020-10-28,1305.05,1305.05,1256.0,1282.8,252
2020-10-29,1275.05,1290.0,1250.0,1261.05,662
2020-10-30,1251.4,1282.7,1231.9,1273.9,435
2020-11-02,1275.05,1286.7,1250.0,1254.55,416
2020-11-03,1270.05,1270.05,1235.05,1242.3,433
2020-11-04,1255.05,1284.35,1235.95,1257.45,436
2020-11-05,1269.95,1290.0,1251.1,1280.25,606
2020-11-06,1280.05,1297.0,1260.0,1267.15,728
2020-11-09,1263.05,1285.95,1254.95,1278.5,302
2020-11-10,1282.05,1350.0,1269.95,1304.2,857
2020-11-11,1301.2,1312.9,1255.6,1295.1,1221
2020-11-12,1288.05,1318.9,1277.95,1308.05,620
2020-11-13,1296.95,1318.9,1296.95,1308.8,1189
2020-11-14,1336.8,1360.95,1300.05,1319.55,367
2020-11-17,1325.05,1325.05,1303.0,1318.35,1774
2020-11-18,1314.95,1343.95,1276.15,1316.7,1920
2020-11-19,1315.05,1335.0,1297.95,1322.75,1398
2020-11-20,1328.0,1331.0,1299.95,1322.6,1498
2020-11-23,1316.95,1340.5,1315.95,1336.9,1213
2020-11-24,1336.05,1355.5,1325.15,1345.4,1103
2020-11-25,1345.4,1359.0,1285.6,1317.7,2127
2020-11-26,1312.05,1320.0,1300.25,1317.7,1050
2020-11-27,1304.95,1340.0,1300.55,1334.95,364
2020-12-01,1340.5,1439.9,1260.9,1317.55,11833
2020-12-02,1327.0,1385.45,1327.0,1337.0,2040
2020-12-03,1359.95,1380.0,1345.0,1367.05,2003
2020-12-04,1350.05,1425.0,1350.05,1385.0,1735
2020-12-07,1400.05,1424.0,1385.05,1394.7,756
2020-12-08,1385.05,1417.95,1380.2,1384.8,1760
2020-12-09,1384.75,1403.95,1378.0,1387.2,2191
2020-12-10,1401.1,1415.0,1348.55,1355.7,3268
2020-12-11,1388.05,1392.85,1356.0,1371.0,2198
2020-12-14,1398.0,1398.0,1357.0,1385.0,1436
2020-12-15,1384.4,1410.0,1370.15,1396.75,1795
2020-12-16,1426.05,1426.05,1385.0,1411.2,2040
2020-12-17,1421.2,1423.0,1400.05,1408.0,1456
2020-12-18,1401.0,1405.0,1362.7,1381.9,2050
2020-12-21,1390.05,1395.05,1332.05,1349.15,1214
2020-12-22,1340.0,1389.0,1294.05,1364.0,1206
2020-12-23,1375.0,1398.9,1362.5,1377.45,830
2020-12-24,1390.0,1391.9,1369.95,1388.5,1653
2020-12-28,1398.9,1414.0,1380.95,1407.9,1785
2020-12-29,1412.05,1438.85,1377.05,1420.6,1508
2020-12-30,1433.95,1433.95,1401.35,1421.75,1023
2020-12-31,1434.95,1435.0,1415.0,1429.85,1086
2021-01-01,1419.95,1460.0,1419.95,1447.25,1011
2021-01-04,1452.05,1498.9,1430.1,1450.35,2441
2021-01-05,1487.65,1489.0,1426.3,1469.45,2130
2021-01-06,1469.45,1508.95,1458.85,1464.7,1270
2021-01-07,1475.0,1639.45,1465.0,1570.15,7149
2021-01-08,1585.9,1605.0,1573.25,1597.2,3184
2021-01-11,1600.0,1624.0,1582.3,1614.5,2125
2021-01-12,1630.65,1639.4,1565.05,1593.9,1235
2021-01-13,1630.05,1671.95,1602.1,1616.35,2164
2021-01-14,1610.15,1650.0,1581.75,1608.2,1155
2021-01-15,1595.7,1629.05,1571.05,1591.7,608
2021-01-18,1590.05,1590.1,1518.8,1564.35,1693
2021-01-19,1552.6,1604.05,1551.0,1558.8,625
2021-01-20,1554.35,1585.0,1551.0,1557.05,805
2021-01-21,1552.15,1598.0,1552.05,1557.5,1167
2021-01-22,1562.25,1595.0,1545.75,1567.05,1109
2021-01-25,1568.9,1619.95,1521.05,1566.85,1118
2021-01-27,1570.05,1570.05,1508.0,1519.85,1756
2021-01-28,1524.15,1537.05,1500.4,1516.4,1076
2021-01-29,1518.9,1599.0,1515.9,1529.7,666
2021-02-01,1531.3,1546.95,1502.0,1537.75,1142
2021-02-02,1539.75,1572.85,1526.6,1552.0,1333
2021-02-03,1575.05,1587.0,1550.0,1559.2,738
2021-02-04,1551.0,1568.0,1535.0,1545.25,718
2021-02-05,1553.0,1576.8,1536.35,1554.3,1261
2021-02-08,1564.3,1650.8,1556.7,1621.8,3059
2021-02-09,1592.2,1654.0,1592.2,1624.45,727
2021-02-10,1599.2,1619.3,1571.0,1605.3,849
2021-02-11,1622.25,1622.25,1607.7,1614.0,328
2021-02-12,1614.0,1624.75,1604.6,1608.45,586
2021-02-15,1650.0,1650.0,1507.1,1576.25,1761
2021-02-16,1586.25,1598.05,1553.6,1577.2,648
2021-02-17,1580.05,1600.0,1570.0,1588.05,670
2021-02-18,1561.0,1615.05,1561.0,1581.45,870
2021-02-19,1594.1,1598.3,1533.65,1565.45,849
2021-02-22,1570.0,1575.0,1526.0,1541.05,789
2021-02-23,1548.1,1554.0,1535.05,1549.9,579
2021-02-24,1570.05,1609.0,1501.85,1589.5,690
2021-02-25,1598.4,1620.25,1552.0,1582.8,895
2021-02-26,1580.45,1596.0,1556.0,1589.5,527
2021-03-01,1637.0,1637.0,1550.0,1590.35,216
2021-03-02,1611.1,1611.1,1586.0,1598.95,981
2021-03-03,1618.0,1635.0,1600.15,1619.4,1774
2021-03-04,1637.95,1799.0,1540.0,1567.05,2805
2021-03-05,1565.0,1590.05,1561.0,1564.35,878
2021-03-08,1576.3,1582.0,1560.0,1569.1,508
2021-03-09,1585.65,1588.0,1555.55,1560.3,844
2021-03-10,1576.45,1578.15,1513.95,1566.9,628
2021-03-12,1576.05,1580.15,1515.15,1553.4,1066
2021-03-15,1568.05,1569.95,1519.95,1547.1,784
2021-03-16,1587.55,1587.55,1540.0,1555.0,483
2021-03-17,1539.2,1590.75,1537.0,1555.5,521
2021-03-18,1557.7,1567.0,1486.45,1523.15,799
2021-03-19,1523.15,1536.0,1495.4,1531.55,647
2021-03-22,1555.05,1555.75,1535.0,1548.7,1083
2021-03-23,1550.05,1550.05,1526.45,1546.1,318
2021-03-24,1575.0,1575.0,1495.55,1514.6,732
2021-03-25,1555.7,1555.7,1488.6,1502.65,579
2021-03-26,1516.1,1540.0,1510.55,1527.75,514
2021-03-30,1520.05,1557.25,1500.0,1550.35,1520
2021-03-31,1556.7,1584.6,1525.0,1573.4,796
2021-04-01,1584.3,1797.9,1572.2,1579.2,461
2021-04-05,1630.15,1630.15,1518.0,1524.9,663
2021-04-06,1515.0,1536.95,1515.0,1520.65,851
2021-04-07,1525.0,1560.05,1497.75,1501.4,660
2021-04-08,1501.4,1566.55,1491.0,1530.55,843
2021-04-09,1536.4,1538.05,1504.6,1521.2,1051
2021-04-12,1521.75,1527.85,1470.35,1489.55,656
2021-04-13,1495.7,1498.95,1478.75,1489.75,265
2021-04-15,1491.95,1506.05,1450.0,1451.75,293
2021-04-16,1447.0,1454.05,1441.95,1450.0,196
2021-04-19,1427.45,1435.0,1385.0,1402.75,469
2021-04-20,1415.3,1420.05,1410.0,1417.6,267
2021-04-22,1426.6,1451.0,1411.45,1430.15,174
2021-04-23,1431.1,1447.0,1421.95,1427.9,265
2021-04-26,1422.0,1481.0,1421.95,1439.9,616
2021-04-27,1450.05,1480.0,1428.25,1462.9,689
2021-04-28,1481.05,1594.45,1463.0,1577.55,2687
2021-04-29,1577.55,1598.2,1535.0,1591.8,1079
2021-04-30,1600.0,1605.0,1545.0,1583.65,1402
2021-05-03,1575.05,1584.05,1543.9,1565.2,273
2021-05-04,1568.05,1608.0,1564.05,1579.35,692
2021-05-05,1607.05,1625.0,1595.0,1618.3,1226
2021-05-06,1609.95,1635.0,1603.0,1627.65,848
2021-05-07,1614.95,1669.95,1614.95,1622.9,427
2021-05-10,1627.9,1680.0,1627.9,1654.6,1209
2021-05-11,1657.45,1700.0,1650.0,1694.1,1486
2021-05-12,1754.1,1754.1,1660.0,1674.4,936
2021-05-14,1661.85,1699.0,1652.45,1669.9,1628
2021-05-17,1665.15,1699.95,1665.1,1687.0,776
2021-05-18,1706.95,1720.0,1682.05,1705.75,724
2021-05-19,1704.95,1705.9,1667.75,1686.95,1016
2021-05-20,1717.4,1717.4,1668.6,1696.15,1473
2021-05-21,1703.5,1710.0,1659.0,1663.0,2632
2021-05-24,1690.05,1707.95,1662.3,1696.6,952
2021-05-25,1696.0,1712.25,1690.0,1691.05,1049
2021-05-26,1674.7,1715.05,1674.7,1701.2,1981
2021-05-27,1694.3,1720.0,1694.25,1703.95,436
2021-05-28,1719.95,1750.0,1710.1,1711.3,682
2021-05-31,1744.0,1744.0,1690.05,1699.7,518
2021-06-01,1705.5,1714.95,1691.0,1698.5,575
2021-06-02,1675.75,1734.85,1675.0,1713.6,996
2021-06-03,1719.05,1726.15,1697.05,1701.95,1107
2021-06-04,1728.15,1864.0,1703.2,1842.65,7574
2021-06-07,1928.0,2025.0,1852.0,1914.55,20452
2021-06-08,1930.0,1981.0,1900.3,1973.8,27713
2021-06-09,2023.0,2149.0,1926.25,1948.2,35517
2021-06-10,2014.5,2123.5,1951.0,2028.35,15173
2021-06-11,2052.7,2157.45,2052.7,2103.65,9726
2021-06-14,2135.0,2150.0,1995.35,2068.25,3706
2021-06-15,2120.85,2138.8,2060.25,2077.45,3829
2021-06-16,2077.45,2114.5,2053.55,2073.9,2410
2021-06-17,2062.7,2108.0,2044.7,2048.75,1819
2021-06-18,2035.0,2098.8,1980.0,2063.8,2137
2021-06-21,1992.0,2063.0,1992.0,2058.25,829
2021-06-22,2066.7,2090.95,2048.0,2082.95,1437
2021-06-23,2083.0,2095.0,2025.0,2033.45,3411
2021-06-24,2099.7,2099.7,2035.0,2048.5,1506
2021-06-25,2050.05,2066.6,2025.1,2041.75,1177
2021-06-28,2030.2,2090.0,2030.1,2056.5,1287
2021-06-29,2081.05,2081.05,2036.6,2055.0,1030
2021-06-30,2053.3,2064.25,2042.0,2049.05,773
2021-07-01,2044.15,2078.0,2042.8,2054.6,2443
2021-07-02,2057.55,2068.95,2029.0,2047.75,1184
2021-07-05,2070.05,2100.0,2055.0,2082.6,1145
2021-07-06,2098.95,2132.0,2060.0,2070.9,1495
2021-07-07,2113.7,2121.1,2055.95,2088.3,612
2021-07-08,2135.5,2149.0,2072.55,2083.95,2293
2021-07-09,2079.2,2099.95,2060.0,2076.4,1304
2021-07-12,2089.95,2100.0,2058.0,2062.35,1683
2021-07-13,2100.0,2136.0,2067.6,2087.6,2770
2021-07-14,2068.6,2084.8,2060.3,2075.0,1388
2021-07-15,2084.95,2084.95,2062.0,2073.0,2689
2021-07-16,2062.0,2078.0,2059.25,2073.95,926
2021-07-19,2090.0,2090.0,2054.55,2076.65,1548
2021-07-20,2070.0,2075.0,2035.95,2064.25,1090
2021-07-22,2050.05,2074.95,2022.8,2039.05,1464
2021-07-23,2041.3,2060.0,2025.05,2049.7,1910
2021-07-26,2040.05,2055.0,2022.0,2030.25,1587
2021-07-27,2049.95,2050.0,2015.6,2025.15,682
2021-07-28,2047.95,2048.95,1930.55,2009.3,2195
2021-07-29,2037.35,2057.7,1999.25,2048.9,3618
2021-07-30,2053.45,2053.45,2026.0,2044.0,888
2021-08-02,2075.0,2075.0,2035.2,2043.85,3386
2021-08-03,2050.3,2190.0,2046.05,2162.75,6688
2021-08-04,2213.5,2231.05,2145.4,2167.35,5160
2021-08-05,2167.3,2175.0,2097.95,2163.6,2006
2021-08-06,2179.85,2208.0,2115.0,2200.75,2750
2021-08-09,2250.0,2430.0,2210.0,2398.35,38728
2021-08-10,2400.0,2400.0,2225.0,2246.7,10933
2021-08-11,2278.9,2278.9,2148.0,2225.75,5375
2021-08-12,2286.1,2384.0,2261.25,2324.05,6266
2021-08-13,2395.9,2395.95,2157.0,2208.4,4300
2021-08-16,2157.2,2282.7,2150.0,2221.05,2630
2021-08-17,2190.85,2270.0,2190.85,2251.65,1529
2021-08-18,2213.35,2272.45,2200.0,2218.05,3214
2021-08-20,2188.5,2221.95,2024.5,2060.05,3601
2021-08-23,2031.1,2071.0,1984.1,1996.55,3011
2021-08-24,1964.25,2045.95,1964.2,2040.85,758
2021-08-25,2145.0,2145.0,2042.2,2051.75,915
2021-08-26,2070.15,2070.15,1988.6,2000.4,743
2021-08-27,2000.4,2029.9,1990.05,2002.95,490
2021-08-30,1992.3,2080.0,1991.3,2033.25,1045
2021-08-31,2033.25,2078.95,2010.0,2054.7,692
2021-09-01,2017.0,2075.0,2017.0,2061.9,1459
2021-09-02,2061.9,2174.8,2061.9,2083.6,594
2021-09-03,2153.95,2190.0,2077.0,2145.1,3254
2021-09-06,2112.0,2150.0,2112.0,2132.85,723
2021-09-07,2100.05,2131.05,2081.0,2094.8,1076
2021-09-08,2105.0,2141.1,2104.0,2114.55,497
2021-09-09,2120.0,2130.0,2070.0,2096.1,968
2021-09-13,2031.0,2129.35,2031.0,2100.6,820
2021-09-14,2110.0,2146.0,2096.0,2126.85,963
2021-09-15,2112.15,2215.9,2111.1,2194.2,2698
2021-09-16,2186.0,2237.6,2178.8,2222.3,1533
2021-09-17,2177.3,2244.0,2171.0,2178.05,1205
2021-09-20,2162.15,2198.9,2100.0,2117.9,907
2021-09-21,2099.8,2150.0,2080.0,2117.3,747
2021-09-22,2215.5,2215.5,2101.0,2133.6,450
2021-09-23,2188.9,2188.9,2106.35,2131.8,618
2021-09-24,2147.95,2147.95,2110.0,2112.0,424
2021-09-27,2100.0,2198.95,2016.0,2133.05,915
2021-09-28,2103.0,2115.95,2055.1,2076.6,1271
2021-09-29,2087.4,2119.9,2054.0,2103.5,2148
2021-09-30,2073.1,2158.0,2069.75,2112.0,744
2021-10-01,2071.0,2100.0,2068.9,2080.05,1607
2021-10-04,2071.0,2110.0,2040.0,2104.15,1377
2021-10-05,2080.15,2104.0,2065.0,2078.8,700
2021-10-06,2080.0,2090.0,2049.05,2050.6,992
2021-10-07,2050.6,2178.4,2044.6,2088.0,1841
2021-10-08,2090.05,2125.0,2090.0,2095.6,1514
2021-10-11,2091.0,2124.95,2083.25,2100.2,2397
2021-10-12,2086.0,2134.4,2085.1,2117.1,1300
2021-10-13,2100.0,2194.0,2097.85,2148.85,2155
2021-10-14,2178.3,2178.3,2130.0,2135.9,985
2021-10-18,2195.9,2195.9,2100.05,2106.85,1406
2021-10-19,2106.25,2134.0,2098.0,2103.85,883
2021-10-20,2085.0,2118.9,2051.15,2075.75,2810
2021-10-21,2081.15,2097.85,2065.0,2088.0,382
2021-10-22,2085.0,2099.0,2041.05,2051.1,262
2021-10-25,2051.1,2051.1,1989.95,2011.8,439
2021-10-26,2026.0,2070.0,2000.0,2050.8,1354
2021-10-27,2012.5,2055.0,2012.5,2049.6,146
2021-10-28,2045.0,2045.0,1933.4,1978.2,1308
2021-10-29,1972.1,2016.5,1929.2,1943.7,1438
2021-11-01,1997.55,2074.5,1952.0,1987.85,2285
2021-11-02,1983.2,2014.75,1983.2,1994.75,244
2021-11-03,2013.7,2035.0,1960.1,2007.9,839
2021-11-04,2049.95,2060.0,2000.05,2029.85,339
2021-11-08,2025.0,2075.0,2006.95,2019.25,704
2021-11-09,2020.05,2067.0,1975.85,2024.3,2822
2021-11-10,2045.0,2058.0,2032.0,2044.75,1022
2021-11-11,2058.8,2058.8,1988.8,1996.4,518
2021-11-12,2048.0,2048.0,1989.0,1993.5,388
2021-11-15,1952.0,2010.05,1952.0,1993.7,401
2021-11-16,1991.05,2024.0,1991.05,1997.1,256
2021-11-17,1999.9,2053.45,1992.85,2002.65,1470
2021-11-18,2002.0,2023.45,1978.0,1980.45,257
2021-11-22,2025.0,2025.0,1935.0,1945.05,1694
2021-11-23,1928.0,1979.0,1913.0,1923.5,738
2021-11-24,1960.0,1970.15,1940.0,1940.4,880
2021-11-25,1979.95,2010.0,1918.05,1984.25,1346
2021-11-26,1950.05,2000.0,1916.0,1924.55,918
2021-11-29,1965.0,1965.0,1860.1,1884.55,1975
2021-11-30,1910.0,1915.0,1846.85,1868.05,508
2021-12-01,1937.55,1937.55,1869.7,1895.65,731
2021-12-02,1917.45,1949.9,1893.0,1914.25,761
2021-12-03,1980.0,1980.0,1885.0,1919.6,172
2021-12-06,1923.0,1923.0,1879.0,1894.95,363
2021-12-07,1902.0,1915.0,1870.0,1900.3,1291
2021-12-08,2029.9,2029.9,1925.0,1932.0,2023
2021-12-09,1925.65,1947.0,1918.0,1923.25,223
2021-12-10,1937.75,1950.0,1915.0,1918.3,429
2021-12-13,1923.4,1943.9,1917.05,1937.55,741
2021-12-14,1929.1,1939.85,1899.2,1925.15,775
2021-12-15,1940.0,1940.0,1904.0,1928.75,264
2021-12-16,1925.0,1943.0,1890.0,1897.3,450
2021-12-17,1925.0,1925.0,1841.0,1851.45,730
2021-12-20,1805.9,1805.9,1741.0,1765.85,1190
2021-12-21,1779.0,1779.0,1705.8,1741.95,997
2021-12-22,1778.1,1800.1,1770.0,1790.0,372
2021-12-23,1801.0,1804.0,1765.85,1780.95,466
2021-12-24,1766.85,1788.95,1755.0,1766.65,363
2021-12-27,1767.05,1791.1,1766.65,1787.2,450
2021-12-28,1789.15,1810.0,1770.9,1795.5,335
2021-12-29,1898.0,1898.0,1761.15,1826.6,379
2021-12-30,1878.95,1878.95,1798.0,1818.0,429
2021-12-31,1806.0,1844.05,1792.0,1797.65,526
2022-01-03,1849.95,1960.0,1800.05,1895.0,915
2022-01-04,1975.0,1975.0,1825.8,1909.25,890
2022-01-05,1867.0,1949.0,1867.0,1909.15,385
2022-01-06,1917.6,1930.45,1871.05,1904.3,884
2022-01-07,1873.9,1926.1,1860.0,1905.6,1210
2022-01-10,1974.95,1975.0,1899.95,1931.3,1280
2022-01-11,1902.95,1950.0,1902.0,1933.8,680
2022-01-12,1935.95,1950.0,1910.0,1912.0,369
2022-01-13,1872.55,1931.0,1872.55,1913.7,1211
2022-01-14,1920.95,1942.6,1897.05,1936.85,3407
2022-01-17,1942.0,2025.0,1937.2,1990.95,2495
2022-01-18,2000.0,2000.0,1910.1,1924.1,584
2022-01-19,1900.3,1966.1,1874.05,1896.55,1362
2022-01-20,1903.25,1920.0,1808.65,1849.6,847
2022-01-21,1898.0,1898.0,1813.05,1842.2,1386
2022-01-24,1830.0,1861.0,1775.0,1797.7,442
2022-01-25,1839.1,1839.1,1715.25,1783.15,1102
2022-01-27,1717.0,1800.0,1717.0,1759.4,736
2022-01-28,1794.6,1828.8,1768.85,1789.95,1337
2022-01-31,1778.95,1834.5,1778.95,1809.65,192
2022-02-01,1790.0,1820.0,1780.0,1806.35,360
2022-02-02,1791.3,1825.0,1781.0,1800.4,605
2022-02-03,1821.75,1822.0,1765.2,1787.6,1876
2022-02-04,1839.0,1839.0,1782.05,1800.85,517
2022-02-07,1830.0,1830.0,1781.15,1804.7,261
2022-02-08,1819.0,1819.0,1780.0,1792.85,254
2022-02-09,1800.85,1810.0,1781.15,1797.15,543
2022-02-10,1809.1,1818.0,1779.85,1781.0,252
2022-02-11,1771.4,1840.0,1760.05,1776.35,1049
2022-02-14,1761.05,1791.75,1725.0,1725.15,1070
2022-02-15,1743.1,1754.0,1720.0,1733.75,342
2022-02-16,1747.15,1794.6,1711.2,1721.55,1030
2022-02-17,1739.7,1749.0,1713.05,1715.55,191
2022-02-18,1779.95,1779.95,1715.85,1731.4,649
2022-02-21,1771.45,1771.45,1670.0,1679.4,581
2022-02-22,1680.0,1685.0,1642.5,1655.0,251
2022-02-23,1675.0,1697.2,1660.5,1662.85,506
2022-02-24,1681.35,1690.0,1595.8,1602.25,876
2022-02-25,1602.25,1671.25,1602.25,1649.9,224
2022-02-28,1597.8,1650.0,1597.0,1630.0,2467
2022-03-02,1632.2,1640.0,1580.0,1590.45,682
2022-03-03,1610.25,1628.0,1592.0,1607.55,662
2022-03-04,1590.8,1603.0,1564.95,1571.95,375
2022-03-07,1569.25,1570.0,1507.25,1523.35,210
2022-03-08,1530.0,1565.0,1502.4,1536.95,344
2022-03-09,1551.0,1575.0,1534.0,1548.35,823
2022-03-10,1599.95,1604.0,1568.0,1573.7,511
2022-03-11,1599.25,1610.6,1591.0,1602.4,349
2022-03-14,1562.15,1597.2,1539.45,1570.8,607
2022-03-15,1592.15,1592.9,1540.85,1555.2,2115
2022-03-16,1590.0,1596.0,1574.0,1575.4,2281
2022-03-17,1583.35,1617.0,1574.75,1602.1,714
2022-03-21,1639.0,1639.9,1605.15,1616.55,934
2022-03-22,1652.55,1670.95,1590.1,1613.6,1564
2022-03-23,1614.85,1650.0,1561.0,1577.25,2338
2022-03-24,1577.0,1618.85,1562.0,1593.0,2493
2022-03-25,1626.45,1636.35,1600.05,1623.45,1246
2022-03-28,1623.45,1675.0,1596.0,1610.75,1579
2022-03-29,1674.0,1674.0,1551.3,1588.35,3237
2022-03-30,1590.8,1645.0,1587.05,1609.75,2167
2022-03-31,1602.05,1649.2,1570.15,1582.5,1767
2022-04-01,1638.9,1724.0,1627.0,1633.0,996
2022-04-04,1630.0,1697.4,1630.0,1680.25,643
2022-04-05,1697.0,1790.0,1695.0,1766.7,1892
2022-04-06,1800.0,1807.15,1725.0,1754.05,1432
2022-04-07,1787.15,1788.0,1734.85,1778.6,549
2022-04-08,1779.0,1829.15,1735.0,1793.75,824
2022-04-11,1784.0,1819.95,1750.05,1799.6,430
2022-04-12,1801.85,1801.85,1754.05,1756.35,783
2022-04-13,1762.85,1788.7,1754.5,1758.9,252
2022-04-18,1789.1,1831.95,1764.05,1779.15,869
2022-04-19,1785.0,1798.7,1741.0,1759.65,155
2022-04-20,1760.5,1869.6,1757.95,1851.5,2773
2022-04-21,1851.5,1895.0,1801.0,1853.6,2211
2022-04-22,1871.95,1875.2,1813.6,1829.1,606
2022-04-25,1780.0,1818.0,1752.25,1759.05,1493
2022-04-26,1794.0,1794.6,1760.35,1770.1,567
2022-04-27,1750.05,1779.0,1717.45,1738.65,709
2022-04-28,1772.15,1795.35,1736.1,1778.85,854
2022-04-29,1811.75,1811.75,1721.9,1727.0,393
2022-05-02,1727.0,1744.3,1671.65,1678.35,619
2022-05-04,1678.35,1723.05,1622.0,1648.25,473
2022-05-05,1681.15,1681.15,1642.05,1644.2,316
2022-05-06,1641.25,1641.25,1617.0,1630.65,275
2022-05-09,1608.8,1668.25,1605.05,1607.1,365
2022-05-10,1690.0,1690.0,1606.0,1618.0,910
2022-05-11,1601.0,1624.95,1595.0,1597.05,323
2022-05-12,1576.0,1619.95,1413.0,1482.0,3800
2022-05-13,1510.95,1538.7,1506.8,1524.6,345
2022-05-16,1529.0,1665.0,1510.05,1535.2,883
2022-05-17,1503.0,1585.0,1503.0,1575.3,471
2022-05-18,1561.0,1611.0,1561.0,1594.75,405
2022-05-19,1554.9,1590.0,1550.3,1554.1,152
2022-05-20,1549.55,1600.0,1548.15,1587.95,1157
2022-05-23,1588.7,1598.0,1570.05,1595.45,50
2022-05-24,1556.0,1604.0,1556.0,1577.65,540
2022-05-25,1598.2,1598.95,1550.9,1560.2,78
2022-05-26,1586.5,1591.35,1554.0,1578.0,166
2022-05-27,1557.05,1602.0,1557.05,1568.45,140
2022-05-30,1525.0,1598.0,1525.0,1572.25,246
2022-05-31,1540.0,1687.9,1540.0,1619.1,1678
2022-06-01,1614.2,1630.0,1556.35,1585.35,1412
2022-06-02,1625.95,1625.95,1582.1,1582.1,85
2022-06-03,1579.1,1611.65,1577.0,1580.9,337
2022-06-06,1579.95,1581.0,1535.9,1542.75,417
2022-06-07,1542.75,1574.0,1542.75,1561.85,234
2022-06-08,1537.2,1573.95,1537.2,1569.75,70
2022-06-09,1568.2,1569.0,1560.0,1569.0,301
2022-06-10,1558.45,1574.9,1531.0,1539.3,91
2022-06-13,1511.15,1511.15,1485.95,1491.7,553
2022-06-14,1500.75,1514.0,1480.0,1494.05,238
2022-06-15,1461.05,1505.0,1461.05,1497.2,443
2022-06-16,1485.75,1555.0,1439.0,1450.1,804
2022-06-17,1454.3,1499.0,1435.0,1476.65,854
2022-06-20,1477.35,1508.7,1408.2,1421.65,1018
2022-06-21,1402.75,1500.0,1402.05,1459.6,245
2022-06-22,1485.0,1485.0,1430.0,1435.55,173
2022-06-23,1457.7,1490.0,1457.7,1460.15,160
2022-06-24,1489.25,1500.0,1425.0,1467.75,303
2022-06-27,1497.05,1511.8,1470.0,1495.4,567
2022-06-28,1499.2,1516.0,1481.0,1508.55,224
2022-06-29,1502.25,1529.0,1502.0,1509.45,280
2022-06-30,1469.75,1512.95,1467.45,1494.85,224
2022-07-01,1462.05,1485.0,1439.5,1474.95,428
2022-07-04,1475.65,1487.0,1445.0,1481.0,400
2022-07-05,1452.3,1489.0,1452.3,1486.2,185
2022-07-06,1514.0,1514.0,1475.0,1485.05,52
2022-07-07,1498.3,1508.9,1485.0,1488.7,62
2022-07-08,1518.4,1518.45,1456.0,1475.35,1271
2022-07-11,1482.7,1504.85,1474.05,1477.65,465
2022-07-12,1499.95,1506.0,1480.15,1482.6,1223
2022-07-13,1475.0,1499.7,1438.05,1452.5,2127
2022-07-14,1436.0,1466.95,1436.0,1444.05,343
2022-07-15,1441.3,1475.0,1430.0,1435.9,458
2022-07-18,1436.0,1484.15,1435.05,1469.05,465
2022-07-19,1450.75,1469.0,1440.0,1449.0,1214
2022-07-20,1472.0,1496.0,1468.0,1476.7,520
2022-07-21,1483.95,1496.0,1462.85,1480.3,284
2022-07-22,1501.95,1506.95,1485.8,1493.2,421
2022-07-25,1490.0,1580.0,1475.0,1485.45,1479
2022-07-26,1496.0,1496.0,1448.0,1479.9,574
2022-07-27,1480.0,1493.0,1476.05,1485.45,521
2022-07-28,1590.0,1590.0,1470.3,1487.8,1070
2022-07-29,1505.75,1520.0,1501.05,1513.6,409
2022-08-01,1519.75,1519.75,1500.0,1508.95,1051
2022-08-02,1528.0,1528.0,1500.0,1521.8,604
2022-08-03,1529.8,1600.0,1439.8,1503.95,2391
2022-08-04,1511.9,1524.75,1484.2,1504.65,878
2022-08-05,1511.9,1530.0,1511.9,1520.9,412
2022-08-08,1529.9,1584.95,1518.0,1538.35,1318
2022-08-10,1545.5,1612.0,1523.25,1606.2,1403
2022-08-11,1615.0,1637.0,1600.0,1602.65,737
2022-08-12,1604.95,1697.0,1604.55,1636.85,1490
2022-08-16,1669.55,1669.55,1570.05,1589.5,3670
2022-08-17,1621.25,1650.0,1610.0,1646.55,1955
2022-08-18,1632.0,1666.35,1632.0,1659.7,575
2022-08-19,1735.0,1735.0,1587.05,1624.7,823
2022-08-22,1624.7,1624.7,1567.0,1575.6,408
2022-08-23,1537.0,1599.0,1537.0,1583.65,4393
2022-08-24,1551.3,1618.0,1551.3,1586.6,1825
2022-08-25,1567.05,1590.0,1567.0,1583.15,1392
2022-08-26,1590.0,1631.8,1581.2,1588.2,6119
2022-08-29,1570.0,1573.0,1549.85,1559.7,1732
2022-08-30,1571.45,1580.0,1562.25,1571.5,3862
2022-09-01,1562.4,1584.0,1562.4,1576.1,1352
2022-09-02,1576.15,1580.0,1570.05,1574.1,1508
2022-09-05,1588.0,1660.0,1575.8,1649.15,4199
2022-09-06,1682.05,1712.0,1650.0,1690.35,1414
2022-09-07,1670.0,1746.2,1670.0,1729.75,1459
2022-09-08,1754.25,1763.2,1734.95,1745.05,1773
2022-09-09,1745.0,1805.0,1740.05,1799.2,2825
2022-09-12,1835.15,1877.7,1805.95,1848.45,2410
2022-09-13,1849.35,1873.45,1799.05,1833.4,2067
2022-09-14,1824.95,1980.0,1810.05,1941.0,16201
2022-09-15,1984.95,2150.0,1958.35,1995.6,4395
2022-09-16,2035.0,2035.0,1895.0,1908.75,2301
2022-09-19,1901.05,1941.5,1854.4,1876.85,1764
2022-09-20,1854.9,1954.55,1854.9,1883.15,1532
2022-09-21,1870.9,1894.0,1830.0,1838.1,2439
2022-09-22,1859.05,1859.05,1827.05,1834.1,693
2022-09-23,1868.95,1868.95,1713.4,1734.5,2099
2022-09-26,1717.0,1769.0,1640.0,1713.4,5222
2022-09-27,1685.0,1720.0,1685.0,1697.1,1062
2022-09-28,1725.0,1747.9,1680.05,1710.3,1090
2022-09-29,1731.65,1731.65,1686.0,1705.75,600
2022-09-30,1698.15,1705.0,1680.8,1700.6,930
2022-10-03,1672.9,1714.95,1655.05,1656.5,711
2022-10-04,1662.05,1715.0,1650.0,1697.0,1063
2022-10-06,1725.1,1850.0,1725.0,1810.35,3915
2022-10-07,1810.35,1810.35,1756.05,1765.1,873
2022-10-10,1725.05,1798.0,1725.05,1765.7,584
2022-10-11,1797.2,1797.2,1760.1,1772.95,443
2022-10-12,1751.1,1772.0,1730.0,1732.05,589
2022-10-13,1754.15,1754.35,1722.0,1722.75,91
2022-10-14,1720.65,1755.0,1706.0,1722.95,1078
2022-10-17,1700.0,1750.0,1700.0,1731.7,627
2022-10-18,1766.25,1800.0,1751.4,1780.9,1378
2022-10-19,1760.0,1859.1,1760.0,1837.55,1273
2022-10-20,1860.0,1874.25,1820.0,1828.7,1211
2022-10-21,1850.0,1862.45,1827.0,1845.1,597
2022-10-24,1850.0,1887.9,1726.0,1822.25,1436
2022-10-25,1804.0,1851.0,1800.0,1839.65,1414
2022-10-27,1844.1,1882.9,1764.1,1869.55,1812
2022-10-28,1890.0,1941.0,1826.7,1894.15,2394
2022-10-31,1924.95,1950.0,1894.2,1899.45,668
2022-11-01,1935.0,1935.0,1851.1,1868.8,1571
2022-11-02,1899.1,1909.0,1868.0,1875.9,1081
2022-11-03,1888.0,1904.0,1871.0,1879.1,447
2022-11-04,1879.1,1897.9,1850.05,1877.3,607
2022-11-07,1899.95,1899.95,1837.0,1854.05,883
2022-11-09,1873.0,1888.0,1850.0,1855.6,1210
2022-11-10,1870.1,1887.45,1801.0,1831.3,583
2022-11-11,1879.95,1910.1,1836.8,1852.2,2002
2022-11-14,1889.15,1900.0,1842.5,1853.4,624
2022-11-15,1859.95,1864.45,1818.1,1835.55,2086
2022-11-16,1826.05,1830.0,1815.0,1815.55,268
2022-11-17,1842.0,1842.0,1809.0,1827.05,246
2022-11-18,1816.2,1830.0,1780.1,1814.25,545
2022-11-21,1822.5,1850.4,1789.7,1819.6,1084
2022-11-22,1819.6,1849.0,1791.0,1795.25,685
2022-11-23,1799.0,1810.0,1790.0,1792.6,888
2022-11-24,1796.15,1800.0,1770.0,1775.35,797
2022-11-25,1765.35,1814.0,1765.35,1809.15,826
2022-11-28,1804.0,1857.0,1795.0,1849.25,932
2022-11-29,1862.0,1900.0,1832.5,1886.6,3346
2022-11-30,1884.0,1890.0,1850.0,1872.45,2266
2022-12-01,1875.0,1877.95,1850.0,1852.9,745
2022-12-02,1870.0,1920.0,1850.0,1908.45,2147
2022-12-05,1929.0,1929.0,1824.95,1892.35,2710
2022-12-06,1898.0,1904.95,1878.1,1883.55,1946
2022-12-07,1881.65,1950.0,1866.0,1936.0,4367
2022-12-08,1956.05,1973.75,1928.0,1937.95,2207
2022-12-09,1925.0,1957.45,1851.1,1876.85,2467
2022-12-12,1911.05,1911.05,1851.0,1860.7,821
2022-12-13,1897.75,1904.95,1862.05,1888.65,2498
2022-12-14,1899.9,1920.0,1876.1,1904.0,977
2022-12-15,1895.0,1935.5,1890.0,1899.55,5172
2022-12-16,1900.2,1940.0,1866.05,1916.2,1039
2022-12-19,1919.0,1920.0,1890.0,1900.35,551
2022-12-20,1900.0,1908.9,1877.55,1880.7,812
2022-12-21,1900.05,1928.15,1858.0,1863.05,1605
2022-12-22,1857.0,1884.0,1792.55,1805.55,765
2022-12-23,1761.0,1830.0,1755.0,1766.9,1494
2022-12-26,1750.0,1855.05,1750.0,1833.45,762
2022-12-27,1853.25,1898.0,1845.05,1869.8,464
2022-12-28,1850.0,1897.0,1836.05,1847.85,529
2022-12-29,1840.0,1879.9,1825.5,1851.15,1247
2022-12-30,1840.0,1920.0,1840.0,1898.5,2268
2023-01-02,1940.0,2278.2,1940.0,2242.4,113191
2023-01-03,2228.0,2274.0,2150.1,2178.8,44667
2023-01-04,2202.8,2210.0,2040.2,2095.6,10077
2023-01-05,2050.0,2055.1,1965.1,2007.75,11769
2023-01-06,2001.0,2042.0,1962.2,1978.25,3016
2023-01-09,2070.0,2070.0,1996.6,2011.95,5588
2023-01-10,2026.0,2038.95,1971.0,2021.0,2327
2023-01-11,2023.05,2023.05,1968.0,1993.95,1025
2023-01-12,1995.0,2012.95,1943.2,1954.25,1166
2023-01-13,1956.1,1977.45,1922.5,1933.0,1473
2023-01-16,1950.4,2035.0,1944.05,2002.75,1605
2023-01-17,2025.0,2025.0,1966.5,1978.85,1486
2023-01-18,1976.1,1995.95,1924.0,1939.2,1009
2023-01-19,1949.0,1969.95,1923.3,1949.7,631
2023-01-20,1923.7,1975.45,1923.7,1944.55,1145
2023-01-23,1923.1,1968.95,1923.1,1951.85,1228
2023-01-24,1946.0,1999.0,1940.0,1978.8,1830
2023-01-25,1950.0,1964.9,1917.1,1946.3,1587
2023-01-27,1946.35,1946.35,1852.0,1869.0,1205
2023-01-30,1869.0,1909.45,1847.0,1863.75,1045
2023-01-31,1845.0,1909.95,1843.8,1893.05,1596
2023-02-01,1906.65,1910.95,1801.4,1837.4,1734
2023-02-02,1856.65,1890.0,1831.6,1854.15,719
2023-02-03,1845.0,1889.9,1800.0,1812.7,3872
2023-02-06,1815.1,1834.9,1800.05,1802.65,1564
2023-02-07,1802.65,1916.75,1802.65,1857.45,3056
2023-02-08,1836.0,1875.0,1825.0,1860.35,1799
2023-02-09,1880.85,1984.0,1876.55,1967.2,3420
2023-02-10,1998.7,2044.45,1955.0,2011.3,12578
2023-02-13,2095.0,2095.0,1943.0,1964.9,9932
2023-02-14,1900.0,1959.95,1900.0,1911.55,1402
2023-02-15,1912.8,1912.8,1875.0,1891.75,1778
2023-02-16,1874.0,1917.0,1874.0,1896.35,709
2023-02-17,1904.95,1904.95,1869.0,1872.4,303
2023-02-20,1872.4,1900.0,1856.0,1877.25,576
2023-02-21,1900.0,1900.0,1846.0,1852.6,694
2023-02-22,1844.7,1851.0,1814.5,1829.5,1074
2023-02-23,1846.8,1858.9,1835.05,1850.65,808
2023-02-24,1844.0,1844.45,1775.0,1779.7,1439
2023-02-27,1801.7,1804.1,1731.0,1743.7,855
2023-02-28,1748.7,1764.0,1723.6,1733.6,936
2023-03-01,1745.0,1796.0,1741.3,1780.35,1434
2023-03-02,1799.0,1799.0,1760.0,1770.8,689
2023-03-03,1791.4,1804.9,1740.05,1791.25,3040
2023-03-06,1812.05,1868.0,1766.05,1857.25,1982
2023-03-08,1867.25,1908.0,1862.0,1899.0,1771
2023-03-09,1919.0,1960.0,1912.55,1924.25,2144
2023-03-10,1932.0,1932.0,1861.9,1874.0,1279
2023-03-13,1871.0,1877.9,1796.0,1809.35,992
2023-03-14,1778.05,1835.0,1778.05,1799.7,2327
2023-03-15,1798.45,1799.0,1760.0,1782.05,1548
2023-03-16,1765.0,1774.0,1729.0,1747.5,1883
2023-03-17,1767.8,1815.45,1755.0,1766.55,1312
2023-03-20,1766.55,1766.55,1723.8,1737.85,1017
2023-03-21,1745.05,1765.0,1736.05,1763.1,689
2023-03-22,1771.05,1788.65,1748.8,1753.3,1064
2023-03-23,1764.0,1769.8,1716.0,1719.05,1183
2023-03-24,1739.05,1739.05,1707.0,1720.3,427
2023-03-27,1672.0,1700.9,1668.75,1675.55,743
2023-03-28,1675.55,1680.05,1650.05,1659.65,1146
2023-03-29,1673.7,1700.0,1659.65,1693.25,2031
2023-03-31,1700.0,1824.7,1680.0,1751.8,2279
2023-04-03,1786.75,1806.0,1758.9,1771.1,859
2023-04-05,1792.5,1792.5,1746.55,1764.55,751
2023-04-06,1779.0,1838.7,1773.8,1821.2,746
2023-04-10,1776.05,1776.05,1740.0,1760.25,3179
2023-04-11,1768.0,1788.95,1755.25,1774.55,332
2023-04-12,1792.0,1794.0,1751.4,1779.1,489
2023-04-13,1793.55,1793.55,1731.0,1751.75,424
2023-04-17,1751.75,1770.95,1735.85,1754.35,266
2023-04-18,1754.35,1768.0,1746.6,1759.85,558
2023-04-19,1743.7,1775.4,1742.2,1761.2,901
2023-04-20,1741.55,1790.95,1741.55,1772.35,837
2023-04-21,1779.95,1786.45,1751.95,1757.75,317
2023-04-24,1760.0,1762.4,1717.0,1738.8,587
2023-04-25,1759.5,1807.45,1736.25,1749.75,1710
2023-04-26,1736.1,1772.4,1734.05,1744.6,1353
2023-04-27,1765.5,1784.0,1741.05,1779.0,1435
2023-04-28,1793.9,1797.0,1752.0,1789.1,1187
2023-05-02,1789.1,1791.85,1750.0,1760.9,1336
2023-05-03,1743.65,1775.0,1731.0,1743.9,727
2023-05-04,1759.95,1760.0,1731.4,1743.0,997
2023-05-05,1764.1,1764.1,1730.0,1739.25,682
2023-05-08,1740.0,1746.0,1720.0,1731.35,574
2023-05-09,1728.05,1760.0,1725.2,1732.0,872
2023-05-10,1727.35,1740.0,1713.05,1731.6,2253
2023-05-11,1735.0,1756.0,1726.85,1747.05,813
2023-05-12,1767.5,1767.5,1735.0,1758.5,1052
2023-05-15,1764.0,1794.9,1762.0,1779.25,1741
2023-05-16,1790.3,1794.0,1775.5,1783.5,583
2023-05-17,1798.9,1800.05,1770.1,1797.4,752
2023-05-18,1797.4,1834.0,1780.0,1795.9,1080
2023-05-19,1800.0,1801.0,1770.0,1787.4,505
2023-05-22,1787.4,1793.0,1763.0,1764.65,1064
2023-05-23,1784.5,1784.5,1738.05,1755.95,1271
2023-05-24,1759.0,1765.0,1714.45,1754.1,1931
2023-05-25,1771.95,1771.95,1732.0,1744.55,1495
2023-05-26,1748.0,1806.6,1745.0,1790.2,1586
2023-05-29,1805.0,1844.95,1805.0,1819.4,1906
2023-05-30,1841.2,1874.9,1804.95,1835.05,1256
2023-05-31,1850.0,1850.0,1805.15,1825.8,447
2023-06-01,1845.0,1895.0,1831.1,1847.55,1203
2023-06-02,1875.0,1887.9,1845.05,1878.9,3202
2023-06-05,1897.95,1900.45,1870.0,1874.3,1638
2023-06-06,1874.3,1888.0,1850.05,1864.5,952
2023-06-07,1873.0,1877.75,1863.05,1870.4,379
2023-06-08,1860.05,1877.4,1850.5,1864.9,652
2023-06-09,1861.0,1876.0,1836.05,1847.3,736
2023-06-12,1859.0,1865.0,1830.0,1835.85,1347
2023-06-13,1857.55,1920.0,1849.1,1879.9,3498
2023-06-14,1903.1,1920.3,1852.0,1861.3,3703
2023-06-15,1861.15,1880.0,1851.7,1873.25,1089
2023-06-16,1865.0,1889.0,1863.1,1876.2,1451
2023-06-19,1913.65,1913.65,1878.0,1885.85,1481
2023-06-20,1885.0,1894.95,1874.0,1889.3,495
2023-06-21,1897.6,1899.95,1874.0,1884.15,950
2023-06-22,1885.0,1885.0,1825.0,1852.6,699
2023-06-23,1874.5,1874.5,1830.0,1847.2,798
2023-06-26,1864.0,1864.0,1813.05,1835.4,558
2023-06-27,1820.3,1890.0,1820.3,1845.4,1521
2023-06-28,1867.7,1867.7,1837.1,1843.35,302
2023-06-30,1845.0,1864.0,1810.85,1825.95,2172
2023-07-03,1847.05,1855.0,1825.0,1843.45,1767
2023-07-04,1830.1,1899.0,1830.1,1872.35,1966
2023-07-05,1833.15,1891.7,1826.0,1864.5,1517
2023-07-06,1899.4,1899.4,1865.15,1883.45,662
2023-07-07,1901.35,1901.35,1856.75,1885.3,1287
2023-07-10,1875.0,1900.0,1875.0,1892.3,322
2023-07-11,1880.0,1913.85,1860.0,1883.25,1817
2023-07-12,1885.05,1889.25,1872.0,1882.3,284
2023-07-13,1871.0,1902.4,1840.05,1850.6,1526
2023-07-14,1871.3,1915.0,1844.2,1887.05,3135
2023-07-17,1913.95,1950.05,1880.1,1927.0,2912
2023-07-18,1907.5,1944.7,1862.05,1888.35,1241
2023-07-19,1891.0,1899.0,1825.0,1849.15,2583
2023-07-20,1835.0,1872.85,1792.5,1800.15,6123
2023-07-21,1800.15,1825.0,1788.6,1799.75,4636
2023-07-24,1820.95,1820.95,1785.05,1789.25,3505
2023-07-25,1810.85,1810.85,1788.45,1789.9,2575
2023-07-26,1804.0,1818.0,1803.95,1811.6,993
2023-07-27,1810.0,1830.0,1794.05,1823.8,3159
2023-07-28,1851.0,1878.0,1830.05,1849.2,2505
2023-07-31,1859.4,1960.0,1857.6,1935.75,11149
2023-08-01,1967.4,2024.0,1950.0,2015.7,7037
2023-08-02,2049.0,2100.0,1985.8,2030.3,21241
2023-08-03,2040.0,2074.95,2014.65,2029.35,4981
2023-08-04,2036.0,2075.85,2020.1,2059.0,5134
2023-08-07,2100.0,2207.45,2100.0,2147.95,24847
2023-08-08,2165.1,2200.0,2100.05,2158.05,11366
2023-08-09,2155.0,2219.8,2120.0,2195.15,10215
2023-08-10,2176.0,2227.8,2157.35,2195.9,8205
2023-08-11,2174.8,2230.9,2174.8,2215.2,8503
2023-08-14,2200.05,2215.2,2125.2,2164.4,5086
2023-08-16,2164.95,2269.9,2135.0,2231.85,8370
2023-08-17,2236.0,2446.8,2236.0,2407.1,38534
2023-08-18,2430.2,2550.0,2325.45,2358.55,33665
2023-08-21,2382.15,2529.0,2341.0,2492.1,13495
2023-08-22,2511.0,2524.0,2452.0,2477.5,9865
2023-08-23,2493.3,2545.0,2474.8,2505.6,8866
2023-08-24,2520.0,2535.0,2425.0,2441.85,8402
2023-08-25,2439.0,2467.45,2365.3,2393.55,6285
2023-08-28,2400.0,2425.0,2380.05,2398.7,4281
2023-08-29,2426.0,2437.45,2405.85,2413.5,2301
2023-08-30,2400.0,2450.0,2400.0,2408.9,1797
2023-08-31,2400.1,2542.8,2400.05,2493.85,9829
2023-09-01,2493.85,2540.0,2450.0,2463.3,5846
2023-09-04,2463.3,2594.05,2439.05,2531.9,14102
2023-09-05,2560.5,2609.95,2531.0,2543.85,9886
2023-09-06,2527.0,2622.0,2505.0,2587.95,6820
2023-09-07,2587.95,2675.45,2581.95,2660.05,12603
2023-09-08,2625.05,2789.0,2612.7,2733.4,23886
2023-09-11,2788.05,2937.95,2769.0,2886.25,28722
2023-09-12,2940.0,2980.0,2690.05,2720.75,19893
2023-09-13,2714.9,2770.0,2650.0,2745.55,8196
2023-09-14,2742.0,2844.0,2740.0,2794.1,7924
2023-09-15,2825.0,2887.0,2750.0,2783.55,8536
2023-09-18,2790.85,2810.0,2754.0,2773.85,3136
2023-09-20,2735.5,2760.0,2700.3,2712.1,4387
2023-09-21,2686.05,2720.0,2627.0,2641.05,6635
2023-09-22,2645.05,2698.9,2619.9,2667.05,3097
2023-09-25,2667.05,2699.95,2640.15,2684.9,2904
2023-09-26,2684.0,2749.9,2666.0,2677.85,3031
2023-09-27,2677.85,2735.0,2639.55,2708.8,1742
2023-09-28,2709.8,2829.5,2708.8,2771.05,9537
2023-09-29,2798.75,2885.0,2794.95,2842.15,7980
2023-10-03,2870.0,2945.7,2822.0,2929.85,8738
2023-10-04,2906.85,2965.0,2875.45,2902.5,8161
2023-10-05,2915.45,2955.0,2905.0,2939.25,4714
2023-10-06,2924.6,2988.0,2922.7,2963.55,4272
2023-10-09,2950.0,2950.0,2840.0,2867.3,3953
2023-10-10,2871.0,2911.55,2826.0,2836.3,3379
2023-10-11,2869.5,2902.0,2796.6,2838.35,4013
2023-10-12,2872.35,2872.35,2813.15,2840.85,1415
2023-10-13,2869.25,2869.25,2799.55,2803.25,2476
2023-10-16,2808.05,2853.25,2791.0,2807.1,2356
2023-10-17,2839.9,2848.7,2761.0,2771.45,2842
2023-10-18,2756.1,2805.65,2735.0,2758.25,2400
2023-10-19,2731.0,2758.4,2701.0,2721.3,1964
2023-10-20,2702.55,2800.0,2702.55,2725.6,4850
2023-10-23,2725.6,2750.0,2616.25,2651.25,7654
2023-10-25,2651.0,2690.2,2543.0,2572.25,3119
2023-10-26,2553.0,2600.0,2464.05,2540.7,4882
2023-10-27,2581.35,2618.35,2563.0,2585.15,1878
2023-10-30,2615.45,2615.95,2548.1,2580.5,1564
2023-10-31,2598.9,2608.0,2580.0,2597.2,923
2023-11-01,2572.0,2642.45,2560.05,2573.25,1772
2023-11-02,2595.25,2603.85,2552.6,2567.2,1751
2023-11-03,2597.8,2656.9,2573.0,2581.4,1264
2023-11-06,2597.8,2650.4,2576.05,2633.3,3721
2023-11-07,2611.0,2673.95,2575.0,2582.3,5141
2023-11-08,2582.5,2730.0,2582.5,2709.45,9914
2023-11-09,2612.0,2771.0,2612.0,2758.7,6617
2023-11-10,2712.1,2744.25,2694.75,2712.05,2105
2023-11-12,2719.95,2830.0,2719.95,2773.45,3003
2023-11-13,2736.0,2773.45,2717.55,2746.65,1654
2023-11-15,2750.0,2848.0,2733.7,2786.1,7090
2023-11-16,2813.95,2813.95,2742.05,2784.2,1140
2023-11-17,2799.9,2966.0,2744.15,2937.65,13395
2023-11-20,2937.65,3180.0,2937.0,3101.4,36685
2023-11-21,3110.0,3236.7,3080.0,3196.9,23686
2023-11-22,3200.0,3319.0,3110.1,3238.7,23331
2023-11-23,3238.7,3333.0,3207.55,3283.05,9248
2023-11-24,3285.0,3420.0,3285.0,3395.35,12285
2023-11-28,3390.0,3395.0,3250.0,3261.35,13256
2023-11-29,3181.0,3269.5,3181.0,3233.35,6397
2023-11-30,3265.7,3265.7,3166.75,3199.95,5461
2023-12-01,3215.0,3250.0,3154.95,3172.95,4184
2023-12-04,3230.0,3310.0,3185.0,3243.8,7006
2023-12-05,3270.0,3388.45,3270.0,3327.7,6937
2023-12-06,3367.0,3374.95,3225.0,3246.05,9763
2023-12-07,3282.2,3319.0,3251.6,3311.7,4188
2023-12-08,3369.0,3372.0,3252.0,3274.8,3358
2023-12-11,3313.0,3313.0,3230.0,3256.35,4370
2023-12-12,3235.0,3339.0,3235.0,3262.55,5346
2023-12-13,3264.95,3299.95,3246.55,3287.45,1730
2023-12-14,3300.0,3357.65,3239.95,3264.1,5084
2023-12-15,3264.0,3299.95,3183.55,3203.8,5844
2023-12-18,3170.0,3235.0,3105.55,3214.1,6841
2023-12-19,3211.2,3250.0,3172.05,3212.75,3447
2023-12-20,3230.05,3349.0,3080.15,3113.4,11219
2023-12-21,3085.8,3185.8,3080.45,3157.85,4117
2023-12-22,3180.0,3544.5,3160.95,3443.1,47132
2023-12-26,3494.75,3494.75,3330.0,3397.65,13163
2023-12-27,3420.0,3450.05,3317.05,3338.0,5150
2023-12-28,3373.95,3373.95,3250.0,3306.65,7761
2023-12-29,3356.25,3363.0,3278.0,3293.75,2684
2024-01-01,3299.95,3320.0,3252.0,3282.05,2782
2024-01-02,3282.05,3343.35,3250.0,3296.35,2753
2024-01-03,3290.15,3320.9,3259.5,3294.05,4373
2024-01-04,3300.0,3319.0,3267.05,3285.5,4253
2024-01-05,3311.0,3347.95,3271.6,3298.0,8820
2024-01-08,3330.0,3332.0,3220.1,3246.35,3459
2024-01-09,3282.85,3362.8,3248.1,3311.25,9470
2024-01-10,3282.0,3490.0,3282.0,3446.9,12277
2024-01-11,3450.85,3566.0,3410.0,3466.0,8914
2024-01-12,3466.0,3466.0,3401.0,3424.95,3450
2024-01-15,3464.85,3464.85,3351.0,3372.4,8312
2024-01-16,3341.0,3474.95,3312.3,3420.0,6098
2024-01-17,3415.4,3425.0,3354.25,3386.15,5262
2024-01-18,3383.8,3399.35,3312.2,3381.25,4561
2024-01-19,3400.0,3665.0,3381.75,3633.6,23673
2024-01-20,3650.0,3862.2,3640.0,3785.6,12747
2024-01-23,3801.5,3801.6,3456.05,3479.8,10562
2024-01-24,3556.4,3599.9,3465.25,3519.65,3956
2024-01-25,3529.75,3621.0,3510.0,3569.75,3206
2024-01-29,3568.0,3710.0,3568.0,3639.05,4177
2024-01-30,3683.95,3849.9,3580.0,3744.65,11489
2024-01-31,3782.1,3894.95,3732.7,3767.65,8453
2024-02-01,3767.65,3800.9,3690.0,3712.55,2698
2024-02-02,3725.3,3860.0,3715.0,3823.6,6595
2024-02-05,3849.95,3890.0,3736.05,3790.3,4534
2024-02-06,3799.1,3990.0,3753.9,3971.65,7325
2024-02-07,3950.0,4060.4,3950.0,4034.2,6719
2024-02-08,4075.0,4269.95,3940.0,4230.45,12668
2024-02-09,4167.0,4228.95,3955.1,4036.75,9303
2024-02-12,4118.0,4118.0,3670.0,3701.55,8816
2024-02-13,3687.95,3749.9,3502.2,3566.5,13244
2024-02-14,3521.0,3657.6,3480.8,3648.25,3416
2024-02-15,3625.05,3729.9,3617.55,3678.7,3708
2024-02-16,3678.7,3721.6,3661.95,3690.8,2820
2024-02-19,3728.55,4044.95,3721.6,3939.1,13873
2024-02-20,3998.2,4000.0,3882.05,3917.35,2873
2024-02-21,3907.0,3990.0,3825.0,3855.75,4583
2024-02-22,3913.6,4033.3,3807.1,3965.15,10492
2024-02-23,3981.0,4150.0,3949.05,4100.6,11579
2024-02-26,4141.6,4325.95,4105.0,4253.8,16988
2024-02-27,4253.8,4320.0,4092.5,4147.45,6712
2024-02-28,4209.65,4209.65,3974.9,4019.9,6074
2024-02-29,4079.8,4079.8,3936.4,3970.15,3080
2024-03-01,4016.85,4599.0,3962.25,4369.5,56881
2024-03-02,4525.0,4587.95,4302.0,4562.55,6265
2024-03-04,4562.65,4667.75,4420.0,4431.45,20306
2024-03-05,4497.85,4509.1,4301.0,4333.1,9317
2024-03-06,4350.0,4362.35,4091.55,4182.1,11648
2024-03-07,4181.0,4329.35,4178.95,4234.15,4813
2024-03-11,4291.95,4299.0,3975.1,4036.55,12461
2024-03-12,4001.0,4083.8,3780.0,3797.9,12190
2024-03-13,3836.0,3871.6,3475.0,3607.85,17040
2024-03-14,3611.0,3703.95,3560.0,3619.25,7279
2024-03-15,3664.75,3707.95,3551.2,3604.4,4898
2024-03-18,3633.15,3676.4,3532.65,3587.85,5433
2024-03-19,3591.4,3602.8,3460.05,3552.35,5554
2024-03-20,3550.0,3564.9,3450.0,3518.05,6689
2024-03-21,3528.0,3658.4,3528.0,3565.3,7046
2024-03-22,3574.0,3685.35,3505.3,3631.85,3020
2024-03-26,3650.0,3650.0,3500.0,3517.65,4900
2024-03-27,3517.65,3637.55,3510.0,3547.7,4930
2024-03-28,3645.0,3700.05,3483.4,3625.7,7434
2024-04-01,3643.25,3730.0,3643.25,3713.35,5729
2024-04-02,3769.05,3769.05,3696.0,3718.2,4081
2024-04-03,3725.0,4017.35,3707.2,3983.2,11818
2024-04-04,4045.0,4099.0,3852.0,3906.65,12162
2024-04-05,3945.0,3945.0,3866.85,3921.5,5128
2024-04-08,3950.9,4110.0,3910.55,4029.4,13577
2024-04-09,4069.65,4090.45,3930.0,3976.2,3548
2024-04-10,4018.0,4090.0,3951.1,3982.45,2473
2024-04-12,3985.0,3999.95,3865.4,3902.45,3201
2024-04-15,3815.0,3858.95,3690.95,3796.15,4070
2024-04-16,3750.05,3979.95,3750.05,3908.15,2786
2024-04-18,3926.8,3969.95,3870.0,3888.55,2291
2024-04-19,3888.55,4001.9,3840.0,3904.5,2968
2024-04-22,4502.95,4685.4,4375.0,4512.7,120982
2024-04-23,4520.0,4523.75,4252.0,4276.75,23555
2024-04-24,4255.0,4368.7,4255.0,4316.0,7193
2024-04-25,4336.0,4463.95,4336.0,4437.35,14575
2024-04-26,4437.35,4487.3,4364.5,4375.25,7276
2024-04-29,4419.05,4548.1,4392.3,4460.25,6359
2024-04-30,4470.0,4470.0,4375.0,4397.05,3641
2024-05-02,4440.0,4540.0,4351.05,4396.95,5489
2024-05-03,4405.7,4420.4,4196.6,4277.65,6796
2024-05-06,4329.0,4363.95,4228.05,4279.4,4285
2024-05-07,4317.15,4317.15,4125.0,4150.55,5490
2024-05-08,4183.75,4439.0,4128.2,4363.05,17484
2024-05-09,4384.25,4470.0,4201.5,4266.75,10525
2024-05-10,4266.8,4356.35,4178.1,4261.45,5430
2024-05-13,4265.0,4303.15,4105.05,4202.65,3862
2024-05-14,4145.0,4345.6,4145.0,4303.8,4726
2024-05-15,4350.0,4350.0,4225.35,4298.25,4447
2024-05-16,4345.0,4388.0,4254.0,4341.7,7837
2024-05-17,4362.75,4442.0,4326.1,4412.0,5404
2024-05-18,4370.0,4450.1,4370.0,4427.8,624
2024-05-21,4470.0,4499.0,4341.3,4413.5,3238
2024-05-22,4420.0,4465.0,4312.0,4387.0,5634
2024-05-23,4430.85,4449.0,4375.1,4402.7,2870
2024-05-24,4415.0,4469.35,4389.3,4452.4,6533
2024-05-27,4504.15,4735.6,4501.0,4552.25,12447
2024-05-28,4555.0,4590.4,4363.0,4450.9,5246
2024-05-29,4459.85,4459.85,4353.0,4376.85,2712
2024-05-30,4409.2,4570.0,4268.1,4461.15,13949
2024-05-31,4461.15,4487.85,4370.45,4428.0,4784
2024-06-03,4520.1,4650.0,4444.25,4472.2,6590
2024-06-04,4480.0,4480.0,3750.0,4051.85,15429
2024-06-05,4125.0,4152.3,3924.85,4089.5,7241
2024-06-06,4107.55,4342.6,4107.55,4248.5,5215
2024-06-07,4257.6,4367.9,4206.75,4308.65,2819
2024-06-10,4349.0,4380.0,4261.0,4271.45,3028
2024-06-11,4278.05,4345.0,4232.05,4298.2,3928
2024-06-12,4265.4,4389.0,4265.4,4360.9,4470
2024-06-13,4369.9,4483.95,4350.0,4444.75,4659
2024-06-14,4480.0,4627.0,4392.1,4522.9,10168
2024-06-18,4524.25,4799.9,4524.25,4607.9,15831
2024-06-19,4611.2,4729.9,4560.0,4591.35,7976
2024-06-20,4599.35,4756.05,4574.6,4734.45,7430
2024-06-21,4801.0,5065.4,4801.0,4939.15,31845
2024-06-24,5050.0,5926.95,5000.0,5926.95,164025
2024-06-25,6240.0,6499.95,5870.0,5982.05,131637
2024-06-26,6039.0,6090.0,5755.1,5788.0,14678
2024-06-27,5844.0,5899.95,5701.0,5727.35,7126
2024-06-28,5750.0,6586.4,5750.0,6298.45,53880
2024-07-01,6400.0,6535.95,6318.9,6495.15,16241
2024-07-02,6525.0,6645.0,6294.4,6536.2,8215
2024-07-03,6548.8,6760.15,6479.5,6578.7,9954
2024-07-04,6620.0,6699.0,6426.0,6504.95,7257
2024-07-05,6504.95,6580.0,6391.25,6555.35,4194
2024-07-08,6598.25,6598.25,6281.3,6434.85,9600
2024-07-09,6488.75,6499.9,6315.2,6481.55,5856
2024-07-10,6542.25,6658.0,6301.05,6413.6,6339
2024-07-11,6437.0,6610.0,6408.85,6501.65,7953
2024-07-12,6528.25,6598.9,6292.05,6316.45,4668
2024-07-15,6529.95,6688.2,6400.05,6447.9,7958
2024-07-16,6498.0,6523.0,6301.0,6416.3,1368
2024-07-18,6416.3,6420.0,6250.05,6279.25,1824
2024-07-19,6275.0,6290.0,5975.0,6057.5,2905
2024-07-22,5950.05,6030.0,5760.0,6022.6,1337
2024-07-23,5962.0,6049.95,5850.0,6023.65,2026
2024-07-24,6000.0,6199.85,5900.0,6131.65,1034
2024-07-25,6140.0,6140.0,6050.0,6103.0,985
2024-07-26,6100.0,6330.0,6100.0,6265.3,1072
2024-07-29,6388.95,6388.95,6110.0,6184.65,1186
2024-07-30,6229.0,6249.0,6000.0,6220.0,548
2024-07-31,6251.0,6251.0,6150.0,6155.4,489
2024-08-01,6155.4,6247.0,6000.0,6116.3,1049
2024-08-02,6050.0,6149.0,6041.0,6066.7,697
2024-08-05,5900.0,6001.0,5763.4,5772.95,3292
2024-08-06,5899.95,5998.8,5602.0,5655.55,1940
2024-08-07,5575.0,5849.0,5575.0,5733.35,733
2024-08-08,5733.35,5800.0,5670.0,5674.8,1919
2024-08-09,5700.0,5790.0,5540.0,5607.8,1773
2024-08-12,5607.8,5730.0,5607.8,5679.25,944
2024-08-13,5688.05,5799.7,5505.5,5537.2,1398
2024-08-14,5570.0,5699.95,5375.25,5442.2,1137
2024-08-16,5684.9,5684.9,5430.0,5565.85,1152
2024-08-19,5799.95,5799.95,5595.95,5736.1,801
2024-08-20,5760.0,5761.0,5623.4,5716.8,568
2024-08-21,5716.8,6002.6,5716.8,6002.6,1256
2024-08-22,6150.0,6299.7,6000.0,6045.3,1378
2024-08-23,6055.0,6099.65,6004.0,6028.35,563
2024-08-26,6187.0,6189.0,5888.0,5915.7,1486
2024-08-27,5988.55,5988.55,5880.05,5938.0,885
2024-08-28,5998.95,6083.95,5901.15,5993.75,1035
2024-08-29,6048.95,6048.95,5876.0,5916.7,799
2024-08-30,5906.0,5978.95,5871.05,5891.6,860
2024-09-02,5999.95,6050.0,5881.0,5927.65,745
2024-09-03,5990.95,6070.0,5901.0,5989.1,1230
2024-09-04,5910.0,6039.95,5910.0,6012.75,790
2024-09-05,6000.0,6099.0,5921.1,6005.75,680
2024-09-06,6020.0,6100.0,5902.05,5912.6,1688
2024-09-09,5912.6,5939.95,5800.0,5849.3,946
2024-09-10,5900.0,5965.0,5835.0,5957.25,749
2024-09-11,6000.0,6091.0,5955.6,6016.05,1228
2024-09-12,6007.0,6099.55,6007.0,6040.2,692
2024-09-13,6080.0,6129.0,6000.1,6095.9,1609
2024-09-16,6200.0,6400.65,6200.0,6400.65,5372
2024-09-17,6630.0,6700.0,6460.0,6561.25,3242
2024-09-18,6575.0,6648.0,6250.0,6365.8,4239
2024-09-19,6499.0,6551.0,6255.0,6355.8,1539
2024-09-20,6400.5,6490.0,6260.05,6297.85,1498
2024-09-23,6300.0,6606.0,6300.0,6582.0,4452
2024-09-24,6606.0,6750.0,6521.1,6645.7,2402
2024-09-25,6699.0,6800.0,6609.0,6612.5,1483
2024-09-26,6700.0,6700.0,6565.0,6625.3,888
2024-09-27,6749.95,6749.95,6555.6,6578.25,610
2024-09-30,6414.05,6633.55,6400.0,6439.9,818
2024-10-01,6251.0,6595.95,6251.0,6396.15,647
2024-10-03,6395.0,6500.0,6120.0,6194.55,1683
2024-10-04,6000.05,6289.95,6000.05,6078.2,1132
2024-10-07,6298.95,6298.95,5774.3,5774.3,2036
2024-10-08,5849.95,6063.0,5505.0,5970.35,1912
2024-10-09,6090.0,6248.0,6003.0,6128.85,989
2024-10-10,6300.0,6300.0,6000.0,6014.7,2279
2024-10-11,6085.05,6249.0,5982.65,6142.2,991
2024-10-14,6086.85,6325.2,6086.85,6270.6,2737
2024-10-15,6584.1,6584.1,6501.25,6584.1,10238
2024-10-16,6617.0,6898.0,6601.05,6788.2,6076
2024-10-17,6900.0,7127.6,6855.45,7110.7,22793
2024-10-18,7201.0,7466.2,7066.6,7466.2,15808
2024-10-21,7839.5,7839.5,7839.5,7839.5,3610
2024-10-22,8231.45,8231.45,7925.05,8203.2,76412
2024-10-23,8153.2,8197.0,7793.05,7793.05,19332
2024-10-24,7513.05,7638.15,7403.4,7405.2,12684
2024-10-25,7140.0,7239.0,7034.95,7034.95,8225
2024-10-28,7035.0,7035.0,6683.25,6683.25,1835
2024-10-29,6349.1,6349.1,6349.1,6349.1,1043
2024-10-30,6031.65,6498.0,6031.65,6454.75,6997
2024-10-31,6403.0,6500.0,6300.0,6400.25,2648
2024-11-01,6538.0,6538.0,6400.0,6435.15,1555
2024-11-04,6614.0,6614.0,6200.0,6280.1,1900
2024-11-05,6480.0,6489.95,6101.0,6224.8,2298
2024-11-06,6375.0,6511.1,6224.8,6387.95,1344
2024-11-07,6400.0,6659.95,6175.0,6575.15,2774
2024-11-08,6750.0,6903.9,6551.0,6903.9,8602
2024-11-11,7168.0,7249.05,6802.0,7191.65,12419
2024-11-12,7262.0,7644.0,6799.95,6969.65,22941
2024-11-13,6950.0,7125.0,6409.55,6450.95,14313
2024-11-14,6575.0,6850.0,6450.5,6780.3,16462
2024-11-18,6998.0,7480.0,6700.0,7059.3,40171
2024-11-19,7123.8,7297.8,6885.05,6974.35,15482
2024-11-21,7078.95,7149.0,6672.0,6740.8,7606
2024-11-22,6798.0,6899.0,6700.0,6775.5,4532
2024-11-25,6862.2,6990.0,6601.0,6660.3,7125
2024-11-26,6660.3,6728.9,6479.05,6570.55,6628
2024-11-27,6558.05,6604.15,6360.0,6421.6,9812
2024-11-28,6436.6,6519.0,6220.0,6239.35,11014
2024-11-29,6240.0,6350.0,6145.0,6297.15,9287
2024-12-02,6360.1,6360.1,6226.5,6287.95,3380
2024-12-03,6287.95,6519.5,6185.15,6412.15,7395
2024-12-04,6412.1,6476.1,6325.1,6379.3,2655
2024-12-05,6405.0,6730.0,6355.55,6392.55,6551
2024-12-06,6394.9,6411.75,6299.0,6306.05,2098
2024-12-09,6337.6,6447.9,6337.6,6369.05,2416
2024-12-10,6337.0,6831.0,6305.4,6653.15,16066
2024-12-11,6690.0,6720.0,6487.0,6534.25,7098
2024-12-12,6602.15,6602.15,6410.05,6456.95,3191
2024-12-13,6405.0,6467.9,6300.0,6377.9,2705
